,country_id,country_value,indicator_name,year,value,region,incomeLevel,lendingType,longitude,latitude
0,ZH,Africa Eastern and Southern,Renewable energy consumption (% of total final energy consumption),2025,,Aggregates,Aggregates,Aggregates,,
1,ZH,Africa Eastern and Southern,Renewable energy consumption (% of total final energy consumption),2024,,Aggregates,Aggregates,Aggregates,,
2,ZH,Africa Eastern and Southern,Renewable energy consumption (% of total final energy consumption),2023,,Aggregates,Aggregates,Aggregates,,
3,ZH,Africa Eastern and Southern,Renewable energy consumption (% of total final energy consumption),2022,,Aggregates,Aggregates,Aggregates,,
4,ZH,Africa Eastern and Southern,Renewable energy consumption (% of total final energy consumption),2021,,Aggregates,Aggregates,Aggregates,,
5,ZH,Africa Eastern and Southern,Renewable energy consumption (% of total final energy consumption),2020,65.7823798017466,Aggregates,Aggregates,Aggregates,,
6,ZH,Africa Eastern and Southern,Renewable energy consumption (% of total final energy consumption),2019,62.6907096127666,Aggregates,Aggregates,Aggregates,,
7,ZH,Africa Eastern and Southern,Renewable energy consumption (% of total final energy consumption),2018,61.5875298317964,Aggregates,Aggregates,Aggregates,,
8,ZH,Africa Eastern and Southern,Renewable energy consumption (% of total final energy consumption),2017,61.4269497576408,Aggregates,Aggregates,Aggregates,,
9,ZH,Africa Eastern and Southern,Renewable energy consumption (% of total final energy consumption),2016,61.8228841937413,Aggregates,Aggregates,Aggregates,,
10,ZI,Africa Western and Central,Renewable energy consumption (% of total final energy consumption),2025,,Aggregates,Aggregates,Aggregates,,
11,ZI,Africa Western and Central,Renewable energy consumption (% of total final energy consumption),2024,,Aggregates,Aggregates,Aggregates,,
12,ZI,Africa Western and Central,Renewable energy consumption (% of total final energy consumption),2023,,Aggregates,Aggregates,Aggregates,,
13,ZI,Africa Western and Central,Renewable energy consumption (% of total final energy consumption),2022,,Aggregates,Aggregates,Aggregates,,
14,ZI,Africa Western and Central,Renewable energy consumption (% of total final energy consumption),2021,,Aggregates,Aggregates,Aggregates,,
15,ZI,Africa Western and Central,Renewable energy consumption (% of total final energy consumption),2020,75.846980103796,Aggregates,Aggregates,Aggregates,,
16,ZI,Africa Western and Central,Renewable energy consumption (% of total final energy consumption),2019,75.0787881678252,Aggregates,Aggregates,Aggregates,,
17,ZI,Africa Western and Central,Renewable energy consumption (% of total final energy consumption),2018,75.4765777368905,Aggregates,Aggregates,Aggregates,,
18,ZI,Africa Western and Central,Renewable energy consumption (% of total final energy consumption),2017,76.1016805879549,Aggregates,Aggregates,Aggregates,,
19,ZI,Africa Western and Central,Renewable energy consumption (% of total final energy consumption),2016,75.7968398295924,Aggregates,Aggregates,Aggregates,,
20,1A,Arab World,Renewable energy consumption (% of total final energy consumption),2025,,Aggregates,Aggregates,Aggregates,,
21,1A,Arab World,Renewable energy consumption (% of total final energy consumption),2024,,Aggregates,Aggregates,Aggregates,,
22,1A,Arab World,Renewable energy consumption (% of total final energy consumption),2023,,Aggregates,Aggregates,Aggregates,,
23,1A,Arab World,Renewable energy consumption (% of total final energy consumption),2022,,Aggregates,Aggregates,Aggregates,,
24,1A,Arab World,Renewable energy consumption (% of total final energy consumption),2021,,Aggregates,Aggregates,Aggregates,,
25,1A,Arab World,Renewable energy consumption (% of total final energy consumption),2020,5.17060073389405,Aggregates,Aggregates,Aggregates,,
26,1A,Arab World,Renewable energy consumption (% of total final energy consumption),2019,4.70633158020559,Aggregates,Aggregates,Aggregates,,
27,1A,Arab World,Renewable energy consumption (% of total final energy consumption),2018,4.50425823426351,Aggregates,Aggregates,Aggregates,,
28,1A,Arab World,Renewable energy consumption (% of total final energy consumption),2017,4.3581617981618,Aggregates,Aggregates,Aggregates,,
29,1A,Arab World,Renewable energy consumption (% of total final energy consumption),2016,4.29077756155343,Aggregates,Aggregates,Aggregates,,
30,S3,Caribbean small states,Renewable energy consumption (% of total final energy consumption),2025,,Aggregates,Aggregates,Aggregates,,
31,S3,Caribbean small states,Renewable energy consumption (% of total final energy consumption),2024,,Aggregates,Aggregates,Aggregates,,
32,S3,Caribbean small states,Renewable energy consumption (% of total final energy consumption),2023,,Aggregates,Aggregates,Aggregates,,
33,S3,Caribbean small states,Renewable energy consumption (% of total final energy consumption),2022,,Aggregates,Aggregates,Aggregates,,
34,S3,Caribbean small states,Renewable energy consumption (% of total final energy consumption),2021,,Aggregates,Aggregates,Aggregates,,
35,S3,Caribbean small states,Renewable energy consumption (% of total final energy consumption),2020,6.28843567906768,Aggregates,Aggregates,Aggregates,,
36,S3,Caribbean small states,Renewable energy consumption (% of total final energy consumption),2019,5.88822815533981,Aggregates,Aggregates,Aggregates,,
37,S3,Caribbean small states,Renewable energy consumption (% of total final energy consumption),2018,7.1973830973831,Aggregates,Aggregates,Aggregates,,
38,S3,Caribbean small states,Renewable energy consumption (% of total final energy consumption),2017,7.41293833131802,Aggregates,Aggregates,Aggregates,,
39,S3,Caribbean small states,Renewable energy consumption (% of total final energy consumption),2016,6.68268450932684,Aggregates,Aggregates,Aggregates,,
40,B8,Central Europe and the Baltics,Renewable energy consumption (% of total final energy consumption),2025,,Aggregates,Aggregates,Aggregates,,
41,B8,Central Europe and the Baltics,Renewable energy consumption (% of total final energy consumption),2024,,Aggregates,Aggregates,Aggregates,,
42,B8,Central Europe and the Baltics,Renewable energy consumption (% of total final energy consumption),2023,,Aggregates,Aggregates,Aggregates,,
43,B8,Central Europe and the Baltics,Renewable energy consumption (% of total final energy consumption),2022,,Aggregates,Aggregates,Aggregates,,
44,B8,Central Europe and the Baltics,Renewable energy consumption (% of total final energy consumption),2021,,Aggregates,Aggregates,Aggregates,,
45,B8,Central Europe and the Baltics,Renewable energy consumption (% of total final energy consumption),2020,19.6977838168354,Aggregates,Aggregates,Aggregates,,
46,B8,Central Europe and the Baltics,Renewable energy consumption (% of total final energy consumption),2019,18.8601539560352,Aggregates,Aggregates,Aggregates,,
47,B8,Central Europe and the Baltics,Renewable energy consumption (% of total final energy consumption),2018,18.1476863313142,Aggregates,Aggregates,Aggregates,,
48,B8,Central Europe and the Baltics,Renewable energy consumption (% of total final energy consumption),2017,16.4703987047156,Aggregates,Aggregates,Aggregates,,
49,B8,Central Europe and the Baltics,Renewable energy consumption (% of total final energy consumption),2016,16.8577627377285,Aggregates,Aggregates,Aggregates,,
50,V2,Early-demographic dividend,Renewable energy consumption (% of total final energy consumption),2025,,Aggregates,Aggregates,Aggregates,,
51,V2,Early-demographic dividend,Renewable energy consumption (% of total final energy consumption),2024,,Aggregates,Aggregates,Aggregates,,
52,V2,Early-demographic dividend,Renewable energy consumption (% of total final energy consumption),2023,,Aggregates,Aggregates,Aggregates,,
53,V2,Early-demographic dividend,Renewable energy consumption (% of total final energy consumption),2022,,Aggregates,Aggregates,Aggregates,,
54,V2,Early-demographic dividend,Renewable energy consumption (% of total final energy consumption),2021,,Aggregates,Aggregates,Aggregates,,
55,V2,Early-demographic dividend,Renewable energy consumption (% of total final energy consumption),2020,24.9895503831566,Aggregates,Aggregates,Aggregates,,
56,V2,Early-demographic dividend,Renewable energy consumption (% of total final energy consumption),2019,23.4235915027361,Aggregates,Aggregates,Aggregates,,
57,V2,Early-demographic dividend,Renewable energy consumption (% of total final energy consumption),2018,23.0553629444334,Aggregates,Aggregates,Aggregates,,
58,V2,Early-demographic dividend,Renewable energy consumption (% of total final energy consumption),2017,22.9476250496601,Aggregates,Aggregates,Aggregates,,
59,V2,Early-demographic dividend,Renewable energy consumption (% of total final energy consumption),2016,23.2789953267586,Aggregates,Aggregates,Aggregates,,
60,Z4,East Asia & Pacific,Renewable energy consumption (% of total final energy consumption),2025,,Aggregates,Aggregates,Aggregates,,
61,Z4,East Asia & Pacific,Renewable energy consumption (% of total final energy consumption),2024,,Aggregates,Aggregates,Aggregates,,
62,Z4,East Asia & Pacific,Renewable energy consumption (% of total final energy consumption),2023,,Aggregates,Aggregates,Aggregates,,
63,Z4,East Asia & Pacific,Renewable energy consumption (% of total final energy consumption),2022,,Aggregates,Aggregates,Aggregates,,
64,Z4,East Asia & Pacific,Renewable energy consumption (% of total final energy consumption),2021,,Aggregates,Aggregates,Aggregates,,
65,Z4,East Asia & Pacific,Renewable energy consumption (% of total final energy consumption),2020,14.8081424064458,Aggregates,Aggregates,Aggregates,,
66,Z4,East Asia & Pacific,Renewable energy consumption (% of total final energy consumption),2019,14.2375892668268,Aggregates,Aggregates,Aggregates,,
67,Z4,East Asia & Pacific,Renewable energy consumption (% of total final energy consumption),2018,13.7870493058758,Aggregates,Aggregates,Aggregates,,
68,Z4,East Asia & Pacific,Renewable energy consumption (% of total final energy consumption),2017,13.5844394239657,Aggregates,Aggregates,Aggregates,,
69,Z4,East Asia & Pacific,Renewable energy consumption (% of total final energy consumption),2016,13.3311956056945,Aggregates,Aggregates,Aggregates,,
70,4E,East Asia & Pacific (excluding high income),Renewable energy consumption (% of total final energy consumption),2025,,Aggregates,Aggregates,Aggregates,,
71,4E,East Asia & Pacific (excluding high income),Renewable energy consumption (% of total final energy consumption),2024,,Aggregates,Aggregates,Aggregates,,
72,4E,East Asia & Pacific (excluding high income),Renewable energy consumption (% of total final energy consumption),2023,,Aggregates,Aggregates,Aggregates,,
73,4E,East Asia & Pacific (excluding high income),Renewable energy consumption (% of total final energy consumption),2022,,Aggregates,Aggregates,Aggregates,,
74,4E,East Asia & Pacific (excluding high income),Renewable energy consumption (% of total final energy consumption),2021,,Aggregates,Aggregates,Aggregates,,
75,4E,East Asia & Pacific (excluding high income),Renewable energy consumption (% of total final energy consumption),2020,16.1762699381612,Aggregates,Aggregates,Aggregates,,
76,4E,East Asia & Pacific (excluding high income),Renewable energy consumption (% of total final energy consumption),2019,15.6869369882801,Aggregates,Aggregates,Aggregates,,
77,4E,East Asia & Pacific (excluding high income),Renewable energy consumption (% of total final energy consumption),2018,15.2617412584325,Aggregates,Aggregates,Aggregates,,
78,4E,East Asia & Pacific (excluding high income),Renewable energy consumption (% of total final energy consumption),2017,15.1598217902853,Aggregates,Aggregates,Aggregates,,
79,4E,East Asia & Pacific (excluding high income),Renewable energy consumption (% of total final energy consumption),2016,14.9330102136904,Aggregates,Aggregates,Aggregates,,
80,T4,East Asia & Pacific (IDA & IBRD countries),Renewable energy consumption (% of total final energy consumption),2025,,Aggregates,Aggregates,Aggregates,,
81,T4,East Asia & Pacific (IDA & IBRD countries),Renewable energy consumption (% of total final energy consumption),2024,,Aggregates,Aggregates,Aggregates,,
82,T4,East Asia & Pacific (IDA & IBRD countries),Renewable energy consumption (% of total final energy consumption),2023,,Aggregates,Aggregates,Aggregates,,
83,T4,East Asia & Pacific (IDA & IBRD countries),Renewable energy consumption (% of total final energy consumption),2022,,Aggregates,Aggregates,Aggregates,,
84,T4,East Asia & Pacific (IDA & IBRD countries),Renewable energy consumption (% of total final energy consumption),2021,,Aggregates,Aggregates,Aggregates,,
85,T4,East Asia & Pacific (IDA & IBRD countries),Renewable energy consumption (% of total final energy consumption),2020,16.2041019103429,Aggregates,Aggregates,Aggregates,,
86,T4,East Asia & Pacific (IDA & IBRD countries),Renewable energy consumption (% of total final energy consumption),2019,15.7206717226655,Aggregates,Aggregates,Aggregates,,
87,T4,East Asia & Pacific (IDA & IBRD countries),Renewable energy consumption (% of total final energy consumption),2018,15.2801719188239,Aggregates,Aggregates,Aggregates,,
88,T4,East Asia & Pacific (IDA & IBRD countries),Renewable energy consumption (% of total final energy consumption),2017,15.1902273112057,Aggregates,Aggregates,Aggregates,,
89,T4,East Asia & Pacific (IDA & IBRD countries),Renewable energy consumption (% of total final energy consumption),2016,14.9020380294471,Aggregates,Aggregates,Aggregates,,
90,XC,Euro area,Renewable energy consumption (% of total final energy consumption),2025,,Aggregates,Aggregates,Aggregates,,
91,XC,Euro area,Renewable energy consumption (% of total final energy consumption),2024,,Aggregates,Aggregates,Aggregates,,
92,XC,Euro area,Renewable energy consumption (% of total final energy consumption),2023,,Aggregates,Aggregates,Aggregates,,
93,XC,Euro area,Renewable energy consumption (% of total final energy consumption),2022,,Aggregates,Aggregates,Aggregates,,
94,XC,Euro area,Renewable energy consumption (% of total final energy consumption),2021,,Aggregates,Aggregates,Aggregates,,
95,XC,Euro area,Renewable energy consumption (% of total final energy consumption),2020,19.8249328729026,Aggregates,Aggregates,Aggregates,,
96,XC,Euro area,Renewable energy consumption (% of total final energy consumption),2019,18.1503858953027,Aggregates,Aggregates,Aggregates,,
97,XC,Euro area,Renewable energy consumption (% of total final energy consumption),2018,17.5734985579415,Aggregates,Aggregates,Aggregates,,
98,XC,Euro area,Renewable energy consumption (% of total final energy consumption),2017,16.5848140905158,Aggregates,Aggregates,Aggregates,,
99,XC,Euro area,Renewable energy consumption (% of total final energy consumption),2016,16.3684648688886,Aggregates,Aggregates,Aggregates,,
100,Z7,Europe & Central Asia,Renewable energy consumption (% of total final energy consumption),2025,,Aggregates,Aggregates,Aggregates,,
101,Z7,Europe & Central Asia,Renewable energy consumption (% of total final energy consumption),2024,,Aggregates,Aggregates,Aggregates,,
102,Z7,Europe & Central Asia,Renewable energy consumption (% of total final energy consumption),2023,,Aggregates,Aggregates,Aggregates,,
103,Z7,Europe & Central Asia,Renewable energy consumption (% of total final energy consumption),2022,,Aggregates,Aggregates,Aggregates,,
104,Z7,Europe & Central Asia,Renewable energy consumption (% of total final energy consumption),2021,,Aggregates,Aggregates,Aggregates,,
105,Z7,Europe & Central Asia,Renewable energy consumption (% of total final energy consumption),2020,15.106449203531,Aggregates,Aggregates,Aggregates,,
106,Z7,Europe & Central Asia,Renewable energy consumption (% of total final energy consumption),2019,14.0059727126658,Aggregates,Aggregates,Aggregates,,
107,Z7,Europe & Central Asia,Renewable energy consumption (% of total final energy consumption),2018,13.4797382823169,Aggregates,Aggregates,Aggregates,,
108,Z7,Europe & Central Asia,Renewable energy consumption (% of total final energy consumption),2017,12.8819075023182,Aggregates,Aggregates,Aggregates,,
109,Z7,Europe & Central Asia,Renewable energy consumption (% of total final energy consumption),2016,12.8866548739741,Aggregates,Aggregates,Aggregates,,
110,7E,Europe & Central Asia (excluding high income),Renewable energy consumption (% of total final energy consumption),2025,,Aggregates,Aggregates,Aggregates,,
111,7E,Europe & Central Asia (excluding high income),Renewable energy consumption (% of total final energy consumption),2024,,Aggregates,Aggregates,Aggregates,,
112,7E,Europe & Central Asia (excluding high income),Renewable energy consumption (% of total final energy consumption),2023,,Aggregates,Aggregates,Aggregates,,
113,7E,Europe & Central Asia (excluding high income),Renewable energy consumption (% of total final energy consumption),2022,,Aggregates,Aggregates,Aggregates,,
114,7E,Europe & Central Asia (excluding high income),Renewable energy consumption (% of total final energy consumption),2021,,Aggregates,Aggregates,Aggregates,,
115,7E,Europe & Central Asia (excluding high income),Renewable energy consumption (% of total final energy consumption),2020,10.0604471757322,Aggregates,Aggregates,Aggregates,,
116,7E,Europe & Central Asia (excluding high income),Renewable energy consumption (% of total final energy consumption),2019,10.0324286162535,Aggregates,Aggregates,Aggregates,,
117,7E,Europe & Central Asia (excluding high income),Renewable energy consumption (% of total final energy consumption),2018,9.10455322874983,Aggregates,Aggregates,Aggregates,,
118,7E,Europe & Central Asia (excluding high income),Renewable energy consumption (% of total final energy consumption),2017,8.68104031424437,Aggregates,Aggregates,Aggregates,,
119,7E,Europe & Central Asia (excluding high income),Renewable energy consumption (% of total final energy consumption),2016,9.05362050305208,Aggregates,Aggregates,Aggregates,,
120,T7,Europe & Central Asia (IDA & IBRD countries),Renewable energy consumption (% of total final energy consumption),2025,,Aggregates,Aggregates,Aggregates,,
121,T7,Europe & Central Asia (IDA & IBRD countries),Renewable energy consumption (% of total final energy consumption),2024,,Aggregates,Aggregates,Aggregates,,
122,T7,Europe & Central Asia (IDA & IBRD countries),Renewable energy consumption (% of total final energy consumption),2023,,Aggregates,Aggregates,Aggregates,,
123,T7,Europe & Central Asia (IDA & IBRD countries),Renewable energy consumption (% of total final energy consumption),2022,,Aggregates,Aggregates,Aggregates,,
124,T7,Europe & Central Asia (IDA & IBRD countries),Renewable energy consumption (% of total final energy consumption),2021,,Aggregates,Aggregates,Aggregates,,
125,T7,Europe & Central Asia (IDA & IBRD countries),Renewable energy consumption (% of total final energy consumption),2020,8.02684416318492,Aggregates,Aggregates,Aggregates,,
126,T7,Europe & Central Asia (IDA & IBRD countries),Renewable energy consumption (% of total final energy consumption),2019,7.59012527634488,Aggregates,Aggregates,Aggregates,,
127,T7,Europe & Central Asia (IDA & IBRD countries),Renewable energy consumption (% of total final energy consumption),2018,7.25779989922942,Aggregates,Aggregates,Aggregates,,
128,T7,Europe & Central Asia (IDA & IBRD countries),Renewable energy consumption (% of total final energy consumption),2017,6.75633843243037,Aggregates,Aggregates,Aggregates,,
129,T7,Europe & Central Asia (IDA & IBRD countries),Renewable energy consumption (% of total final energy consumption),2016,7.04015093233689,Aggregates,Aggregates,Aggregates,,
130,EU,European Union,Renewable energy consumption (% of total final energy consumption),2025,,Aggregates,Aggregates,Aggregates,,
131,EU,European Union,Renewable energy consumption (% of total final energy consumption),2024,,Aggregates,Aggregates,Aggregates,,
132,EU,European Union,Renewable energy consumption (% of total final energy consumption),2023,,Aggregates,Aggregates,Aggregates,,
133,EU,European Union,Renewable energy consumption (% of total final energy consumption),2022,,Aggregates,Aggregates,Aggregates,,
134,EU,European Union,Renewable energy consumption (% of total final energy consumption),2021,,Aggregates,Aggregates,Aggregates,,
135,EU,European Union,Renewable energy consumption (% of total final energy consumption),2020,21.0591470733795,Aggregates,Aggregates,Aggregates,,
136,EU,European Union,Renewable energy consumption (% of total final energy consumption),2019,19.3440009483852,Aggregates,Aggregates,Aggregates,,
137,EU,European Union,Renewable energy consumption (% of total final energy consumption),2018,18.7249884796166,Aggregates,Aggregates,Aggregates,,
138,EU,European Union,Renewable energy consumption (% of total final energy consumption),2017,17.6857102209371,Aggregates,Aggregates,Aggregates,,
139,EU,European Union,Renewable energy consumption (% of total final energy consumption),2016,17.523235814157,Aggregates,Aggregates,Aggregates,,
140,XE,Heavily indebted poor countries (HIPC),Renewable energy consumption (% of total final energy consumption),2025,,Aggregates,Aggregates,Aggregates,,
141,XE,Heavily indebted poor countries (HIPC),Renewable energy consumption (% of total final energy consumption),2024,,Aggregates,Aggregates,Aggregates,,
142,XE,Heavily indebted poor countries (HIPC),Renewable energy consumption (% of total final energy consumption),2023,,Aggregates,Aggregates,Aggregates,,
143,XE,Heavily indebted poor countries (HIPC),Renewable energy consumption (% of total final energy consumption),2022,,Aggregates,Aggregates,Aggregates,,
144,XE,Heavily indebted poor countries (HIPC),Renewable energy consumption (% of total final energy consumption),2021,,Aggregates,Aggregates,Aggregates,,
145,XE,Heavily indebted poor countries (HIPC),Renewable energy consumption (% of total final energy consumption),2020,76.0353291030768,Aggregates,Aggregates,Aggregates,,
146,XE,Heavily indebted poor countries (HIPC),Renewable energy consumption (% of total final energy consumption),2019,74.8448133256749,Aggregates,Aggregates,Aggregates,,
147,XE,Heavily indebted poor countries (HIPC),Renewable energy consumption (% of total final energy consumption),2018,75.2520183545811,Aggregates,Aggregates,Aggregates,,
148,XE,Heavily indebted poor countries (HIPC),Renewable energy consumption (% of total final energy consumption),2017,75.9193473348398,Aggregates,Aggregates,Aggregates,,
149,XE,Heavily indebted poor countries (HIPC),Renewable energy consumption (% of total final energy consumption),2016,76.0862841962469,Aggregates,Aggregates,Aggregates,,
150,XD,High income,Renewable energy consumption (% of total final energy consumption),2025,,Aggregates,Aggregates,Aggregates,,
151,XD,High income,Renewable energy consumption (% of total final energy consumption),2024,,Aggregates,Aggregates,Aggregates,,
152,XD,High income,Renewable energy consumption (% of total final energy consumption),2023,,Aggregates,Aggregates,Aggregates,,
153,XD,High income,Renewable energy consumption (% of total final energy consumption),2022,,Aggregates,Aggregates,Aggregates,,
154,XD,High income,Renewable energy consumption (% of total final energy consumption),2021,,Aggregates,Aggregates,Aggregates,,
155,XD,High income,Renewable energy consumption (% of total final energy consumption),2020,12.7831808525723,Aggregates,Aggregates,Aggregates,,
156,XD,High income,Renewable energy consumption (% of total final energy consumption),2019,11.7839130112794,Aggregates,Aggregates,Aggregates,,
157,XD,High income,Renewable energy consumption (% of total final energy consumption),2018,11.4686788378903,Aggregates,Aggregates,Aggregates,,
158,XD,High income,Renewable energy consumption (% of total final energy consumption),2017,11.0890197580437,Aggregates,Aggregates,Aggregates,,
159,XD,High income,Renewable energy consumption (% of total final energy consumption),2016,10.7845732962853,Aggregates,Aggregates,Aggregates,,
160,XF,IBRD only,Renewable energy consumption (% of total final energy consumption),2025,,Aggregates,Aggregates,Aggregates,,
161,XF,IBRD only,Renewable energy consumption (% of total final energy consumption),2024,,Aggregates,Aggregates,Aggregates,,
162,XF,IBRD only,Renewable energy consumption (% of total final energy consumption),2023,,Aggregates,Aggregates,Aggregates,,
163,XF,IBRD only,Renewable energy consumption (% of total final energy consumption),2022,,Aggregates,Aggregates,Aggregates,,
164,XF,IBRD only,Renewable energy consumption (% of total final energy consumption),2021,,Aggregates,Aggregates,Aggregates,,
165,XF,IBRD only,Renewable energy consumption (% of total final energy consumption),2020,18.0085051596372,Aggregates,Aggregates,Aggregates,,
166,XF,IBRD only,Renewable energy consumption (% of total final energy consumption),2019,17.0666276982215,Aggregates,Aggregates,Aggregates,,
167,XF,IBRD only,Renewable energy consumption (% of total final energy consumption),2018,16.6268066421204,Aggregates,Aggregates,Aggregates,,
168,XF,IBRD only,Renewable energy consumption (% of total final energy consumption),2017,16.3923000534023,Aggregates,Aggregates,Aggregates,,
169,XF,IBRD only,Renewable energy consumption (% of total final energy consumption),2016,16.2845965537743,Aggregates,Aggregates,Aggregates,,
170,ZT,IDA & IBRD total,Renewable energy consumption (% of total final energy consumption),2025,,Aggregates,Aggregates,Aggregates,,
171,ZT,IDA & IBRD total,Renewable energy consumption (% of total final energy consumption),2024,,Aggregates,Aggregates,Aggregates,,
172,ZT,IDA & IBRD total,Renewable energy consumption (% of total final energy consumption),2023,,Aggregates,Aggregates,Aggregates,,
173,ZT,IDA & IBRD total,Renewable energy consumption (% of total final energy consumption),2022,,Aggregates,Aggregates,Aggregates,,
174,ZT,IDA & IBRD total,Renewable energy consumption (% of total final energy consumption),2021,,Aggregates,Aggregates,Aggregates,,
175,ZT,IDA & IBRD total,Renewable energy consumption (% of total final energy consumption),2020,23.435247290857,Aggregates,Aggregates,Aggregates,,
176,ZT,IDA & IBRD total,Renewable energy consumption (% of total final energy consumption),2019,22.4318628279228,Aggregates,Aggregates,Aggregates,,
177,ZT,IDA & IBRD total,Renewable energy consumption (% of total final energy consumption),2018,21.9590062576992,Aggregates,Aggregates,Aggregates,,
178,ZT,IDA & IBRD total,Renewable energy consumption (% of total final energy consumption),2017,21.8333716725747,Aggregates,Aggregates,Aggregates,,
179,ZT,IDA & IBRD total,Renewable energy consumption (% of total final energy consumption),2016,21.8132582722264,Aggregates,Aggregates,Aggregates,,
180,XH,IDA blend,Renewable energy consumption (% of total final energy consumption),2025,,Aggregates,Aggregates,Aggregates,,
181,XH,IDA blend,Renewable energy consumption (% of total final energy consumption),2024,,Aggregates,Aggregates,Aggregates,,
182,XH,IDA blend,Renewable energy consumption (% of total final energy consumption),2023,,Aggregates,Aggregates,Aggregates,,
183,XH,IDA blend,Renewable energy consumption (% of total final energy consumption),2022,,Aggregates,Aggregates,Aggregates,,
184,XH,IDA blend,Renewable energy consumption (% of total final energy consumption),2021,,Aggregates,Aggregates,Aggregates,,
185,XH,IDA blend,Renewable energy consumption (% of total final energy consumption),2020,60.0736911684857,Aggregates,Aggregates,Aggregates,,
186,XH,IDA blend,Renewable energy consumption (% of total final energy consumption),2019,60.7067624481493,Aggregates,Aggregates,Aggregates,,
187,XH,IDA blend,Renewable energy consumption (% of total final energy consumption),2018,60.0455922831853,Aggregates,Aggregates,Aggregates,,
188,XH,IDA blend,Renewable energy consumption (% of total final energy consumption),2017,59.7969449026188,Aggregates,Aggregates,Aggregates,,
189,XH,IDA blend,Renewable energy consumption (% of total final energy consumption),2016,60.4836460271951,Aggregates,Aggregates,Aggregates,,
190,XI,IDA only,Renewable energy consumption (% of total final energy consumption),2025,,Aggregates,Aggregates,Aggregates,,
191,XI,IDA only,Renewable energy consumption (% of total final energy consumption),2024,,Aggregates,Aggregates,Aggregates,,
192,XI,IDA only,Renewable energy consumption (% of total final energy consumption),2023,,Aggregates,Aggregates,Aggregates,,
193,XI,IDA only,Renewable energy consumption (% of total final energy consumption),2022,,Aggregates,Aggregates,Aggregates,,
194,XI,IDA only,Renewable energy consumption (% of total final energy consumption),2021,,Aggregates,Aggregates,Aggregates,,
195,XI,IDA only,Renewable energy consumption (% of total final energy consumption),2020,67.3560634206125,Aggregates,Aggregates,Aggregates,,
196,XI,IDA only,Renewable energy consumption (% of total final energy consumption),2019,66.1344154982874,Aggregates,Aggregates,Aggregates,,
197,XI,IDA only,Renewable energy consumption (% of total final energy consumption),2018,66.0568216095439,Aggregates,Aggregates,Aggregates,,
198,XI,IDA only,Renewable energy consumption (% of total final energy consumption),2017,67.1926478978048,Aggregates,Aggregates,Aggregates,,
199,XI,IDA only,Renewable energy consumption (% of total final energy consumption),2016,68.2872983784982,Aggregates,Aggregates,Aggregates,,
200,XG,IDA total,Renewable energy consumption (% of total final energy consumption),2025,,Aggregates,Aggregates,Aggregates,,
201,XG,IDA total,Renewable energy consumption (% of total final energy consumption),2024,,Aggregates,Aggregates,Aggregates,,
202,XG,IDA total,Renewable energy consumption (% of total final energy consumption),2023,,Aggregates,Aggregates,Aggregates,,
203,XG,IDA total,Renewable energy consumption (% of total final energy consumption),2022,,Aggregates,Aggregates,Aggregates,,
204,XG,IDA total,Renewable energy consumption (% of total final energy consumption),2021,,Aggregates,Aggregates,Aggregates,,
205,XG,IDA total,Renewable energy consumption (% of total final energy consumption),2020,63.7525629244284,Aggregates,Aggregates,Aggregates,,
206,XG,IDA total,Renewable energy consumption (% of total final energy consumption),2019,63.4454503938806,Aggregates,Aggregates,Aggregates,,
207,XG,IDA total,Renewable energy consumption (% of total final energy consumption),2018,63.0596732632859,Aggregates,Aggregates,Aggregates,,
208,XG,IDA total,Renewable energy consumption (% of total final energy consumption),2017,63.4625486644428,Aggregates,Aggregates,Aggregates,,
209,XG,IDA total,Renewable energy consumption (% of total final energy consumption),2016,64.3516706620498,Aggregates,Aggregates,Aggregates,,
210,V3,Late-demographic dividend,Renewable energy consumption (% of total final energy consumption),2025,,Aggregates,Aggregates,Aggregates,,
211,V3,Late-demographic dividend,Renewable energy consumption (% of total final energy consumption),2024,,Aggregates,Aggregates,Aggregates,,
212,V3,Late-demographic dividend,Renewable energy consumption (% of total final energy consumption),2023,,Aggregates,Aggregates,Aggregates,,
213,V3,Late-demographic dividend,Renewable energy consumption (% of total final energy consumption),2022,,Aggregates,Aggregates,Aggregates,,
214,V3,Late-demographic dividend,Renewable energy consumption (% of total final energy consumption),2021,,Aggregates,Aggregates,Aggregates,,
215,V3,Late-demographic dividend,Renewable energy consumption (% of total final energy consumption),2020,15.8291260683112,Aggregates,Aggregates,Aggregates,,
216,V3,Late-demographic dividend,Renewable energy consumption (% of total final energy consumption),2019,15.1930553100861,Aggregates,Aggregates,Aggregates,,
217,V3,Late-demographic dividend,Renewable energy consumption (% of total final energy consumption),2018,14.7113402854056,Aggregates,Aggregates,Aggregates,,
218,V3,Late-demographic dividend,Renewable energy consumption (% of total final energy consumption),2017,14.3601698499908,Aggregates,Aggregates,Aggregates,,
219,V3,Late-demographic dividend,Renewable energy consumption (% of total final energy consumption),2016,14.1053604502349,Aggregates,Aggregates,Aggregates,,
220,ZJ,Latin America & Caribbean,Renewable energy consumption (% of total final energy consumption),2025,,Aggregates,Aggregates,Aggregates,,
221,ZJ,Latin America & Caribbean,Renewable energy consumption (% of total final energy consumption),2024,,Aggregates,Aggregates,Aggregates,,
222,ZJ,Latin America & Caribbean,Renewable energy consumption (% of total final energy consumption),2023,,Aggregates,Aggregates,Aggregates,,
223,ZJ,Latin America & Caribbean,Renewable energy consumption (% of total final energy consumption),2022,,Aggregates,Aggregates,Aggregates,,
224,ZJ,Latin America & Caribbean,Renewable energy consumption (% of total final energy consumption),2021,,Aggregates,Aggregates,Aggregates,,
225,ZJ,Latin America & Caribbean,Renewable energy consumption (% of total final energy consumption),2020,34.1964972995889,Aggregates,Aggregates,Aggregates,,
226,ZJ,Latin America & Caribbean,Renewable energy consumption (% of total final energy consumption),2019,30.6248117743588,Aggregates,Aggregates,Aggregates,,
227,ZJ,Latin America & Caribbean,Renewable energy consumption (% of total final energy consumption),2018,30.252639118551,Aggregates,Aggregates,Aggregates,,
228,ZJ,Latin America & Caribbean,Renewable energy consumption (% of total final energy consumption),2017,29.4068241645848,Aggregates,Aggregates,Aggregates,,
229,ZJ,Latin America & Caribbean,Renewable energy consumption (% of total final energy consumption),2016,28.8850327404841,Aggregates,Aggregates,Aggregates,,
230,XJ,Latin America & Caribbean (excluding high income),Renewable energy consumption (% of total final energy consumption),2025,,Aggregates,Aggregates,Aggregates,,
231,XJ,Latin America & Caribbean (excluding high income),Renewable energy consumption (% of total final energy consumption),2024,,Aggregates,Aggregates,Aggregates,,
232,XJ,Latin America & Caribbean (excluding high income),Renewable energy consumption (% of total final energy consumption),2023,,Aggregates,Aggregates,Aggregates,,
233,XJ,Latin America & Caribbean (excluding high income),Renewable energy consumption (% of total final energy consumption),2022,,Aggregates,Aggregates,Aggregates,,
234,XJ,Latin America & Caribbean (excluding high income),Renewable energy consumption (% of total final energy consumption),2021,,Aggregates,Aggregates,Aggregates,,
235,XJ,Latin America & Caribbean (excluding high income),Renewable energy consumption (% of total final energy consumption),2020,34.8009281991427,Aggregates,Aggregates,Aggregates,,
236,XJ,Latin America & Caribbean (excluding high income),Renewable energy consumption (% of total final energy consumption),2019,31.0995992132705,Aggregates,Aggregates,Aggregates,,
237,XJ,Latin America & Caribbean (excluding high income),Renewable energy consumption (% of total final energy consumption),2018,30.6220212475155,Aggregates,Aggregates,Aggregates,,
238,XJ,Latin America & Caribbean (excluding high income),Renewable energy consumption (% of total final energy consumption),2017,29.7622014930472,Aggregates,Aggregates,Aggregates,,
239,XJ,Latin America & Caribbean (excluding high income),Renewable energy consumption (% of total final energy consumption),2016,29.1948567179388,Aggregates,Aggregates,Aggregates,,
240,T2,Latin America & the Caribbean (IDA & IBRD countries),Renewable energy consumption (% of total final energy consumption),2025,,Aggregates,Aggregates,Aggregates,,
241,T2,Latin America & the Caribbean (IDA & IBRD countries),Renewable energy consumption (% of total final energy consumption),2024,,Aggregates,Aggregates,Aggregates,,
242,T2,Latin America & the Caribbean (IDA & IBRD countries),Renewable energy consumption (% of total final energy consumption),2023,,Aggregates,Aggregates,Aggregates,,
243,T2,Latin America & the Caribbean (IDA & IBRD countries),Renewable energy consumption (% of total final energy consumption),2022,,Aggregates,Aggregates,Aggregates,,
244,T2,Latin America & the Caribbean (IDA & IBRD countries),Renewable energy consumption (% of total final energy consumption),2021,,Aggregates,Aggregates,Aggregates,,
245,T2,Latin America & the Caribbean (IDA & IBRD countries),Renewable energy consumption (% of total final energy consumption),2020,34.4989632470857,Aggregates,Aggregates,Aggregates,,
246,T2,Latin America & the Caribbean (IDA & IBRD countries),Renewable energy consumption (% of total final energy consumption),2019,30.8730849505438,Aggregates,Aggregates,Aggregates,,
247,T2,Latin America & the Caribbean (IDA & IBRD countries),Renewable energy consumption (% of total final energy consumption),2018,30.4953793252595,Aggregates,Aggregates,Aggregates,,
248,T2,Latin America & the Caribbean (IDA & IBRD countries),Renewable energy consumption (% of total final energy consumption),2017,29.6408830785882,Aggregates,Aggregates,Aggregates,,
249,T2,Latin America & the Caribbean (IDA & IBRD countries),Renewable energy consumption (% of total final energy consumption),2016,29.1484835734771,Aggregates,Aggregates,Aggregates,,
250,XL,Least developed countries: UN classification,Renewable energy consumption (% of total final energy consumption),2025,,Aggregates,Aggregates,Aggregates,,
251,XL,Least developed countries: UN classification,Renewable energy consumption (% of total final energy consumption),2024,,Aggregates,Aggregates,Aggregates,,
252,XL,Least developed countries: UN classification,Renewable energy consumption (% of total final energy consumption),2023,,Aggregates,Aggregates,Aggregates,,
253,XL,Least developed countries: UN classification,Renewable energy consumption (% of total final energy consumption),2022,,Aggregates,Aggregates,Aggregates,,
254,XL,Least developed countries: UN classification,Renewable energy consumption (% of total final energy consumption),2021,,Aggregates,Aggregates,Aggregates,,
255,XL,Least developed countries: UN classification,Renewable energy consumption (% of total final energy consumption),2020,70.885707743194,Aggregates,Aggregates,Aggregates,,
256,XL,Least developed countries: UN classification,Renewable energy consumption (% of total final energy consumption),2019,69.5024909470932,Aggregates,Aggregates,Aggregates,,
257,XL,Least developed countries: UN classification,Renewable energy consumption (% of total final energy consumption),2018,69.6689273124056,Aggregates,Aggregates,Aggregates,,
258,XL,Least developed countries: UN classification,Renewable energy consumption (% of total final energy consumption),2017,70.6528427025745,Aggregates,Aggregates,Aggregates,,
259,XL,Least developed countries: UN classification,Renewable energy consumption (% of total final energy consumption),2016,71.7069864304561,Aggregates,Aggregates,Aggregates,,
260,XO,Low & middle income,Renewable energy consumption (% of total final energy consumption),2025,,Aggregates,Aggregates,Aggregates,,
261,XO,Low & middle income,Renewable energy consumption (% of total final energy consumption),2024,,Aggregates,Aggregates,Aggregates,,
262,XO,Low & middle income,Renewable energy consumption (% of total final energy consumption),2023,,Aggregates,Aggregates,Aggregates,,
263,XO,Low & middle income,Renewable energy consumption (% of total final energy consumption),2022,,Aggregates,Aggregates,Aggregates,,
264,XO,Low & middle income,Renewable energy consumption (% of total final energy consumption),2021,,Aggregates,Aggregates,Aggregates,,
265,XO,Low & middle income,Renewable energy consumption (% of total final energy consumption),2020,25.2319411619148,Aggregates,Aggregates,Aggregates,,
266,XO,Low & middle income,Renewable energy consumption (% of total final energy consumption),2019,24.2477140331693,Aggregates,Aggregates,Aggregates,,
267,XO,Low & middle income,Renewable energy consumption (% of total final energy consumption),2018,23.7294321628033,Aggregates,Aggregates,Aggregates,,
268,XO,Low & middle income,Renewable energy consumption (% of total final energy consumption),2017,23.6364337035659,Aggregates,Aggregates,Aggregates,,
269,XO,Low & middle income,Renewable energy consumption (% of total final energy consumption),2016,23.5956286475448,Aggregates,Aggregates,Aggregates,,
270,XM,Low income,Renewable energy consumption (% of total final energy consumption),2025,,Aggregates,Aggregates,Aggregates,,
271,XM,Low income,Renewable energy consumption (% of total final energy consumption),2024,,Aggregates,Aggregates,Aggregates,,
272,XM,Low income,Renewable energy consumption (% of total final energy consumption),2023,,Aggregates,Aggregates,Aggregates,,
273,XM,Low income,Renewable energy consumption (% of total final energy consumption),2022,,Aggregates,Aggregates,Aggregates,,
274,XM,Low income,Renewable energy consumption (% of total final energy consumption),2021,,Aggregates,Aggregates,Aggregates,,
275,XM,Low income,Renewable energy consumption (% of total final energy consumption),2020,74.5621747727499,Aggregates,Aggregates,Aggregates,,
276,XM,Low income,Renewable energy consumption (% of total final energy consumption),2019,72.5005003490808,Aggregates,Aggregates,Aggregates,,
277,XM,Low income,Renewable energy consumption (% of total final energy consumption),2018,73.1015300989534,Aggregates,Aggregates,Aggregates,,
278,XM,Low income,Renewable energy consumption (% of total final energy consumption),2017,73.6994749888377,Aggregates,Aggregates,Aggregates,,
279,XM,Low income,Renewable energy consumption (% of total final energy consumption),2016,76.9877810393742,Aggregates,Aggregates,Aggregates,,
280,XN,Lower middle income,Renewable energy consumption (% of total final energy consumption),2025,,Aggregates,Aggregates,Aggregates,,
281,XN,Lower middle income,Renewable energy consumption (% of total final energy consumption),2024,,Aggregates,Aggregates,Aggregates,,
282,XN,Lower middle income,Renewable energy consumption (% of total final energy consumption),2023,,Aggregates,Aggregates,Aggregates,,
283,XN,Lower middle income,Renewable energy consumption (% of total final energy consumption),2022,,Aggregates,Aggregates,Aggregates,,
284,XN,Lower middle income,Renewable energy consumption (% of total final energy consumption),2021,,Aggregates,Aggregates,Aggregates,,
285,XN,Lower middle income,Renewable energy consumption (% of total final energy consumption),2020,43.3396056818626,Aggregates,Aggregates,Aggregates,,
286,XN,Lower middle income,Renewable energy consumption (% of total final energy consumption),2019,41.4201607411296,Aggregates,Aggregates,Aggregates,,
287,XN,Lower middle income,Renewable energy consumption (% of total final energy consumption),2018,40.5042813848529,Aggregates,Aggregates,Aggregates,,
288,XN,Lower middle income,Renewable energy consumption (% of total final energy consumption),2017,40.3045480579492,Aggregates,Aggregates,Aggregates,,
289,XN,Lower middle income,Renewable energy consumption (% of total final energy consumption),2016,41.045675670811,Aggregates,Aggregates,Aggregates,,
290,ZQ,"Middle East, North Africa, Afghanistan & Pakistan",Renewable energy consumption (% of total final energy consumption),2025,,Aggregates,Aggregates,Aggregates,,
291,ZQ,"Middle East, North Africa, Afghanistan & Pakistan",Renewable energy consumption (% of total final energy consumption),2024,,Aggregates,Aggregates,Aggregates,,
292,ZQ,"Middle East, North Africa, Afghanistan & Pakistan",Renewable energy consumption (% of total final energy consumption),2023,,Aggregates,Aggregates,Aggregates,,
293,ZQ,"Middle East, North Africa, Afghanistan & Pakistan",Renewable energy consumption (% of total final energy consumption),2022,,Aggregates,Aggregates,Aggregates,,
294,ZQ,"Middle East, North Africa, Afghanistan & Pakistan",Renewable energy consumption (% of total final energy consumption),2021,,Aggregates,Aggregates,Aggregates,,
295,ZQ,"Middle East, North Africa, Afghanistan & Pakistan",Renewable energy consumption (% of total final energy consumption),2020,7.54675702757893,Aggregates,Aggregates,Aggregates,,
296,ZQ,"Middle East, North Africa, Afghanistan & Pakistan",Renewable energy consumption (% of total final energy consumption),2019,7.59670819188084,Aggregates,Aggregates,Aggregates,,
297,ZQ,"Middle East, North Africa, Afghanistan & Pakistan",Renewable energy consumption (% of total final energy consumption),2018,7.30858693459966,Aggregates,Aggregates,Aggregates,,
298,ZQ,"Middle East, North Africa, Afghanistan & Pakistan",Renewable energy consumption (% of total final energy consumption),2017,7.14927454903901,Aggregates,Aggregates,Aggregates,,
299,ZQ,"Middle East, North Africa, Afghanistan & Pakistan",Renewable energy consumption (% of total final energy consumption),2016,7.10925108984167,Aggregates,Aggregates,Aggregates,,
300,XQ,"Middle East, North Africa, Afghanistan & Pakistan (excluding high income)",Renewable energy consumption (% of total final energy consumption),2025,,Aggregates,Aggregates,Aggregates,,
301,XQ,"Middle East, North Africa, Afghanistan & Pakistan (excluding high income)",Renewable energy consumption (% of total final energy consumption),2024,,Aggregates,Aggregates,Aggregates,,
302,XQ,"Middle East, North Africa, Afghanistan & Pakistan (excluding high income)",Renewable energy consumption (% of total final energy consumption),2023,,Aggregates,Aggregates,Aggregates,,
303,XQ,"Middle East, North Africa, Afghanistan & Pakistan (excluding high income)",Renewable energy consumption (% of total final energy consumption),2022,,Aggregates,Aggregates,Aggregates,,
304,XQ,"Middle East, North Africa, Afghanistan & Pakistan (excluding high income)",Renewable energy consumption (% of total final energy consumption),2021,,Aggregates,Aggregates,Aggregates,,
305,XQ,"Middle East, North Africa, Afghanistan & Pakistan (excluding high income)",Renewable energy consumption (% of total final energy consumption),2020,11.2181326344417,Aggregates,Aggregates,Aggregates,,
306,XQ,"Middle East, North Africa, Afghanistan & Pakistan (excluding high income)",Renewable energy consumption (% of total final energy consumption),2019,11.4865470725413,Aggregates,Aggregates,Aggregates,,
307,XQ,"Middle East, North Africa, Afghanistan & Pakistan (excluding high income)",Renewable energy consumption (% of total final energy consumption),2018,10.9619732223084,Aggregates,Aggregates,Aggregates,,
308,XQ,"Middle East, North Africa, Afghanistan & Pakistan (excluding high income)",Renewable energy consumption (% of total final energy consumption),2017,10.9413685116146,Aggregates,Aggregates,Aggregates,,
309,XQ,"Middle East, North Africa, Afghanistan & Pakistan (excluding high income)",Renewable energy consumption (% of total final energy consumption),2016,11.1503064832308,Aggregates,Aggregates,Aggregates,,
310,T3,"Middle East, North Africa, Afghanistan & Pakistan (IDA & IBRD)",Renewable energy consumption (% of total final energy consumption),2025,,Aggregates,Aggregates,Aggregates,,
311,T3,"Middle East, North Africa, Afghanistan & Pakistan (IDA & IBRD)",Renewable energy consumption (% of total final energy consumption),2024,,Aggregates,Aggregates,Aggregates,,
312,T3,"Middle East, North Africa, Afghanistan & Pakistan (IDA & IBRD)",Renewable energy consumption (% of total final energy consumption),2023,,Aggregates,Aggregates,Aggregates,,
313,T3,"Middle East, North Africa, Afghanistan & Pakistan (IDA & IBRD)",Renewable energy consumption (% of total final energy consumption),2022,,Aggregates,Aggregates,Aggregates,,
314,T3,"Middle East, North Africa, Afghanistan & Pakistan (IDA & IBRD)",Renewable energy consumption (% of total final energy consumption),2021,,Aggregates,Aggregates,Aggregates,,
315,T3,"Middle East, North Africa, Afghanistan & Pakistan (IDA & IBRD)",Renewable energy consumption (% of total final energy consumption),2020,11.2025085485546,Aggregates,Aggregates,Aggregates,,
316,T3,"Middle East, North Africa, Afghanistan & Pakistan (IDA & IBRD)",Renewable energy consumption (% of total final energy consumption),2019,11.4771071770715,Aggregates,Aggregates,Aggregates,,
317,T3,"Middle East, North Africa, Afghanistan & Pakistan (IDA & IBRD)",Renewable energy consumption (% of total final energy consumption),2018,10.9557039236004,Aggregates,Aggregates,Aggregates,,
318,T3,"Middle East, North Africa, Afghanistan & Pakistan (IDA & IBRD)",Renewable energy consumption (% of total final energy consumption),2017,10.943060961286,Aggregates,Aggregates,Aggregates,,
319,T3,"Middle East, North Africa, Afghanistan & Pakistan (IDA & IBRD)",Renewable energy consumption (% of total final energy consumption),2016,11.1456851493979,Aggregates,Aggregates,Aggregates,,
320,XP,Middle income,Renewable energy consumption (% of total final energy consumption),2025,,Aggregates,Aggregates,Aggregates,,
321,XP,Middle income,Renewable energy consumption (% of total final energy consumption),2024,,Aggregates,Aggregates,Aggregates,,
322,XP,Middle income,Renewable energy consumption (% of total final energy consumption),2023,,Aggregates,Aggregates,Aggregates,,
323,XP,Middle income,Renewable energy consumption (% of total final energy consumption),2022,,Aggregates,Aggregates,Aggregates,,
324,XP,Middle income,Renewable energy consumption (% of total final energy consumption),2021,,Aggregates,Aggregates,Aggregates,,
325,XP,Middle income,Renewable energy consumption (% of total final energy consumption),2020,23.3730029547735,Aggregates,Aggregates,Aggregates,,
326,XP,Middle income,Renewable energy consumption (% of total final energy consumption),2019,22.4899574267419,Aggregates,Aggregates,Aggregates,,
327,XP,Middle income,Renewable energy consumption (% of total final energy consumption),2018,21.9723469245979,Aggregates,Aggregates,Aggregates,,
328,XP,Middle income,Renewable energy consumption (% of total final energy consumption),2017,21.8466187128767,Aggregates,Aggregates,Aggregates,,
329,XP,Middle income,Renewable energy consumption (% of total final energy consumption),2016,21.7581991859733,Aggregates,Aggregates,Aggregates,,
330,XU,North America,Renewable energy consumption (% of total final energy consumption),2025,,Aggregates,Aggregates,Aggregates,,
331,XU,North America,Renewable energy consumption (% of total final energy consumption),2024,,Aggregates,Aggregates,Aggregates,,
332,XU,North America,Renewable energy consumption (% of total final energy consumption),2023,,Aggregates,Aggregates,Aggregates,,
333,XU,North America,Renewable energy consumption (% of total final energy consumption),2022,,Aggregates,Aggregates,Aggregates,,
334,XU,North America,Renewable energy consumption (% of total final energy consumption),2021,,Aggregates,Aggregates,Aggregates,,
335,XU,North America,Renewable energy consumption (% of total final energy consumption),2020,12.4628823400948,Aggregates,Aggregates,Aggregates,,
336,XU,North America,Renewable energy consumption (% of total final energy consumption),2019,11.5807525012806,Aggregates,Aggregates,Aggregates,,
337,XU,North America,Renewable energy consumption (% of total final energy consumption),2018,11.3114262085469,Aggregates,Aggregates,Aggregates,,
338,XU,North America,Renewable energy consumption (% of total final energy consumption),2017,11.2091690751112,Aggregates,Aggregates,Aggregates,,
339,XU,North America,Renewable energy consumption (% of total final energy consumption),2016,10.724670511025,Aggregates,Aggregates,Aggregates,,
340,XY,Not classified,Renewable energy consumption (% of total final energy consumption),2025,,Aggregates,Aggregates,Aggregates,,
341,XY,Not classified,Renewable energy consumption (% of total final energy consumption),2024,,Aggregates,Aggregates,Aggregates,,
342,XY,Not classified,Renewable energy consumption (% of total final energy consumption),2023,,Aggregates,Aggregates,Aggregates,,
343,XY,Not classified,Renewable energy consumption (% of total final energy consumption),2022,,Aggregates,Aggregates,Aggregates,,
344,XY,Not classified,Renewable energy consumption (% of total final energy consumption),2021,,Aggregates,Aggregates,Aggregates,,
345,XY,Not classified,Renewable energy consumption (% of total final energy consumption),2020,,Aggregates,Aggregates,Aggregates,,
346,XY,Not classified,Renewable energy consumption (% of total final energy consumption),2019,,Aggregates,Aggregates,Aggregates,,
347,XY,Not classified,Renewable energy consumption (% of total final energy consumption),2018,,Aggregates,Aggregates,Aggregates,,
348,XY,Not classified,Renewable energy consumption (% of total final energy consumption),2017,,Aggregates,Aggregates,Aggregates,,
349,XY,Not classified,Renewable energy consumption (% of total final energy consumption),2016,,Aggregates,Aggregates,Aggregates,,
350,OE,OECD members,Renewable energy consumption (% of total final energy consumption),2025,,Aggregates,Aggregates,Aggregates,,
351,OE,OECD members,Renewable energy consumption (% of total final energy consumption),2024,,Aggregates,Aggregates,Aggregates,,
352,OE,OECD members,Renewable energy consumption (% of total final energy consumption),2023,,Aggregates,Aggregates,Aggregates,,
353,OE,OECD members,Renewable energy consumption (% of total final energy consumption),2022,,Aggregates,Aggregates,Aggregates,,
354,OE,OECD members,Renewable energy consumption (% of total final energy consumption),2021,,Aggregates,Aggregates,Aggregates,,
355,OE,OECD members,Renewable energy consumption (% of total final energy consumption),2020,14.8380363213872,Aggregates,Aggregates,Aggregates,,
356,OE,OECD members,Renewable energy consumption (% of total final energy consumption),2019,13.6864487000325,Aggregates,Aggregates,Aggregates,,
357,OE,OECD members,Renewable energy consumption (% of total final energy consumption),2018,13.2024399046234,Aggregates,Aggregates,Aggregates,,
358,OE,OECD members,Renewable energy consumption (% of total final energy consumption),2017,12.7954391065077,Aggregates,Aggregates,Aggregates,,
359,OE,OECD members,Renewable energy consumption (% of total final energy consumption),2016,12.432384629223,Aggregates,Aggregates,Aggregates,,
360,S4,Other small states,Renewable energy consumption (% of total final energy consumption),2025,,Aggregates,Aggregates,Aggregates,,
361,S4,Other small states,Renewable energy consumption (% of total final energy consumption),2024,,Aggregates,Aggregates,Aggregates,,
362,S4,Other small states,Renewable energy consumption (% of total final energy consumption),2023,,Aggregates,Aggregates,Aggregates,,
363,S4,Other small states,Renewable energy consumption (% of total final energy consumption),2022,,Aggregates,Aggregates,Aggregates,,
364,S4,Other small states,Renewable energy consumption (% of total final energy consumption),2021,,Aggregates,Aggregates,Aggregates,,
365,S4,Other small states,Renewable energy consumption (% of total final energy consumption),2020,45.4042214532872,Aggregates,Aggregates,Aggregates,,
366,S4,Other small states,Renewable energy consumption (% of total final energy consumption),2019,42.3904707420726,Aggregates,Aggregates,Aggregates,,
367,S4,Other small states,Renewable energy consumption (% of total final energy consumption),2018,42.3626099950191,Aggregates,Aggregates,Aggregates,,
368,S4,Other small states,Renewable energy consumption (% of total final energy consumption),2017,41.4366535230585,Aggregates,Aggregates,Aggregates,,
369,S4,Other small states,Renewable energy consumption (% of total final energy consumption),2016,42.1565383945673,Aggregates,Aggregates,Aggregates,,
370,S2,Pacific island small states,Renewable energy consumption (% of total final energy consumption),2025,,Aggregates,Aggregates,Aggregates,,
371,S2,Pacific island small states,Renewable energy consumption (% of total final energy consumption),2024,,Aggregates,Aggregates,Aggregates,,
372,S2,Pacific island small states,Renewable energy consumption (% of total final energy consumption),2023,,Aggregates,Aggregates,Aggregates,,
373,S2,Pacific island small states,Renewable energy consumption (% of total final energy consumption),2022,,Aggregates,Aggregates,Aggregates,,
374,S2,Pacific island small states,Renewable energy consumption (% of total final energy consumption),2021,,Aggregates,Aggregates,Aggregates,,
375,S2,Pacific island small states,Renewable energy consumption (% of total final energy consumption),2020,29.425845410628,Aggregates,Aggregates,Aggregates,,
376,S2,Pacific island small states,Renewable energy consumption (% of total final energy consumption),2019,27.3889848812095,Aggregates,Aggregates,Aggregates,,
377,S2,Pacific island small states,Renewable energy consumption (% of total final energy consumption),2018,27.3537444933921,Aggregates,Aggregates,Aggregates,,
378,S2,Pacific island small states,Renewable energy consumption (% of total final energy consumption),2017,28.9891402714932,Aggregates,Aggregates,Aggregates,,
379,S2,Pacific island small states,Renewable energy consumption (% of total final energy consumption),2016,28.8504854368932,Aggregates,Aggregates,Aggregates,,
380,V4,Post-demographic dividend,Renewable energy consumption (% of total final energy consumption),2025,,Aggregates,Aggregates,Aggregates,,
381,V4,Post-demographic dividend,Renewable energy consumption (% of total final energy consumption),2024,,Aggregates,Aggregates,Aggregates,,
382,V4,Post-demographic dividend,Renewable energy consumption (% of total final energy consumption),2023,,Aggregates,Aggregates,Aggregates,,
383,V4,Post-demographic dividend,Renewable energy consumption (% of total final energy consumption),2022,,Aggregates,Aggregates,Aggregates,,
384,V4,Post-demographic dividend,Renewable energy consumption (% of total final energy consumption),2021,,Aggregates,Aggregates,Aggregates,,
385,V4,Post-demographic dividend,Renewable energy consumption (% of total final energy consumption),2020,14.4278548426441,Aggregates,Aggregates,Aggregates,,
386,V4,Post-demographic dividend,Renewable energy consumption (% of total final energy consumption),2019,13.2726556995631,Aggregates,Aggregates,Aggregates,,
387,V4,Post-demographic dividend,Renewable energy consumption (% of total final energy consumption),2018,12.8576178839564,Aggregates,Aggregates,Aggregates,,
388,V4,Post-demographic dividend,Renewable energy consumption (% of total final energy consumption),2017,12.4846381438532,Aggregates,Aggregates,Aggregates,,
389,V4,Post-demographic dividend,Renewable energy consumption (% of total final energy consumption),2016,12.0622071586832,Aggregates,Aggregates,Aggregates,,
390,V1,Pre-demographic dividend,Renewable energy consumption (% of total final energy consumption),2025,,Aggregates,Aggregates,Aggregates,,
391,V1,Pre-demographic dividend,Renewable energy consumption (% of total final energy consumption),2024,,Aggregates,Aggregates,Aggregates,,
392,V1,Pre-demographic dividend,Renewable energy consumption (% of total final energy consumption),2023,,Aggregates,Aggregates,Aggregates,,
393,V1,Pre-demographic dividend,Renewable energy consumption (% of total final energy consumption),2022,,Aggregates,Aggregates,Aggregates,,
394,V1,Pre-demographic dividend,Renewable energy consumption (% of total final energy consumption),2021,,Aggregates,Aggregates,Aggregates,,
395,V1,Pre-demographic dividend,Renewable energy consumption (% of total final energy consumption),2020,73.3285283869645,Aggregates,Aggregates,Aggregates,,
396,V1,Pre-demographic dividend,Renewable energy consumption (% of total final energy consumption),2019,71.4398709500275,Aggregates,Aggregates,Aggregates,,
397,V1,Pre-demographic dividend,Renewable energy consumption (% of total final energy consumption),2018,71.906862473446,Aggregates,Aggregates,Aggregates,,
398,V1,Pre-demographic dividend,Renewable energy consumption (% of total final energy consumption),2017,72.7571519329351,Aggregates,Aggregates,Aggregates,,
399,V1,Pre-demographic dividend,Renewable energy consumption (% of total final energy consumption),2016,72.8428194718611,Aggregates,Aggregates,Aggregates,,
400,S1,Small states,Renewable energy consumption (% of total final energy consumption),2025,,Aggregates,Aggregates,Aggregates,,
401,S1,Small states,Renewable energy consumption (% of total final energy consumption),2024,,Aggregates,Aggregates,Aggregates,,
402,S1,Small states,Renewable energy consumption (% of total final energy consumption),2023,,Aggregates,Aggregates,Aggregates,,
403,S1,Small states,Renewable energy consumption (% of total final energy consumption),2022,,Aggregates,Aggregates,Aggregates,,
404,S1,Small states,Renewable energy consumption (% of total final energy consumption),2021,,Aggregates,Aggregates,Aggregates,,
405,S1,Small states,Renewable energy consumption (% of total final energy consumption),2020,34.2609139465875,Aggregates,Aggregates,Aggregates,,
406,S1,Small states,Renewable energy consumption (% of total final energy consumption),2019,31.6559924886778,Aggregates,Aggregates,Aggregates,,
407,S1,Small states,Renewable energy consumption (% of total final energy consumption),2018,32.2826634877384,Aggregates,Aggregates,Aggregates,,
408,S1,Small states,Renewable energy consumption (% of total final energy consumption),2017,31.1677364093193,Aggregates,Aggregates,Aggregates,,
409,S1,Small states,Renewable energy consumption (% of total final energy consumption),2016,31.3734949541816,Aggregates,Aggregates,Aggregates,,
410,8S,South Asia,Renewable energy consumption (% of total final energy consumption),2025,,Aggregates,Aggregates,Aggregates,,
411,8S,South Asia,Renewable energy consumption (% of total final energy consumption),2024,,Aggregates,Aggregates,Aggregates,,
412,8S,South Asia,Renewable energy consumption (% of total final energy consumption),2023,,Aggregates,Aggregates,Aggregates,,
413,8S,South Asia,Renewable energy consumption (% of total final energy consumption),2022,,Aggregates,Aggregates,Aggregates,,
414,8S,South Asia,Renewable energy consumption (% of total final energy consumption),2021,,Aggregates,Aggregates,Aggregates,,
415,8S,South Asia,Renewable energy consumption (% of total final energy consumption),2020,36.8864659122341,Aggregates,Aggregates,Aggregates,,
416,8S,South Asia,Renewable energy consumption (% of total final energy consumption),2019,34.4293579877468,Aggregates,Aggregates,Aggregates,,
417,8S,South Asia,Renewable energy consumption (% of total final energy consumption),2018,33.8834998158718,Aggregates,Aggregates,Aggregates,,
418,8S,South Asia,Renewable energy consumption (% of total final energy consumption),2017,33.5888874710393,Aggregates,Aggregates,Aggregates,,
419,8S,South Asia,Renewable energy consumption (% of total final energy consumption),2016,34.2074772429003,Aggregates,Aggregates,Aggregates,,
420,T5,South Asia (IDA & IBRD),Renewable energy consumption (% of total final energy consumption),2025,,Aggregates,Aggregates,Aggregates,,
421,T5,South Asia (IDA & IBRD),Renewable energy consumption (% of total final energy consumption),2024,,Aggregates,Aggregates,Aggregates,,
422,T5,South Asia (IDA & IBRD),Renewable energy consumption (% of total final energy consumption),2023,,Aggregates,Aggregates,Aggregates,,
423,T5,South Asia (IDA & IBRD),Renewable energy consumption (% of total final energy consumption),2022,,Aggregates,Aggregates,Aggregates,,
424,T5,South Asia (IDA & IBRD),Renewable energy consumption (% of total final energy consumption),2021,,Aggregates,Aggregates,Aggregates,,
425,T5,South Asia (IDA & IBRD),Renewable energy consumption (% of total final energy consumption),2020,36.8864659122341,Aggregates,Aggregates,Aggregates,,
426,T5,South Asia (IDA & IBRD),Renewable energy consumption (% of total final energy consumption),2019,34.4293579877468,Aggregates,Aggregates,Aggregates,,
427,T5,South Asia (IDA & IBRD),Renewable energy consumption (% of total final energy consumption),2018,33.8834998158718,Aggregates,Aggregates,Aggregates,,
428,T5,South Asia (IDA & IBRD),Renewable energy consumption (% of total final energy consumption),2017,33.5888874710393,Aggregates,Aggregates,Aggregates,,
429,T5,South Asia (IDA & IBRD),Renewable energy consumption (% of total final energy consumption),2016,34.2074772429003,Aggregates,Aggregates,Aggregates,,
430,ZG,Sub-Saharan Africa,Renewable energy consumption (% of total final energy consumption),2025,,Aggregates,Aggregates,Aggregates,,
431,ZG,Sub-Saharan Africa,Renewable energy consumption (% of total final energy consumption),2024,,Aggregates,Aggregates,Aggregates,,
432,ZG,Sub-Saharan Africa,Renewable energy consumption (% of total final energy consumption),2023,,Aggregates,Aggregates,Aggregates,,
433,ZG,Sub-Saharan Africa,Renewable energy consumption (% of total final energy consumption),2022,,Aggregates,Aggregates,Aggregates,,
434,ZG,Sub-Saharan Africa,Renewable energy consumption (% of total final energy consumption),2021,,Aggregates,Aggregates,Aggregates,,
435,ZG,Sub-Saharan Africa,Renewable energy consumption (% of total final energy consumption),2020,70.2701133853785,Aggregates,Aggregates,Aggregates,,
436,ZG,Sub-Saharan Africa,Renewable energy consumption (% of total final energy consumption),2019,68.1693850218034,Aggregates,Aggregates,Aggregates,,
437,ZG,Sub-Saharan Africa,Renewable energy consumption (% of total final energy consumption),2018,67.6660713231228,Aggregates,Aggregates,Aggregates,,
438,ZG,Sub-Saharan Africa,Renewable energy consumption (% of total final energy consumption),2017,67.8175544668556,Aggregates,Aggregates,Aggregates,,
439,ZG,Sub-Saharan Africa,Renewable energy consumption (% of total final energy consumption),2016,67.9625238161754,Aggregates,Aggregates,Aggregates,,
440,ZF,Sub-Saharan Africa (excluding high income),Renewable energy consumption (% of total final energy consumption),2025,,Aggregates,Aggregates,Aggregates,,
441,ZF,Sub-Saharan Africa (excluding high income),Renewable energy consumption (% of total final energy consumption),2024,,Aggregates,Aggregates,Aggregates,,
442,ZF,Sub-Saharan Africa (excluding high income),Renewable energy consumption (% of total final energy consumption),2023,,Aggregates,Aggregates,Aggregates,,
443,ZF,Sub-Saharan Africa (excluding high income),Renewable energy consumption (% of total final energy consumption),2022,,Aggregates,Aggregates,Aggregates,,
444,ZF,Sub-Saharan Africa (excluding high income),Renewable energy consumption (% of total final energy consumption),2021,,Aggregates,Aggregates,Aggregates,,
445,ZF,Sub-Saharan Africa (excluding high income),Renewable energy consumption (% of total final energy consumption),2020,70.2882962400544,Aggregates,Aggregates,Aggregates,,
446,ZF,Sub-Saharan Africa (excluding high income),Renewable energy consumption (% of total final energy consumption),2019,68.1866925105485,Aggregates,Aggregates,Aggregates,,
447,ZF,Sub-Saharan Africa (excluding high income),Renewable energy consumption (% of total final energy consumption),2018,67.6846305852535,Aggregates,Aggregates,Aggregates,,
448,ZF,Sub-Saharan Africa (excluding high income),Renewable energy consumption (% of total final energy consumption),2017,67.8350236280696,Aggregates,Aggregates,Aggregates,,
449,ZF,Sub-Saharan Africa (excluding high income),Renewable energy consumption (% of total final energy consumption),2016,67.9804339199785,Aggregates,Aggregates,Aggregates,,
450,T6,Sub-Saharan Africa (IDA & IBRD countries),Renewable energy consumption (% of total final energy consumption),2025,,Aggregates,Aggregates,Aggregates,,
451,T6,Sub-Saharan Africa (IDA & IBRD countries),Renewable energy consumption (% of total final energy consumption),2024,,Aggregates,Aggregates,Aggregates,,
452,T6,Sub-Saharan Africa (IDA & IBRD countries),Renewable energy consumption (% of total final energy consumption),2023,,Aggregates,Aggregates,Aggregates,,
453,T6,Sub-Saharan Africa (IDA & IBRD countries),Renewable energy consumption (% of total final energy consumption),2022,,Aggregates,Aggregates,Aggregates,,
454,T6,Sub-Saharan Africa (IDA & IBRD countries),Renewable energy consumption (% of total final energy consumption),2021,,Aggregates,Aggregates,Aggregates,,
455,T6,Sub-Saharan Africa (IDA & IBRD countries),Renewable energy consumption (% of total final energy consumption),2020,70.2701133853785,Aggregates,Aggregates,Aggregates,,
456,T6,Sub-Saharan Africa (IDA & IBRD countries),Renewable energy consumption (% of total final energy consumption),2019,68.1693850218034,Aggregates,Aggregates,Aggregates,,
457,T6,Sub-Saharan Africa (IDA & IBRD countries),Renewable energy consumption (% of total final energy consumption),2018,67.6660713231228,Aggregates,Aggregates,Aggregates,,
458,T6,Sub-Saharan Africa (IDA & IBRD countries),Renewable energy consumption (% of total final energy consumption),2017,67.8175544668556,Aggregates,Aggregates,Aggregates,,
459,T6,Sub-Saharan Africa (IDA & IBRD countries),Renewable energy consumption (% of total final energy consumption),2016,67.9625238161754,Aggregates,Aggregates,Aggregates,,
460,XT,Upper middle income,Renewable energy consumption (% of total final energy consumption),2025,,Aggregates,Aggregates,Aggregates,,
461,XT,Upper middle income,Renewable energy consumption (% of total final energy consumption),2024,,Aggregates,Aggregates,Aggregates,,
462,XT,Upper middle income,Renewable energy consumption (% of total final energy consumption),2023,,Aggregates,Aggregates,Aggregates,,
463,XT,Upper middle income,Renewable energy consumption (% of total final energy consumption),2022,,Aggregates,Aggregates,Aggregates,,
464,XT,Upper middle income,Renewable energy consumption (% of total final energy consumption),2021,,Aggregates,Aggregates,Aggregates,,
465,XT,Upper middle income,Renewable energy consumption (% of total final energy consumption),2020,16.8249228694968,Aggregates,Aggregates,Aggregates,,
466,XT,Upper middle income,Renewable energy consumption (% of total final energy consumption),2019,16.1357826998964,Aggregates,Aggregates,Aggregates,,
467,XT,Upper middle income,Renewable energy consumption (% of total final energy consumption),2018,15.6712129165035,Aggregates,Aggregates,Aggregates,,
468,XT,Upper middle income,Renewable energy consumption (% of total final energy consumption),2017,15.539599266802,Aggregates,Aggregates,Aggregates,,
469,XT,Upper middle income,Renewable energy consumption (% of total final energy consumption),2016,15.3003881820305,Aggregates,Aggregates,Aggregates,,
470,1W,World,Renewable energy consumption (% of total final energy consumption),2025,,Aggregates,Aggregates,Aggregates,,
471,1W,World,Renewable energy consumption (% of total final energy consumption),2024,,Aggregates,Aggregates,Aggregates,,
472,1W,World,Renewable energy consumption (% of total final energy consumption),2023,,Aggregates,Aggregates,Aggregates,,
473,1W,World,Renewable energy consumption (% of total final energy consumption),2022,,Aggregates,Aggregates,Aggregates,,
474,1W,World,Renewable energy consumption (% of total final energy consumption),2021,,Aggregates,Aggregates,Aggregates,,
475,1W,World,Renewable energy consumption (% of total final energy consumption),2020,19.7355641050053,Aggregates,Aggregates,Aggregates,,
476,1W,World,Renewable energy consumption (% of total final energy consumption),2019,18.5751641385934,Aggregates,Aggregates,Aggregates,,
477,1W,World,Renewable energy consumption (% of total final energy consumption),2018,18.1052270747944,Aggregates,Aggregates,Aggregates,,
478,1W,World,Renewable energy consumption (% of total final energy consumption),2017,17.8541835016377,Aggregates,Aggregates,Aggregates,,
479,1W,World,Renewable energy consumption (% of total final energy consumption),2016,17.6281084915531,Aggregates,Aggregates,Aggregates,,
480,AF,Afghanistan,Renewable energy consumption (% of total final energy consumption),2025,,"Middle East, North Africa, Afghanistan & Pakistan",Low income,IDA,69.1761,34.5228
481,AF,Afghanistan,Renewable energy consumption (% of total final energy consumption),2024,,"Middle East, North Africa, Afghanistan & Pakistan",Low income,IDA,69.1761,34.5228
482,AF,Afghanistan,Renewable energy consumption (% of total final energy consumption),2023,,"Middle East, North Africa, Afghanistan & Pakistan",Low income,IDA,69.1761,34.5228
483,AF,Afghanistan,Renewable energy consumption (% of total final energy consumption),2022,20.0,"Middle East, North Africa, Afghanistan & Pakistan",Low income,IDA,69.1761,34.5228
484,AF,Afghanistan,Renewable energy consumption (% of total final energy consumption),2021,20.0,"Middle East, North Africa, Afghanistan & Pakistan",Low income,IDA,69.1761,34.5228
485,AF,Afghanistan,Renewable energy consumption (% of total final energy consumption),2020,18.2,"Middle East, North Africa, Afghanistan & Pakistan",Low income,IDA,69.1761,34.5228
486,AF,Afghanistan,Renewable energy consumption (% of total final energy consumption),2019,18.9,"Middle East, North Africa, Afghanistan & Pakistan",Low income,IDA,69.1761,34.5228
487,AF,Afghanistan,Renewable energy consumption (% of total final energy consumption),2018,18.3,"Middle East, North Africa, Afghanistan & Pakistan",Low income,IDA,69.1761,34.5228
488,AF,Afghanistan,Renewable energy consumption (% of total final energy consumption),2017,19.5,"Middle East, North Africa, Afghanistan & Pakistan",Low income,IDA,69.1761,34.5228
489,AF,Afghanistan,Renewable energy consumption (% of total final energy consumption),2016,20.2,"Middle East, North Africa, Afghanistan & Pakistan",Low income,IDA,69.1761,34.5228
490,AL,Albania,Renewable energy consumption (% of total final energy consumption),2025,,Europe & Central Asia,Upper middle income,IBRD,19.8172,41.3317
491,AL,Albania,Renewable energy consumption (% of total final energy consumption),2024,,Europe & Central Asia,Upper middle income,IBRD,19.8172,41.3317
492,AL,Albania,Renewable energy consumption (% of total final energy consumption),2023,,Europe & Central Asia,Upper middle income,IBRD,19.8172,41.3317
493,AL,Albania,Renewable energy consumption (% of total final energy consumption),2022,,Europe & Central Asia,Upper middle income,IBRD,19.8172,41.3317
494,AL,Albania,Renewable energy consumption (% of total final energy consumption),2021,41.9,Europe & Central Asia,Upper middle income,IBRD,19.8172,41.3317
495,AL,Albania,Renewable energy consumption (% of total final energy consumption),2020,44.4,Europe & Central Asia,Upper middle income,IBRD,19.8172,41.3317
496,AL,Albania,Renewable energy consumption (% of total final energy consumption),2019,40.1,Europe & Central Asia,Upper middle income,IBRD,19.8172,41.3317
497,AL,Albania,Renewable energy consumption (% of total final energy consumption),2018,37.8,Europe & Central Asia,Upper middle income,IBRD,19.8172,41.3317
498,AL,Albania,Renewable energy consumption (% of total final energy consumption),2017,36.9,Europe & Central Asia,Upper middle income,IBRD,19.8172,41.3317
499,AL,Albania,Renewable energy consumption (% of total final energy consumption),2016,39.4,Europe & Central Asia,Upper middle income,IBRD,19.8172,41.3317
500,DZ,Algeria,Renewable energy consumption (% of total final energy consumption),2025,,"Middle East, North Africa, Afghanistan & Pakistan",Upper middle income,IBRD,3.05097,36.7397
501,DZ,Algeria,Renewable energy consumption (% of total final energy consumption),2024,,"Middle East, North Africa, Afghanistan & Pakistan",Upper middle income,IBRD,3.05097,36.7397
502,DZ,Algeria,Renewable energy consumption (% of total final energy consumption),2023,,"Middle East, North Africa, Afghanistan & Pakistan",Upper middle income,IBRD,3.05097,36.7397
503,DZ,Algeria,Renewable energy consumption (% of total final energy consumption),2022,,"Middle East, North Africa, Afghanistan & Pakistan",Upper middle income,IBRD,3.05097,36.7397
504,DZ,Algeria,Renewable energy consumption (% of total final energy consumption),2021,0.1,"Middle East, North Africa, Afghanistan & Pakistan",Upper middle income,IBRD,3.05097,36.7397
505,DZ,Algeria,Renewable energy consumption (% of total final energy consumption),2020,0.1,"Middle East, North Africa, Afghanistan & Pakistan",Upper middle income,IBRD,3.05097,36.7397
506,DZ,Algeria,Renewable energy consumption (% of total final energy consumption),2019,0.2,"Middle East, North Africa, Afghanistan & Pakistan",Upper middle income,IBRD,3.05097,36.7397
507,DZ,Algeria,Renewable energy consumption (% of total final energy consumption),2018,0.2,"Middle East, North Africa, Afghanistan & Pakistan",Upper middle income,IBRD,3.05097,36.7397
508,DZ,Algeria,Renewable energy consumption (% of total final energy consumption),2017,0.1,"Middle East, North Africa, Afghanistan & Pakistan",Upper middle income,IBRD,3.05097,36.7397
509,DZ,Algeria,Renewable energy consumption (% of total final energy consumption),2016,0.1,"Middle East, North Africa, Afghanistan & Pakistan",Upper middle income,IBRD,3.05097,36.7397
510,AS,American Samoa,Renewable energy consumption (% of total final energy consumption),2025,,East Asia & Pacific,High income,Not classified,-170.691,-14.2846
511,AS,American Samoa,Renewable energy consumption (% of total final energy consumption),2024,,East Asia & Pacific,High income,Not classified,-170.691,-14.2846
512,AS,American Samoa,Renewable energy consumption (% of total final energy consumption),2023,,East Asia & Pacific,High income,Not classified,-170.691,-14.2846
513,AS,American Samoa,Renewable energy consumption (% of total final energy consumption),2022,0.4,East Asia & Pacific,High income,Not classified,-170.691,-14.2846
514,AS,American Samoa,Renewable energy consumption (% of total final energy consumption),2021,0.4,East Asia & Pacific,High income,Not classified,-170.691,-14.2846
515,AS,American Samoa,Renewable energy consumption (% of total final energy consumption),2020,0.4,East Asia & Pacific,High income,Not classified,-170.691,-14.2846
516,AS,American Samoa,Renewable energy consumption (% of total final energy consumption),2019,0.4,East Asia & Pacific,High income,Not classified,-170.691,-14.2846
517,AS,American Samoa,Renewable energy consumption (% of total final energy consumption),2018,0.3,East Asia & Pacific,High income,Not classified,-170.691,-14.2846
518,AS,American Samoa,Renewable energy consumption (% of total final energy consumption),2017,0.3,East Asia & Pacific,High income,Not classified,-170.691,-14.2846
519,AS,American Samoa,Renewable energy consumption (% of total final energy consumption),2016,0.2,East Asia & Pacific,High income,Not classified,-170.691,-14.2846
520,AD,Andorra,Renewable energy consumption (% of total final energy consumption),2025,,Europe & Central Asia,High income,Not classified,1.5218,42.5075
521,AD,Andorra,Renewable energy consumption (% of total final energy consumption),2024,,Europe & Central Asia,High income,Not classified,1.5218,42.5075
522,AD,Andorra,Renewable energy consumption (% of total final energy consumption),2023,,Europe & Central Asia,High income,Not classified,1.5218,42.5075
523,AD,Andorra,Renewable energy consumption (% of total final energy consumption),2022,18.7,Europe & Central Asia,High income,Not classified,1.5218,42.5075
524,AD,Andorra,Renewable energy consumption (% of total final energy consumption),2021,18.4,Europe & Central Asia,High income,Not classified,1.5218,42.5075
525,AD,Andorra,Renewable energy consumption (% of total final energy consumption),2020,20.9,Europe & Central Asia,High income,Not classified,1.5218,42.5075
526,AD,Andorra,Renewable energy consumption (% of total final energy consumption),2019,17.2,Europe & Central Asia,High income,Not classified,1.5218,42.5075
527,AD,Andorra,Renewable energy consumption (% of total final energy consumption),2018,17.6,Europe & Central Asia,High income,Not classified,1.5218,42.5075
528,AD,Andorra,Renewable energy consumption (% of total final energy consumption),2017,18.0,Europe & Central Asia,High income,Not classified,1.5218,42.5075
529,AD,Andorra,Renewable energy consumption (% of total final energy consumption),2016,18.9,Europe & Central Asia,High income,Not classified,1.5218,42.5075
530,AO,Angola,Renewable energy consumption (% of total final energy consumption),2025,,Sub-Saharan Africa ,Lower middle income,IBRD,13.242,-8.81155
531,AO,Angola,Renewable energy consumption (% of total final energy consumption),2024,,Sub-Saharan Africa ,Lower middle income,IBRD,13.242,-8.81155
532,AO,Angola,Renewable energy consumption (% of total final energy consumption),2023,,Sub-Saharan Africa ,Lower middle income,IBRD,13.242,-8.81155
533,AO,Angola,Renewable energy consumption (% of total final energy consumption),2022,,Sub-Saharan Africa ,Lower middle income,IBRD,13.242,-8.81155
534,AO,Angola,Renewable energy consumption (% of total final energy consumption),2021,52.9,Sub-Saharan Africa ,Lower middle income,IBRD,13.242,-8.81155
535,AO,Angola,Renewable energy consumption (% of total final energy consumption),2020,60.1,Sub-Saharan Africa ,Lower middle income,IBRD,13.242,-8.81155
536,AO,Angola,Renewable energy consumption (% of total final energy consumption),2019,51.0,Sub-Saharan Africa ,Lower middle income,IBRD,13.242,-8.81155
537,AO,Angola,Renewable energy consumption (% of total final energy consumption),2018,52.5,Sub-Saharan Africa ,Lower middle income,IBRD,13.242,-8.81155
538,AO,Angola,Renewable energy consumption (% of total final energy consumption),2017,52.5,Sub-Saharan Africa ,Lower middle income,IBRD,13.242,-8.81155
539,AO,Angola,Renewable energy consumption (% of total final energy consumption),2016,48.1,Sub-Saharan Africa ,Lower middle income,IBRD,13.242,-8.81155
540,AG,Antigua and Barbuda,Renewable energy consumption (% of total final energy consumption),2025,,Latin America & Caribbean ,High income,IBRD,-61.8456,17.1175
541,AG,Antigua and Barbuda,Renewable energy consumption (% of total final energy consumption),2024,,Latin America & Caribbean ,High income,IBRD,-61.8456,17.1175
542,AG,Antigua and Barbuda,Renewable energy consumption (% of total final energy consumption),2023,,Latin America & Caribbean ,High income,IBRD,-61.8456,17.1175
543,AG,Antigua and Barbuda,Renewable energy consumption (% of total final energy consumption),2022,0.9,Latin America & Caribbean ,High income,IBRD,-61.8456,17.1175
544,AG,Antigua and Barbuda,Renewable energy consumption (% of total final energy consumption),2021,0.9,Latin America & Caribbean ,High income,IBRD,-61.8456,17.1175
545,AG,Antigua and Barbuda,Renewable energy consumption (% of total final energy consumption),2020,0.9,Latin America & Caribbean ,High income,IBRD,-61.8456,17.1175
546,AG,Antigua and Barbuda,Renewable energy consumption (% of total final energy consumption),2019,0.7,Latin America & Caribbean ,High income,IBRD,-61.8456,17.1175
547,AG,Antigua and Barbuda,Renewable energy consumption (% of total final energy consumption),2018,0.7,Latin America & Caribbean ,High income,IBRD,-61.8456,17.1175
548,AG,Antigua and Barbuda,Renewable energy consumption (% of total final energy consumption),2017,0.4,Latin America & Caribbean ,High income,IBRD,-61.8456,17.1175
549,AG,Antigua and Barbuda,Renewable energy consumption (% of total final energy consumption),2016,0.4,Latin America & Caribbean ,High income,IBRD,-61.8456,17.1175
550,AR,Argentina,Renewable energy consumption (% of total final energy consumption),2025,,Latin America & Caribbean ,Upper middle income,IBRD,-58.4173,-34.6118
551,AR,Argentina,Renewable energy consumption (% of total final energy consumption),2024,,Latin America & Caribbean ,Upper middle income,IBRD,-58.4173,-34.6118
552,AR,Argentina,Renewable energy consumption (% of total final energy consumption),2023,,Latin America & Caribbean ,Upper middle income,IBRD,-58.4173,-34.6118
553,AR,Argentina,Renewable energy consumption (% of total final energy consumption),2022,,Latin America & Caribbean ,Upper middle income,IBRD,-58.4173,-34.6118
554,AR,Argentina,Renewable energy consumption (% of total final energy consumption),2021,9.2,Latin America & Caribbean ,Upper middle income,IBRD,-58.4173,-34.6118
555,AR,Argentina,Renewable energy consumption (% of total final energy consumption),2020,9.8,Latin America & Caribbean ,Upper middle income,IBRD,-58.4173,-34.6118
556,AR,Argentina,Renewable energy consumption (% of total final energy consumption),2019,10.7,Latin America & Caribbean ,Upper middle income,IBRD,-58.4173,-34.6118
557,AR,Argentina,Renewable energy consumption (% of total final energy consumption),2018,10.5,Latin America & Caribbean ,Upper middle income,IBRD,-58.4173,-34.6118
558,AR,Argentina,Renewable energy consumption (% of total final energy consumption),2017,10.4,Latin America & Caribbean ,Upper middle income,IBRD,-58.4173,-34.6118
559,AR,Argentina,Renewable energy consumption (% of total final energy consumption),2016,9.4,Latin America & Caribbean ,Upper middle income,IBRD,-58.4173,-34.6118
560,AM,Armenia,Renewable energy consumption (% of total final energy consumption),2025,,Europe & Central Asia,Upper middle income,IBRD,44.509,40.1596
561,AM,Armenia,Renewable energy consumption (% of total final energy consumption),2024,,Europe & Central Asia,Upper middle income,IBRD,44.509,40.1596
562,AM,Armenia,Renewable energy consumption (% of total final energy consumption),2023,,Europe & Central Asia,Upper middle income,IBRD,44.509,40.1596
563,AM,Armenia,Renewable energy consumption (% of total final energy consumption),2022,,Europe & Central Asia,Upper middle income,IBRD,44.509,40.1596
564,AM,Armenia,Renewable energy consumption (% of total final energy consumption),2021,9.1,Europe & Central Asia,Upper middle income,IBRD,44.509,40.1596
565,AM,Armenia,Renewable energy consumption (% of total final energy consumption),2020,8.4,Europe & Central Asia,Upper middle income,IBRD,44.509,40.1596
566,AM,Armenia,Renewable energy consumption (% of total final energy consumption),2019,10.3,Europe & Central Asia,Upper middle income,IBRD,44.509,40.1596
567,AM,Armenia,Renewable energy consumption (% of total final energy consumption),2018,11.1,Europe & Central Asia,Upper middle income,IBRD,44.509,40.1596
568,AM,Armenia,Renewable energy consumption (% of total final energy consumption),2017,12.6,Europe & Central Asia,Upper middle income,IBRD,44.509,40.1596
569,AM,Armenia,Renewable energy consumption (% of total final energy consumption),2016,13.2,Europe & Central Asia,Upper middle income,IBRD,44.509,40.1596
570,AW,Aruba,Renewable energy consumption (% of total final energy consumption),2025,,Latin America & Caribbean ,High income,Not classified,-70.0167,12.5167
571,AW,Aruba,Renewable energy consumption (% of total final energy consumption),2024,,Latin America & Caribbean ,High income,Not classified,-70.0167,12.5167
572,AW,Aruba,Renewable energy consumption (% of total final energy consumption),2023,,Latin America & Caribbean ,High income,Not classified,-70.0167,12.5167
573,AW,Aruba,Renewable energy consumption (% of total final energy consumption),2022,8.8,Latin America & Caribbean ,High income,Not classified,-70.0167,12.5167
574,AW,Aruba,Renewable energy consumption (% of total final energy consumption),2021,8.8,Latin America & Caribbean ,High income,Not classified,-70.0167,12.5167
575,AW,Aruba,Renewable energy consumption (% of total final energy consumption),2020,9.1,Latin America & Caribbean ,High income,Not classified,-70.0167,12.5167
576,AW,Aruba,Renewable energy consumption (% of total final energy consumption),2019,8.3,Latin America & Caribbean ,High income,Not classified,-70.0167,12.5167
577,AW,Aruba,Renewable energy consumption (% of total final energy consumption),2018,8.6,Latin America & Caribbean ,High income,Not classified,-70.0167,12.5167
578,AW,Aruba,Renewable energy consumption (% of total final energy consumption),2017,6.8,Latin America & Caribbean ,High income,Not classified,-70.0167,12.5167
579,AW,Aruba,Renewable energy consumption (% of total final energy consumption),2016,7.0,Latin America & Caribbean ,High income,Not classified,-70.0167,12.5167
580,AU,Australia,Renewable energy consumption (% of total final energy consumption),2025,,East Asia & Pacific,High income,Not classified,149.129,-35.282
581,AU,Australia,Renewable energy consumption (% of total final energy consumption),2024,,East Asia & Pacific,High income,Not classified,149.129,-35.282
582,AU,Australia,Renewable energy consumption (% of total final energy consumption),2023,,East Asia & Pacific,High income,Not classified,149.129,-35.282
583,AU,Australia,Renewable energy consumption (% of total final energy consumption),2022,,East Asia & Pacific,High income,Not classified,149.129,-35.282
584,AU,Australia,Renewable energy consumption (% of total final energy consumption),2021,12.3,East Asia & Pacific,High income,Not classified,149.129,-35.282
585,AU,Australia,Renewable energy consumption (% of total final energy consumption),2020,11.2,East Asia & Pacific,High income,Not classified,149.129,-35.282
586,AU,Australia,Renewable energy consumption (% of total final energy consumption),2019,10.3,East Asia & Pacific,High income,Not classified,149.129,-35.282
587,AU,Australia,Renewable energy consumption (% of total final energy consumption),2018,9.8,East Asia & Pacific,High income,Not classified,149.129,-35.282
588,AU,Australia,Renewable energy consumption (% of total final energy consumption),2017,9.9,East Asia & Pacific,High income,Not classified,149.129,-35.282
589,AU,Australia,Renewable energy consumption (% of total final energy consumption),2016,9.6,East Asia & Pacific,High income,Not classified,149.129,-35.282
590,AT,Austria,Renewable energy consumption (% of total final energy consumption),2025,,Europe & Central Asia,High income,Not classified,16.3798,48.2201
591,AT,Austria,Renewable energy consumption (% of total final energy consumption),2024,,Europe & Central Asia,High income,Not classified,16.3798,48.2201
592,AT,Austria,Renewable energy consumption (% of total final energy consumption),2023,,Europe & Central Asia,High income,Not classified,16.3798,48.2201
593,AT,Austria,Renewable energy consumption (% of total final energy consumption),2022,,Europe & Central Asia,High income,Not classified,16.3798,48.2201
594,AT,Austria,Renewable energy consumption (% of total final energy consumption),2021,36.0,Europe & Central Asia,High income,Not classified,16.3798,48.2201
595,AT,Austria,Renewable energy consumption (% of total final energy consumption),2020,35.8,Europe & Central Asia,High income,Not classified,16.3798,48.2201
596,AT,Austria,Renewable energy consumption (% of total final energy consumption),2019,34.0,Europe & Central Asia,High income,Not classified,16.3798,48.2201
597,AT,Austria,Renewable energy consumption (% of total final energy consumption),2018,34.1,Europe & Central Asia,High income,Not classified,16.3798,48.2201
598,AT,Austria,Renewable energy consumption (% of total final energy consumption),2017,34.0,Europe & Central Asia,High income,Not classified,16.3798,48.2201
599,AT,Austria,Renewable energy consumption (% of total final energy consumption),2016,34.6,Europe & Central Asia,High income,Not classified,16.3798,48.2201
600,AZ,Azerbaijan,Renewable energy consumption (% of total final energy consumption),2025,,Europe & Central Asia,Upper middle income,IBRD,49.8932,40.3834
601,AZ,Azerbaijan,Renewable energy consumption (% of total final energy consumption),2024,,Europe & Central Asia,Upper middle income,IBRD,49.8932,40.3834
602,AZ,Azerbaijan,Renewable energy consumption (% of total final energy consumption),2023,,Europe & Central Asia,Upper middle income,IBRD,49.8932,40.3834
603,AZ,Azerbaijan,Renewable energy consumption (% of total final energy consumption),2022,,Europe & Central Asia,Upper middle income,IBRD,49.8932,40.3834
604,AZ,Azerbaijan,Renewable energy consumption (% of total final energy consumption),2021,1.3,Europe & Central Asia,Upper middle income,IBRD,49.8932,40.3834
605,AZ,Azerbaijan,Renewable energy consumption (% of total final energy consumption),2020,1.3,Europe & Central Asia,Upper middle income,IBRD,49.8932,40.3834
606,AZ,Azerbaijan,Renewable energy consumption (% of total final energy consumption),2019,1.7,Europe & Central Asia,Upper middle income,IBRD,49.8932,40.3834
607,AZ,Azerbaijan,Renewable energy consumption (% of total final energy consumption),2018,1.9,Europe & Central Asia,Upper middle income,IBRD,49.8932,40.3834
608,AZ,Azerbaijan,Renewable energy consumption (% of total final energy consumption),2017,1.9,Europe & Central Asia,Upper middle income,IBRD,49.8932,40.3834
609,AZ,Azerbaijan,Renewable energy consumption (% of total final energy consumption),2016,1.9,Europe & Central Asia,Upper middle income,IBRD,49.8932,40.3834
610,BS,"Bahamas, The",Renewable energy consumption (% of total final energy consumption),2025,,Latin America & Caribbean ,High income,Not classified,-77.339,25.0661
611,BS,"Bahamas, The",Renewable energy consumption (% of total final energy consumption),2024,,Latin America & Caribbean ,High income,Not classified,-77.339,25.0661
612,BS,"Bahamas, The",Renewable energy consumption (% of total final energy consumption),2023,,Latin America & Caribbean ,High income,Not classified,-77.339,25.0661
613,BS,"Bahamas, The",Renewable energy consumption (% of total final energy consumption),2022,1.1,Latin America & Caribbean ,High income,Not classified,-77.339,25.0661
614,BS,"Bahamas, The",Renewable energy consumption (% of total final energy consumption),2021,1.1,Latin America & Caribbean ,High income,Not classified,-77.339,25.0661
615,BS,"Bahamas, The",Renewable energy consumption (% of total final energy consumption),2020,1.4,Latin America & Caribbean ,High income,Not classified,-77.339,25.0661
616,BS,"Bahamas, The",Renewable energy consumption (% of total final energy consumption),2019,1.1,Latin America & Caribbean ,High income,Not classified,-77.339,25.0661
617,BS,"Bahamas, The",Renewable energy consumption (% of total final energy consumption),2018,1.1,Latin America & Caribbean ,High income,Not classified,-77.339,25.0661
618,BS,"Bahamas, The",Renewable energy consumption (% of total final energy consumption),2017,1.1,Latin America & Caribbean ,High income,Not classified,-77.339,25.0661
619,BS,"Bahamas, The",Renewable energy consumption (% of total final energy consumption),2016,1.2,Latin America & Caribbean ,High income,Not classified,-77.339,25.0661
620,BH,Bahrain,Renewable energy consumption (% of total final energy consumption),2025,,"Middle East, North Africa, Afghanistan & Pakistan",High income,Not classified,50.5354,26.1921
621,BH,Bahrain,Renewable energy consumption (% of total final energy consumption),2024,,"Middle East, North Africa, Afghanistan & Pakistan",High income,Not classified,50.5354,26.1921
622,BH,Bahrain,Renewable energy consumption (% of total final energy consumption),2023,,"Middle East, North Africa, Afghanistan & Pakistan",High income,Not classified,50.5354,26.1921
623,BH,Bahrain,Renewable energy consumption (% of total final energy consumption),2022,,"Middle East, North Africa, Afghanistan & Pakistan",High income,Not classified,50.5354,26.1921
624,BH,Bahrain,Renewable energy consumption (% of total final energy consumption),2021,0.0,"Middle East, North Africa, Afghanistan & Pakistan",High income,Not classified,50.5354,26.1921
625,BH,Bahrain,Renewable energy consumption (% of total final energy consumption),2020,0.0,"Middle East, North Africa, Afghanistan & Pakistan",High income,Not classified,50.5354,26.1921
626,BH,Bahrain,Renewable energy consumption (% of total final energy consumption),2019,0.0,"Middle East, North Africa, Afghanistan & Pakistan",High income,Not classified,50.5354,26.1921
627,BH,Bahrain,Renewable energy consumption (% of total final energy consumption),2018,0.0,"Middle East, North Africa, Afghanistan & Pakistan",High income,Not classified,50.5354,26.1921
628,BH,Bahrain,Renewable energy consumption (% of total final energy consumption),2017,0.0,"Middle East, North Africa, Afghanistan & Pakistan",High income,Not classified,50.5354,26.1921
629,BH,Bahrain,Renewable energy consumption (% of total final energy consumption),2016,0.0,"Middle East, North Africa, Afghanistan & Pakistan",High income,Not classified,50.5354,26.1921
630,BD,Bangladesh,Renewable energy consumption (% of total final energy consumption),2025,,South Asia,Lower middle income,IDA,90.4113,23.7055
631,BD,Bangladesh,Renewable energy consumption (% of total final energy consumption),2024,,South Asia,Lower middle income,IDA,90.4113,23.7055
632,BD,Bangladesh,Renewable energy consumption (% of total final energy consumption),2023,,South Asia,Lower middle income,IDA,90.4113,23.7055
633,BD,Bangladesh,Renewable energy consumption (% of total final energy consumption),2022,,South Asia,Lower middle income,IDA,90.4113,23.7055
634,BD,Bangladesh,Renewable energy consumption (% of total final energy consumption),2021,25.0,South Asia,Lower middle income,IDA,90.4113,23.7055
635,BD,Bangladesh,Renewable energy consumption (% of total final energy consumption),2020,27.2,South Asia,Lower middle income,IDA,90.4113,23.7055
636,BD,Bangladesh,Renewable energy consumption (% of total final energy consumption),2019,26.1,South Asia,Lower middle income,IDA,90.4113,23.7055
637,BD,Bangladesh,Renewable energy consumption (% of total final energy consumption),2018,27.0,South Asia,Lower middle income,IDA,90.4113,23.7055
638,BD,Bangladesh,Renewable energy consumption (% of total final energy consumption),2017,28.1,South Asia,Lower middle income,IDA,90.4113,23.7055
639,BD,Bangladesh,Renewable energy consumption (% of total final energy consumption),2016,30.2,South Asia,Lower middle income,IDA,90.4113,23.7055
640,BB,Barbados,Renewable energy consumption (% of total final energy consumption),2025,,Latin America & Caribbean ,High income,IBRD,-59.6105,13.0935
641,BB,Barbados,Renewable energy consumption (% of total final energy consumption),2024,,Latin America & Caribbean ,High income,IBRD,-59.6105,13.0935
642,BB,Barbados,Renewable energy consumption (% of total final energy consumption),2023,,Latin America & Caribbean ,High income,IBRD,-59.6105,13.0935
643,BB,Barbados,Renewable energy consumption (% of total final energy consumption),2022,5.5,Latin America & Caribbean ,High income,IBRD,-59.6105,13.0935
644,BB,Barbados,Renewable energy consumption (% of total final energy consumption),2021,5.5,Latin America & Caribbean ,High income,IBRD,-59.6105,13.0935
645,BB,Barbados,Renewable energy consumption (% of total final energy consumption),2020,4.7,Latin America & Caribbean ,High income,IBRD,-59.6105,13.0935
646,BB,Barbados,Renewable energy consumption (% of total final energy consumption),2019,3.4,Latin America & Caribbean ,High income,IBRD,-59.6105,13.0935
647,BB,Barbados,Renewable energy consumption (% of total final energy consumption),2018,4.9,Latin America & Caribbean ,High income,IBRD,-59.6105,13.0935
648,BB,Barbados,Renewable energy consumption (% of total final energy consumption),2017,4.3,Latin America & Caribbean ,High income,IBRD,-59.6105,13.0935
649,BB,Barbados,Renewable energy consumption (% of total final energy consumption),2016,2.8,Latin America & Caribbean ,High income,IBRD,-59.6105,13.0935
650,BY,Belarus,Renewable energy consumption (% of total final energy consumption),2025,,Europe & Central Asia,Upper middle income,IBRD,27.5766,53.9678
651,BY,Belarus,Renewable energy consumption (% of total final energy consumption),2024,,Europe & Central Asia,Upper middle income,IBRD,27.5766,53.9678
652,BY,Belarus,Renewable energy consumption (% of total final energy consumption),2023,,Europe & Central Asia,Upper middle income,IBRD,27.5766,53.9678
653,BY,Belarus,Renewable energy consumption (% of total final energy consumption),2022,,Europe & Central Asia,Upper middle income,IBRD,27.5766,53.9678
654,BY,Belarus,Renewable energy consumption (% of total final energy consumption),2021,8.2,Europe & Central Asia,Upper middle income,IBRD,27.5766,53.9678
655,BY,Belarus,Renewable energy consumption (% of total final energy consumption),2020,8.4,Europe & Central Asia,Upper middle income,IBRD,27.5766,53.9678
656,BY,Belarus,Renewable energy consumption (% of total final energy consumption),2019,7.8,Europe & Central Asia,Upper middle income,IBRD,27.5766,53.9678
657,BY,Belarus,Renewable energy consumption (% of total final energy consumption),2018,7.2,Europe & Central Asia,Upper middle income,IBRD,27.5766,53.9678
658,BY,Belarus,Renewable energy consumption (% of total final energy consumption),2017,7.3,Europe & Central Asia,Upper middle income,IBRD,27.5766,53.9678
659,BY,Belarus,Renewable energy consumption (% of total final energy consumption),2016,6.7,Europe & Central Asia,Upper middle income,IBRD,27.5766,53.9678
660,BE,Belgium,Renewable energy consumption (% of total final energy consumption),2025,,Europe & Central Asia,High income,Not classified,4.36761,50.8371
661,BE,Belgium,Renewable energy consumption (% of total final energy consumption),2024,,Europe & Central Asia,High income,Not classified,4.36761,50.8371
662,BE,Belgium,Renewable energy consumption (% of total final energy consumption),2023,,Europe & Central Asia,High income,Not classified,4.36761,50.8371
663,BE,Belgium,Renewable energy consumption (% of total final energy consumption),2022,,Europe & Central Asia,High income,Not classified,4.36761,50.8371
664,BE,Belgium,Renewable energy consumption (% of total final energy consumption),2021,11.7,Europe & Central Asia,High income,Not classified,4.36761,50.8371
665,BE,Belgium,Renewable energy consumption (% of total final energy consumption),2020,12.3,Europe & Central Asia,High income,Not classified,4.36761,50.8371
666,BE,Belgium,Renewable energy consumption (% of total final energy consumption),2019,10.2,Europe & Central Asia,High income,Not classified,4.36761,50.8371
667,BE,Belgium,Renewable energy consumption (% of total final energy consumption),2018,10.7,Europe & Central Asia,High income,Not classified,4.36761,50.8371
668,BE,Belgium,Renewable energy consumption (% of total final energy consumption),2017,9.7,Europe & Central Asia,High income,Not classified,4.36761,50.8371
669,BE,Belgium,Renewable energy consumption (% of total final energy consumption),2016,9.2,Europe & Central Asia,High income,Not classified,4.36761,50.8371
670,BZ,Belize,Renewable energy consumption (% of total final energy consumption),2025,,Latin America & Caribbean ,Upper middle income,Blend,-88.7713,17.2534
671,BZ,Belize,Renewable energy consumption (% of total final energy consumption),2024,,Latin America & Caribbean ,Upper middle income,Blend,-88.7713,17.2534
672,BZ,Belize,Renewable energy consumption (% of total final energy consumption),2023,,Latin America & Caribbean ,Upper middle income,Blend,-88.7713,17.2534
673,BZ,Belize,Renewable energy consumption (% of total final energy consumption),2022,30.8,Latin America & Caribbean ,Upper middle income,Blend,-88.7713,17.2534
674,BZ,Belize,Renewable energy consumption (% of total final energy consumption),2021,26.6,Latin America & Caribbean ,Upper middle income,Blend,-88.7713,17.2534
675,BZ,Belize,Renewable energy consumption (% of total final energy consumption),2020,31.4,Latin America & Caribbean ,Upper middle income,Blend,-88.7713,17.2534
676,BZ,Belize,Renewable energy consumption (% of total final energy consumption),2019,30.4,Latin America & Caribbean ,Upper middle income,Blend,-88.7713,17.2534
677,BZ,Belize,Renewable energy consumption (% of total final energy consumption),2018,35.5,Latin America & Caribbean ,Upper middle income,Blend,-88.7713,17.2534
678,BZ,Belize,Renewable energy consumption (% of total final energy consumption),2017,37.2,Latin America & Caribbean ,Upper middle income,Blend,-88.7713,17.2534
679,BZ,Belize,Renewable energy consumption (% of total final energy consumption),2016,33.3,Latin America & Caribbean ,Upper middle income,Blend,-88.7713,17.2534
680,BJ,Benin,Renewable energy consumption (% of total final energy consumption),2025,,Sub-Saharan Africa ,Lower middle income,IDA,2.6323,6.4779
681,BJ,Benin,Renewable energy consumption (% of total final energy consumption),2024,,Sub-Saharan Africa ,Lower middle income,IDA,2.6323,6.4779
682,BJ,Benin,Renewable energy consumption (% of total final energy consumption),2023,,Sub-Saharan Africa ,Lower middle income,IDA,2.6323,6.4779
683,BJ,Benin,Renewable energy consumption (% of total final energy consumption),2022,,Sub-Saharan Africa ,Lower middle income,IDA,2.6323,6.4779
684,BJ,Benin,Renewable energy consumption (% of total final energy consumption),2021,54.5,Sub-Saharan Africa ,Lower middle income,IDA,2.6323,6.4779
685,BJ,Benin,Renewable energy consumption (% of total final energy consumption),2020,46.2,Sub-Saharan Africa ,Lower middle income,IDA,2.6323,6.4779
686,BJ,Benin,Renewable energy consumption (% of total final energy consumption),2019,46.5,Sub-Saharan Africa ,Lower middle income,IDA,2.6323,6.4779
687,BJ,Benin,Renewable energy consumption (% of total final energy consumption),2018,44.0,Sub-Saharan Africa ,Lower middle income,IDA,2.6323,6.4779
688,BJ,Benin,Renewable energy consumption (% of total final energy consumption),2017,45.4,Sub-Saharan Africa ,Lower middle income,IDA,2.6323,6.4779
689,BJ,Benin,Renewable energy consumption (% of total final energy consumption),2016,45.4,Sub-Saharan Africa ,Lower middle income,IDA,2.6323,6.4779
690,BM,Bermuda,Renewable energy consumption (% of total final energy consumption),2025,,North America,High income,Not classified,-64.706,32.3293
691,BM,Bermuda,Renewable energy consumption (% of total final energy consumption),2024,,North America,High income,Not classified,-64.706,32.3293
692,BM,Bermuda,Renewable energy consumption (% of total final energy consumption),2023,,North America,High income,Not classified,-64.706,32.3293
693,BM,Bermuda,Renewable energy consumption (% of total final energy consumption),2022,0.9,North America,High income,Not classified,-64.706,32.3293
694,BM,Bermuda,Renewable energy consumption (% of total final energy consumption),2021,0.9,North America,High income,Not classified,-64.706,32.3293
695,BM,Bermuda,Renewable energy consumption (% of total final energy consumption),2020,0.9,North America,High income,Not classified,-64.706,32.3293
696,BM,Bermuda,Renewable energy consumption (% of total final energy consumption),2019,0.8,North America,High income,Not classified,-64.706,32.3293
697,BM,Bermuda,Renewable energy consumption (% of total final energy consumption),2018,0.7,North America,High income,Not classified,-64.706,32.3293
698,BM,Bermuda,Renewable energy consumption (% of total final energy consumption),2017,0.6,North America,High income,Not classified,-64.706,32.3293
699,BM,Bermuda,Renewable energy consumption (% of total final energy consumption),2016,1.1,North America,High income,Not classified,-64.706,32.3293
700,BT,Bhutan,Renewable energy consumption (% of total final energy consumption),2025,,South Asia,Lower middle income,IDA,89.6177,27.5768
701,BT,Bhutan,Renewable energy consumption (% of total final energy consumption),2024,,South Asia,Lower middle income,IDA,89.6177,27.5768
702,BT,Bhutan,Renewable energy consumption (% of total final energy consumption),2023,,South Asia,Lower middle income,IDA,89.6177,27.5768
703,BT,Bhutan,Renewable energy consumption (% of total final energy consumption),2022,82.5,South Asia,Lower middle income,IDA,89.6177,27.5768
704,BT,Bhutan,Renewable energy consumption (% of total final energy consumption),2021,81.8,South Asia,Lower middle income,IDA,89.6177,27.5768
705,BT,Bhutan,Renewable energy consumption (% of total final energy consumption),2020,83.9,South Asia,Lower middle income,IDA,89.6177,27.5768
706,BT,Bhutan,Renewable energy consumption (% of total final energy consumption),2019,81.0,South Asia,Lower middle income,IDA,89.6177,27.5768
707,BT,Bhutan,Renewable energy consumption (% of total final energy consumption),2018,80.0,South Asia,Lower middle income,IDA,89.6177,27.5768
708,BT,Bhutan,Renewable energy consumption (% of total final energy consumption),2017,79.7,South Asia,Lower middle income,IDA,89.6177,27.5768
709,BT,Bhutan,Renewable energy consumption (% of total final energy consumption),2016,80.8,South Asia,Lower middle income,IDA,89.6177,27.5768
710,BO,Bolivia,Renewable energy consumption (% of total final energy consumption),2025,,Latin America & Caribbean ,Lower middle income,IBRD,-66.1936,-13.9908
711,BO,Bolivia,Renewable energy consumption (% of total final energy consumption),2024,,Latin America & Caribbean ,Lower middle income,IBRD,-66.1936,-13.9908
712,BO,Bolivia,Renewable energy consumption (% of total final energy consumption),2023,,Latin America & Caribbean ,Lower middle income,IBRD,-66.1936,-13.9908
713,BO,Bolivia,Renewable energy consumption (% of total final energy consumption),2022,,Latin America & Caribbean ,Lower middle income,IBRD,-66.1936,-13.9908
714,BO,Bolivia,Renewable energy consumption (% of total final energy consumption),2021,12.8,Latin America & Caribbean ,Lower middle income,IBRD,-66.1936,-13.9908
715,BO,Bolivia,Renewable energy consumption (% of total final energy consumption),2020,16.9,Latin America & Caribbean ,Lower middle income,IBRD,-66.1936,-13.9908
716,BO,Bolivia,Renewable energy consumption (% of total final energy consumption),2019,13.5,Latin America & Caribbean ,Lower middle income,IBRD,-66.1936,-13.9908
717,BO,Bolivia,Renewable energy consumption (% of total final energy consumption),2018,14.3,Latin America & Caribbean ,Lower middle income,IBRD,-66.1936,-13.9908
718,BO,Bolivia,Renewable energy consumption (% of total final energy consumption),2017,14.3,Latin America & Caribbean ,Lower middle income,IBRD,-66.1936,-13.9908
719,BO,Bolivia,Renewable energy consumption (% of total final energy consumption),2016,13.6,Latin America & Caribbean ,Lower middle income,IBRD,-66.1936,-13.9908
720,BA,Bosnia and Herzegovina,Renewable energy consumption (% of total final energy consumption),2025,,Europe & Central Asia,Upper middle income,IBRD,18.4214,43.8607
721,BA,Bosnia and Herzegovina,Renewable energy consumption (% of total final energy consumption),2024,,Europe & Central Asia,Upper middle income,IBRD,18.4214,43.8607
722,BA,Bosnia and Herzegovina,Renewable energy consumption (% of total final energy consumption),2023,,Europe & Central Asia,Upper middle income,IBRD,18.4214,43.8607
723,BA,Bosnia and Herzegovina,Renewable energy consumption (% of total final energy consumption),2022,,Europe & Central Asia,Upper middle income,IBRD,18.4214,43.8607
724,BA,Bosnia and Herzegovina,Renewable energy consumption (% of total final energy consumption),2021,36.6,Europe & Central Asia,Upper middle income,IBRD,18.4214,43.8607
725,BA,Bosnia and Herzegovina,Renewable energy consumption (% of total final energy consumption),2020,37.7,Europe & Central Asia,Upper middle income,IBRD,18.4214,43.8607
726,BA,Bosnia and Herzegovina,Renewable energy consumption (% of total final energy consumption),2019,36.8,Europe & Central Asia,Upper middle income,IBRD,18.4214,43.8607
727,BA,Bosnia and Herzegovina,Renewable energy consumption (% of total final energy consumption),2018,35.4,Europe & Central Asia,Upper middle income,IBRD,18.4214,43.8607
728,BA,Bosnia and Herzegovina,Renewable energy consumption (% of total final energy consumption),2017,18.5,Europe & Central Asia,Upper middle income,IBRD,18.4214,43.8607
729,BA,Bosnia and Herzegovina,Renewable energy consumption (% of total final energy consumption),2016,23.0,Europe & Central Asia,Upper middle income,IBRD,18.4214,43.8607
730,BW,Botswana,Renewable energy consumption (% of total final energy consumption),2025,,Sub-Saharan Africa ,Upper middle income,IBRD,25.9201,-24.6544
731,BW,Botswana,Renewable energy consumption (% of total final energy consumption),2024,,Sub-Saharan Africa ,Upper middle income,IBRD,25.9201,-24.6544
732,BW,Botswana,Renewable energy consumption (% of total final energy consumption),2023,,Sub-Saharan Africa ,Upper middle income,IBRD,25.9201,-24.6544
733,BW,Botswana,Renewable energy consumption (% of total final energy consumption),2022,,Sub-Saharan Africa ,Upper middle income,IBRD,25.9201,-24.6544
734,BW,Botswana,Renewable energy consumption (% of total final energy consumption),2021,27.4,Sub-Saharan Africa ,Upper middle income,IBRD,25.9201,-24.6544
735,BW,Botswana,Renewable energy consumption (% of total final energy consumption),2020,27.7,Sub-Saharan Africa ,Upper middle income,IBRD,25.9201,-24.6544
736,BW,Botswana,Renewable energy consumption (% of total final energy consumption),2019,26.2,Sub-Saharan Africa ,Upper middle income,IBRD,25.9201,-24.6544
737,BW,Botswana,Renewable energy consumption (% of total final energy consumption),2018,25.6,Sub-Saharan Africa ,Upper middle income,IBRD,25.9201,-24.6544
738,BW,Botswana,Renewable energy consumption (% of total final energy consumption),2017,26.7,Sub-Saharan Africa ,Upper middle income,IBRD,25.9201,-24.6544
739,BW,Botswana,Renewable energy consumption (% of total final energy consumption),2016,26.7,Sub-Saharan Africa ,Upper middle income,IBRD,25.9201,-24.6544
740,BR,Brazil,Renewable energy consumption (% of total final energy consumption),2025,,Latin America & Caribbean ,Upper middle income,IBRD,-47.9292,-15.7801
741,BR,Brazil,Renewable energy consumption (% of total final energy consumption),2024,,Latin America & Caribbean ,Upper middle income,IBRD,-47.9292,-15.7801
742,BR,Brazil,Renewable energy consumption (% of total final energy consumption),2023,,Latin America & Caribbean ,Upper middle income,IBRD,-47.9292,-15.7801
743,BR,Brazil,Renewable energy consumption (% of total final energy consumption),2022,,Latin America & Caribbean ,Upper middle income,IBRD,-47.9292,-15.7801
744,BR,Brazil,Renewable energy consumption (% of total final energy consumption),2021,46.5,Latin America & Caribbean ,Upper middle income,IBRD,-47.9292,-15.7801
745,BR,Brazil,Renewable energy consumption (% of total final energy consumption),2020,50.0,Latin America & Caribbean ,Upper middle income,IBRD,-47.9292,-15.7801
746,BR,Brazil,Renewable energy consumption (% of total final energy consumption),2019,47.5,Latin America & Caribbean ,Upper middle income,IBRD,-47.9292,-15.7801
747,BR,Brazil,Renewable energy consumption (% of total final energy consumption),2018,46.9,Latin America & Caribbean ,Upper middle income,IBRD,-47.9292,-15.7801
748,BR,Brazil,Renewable energy consumption (% of total final energy consumption),2017,45.3,Latin America & Caribbean ,Upper middle income,IBRD,-47.9292,-15.7801
749,BR,Brazil,Renewable energy consumption (% of total final energy consumption),2016,45.4,Latin America & Caribbean ,Upper middle income,IBRD,-47.9292,-15.7801
750,VG,British Virgin Islands,Renewable energy consumption (% of total final energy consumption),2025,,Latin America & Caribbean ,High income,Not classified,-64.623056,18.431389
751,VG,British Virgin Islands,Renewable energy consumption (% of total final energy consumption),2024,,Latin America & Caribbean ,High income,Not classified,-64.623056,18.431389
752,VG,British Virgin Islands,Renewable energy consumption (% of total final energy consumption),2023,,Latin America & Caribbean ,High income,Not classified,-64.623056,18.431389
753,VG,British Virgin Islands,Renewable energy consumption (% of total final energy consumption),2022,1.3,Latin America & Caribbean ,High income,Not classified,-64.623056,18.431389
754,VG,British Virgin Islands,Renewable energy consumption (% of total final energy consumption),2021,1.3,Latin America & Caribbean ,High income,Not classified,-64.623056,18.431389
755,VG,British Virgin Islands,Renewable energy consumption (% of total final energy consumption),2020,1.3,Latin America & Caribbean ,High income,Not classified,-64.623056,18.431389
756,VG,British Virgin Islands,Renewable energy consumption (% of total final energy consumption),2019,1.2,Latin America & Caribbean ,High income,Not classified,-64.623056,18.431389
757,VG,British Virgin Islands,Renewable energy consumption (% of total final energy consumption),2018,1.2,Latin America & Caribbean ,High income,Not classified,-64.623056,18.431389
758,VG,British Virgin Islands,Renewable energy consumption (% of total final energy consumption),2017,1.1,Latin America & Caribbean ,High income,Not classified,-64.623056,18.431389
759,VG,British Virgin Islands,Renewable energy consumption (% of total final energy consumption),2016,1.0,Latin America & Caribbean ,High income,Not classified,-64.623056,18.431389
760,BN,Brunei Darussalam,Renewable energy consumption (% of total final energy consumption),2025,,East Asia & Pacific,High income,Not classified,114.946,4.94199
761,BN,Brunei Darussalam,Renewable energy consumption (% of total final energy consumption),2024,,East Asia & Pacific,High income,Not classified,114.946,4.94199
762,BN,Brunei Darussalam,Renewable energy consumption (% of total final energy consumption),2023,,East Asia & Pacific,High income,Not classified,114.946,4.94199
763,BN,Brunei Darussalam,Renewable energy consumption (% of total final energy consumption),2022,,East Asia & Pacific,High income,Not classified,114.946,4.94199
764,BN,Brunei Darussalam,Renewable energy consumption (% of total final energy consumption),2021,0.0,East Asia & Pacific,High income,Not classified,114.946,4.94199
765,BN,Brunei Darussalam,Renewable energy consumption (% of total final energy consumption),2020,0.0,East Asia & Pacific,High income,Not classified,114.946,4.94199
766,BN,Brunei Darussalam,Renewable energy consumption (% of total final energy consumption),2019,0.0,East Asia & Pacific,High income,Not classified,114.946,4.94199
767,BN,Brunei Darussalam,Renewable energy consumption (% of total final energy consumption),2018,0.0,East Asia & Pacific,High income,Not classified,114.946,4.94199
768,BN,Brunei Darussalam,Renewable energy consumption (% of total final energy consumption),2017,0.0,East Asia & Pacific,High income,Not classified,114.946,4.94199
769,BN,Brunei Darussalam,Renewable energy consumption (% of total final energy consumption),2016,0.0,East Asia & Pacific,High income,Not classified,114.946,4.94199
770,BG,Bulgaria,Renewable energy consumption (% of total final energy consumption),2025,,Europe & Central Asia,High income,IBRD,23.3238,42.7105
771,BG,Bulgaria,Renewable energy consumption (% of total final energy consumption),2024,,Europe & Central Asia,High income,IBRD,23.3238,42.7105
772,BG,Bulgaria,Renewable energy consumption (% of total final energy consumption),2023,,Europe & Central Asia,High income,IBRD,23.3238,42.7105
773,BG,Bulgaria,Renewable energy consumption (% of total final energy consumption),2022,,Europe & Central Asia,High income,IBRD,23.3238,42.7105
774,BG,Bulgaria,Renewable energy consumption (% of total final energy consumption),2021,20.4,Europe & Central Asia,High income,IBRD,23.3238,42.7105
775,BG,Bulgaria,Renewable energy consumption (% of total final energy consumption),2020,21.1,Europe & Central Asia,High income,IBRD,23.3238,42.7105
776,BG,Bulgaria,Renewable energy consumption (% of total final energy consumption),2019,19.3,Europe & Central Asia,High income,IBRD,23.3238,42.7105
777,BG,Bulgaria,Renewable energy consumption (% of total final energy consumption),2018,19.6,Europe & Central Asia,High income,IBRD,23.3238,42.7105
778,BG,Bulgaria,Renewable energy consumption (% of total final energy consumption),2017,17.1,Europe & Central Asia,High income,IBRD,23.3238,42.7105
779,BG,Bulgaria,Renewable energy consumption (% of total final energy consumption),2016,17.7,Europe & Central Asia,High income,IBRD,23.3238,42.7105
780,BF,Burkina Faso,Renewable energy consumption (% of total final energy consumption),2025,,Sub-Saharan Africa ,Low income,IDA,-1.53395,12.3605
781,BF,Burkina Faso,Renewable energy consumption (% of total final energy consumption),2024,,Sub-Saharan Africa ,Low income,IDA,-1.53395,12.3605
782,BF,Burkina Faso,Renewable energy consumption (% of total final energy consumption),2023,,Sub-Saharan Africa ,Low income,IDA,-1.53395,12.3605
783,BF,Burkina Faso,Renewable energy consumption (% of total final energy consumption),2022,71.4,Sub-Saharan Africa ,Low income,IDA,-1.53395,12.3605
784,BF,Burkina Faso,Renewable energy consumption (% of total final energy consumption),2021,71.2,Sub-Saharan Africa ,Low income,IDA,-1.53395,12.3605
785,BF,Burkina Faso,Renewable energy consumption (% of total final energy consumption),2020,73.1,Sub-Saharan Africa ,Low income,IDA,-1.53395,12.3605
786,BF,Burkina Faso,Renewable energy consumption (% of total final energy consumption),2019,72.7,Sub-Saharan Africa ,Low income,IDA,-1.53395,12.3605
787,BF,Burkina Faso,Renewable energy consumption (% of total final energy consumption),2018,73.7,Sub-Saharan Africa ,Low income,IDA,-1.53395,12.3605
788,BF,Burkina Faso,Renewable energy consumption (% of total final energy consumption),2017,74.6,Sub-Saharan Africa ,Low income,IDA,-1.53395,12.3605
789,BF,Burkina Faso,Renewable energy consumption (% of total final energy consumption),2016,77.1,Sub-Saharan Africa ,Low income,IDA,-1.53395,12.3605
790,BI,Burundi,Renewable energy consumption (% of total final energy consumption),2025,,Sub-Saharan Africa ,Low income,IDA,29.3639,-3.3784
791,BI,Burundi,Renewable energy consumption (% of total final energy consumption),2024,,Sub-Saharan Africa ,Low income,IDA,29.3639,-3.3784
792,BI,Burundi,Renewable energy consumption (% of total final energy consumption),2023,,Sub-Saharan Africa ,Low income,IDA,29.3639,-3.3784
793,BI,Burundi,Renewable energy consumption (% of total final energy consumption),2022,83.0,Sub-Saharan Africa ,Low income,IDA,29.3639,-3.3784
794,BI,Burundi,Renewable energy consumption (% of total final energy consumption),2021,83.1,Sub-Saharan Africa ,Low income,IDA,29.3639,-3.3784
795,BI,Burundi,Renewable energy consumption (% of total final energy consumption),2020,83.4,Sub-Saharan Africa ,Low income,IDA,29.3639,-3.3784
796,BI,Burundi,Renewable energy consumption (% of total final energy consumption),2019,84.8,Sub-Saharan Africa ,Low income,IDA,29.3639,-3.3784
797,BI,Burundi,Renewable energy consumption (% of total final energy consumption),2018,85.7,Sub-Saharan Africa ,Low income,IDA,29.3639,-3.3784
798,BI,Burundi,Renewable energy consumption (% of total final energy consumption),2017,88.2,Sub-Saharan Africa ,Low income,IDA,29.3639,-3.3784
799,BI,Burundi,Renewable energy consumption (% of total final energy consumption),2016,89.6,Sub-Saharan Africa ,Low income,IDA,29.3639,-3.3784
800,CV,Cabo Verde,Renewable energy consumption (% of total final energy consumption),2025,,Sub-Saharan Africa ,Upper middle income,Blend,-23.5087,14.9218
801,CV,Cabo Verde,Renewable energy consumption (% of total final energy consumption),2024,,Sub-Saharan Africa ,Upper middle income,Blend,-23.5087,14.9218
802,CV,Cabo Verde,Renewable energy consumption (% of total final energy consumption),2023,,Sub-Saharan Africa ,Upper middle income,Blend,-23.5087,14.9218
803,CV,Cabo Verde,Renewable energy consumption (% of total final energy consumption),2022,21.8,Sub-Saharan Africa ,Upper middle income,Blend,-23.5087,14.9218
804,CV,Cabo Verde,Renewable energy consumption (% of total final energy consumption),2021,22.6,Sub-Saharan Africa ,Upper middle income,Blend,-23.5087,14.9218
805,CV,Cabo Verde,Renewable energy consumption (% of total final energy consumption),2020,23.4,Sub-Saharan Africa ,Upper middle income,Blend,-23.5087,14.9218
806,CV,Cabo Verde,Renewable energy consumption (% of total final energy consumption),2019,19.7,Sub-Saharan Africa ,Upper middle income,Blend,-23.5087,14.9218
807,CV,Cabo Verde,Renewable energy consumption (% of total final energy consumption),2018,21.9,Sub-Saharan Africa ,Upper middle income,Blend,-23.5087,14.9218
808,CV,Cabo Verde,Renewable energy consumption (% of total final energy consumption),2017,21.8,Sub-Saharan Africa ,Upper middle income,Blend,-23.5087,14.9218
809,CV,Cabo Verde,Renewable energy consumption (% of total final energy consumption),2016,23.9,Sub-Saharan Africa ,Upper middle income,Blend,-23.5087,14.9218
810,KH,Cambodia,Renewable energy consumption (% of total final energy consumption),2025,,East Asia & Pacific,Lower middle income,IDA,104.874,11.5556
811,KH,Cambodia,Renewable energy consumption (% of total final energy consumption),2024,,East Asia & Pacific,Lower middle income,IDA,104.874,11.5556
812,KH,Cambodia,Renewable energy consumption (% of total final energy consumption),2023,,East Asia & Pacific,Lower middle income,IDA,104.874,11.5556
813,KH,Cambodia,Renewable energy consumption (% of total final energy consumption),2022,,East Asia & Pacific,Lower middle income,IDA,104.874,11.5556
814,KH,Cambodia,Renewable energy consumption (% of total final energy consumption),2021,52.4,East Asia & Pacific,Lower middle income,IDA,104.874,11.5556
815,KH,Cambodia,Renewable energy consumption (% of total final energy consumption),2020,51.4,East Asia & Pacific,Lower middle income,IDA,104.874,11.5556
816,KH,Cambodia,Renewable energy consumption (% of total final energy consumption),2019,53.0,East Asia & Pacific,Lower middle income,IDA,104.874,11.5556
817,KH,Cambodia,Renewable energy consumption (% of total final energy consumption),2018,58.1,East Asia & Pacific,Lower middle income,IDA,104.874,11.5556
818,KH,Cambodia,Renewable energy consumption (% of total final energy consumption),2017,56.3,East Asia & Pacific,Lower middle income,IDA,104.874,11.5556
819,KH,Cambodia,Renewable energy consumption (% of total final energy consumption),2016,58.0,East Asia & Pacific,Lower middle income,IDA,104.874,11.5556
820,CM,Cameroon,Renewable energy consumption (% of total final energy consumption),2025,,Sub-Saharan Africa ,Lower middle income,Blend,11.5174,3.8721
821,CM,Cameroon,Renewable energy consumption (% of total final energy consumption),2024,,Sub-Saharan Africa ,Lower middle income,Blend,11.5174,3.8721
822,CM,Cameroon,Renewable energy consumption (% of total final energy consumption),2023,,Sub-Saharan Africa ,Lower middle income,Blend,11.5174,3.8721
823,CM,Cameroon,Renewable energy consumption (% of total final energy consumption),2022,,Sub-Saharan Africa ,Lower middle income,Blend,11.5174,3.8721
824,CM,Cameroon,Renewable energy consumption (% of total final energy consumption),2021,79.2,Sub-Saharan Africa ,Lower middle income,Blend,11.5174,3.8721
825,CM,Cameroon,Renewable energy consumption (% of total final energy consumption),2020,78.9,Sub-Saharan Africa ,Lower middle income,Blend,11.5174,3.8721
826,CM,Cameroon,Renewable energy consumption (% of total final energy consumption),2019,78.9,Sub-Saharan Africa ,Lower middle income,Blend,11.5174,3.8721
827,CM,Cameroon,Renewable energy consumption (% of total final energy consumption),2018,78.7,Sub-Saharan Africa ,Lower middle income,Blend,11.5174,3.8721
828,CM,Cameroon,Renewable energy consumption (% of total final energy consumption),2017,79.2,Sub-Saharan Africa ,Lower middle income,Blend,11.5174,3.8721
829,CM,Cameroon,Renewable energy consumption (% of total final energy consumption),2016,78.8,Sub-Saharan Africa ,Lower middle income,Blend,11.5174,3.8721
830,CA,Canada,Renewable energy consumption (% of total final energy consumption),2025,,North America,High income,Not classified,-75.6919,45.4215
831,CA,Canada,Renewable energy consumption (% of total final energy consumption),2024,,North America,High income,Not classified,-75.6919,45.4215
832,CA,Canada,Renewable energy consumption (% of total final energy consumption),2023,,North America,High income,Not classified,-75.6919,45.4215
833,CA,Canada,Renewable energy consumption (% of total final energy consumption),2022,,North America,High income,Not classified,-75.6919,45.4215
834,CA,Canada,Renewable energy consumption (% of total final energy consumption),2021,23.8,North America,High income,Not classified,-75.6919,45.4215
835,CA,Canada,Renewable energy consumption (% of total final energy consumption),2020,23.9,North America,High income,Not classified,-75.6919,45.4215
836,CA,Canada,Renewable energy consumption (% of total final energy consumption),2019,22.4,North America,High income,Not classified,-75.6919,45.4215
837,CA,Canada,Renewable energy consumption (% of total final energy consumption),2018,22.3,North America,High income,Not classified,-75.6919,45.4215
838,CA,Canada,Renewable energy consumption (% of total final energy consumption),2017,22.8,North America,High income,Not classified,-75.6919,45.4215
839,CA,Canada,Renewable energy consumption (% of total final energy consumption),2016,22.1,North America,High income,Not classified,-75.6919,45.4215
840,KY,Cayman Islands,Renewable energy consumption (% of total final energy consumption),2025,,Latin America & Caribbean ,High income,Not classified,-81.3857,19.3022
841,KY,Cayman Islands,Renewable energy consumption (% of total final energy consumption),2024,,Latin America & Caribbean ,High income,Not classified,-81.3857,19.3022
842,KY,Cayman Islands,Renewable energy consumption (% of total final energy consumption),2023,,Latin America & Caribbean ,High income,Not classified,-81.3857,19.3022
843,KY,Cayman Islands,Renewable energy consumption (% of total final energy consumption),2022,0.0,Latin America & Caribbean ,High income,Not classified,-81.3857,19.3022
844,KY,Cayman Islands,Renewable energy consumption (% of total final energy consumption),2021,0.0,Latin America & Caribbean ,High income,Not classified,-81.3857,19.3022
845,KY,Cayman Islands,Renewable energy consumption (% of total final energy consumption),2020,0.0,Latin America & Caribbean ,High income,Not classified,-81.3857,19.3022
846,KY,Cayman Islands,Renewable energy consumption (% of total final energy consumption),2019,0.0,Latin America & Caribbean ,High income,Not classified,-81.3857,19.3022
847,KY,Cayman Islands,Renewable energy consumption (% of total final energy consumption),2018,0.0,Latin America & Caribbean ,High income,Not classified,-81.3857,19.3022
848,KY,Cayman Islands,Renewable energy consumption (% of total final energy consumption),2017,0.0,Latin America & Caribbean ,High income,Not classified,-81.3857,19.3022
849,KY,Cayman Islands,Renewable energy consumption (% of total final energy consumption),2016,0.0,Latin America & Caribbean ,High income,Not classified,-81.3857,19.3022
850,CF,Central African Republic,Renewable energy consumption (% of total final energy consumption),2025,,Sub-Saharan Africa ,Low income,IDA,21.6407,5.63056
851,CF,Central African Republic,Renewable energy consumption (% of total final energy consumption),2024,,Sub-Saharan Africa ,Low income,IDA,21.6407,5.63056
852,CF,Central African Republic,Renewable energy consumption (% of total final energy consumption),2023,,Sub-Saharan Africa ,Low income,IDA,21.6407,5.63056
853,CF,Central African Republic,Renewable energy consumption (% of total final energy consumption),2022,90.9,Sub-Saharan Africa ,Low income,IDA,21.6407,5.63056
854,CF,Central African Republic,Renewable energy consumption (% of total final energy consumption),2021,90.9,Sub-Saharan Africa ,Low income,IDA,21.6407,5.63056
855,CF,Central African Republic,Renewable energy consumption (% of total final energy consumption),2020,90.9,Sub-Saharan Africa ,Low income,IDA,21.6407,5.63056
856,CF,Central African Republic,Renewable energy consumption (% of total final energy consumption),2019,91.3,Sub-Saharan Africa ,Low income,IDA,21.6407,5.63056
857,CF,Central African Republic,Renewable energy consumption (% of total final energy consumption),2018,91.4,Sub-Saharan Africa ,Low income,IDA,21.6407,5.63056
858,CF,Central African Republic,Renewable energy consumption (% of total final energy consumption),2017,91.6,Sub-Saharan Africa ,Low income,IDA,21.6407,5.63056
859,CF,Central African Republic,Renewable energy consumption (% of total final energy consumption),2016,92.1,Sub-Saharan Africa ,Low income,IDA,21.6407,5.63056
860,TD,Chad,Renewable energy consumption (% of total final energy consumption),2025,,Sub-Saharan Africa ,Low income,IDA,15.0445,12.1048
861,TD,Chad,Renewable energy consumption (% of total final energy consumption),2024,,Sub-Saharan Africa ,Low income,IDA,15.0445,12.1048
862,TD,Chad,Renewable energy consumption (% of total final energy consumption),2023,,Sub-Saharan Africa ,Low income,IDA,15.0445,12.1048
863,TD,Chad,Renewable energy consumption (% of total final energy consumption),2022,70.0,Sub-Saharan Africa ,Low income,IDA,15.0445,12.1048
864,TD,Chad,Renewable energy consumption (% of total final energy consumption),2021,69.9,Sub-Saharan Africa ,Low income,IDA,15.0445,12.1048
865,TD,Chad,Renewable energy consumption (% of total final energy consumption),2020,71.9,Sub-Saharan Africa ,Low income,IDA,15.0445,12.1048
866,TD,Chad,Renewable energy consumption (% of total final energy consumption),2019,72.8,Sub-Saharan Africa ,Low income,IDA,15.0445,12.1048
867,TD,Chad,Renewable energy consumption (% of total final energy consumption),2018,73.1,Sub-Saharan Africa ,Low income,IDA,15.0445,12.1048
868,TD,Chad,Renewable energy consumption (% of total final energy consumption),2017,72.8,Sub-Saharan Africa ,Low income,IDA,15.0445,12.1048
869,TD,Chad,Renewable energy consumption (% of total final energy consumption),2016,72.7,Sub-Saharan Africa ,Low income,IDA,15.0445,12.1048
870,JG,Channel Islands,Renewable energy consumption (% of total final energy consumption),2025,,Europe & Central Asia,High income,Not classified,,
871,JG,Channel Islands,Renewable energy consumption (% of total final energy consumption),2024,,Europe & Central Asia,High income,Not classified,,
872,JG,Channel Islands,Renewable energy consumption (% of total final energy consumption),2023,,Europe & Central Asia,High income,Not classified,,
873,JG,Channel Islands,Renewable energy consumption (% of total final energy consumption),2022,,Europe & Central Asia,High income,Not classified,,
874,JG,Channel Islands,Renewable energy consumption (% of total final energy consumption),2021,,Europe & Central Asia,High income,Not classified,,
875,JG,Channel Islands,Renewable energy consumption (% of total final energy consumption),2020,,Europe & Central Asia,High income,Not classified,,
876,JG,Channel Islands,Renewable energy consumption (% of total final energy consumption),2019,,Europe & Central Asia,High income,Not classified,,
877,JG,Channel Islands,Renewable energy consumption (% of total final energy consumption),2018,,Europe & Central Asia,High income,Not classified,,
878,JG,Channel Islands,Renewable energy consumption (% of total final energy consumption),2017,,Europe & Central Asia,High income,Not classified,,
879,JG,Channel Islands,Renewable energy consumption (% of total final energy consumption),2016,,Europe & Central Asia,High income,Not classified,,
880,CL,Chile,Renewable energy consumption (% of total final energy consumption),2025,,Latin America & Caribbean ,High income,IBRD,-70.6475,-33.475
881,CL,Chile,Renewable energy consumption (% of total final energy consumption),2024,,Latin America & Caribbean ,High income,IBRD,-70.6475,-33.475
882,CL,Chile,Renewable energy consumption (% of total final energy consumption),2023,,Latin America & Caribbean ,High income,IBRD,-70.6475,-33.475
883,CL,Chile,Renewable energy consumption (% of total final energy consumption),2022,,Latin America & Caribbean ,High income,IBRD,-70.6475,-33.475
884,CL,Chile,Renewable energy consumption (% of total final energy consumption),2021,24.2,Latin America & Caribbean ,High income,IBRD,-70.6475,-33.475
885,CL,Chile,Renewable energy consumption (% of total final energy consumption),2020,26.7,Latin America & Caribbean ,High income,IBRD,-70.6475,-33.475
886,CL,Chile,Renewable energy consumption (% of total final energy consumption),2019,25.3,Latin America & Caribbean ,High income,IBRD,-70.6475,-33.475
887,CL,Chile,Renewable energy consumption (% of total final energy consumption),2018,25.5,Latin America & Caribbean ,High income,IBRD,-70.6475,-33.475
888,CL,Chile,Renewable energy consumption (% of total final energy consumption),2017,24.1,Latin America & Caribbean ,High income,IBRD,-70.6475,-33.475
889,CL,Chile,Renewable energy consumption (% of total final energy consumption),2016,24.6,Latin America & Caribbean ,High income,IBRD,-70.6475,-33.475
890,CN,China,Renewable energy consumption (% of total final energy consumption),2025,,East Asia & Pacific,Upper middle income,IBRD,116.286,40.0495
891,CN,China,Renewable energy consumption (% of total final energy consumption),2024,,East Asia & Pacific,Upper middle income,IBRD,116.286,40.0495
892,CN,China,Renewable energy consumption (% of total final energy consumption),2023,,East Asia & Pacific,Upper middle income,IBRD,116.286,40.0495
893,CN,China,Renewable energy consumption (% of total final energy consumption),2022,,East Asia & Pacific,Upper middle income,IBRD,116.286,40.0495
894,CN,China,Renewable energy consumption (% of total final energy consumption),2021,15.2,East Asia & Pacific,Upper middle income,IBRD,116.286,40.0495
895,CN,China,Renewable energy consumption (% of total final energy consumption),2020,14.9,East Asia & Pacific,Upper middle income,IBRD,116.286,40.0495
896,CN,China,Renewable energy consumption (% of total final energy consumption),2019,14.3,East Asia & Pacific,Upper middle income,IBRD,116.286,40.0495
897,CN,China,Renewable energy consumption (% of total final energy consumption),2018,13.5,East Asia & Pacific,Upper middle income,IBRD,116.286,40.0495
898,CN,China,Renewable energy consumption (% of total final energy consumption),2017,13.1,East Asia & Pacific,Upper middle income,IBRD,116.286,40.0495
899,CN,China,Renewable energy consumption (% of total final energy consumption),2016,12.6,East Asia & Pacific,Upper middle income,IBRD,116.286,40.0495
900,CO,Colombia,Renewable energy consumption (% of total final energy consumption),2025,,Latin America & Caribbean ,Upper middle income,IBRD,-74.082,4.60987
901,CO,Colombia,Renewable energy consumption (% of total final energy consumption),2024,,Latin America & Caribbean ,Upper middle income,IBRD,-74.082,4.60987
902,CO,Colombia,Renewable energy consumption (% of total final energy consumption),2023,,Latin America & Caribbean ,Upper middle income,IBRD,-74.082,4.60987
903,CO,Colombia,Renewable energy consumption (% of total final energy consumption),2022,,Latin America & Caribbean ,Upper middle income,IBRD,-74.082,4.60987
904,CO,Colombia,Renewable energy consumption (% of total final energy consumption),2021,29.7,Latin America & Caribbean ,Upper middle income,IBRD,-74.082,4.60987
905,CO,Colombia,Renewable energy consumption (% of total final energy consumption),2020,32.0,Latin America & Caribbean ,Upper middle income,IBRD,-74.082,4.60987
906,CO,Colombia,Renewable energy consumption (% of total final energy consumption),2019,31.5,Latin America & Caribbean ,Upper middle income,IBRD,-74.082,4.60987
907,CO,Colombia,Renewable energy consumption (% of total final energy consumption),2018,30.4,Latin America & Caribbean ,Upper middle income,IBRD,-74.082,4.60987
908,CO,Colombia,Renewable energy consumption (% of total final energy consumption),2017,32.2,Latin America & Caribbean ,Upper middle income,IBRD,-74.082,4.60987
909,CO,Colombia,Renewable energy consumption (% of total final energy consumption),2016,30.5,Latin America & Caribbean ,Upper middle income,IBRD,-74.082,4.60987
910,KM,Comoros,Renewable energy consumption (% of total final energy consumption),2025,,Sub-Saharan Africa ,Lower middle income,IDA,43.2418,-11.6986
911,KM,Comoros,Renewable energy consumption (% of total final energy consumption),2024,,Sub-Saharan Africa ,Lower middle income,IDA,43.2418,-11.6986
912,KM,Comoros,Renewable energy consumption (% of total final energy consumption),2023,,Sub-Saharan Africa ,Lower middle income,IDA,43.2418,-11.6986
913,KM,Comoros,Renewable energy consumption (% of total final energy consumption),2022,39.3,Sub-Saharan Africa ,Lower middle income,IDA,43.2418,-11.6986
914,KM,Comoros,Renewable energy consumption (% of total final energy consumption),2021,41.2,Sub-Saharan Africa ,Lower middle income,IDA,43.2418,-11.6986
915,KM,Comoros,Renewable energy consumption (% of total final energy consumption),2020,50.8,Sub-Saharan Africa ,Lower middle income,IDA,43.2418,-11.6986
916,KM,Comoros,Renewable energy consumption (% of total final energy consumption),2019,55.3,Sub-Saharan Africa ,Lower middle income,IDA,43.2418,-11.6986
917,KM,Comoros,Renewable energy consumption (% of total final energy consumption),2018,57.7,Sub-Saharan Africa ,Lower middle income,IDA,43.2418,-11.6986
918,KM,Comoros,Renewable energy consumption (% of total final energy consumption),2017,59.5,Sub-Saharan Africa ,Lower middle income,IDA,43.2418,-11.6986
919,KM,Comoros,Renewable energy consumption (% of total final energy consumption),2016,64.0,Sub-Saharan Africa ,Lower middle income,IDA,43.2418,-11.6986
920,CD,"Congo, Dem. Rep.",Renewable energy consumption (% of total final energy consumption),2025,,Sub-Saharan Africa ,Low income,IDA,15.3222,-4.325
921,CD,"Congo, Dem. Rep.",Renewable energy consumption (% of total final energy consumption),2024,,Sub-Saharan Africa ,Low income,IDA,15.3222,-4.325
922,CD,"Congo, Dem. Rep.",Renewable energy consumption (% of total final energy consumption),2023,,Sub-Saharan Africa ,Low income,IDA,15.3222,-4.325
923,CD,"Congo, Dem. Rep.",Renewable energy consumption (% of total final energy consumption),2022,,Sub-Saharan Africa ,Low income,IDA,15.3222,-4.325
924,CD,"Congo, Dem. Rep.",Renewable energy consumption (% of total final energy consumption),2021,96.3,Sub-Saharan Africa ,Low income,IDA,15.3222,-4.325
925,CD,"Congo, Dem. Rep.",Renewable energy consumption (% of total final energy consumption),2020,96.2,Sub-Saharan Africa ,Low income,IDA,15.3222,-4.325
926,CD,"Congo, Dem. Rep.",Renewable energy consumption (% of total final energy consumption),2019,96.3,Sub-Saharan Africa ,Low income,IDA,15.3222,-4.325
927,CD,"Congo, Dem. Rep.",Renewable energy consumption (% of total final energy consumption),2018,96.4,Sub-Saharan Africa ,Low income,IDA,15.3222,-4.325
928,CD,"Congo, Dem. Rep.",Renewable energy consumption (% of total final energy consumption),2017,96.7,Sub-Saharan Africa ,Low income,IDA,15.3222,-4.325
929,CD,"Congo, Dem. Rep.",Renewable energy consumption (% of total final energy consumption),2016,97.0,Sub-Saharan Africa ,Low income,IDA,15.3222,-4.325
930,CG,"Congo, Rep.",Renewable energy consumption (% of total final energy consumption),2025,,Sub-Saharan Africa ,Lower middle income,Blend,15.2662,-4.2767
931,CG,"Congo, Rep.",Renewable energy consumption (% of total final energy consumption),2024,,Sub-Saharan Africa ,Lower middle income,Blend,15.2662,-4.2767
932,CG,"Congo, Rep.",Renewable energy consumption (% of total final energy consumption),2023,,Sub-Saharan Africa ,Lower middle income,Blend,15.2662,-4.2767
933,CG,"Congo, Rep.",Renewable energy consumption (% of total final energy consumption),2022,,Sub-Saharan Africa ,Lower middle income,Blend,15.2662,-4.2767
934,CG,"Congo, Rep.",Renewable energy consumption (% of total final energy consumption),2021,71.4,Sub-Saharan Africa ,Lower middle income,Blend,15.2662,-4.2767
935,CG,"Congo, Rep.",Renewable energy consumption (% of total final energy consumption),2020,71.4,Sub-Saharan Africa ,Lower middle income,Blend,15.2662,-4.2767
936,CG,"Congo, Rep.",Renewable energy consumption (% of total final energy consumption),2019,69.8,Sub-Saharan Africa ,Lower middle income,Blend,15.2662,-4.2767
937,CG,"Congo, Rep.",Renewable energy consumption (% of total final energy consumption),2018,70.6,Sub-Saharan Africa ,Lower middle income,Blend,15.2662,-4.2767
938,CG,"Congo, Rep.",Renewable energy consumption (% of total final energy consumption),2017,69.8,Sub-Saharan Africa ,Lower middle income,Blend,15.2662,-4.2767
939,CG,"Congo, Rep.",Renewable energy consumption (% of total final energy consumption),2016,67.7,Sub-Saharan Africa ,Lower middle income,Blend,15.2662,-4.2767
940,CR,Costa Rica,Renewable energy consumption (% of total final energy consumption),2025,,Latin America & Caribbean ,High income,IBRD,-84.0089,9.63701
941,CR,Costa Rica,Renewable energy consumption (% of total final energy consumption),2024,,Latin America & Caribbean ,High income,IBRD,-84.0089,9.63701
942,CR,Costa Rica,Renewable energy consumption (% of total final energy consumption),2023,,Latin America & Caribbean ,High income,IBRD,-84.0089,9.63701
943,CR,Costa Rica,Renewable energy consumption (% of total final energy consumption),2022,,Latin America & Caribbean ,High income,IBRD,-84.0089,9.63701
944,CR,Costa Rica,Renewable energy consumption (% of total final energy consumption),2021,34.2,Latin America & Caribbean ,High income,IBRD,-84.0089,9.63701
945,CR,Costa Rica,Renewable energy consumption (% of total final energy consumption),2020,36.4,Latin America & Caribbean ,High income,IBRD,-84.0089,9.63701
946,CR,Costa Rica,Renewable energy consumption (% of total final energy consumption),2019,33.4,Latin America & Caribbean ,High income,IBRD,-84.0089,9.63701
947,CR,Costa Rica,Renewable energy consumption (% of total final energy consumption),2018,33.1,Latin America & Caribbean ,High income,IBRD,-84.0089,9.63701
948,CR,Costa Rica,Renewable energy consumption (% of total final energy consumption),2017,33.3,Latin America & Caribbean ,High income,IBRD,-84.0089,9.63701
949,CR,Costa Rica,Renewable energy consumption (% of total final energy consumption),2016,34.1,Latin America & Caribbean ,High income,IBRD,-84.0089,9.63701
950,CI,Cote d'Ivoire,Renewable energy consumption (% of total final energy consumption),2025,,Sub-Saharan Africa ,Lower middle income,Blend,-4.0305,5.332
951,CI,Cote d'Ivoire,Renewable energy consumption (% of total final energy consumption),2024,,Sub-Saharan Africa ,Lower middle income,Blend,-4.0305,5.332
952,CI,Cote d'Ivoire,Renewable energy consumption (% of total final energy consumption),2023,,Sub-Saharan Africa ,Lower middle income,Blend,-4.0305,5.332
953,CI,Cote d'Ivoire,Renewable energy consumption (% of total final energy consumption),2022,,Sub-Saharan Africa ,Lower middle income,Blend,-4.0305,5.332
954,CI,Cote d'Ivoire,Renewable energy consumption (% of total final energy consumption),2021,58.2,Sub-Saharan Africa ,Lower middle income,Blend,-4.0305,5.332
955,CI,Cote d'Ivoire,Renewable energy consumption (% of total final energy consumption),2020,61.8,Sub-Saharan Africa ,Lower middle income,Blend,-4.0305,5.332
956,CI,Cote d'Ivoire,Renewable energy consumption (% of total final energy consumption),2019,61.1,Sub-Saharan Africa ,Lower middle income,Blend,-4.0305,5.332
957,CI,Cote d'Ivoire,Renewable energy consumption (% of total final energy consumption),2018,60.5,Sub-Saharan Africa ,Lower middle income,Blend,-4.0305,5.332
958,CI,Cote d'Ivoire,Renewable energy consumption (% of total final energy consumption),2017,62.5,Sub-Saharan Africa ,Lower middle income,Blend,-4.0305,5.332
959,CI,Cote d'Ivoire,Renewable energy consumption (% of total final energy consumption),2016,64.0,Sub-Saharan Africa ,Lower middle income,Blend,-4.0305,5.332
960,HR,Croatia,Renewable energy consumption (% of total final energy consumption),2025,,Europe & Central Asia,High income,IBRD,15.9614,45.8069
961,HR,Croatia,Renewable energy consumption (% of total final energy consumption),2024,,Europe & Central Asia,High income,IBRD,15.9614,45.8069
962,HR,Croatia,Renewable energy consumption (% of total final energy consumption),2023,,Europe & Central Asia,High income,IBRD,15.9614,45.8069
963,HR,Croatia,Renewable energy consumption (% of total final energy consumption),2022,,Europe & Central Asia,High income,IBRD,15.9614,45.8069
964,HR,Croatia,Renewable energy consumption (% of total final energy consumption),2021,34.1,Europe & Central Asia,High income,IBRD,15.9614,45.8069
965,HR,Croatia,Renewable energy consumption (% of total final energy consumption),2020,32.4,Europe & Central Asia,High income,IBRD,15.9614,45.8069
966,HR,Croatia,Renewable energy consumption (% of total final energy consumption),2019,31.6,Europe & Central Asia,High income,IBRD,15.9614,45.8069
967,HR,Croatia,Renewable energy consumption (% of total final energy consumption),2018,32.8,Europe & Central Asia,High income,IBRD,15.9614,45.8069
968,HR,Croatia,Renewable energy consumption (% of total final energy consumption),2017,29.8,Europe & Central Asia,High income,IBRD,15.9614,45.8069
969,HR,Croatia,Renewable energy consumption (% of total final energy consumption),2016,31.8,Europe & Central Asia,High income,IBRD,15.9614,45.8069
970,CU,Cuba,Renewable energy consumption (% of total final energy consumption),2025,,Latin America & Caribbean ,Upper middle income,Not classified,-82.3667,23.1333
971,CU,Cuba,Renewable energy consumption (% of total final energy consumption),2024,,Latin America & Caribbean ,Upper middle income,Not classified,-82.3667,23.1333
972,CU,Cuba,Renewable energy consumption (% of total final energy consumption),2023,,Latin America & Caribbean ,Upper middle income,Not classified,-82.3667,23.1333
973,CU,Cuba,Renewable energy consumption (% of total final energy consumption),2022,,Latin America & Caribbean ,Upper middle income,Not classified,-82.3667,23.1333
974,CU,Cuba,Renewable energy consumption (% of total final energy consumption),2021,20.9,Latin America & Caribbean ,Upper middle income,Not classified,-82.3667,23.1333
975,CU,Cuba,Renewable energy consumption (% of total final energy consumption),2020,24.5,Latin America & Caribbean ,Upper middle income,Not classified,-82.3667,23.1333
976,CU,Cuba,Renewable energy consumption (% of total final energy consumption),2019,23.1,Latin America & Caribbean ,Upper middle income,Not classified,-82.3667,23.1333
977,CU,Cuba,Renewable energy consumption (% of total final energy consumption),2018,24.0,Latin America & Caribbean ,Upper middle income,Not classified,-82.3667,23.1333
978,CU,Cuba,Renewable energy consumption (% of total final energy consumption),2017,22.0,Latin America & Caribbean ,Upper middle income,Not classified,-82.3667,23.1333
979,CU,Cuba,Renewable energy consumption (% of total final energy consumption),2016,19.2,Latin America & Caribbean ,Upper middle income,Not classified,-82.3667,23.1333
980,CW,Curacao,Renewable energy consumption (% of total final energy consumption),2025,,Latin America & Caribbean ,High income,Not classified,,
981,CW,Curacao,Renewable energy consumption (% of total final energy consumption),2024,,Latin America & Caribbean ,High income,Not classified,,
982,CW,Curacao,Renewable energy consumption (% of total final energy consumption),2023,,Latin America & Caribbean ,High income,Not classified,,
983,CW,Curacao,Renewable energy consumption (% of total final energy consumption),2022,,Latin America & Caribbean ,High income,Not classified,,
984,CW,Curacao,Renewable energy consumption (% of total final energy consumption),2021,2.8,Latin America & Caribbean ,High income,Not classified,,
985,CW,Curacao,Renewable energy consumption (% of total final energy consumption),2020,2.8,Latin America & Caribbean ,High income,Not classified,,
986,CW,Curacao,Renewable energy consumption (% of total final energy consumption),2019,2.5,Latin America & Caribbean ,High income,Not classified,,
987,CW,Curacao,Renewable energy consumption (% of total final energy consumption),2018,2.5,Latin America & Caribbean ,High income,Not classified,,
988,CW,Curacao,Renewable energy consumption (% of total final energy consumption),2017,1.9,Latin America & Caribbean ,High income,Not classified,,
989,CW,Curacao,Renewable energy consumption (% of total final energy consumption),2016,1.4,Latin America & Caribbean ,High income,Not classified,,
990,CY,Cyprus,Renewable energy consumption (% of total final energy consumption),2025,,Europe & Central Asia,High income,Not classified,33.3736,35.1676
991,CY,Cyprus,Renewable energy consumption (% of total final energy consumption),2024,,Europe & Central Asia,High income,Not classified,33.3736,35.1676
992,CY,Cyprus,Renewable energy consumption (% of total final energy consumption),2023,,Europe & Central Asia,High income,Not classified,33.3736,35.1676
993,CY,Cyprus,Renewable energy consumption (% of total final energy consumption),2022,,Europe & Central Asia,High income,Not classified,33.3736,35.1676
994,CY,Cyprus,Renewable energy consumption (% of total final energy consumption),2021,15.6,Europe & Central Asia,High income,Not classified,33.3736,35.1676
995,CY,Cyprus,Renewable energy consumption (% of total final energy consumption),2020,15.0,Europe & Central Asia,High income,Not classified,33.3736,35.1676
996,CY,Cyprus,Renewable energy consumption (% of total final energy consumption),2019,12.0,Europe & Central Asia,High income,Not classified,33.3736,35.1676
997,CY,Cyprus,Renewable energy consumption (% of total final energy consumption),2018,12.0,Europe & Central Asia,High income,Not classified,33.3736,35.1676
998,CY,Cyprus,Renewable energy consumption (% of total final energy consumption),2017,10.9,Europe & Central Asia,High income,Not classified,33.3736,35.1676
999,CY,Cyprus,Renewable energy consumption (% of total final energy consumption),2016,10.3,Europe & Central Asia,High income,Not classified,33.3736,35.1676
1000,CZ,Czechia,Renewable energy consumption (% of total final energy consumption),2025,,Europe & Central Asia,High income,Not classified,14.4205,50.0878
1001,CZ,Czechia,Renewable energy consumption (% of total final energy consumption),2024,,Europe & Central Asia,High income,Not classified,14.4205,50.0878
1002,CZ,Czechia,Renewable energy consumption (% of total final energy consumption),2023,,Europe & Central Asia,High income,Not classified,14.4205,50.0878
1003,CZ,Czechia,Renewable energy consumption (% of total final energy consumption),2022,,Europe & Central Asia,High income,Not classified,14.4205,50.0878
1004,CZ,Czechia,Renewable energy consumption (% of total final energy consumption),2021,17.2,Europe & Central Asia,High income,Not classified,14.4205,50.0878
1005,CZ,Czechia,Renewable energy consumption (% of total final energy consumption),2020,17.0,Europe & Central Asia,High income,Not classified,14.4205,50.0878
1006,CZ,Czechia,Renewable energy consumption (% of total final energy consumption),2019,15.9,Europe & Central Asia,High income,Not classified,14.4205,50.0878
1007,CZ,Czechia,Renewable energy consumption (% of total final energy consumption),2018,14.7,Europe & Central Asia,High income,Not classified,14.4205,50.0878
1008,CZ,Czechia,Renewable energy consumption (% of total final energy consumption),2017,14.5,Europe & Central Asia,High income,Not classified,14.4205,50.0878
1009,CZ,Czechia,Renewable energy consumption (% of total final energy consumption),2016,14.8,Europe & Central Asia,High income,Not classified,14.4205,50.0878
1010,DK,Denmark,Renewable energy consumption (% of total final energy consumption),2025,,Europe & Central Asia,High income,Not classified,12.5681,55.6763
1011,DK,Denmark,Renewable energy consumption (% of total final energy consumption),2024,,Europe & Central Asia,High income,Not classified,12.5681,55.6763
1012,DK,Denmark,Renewable energy consumption (% of total final energy consumption),2023,,Europe & Central Asia,High income,Not classified,12.5681,55.6763
1013,DK,Denmark,Renewable energy consumption (% of total final energy consumption),2022,,Europe & Central Asia,High income,Not classified,12.5681,55.6763
1014,DK,Denmark,Renewable energy consumption (% of total final energy consumption),2021,39.5,Europe & Central Asia,High income,Not classified,12.5681,55.6763
1015,DK,Denmark,Renewable energy consumption (% of total final energy consumption),2020,39.5,Europe & Central Asia,High income,Not classified,12.5681,55.6763
1016,DK,Denmark,Renewable energy consumption (% of total final energy consumption),2019,37.2,Europe & Central Asia,High income,Not classified,12.5681,55.6763
1017,DK,Denmark,Renewable energy consumption (% of total final energy consumption),2018,34.6,Europe & Central Asia,High income,Not classified,12.5681,55.6763
1018,DK,Denmark,Renewable energy consumption (% of total final energy consumption),2017,35.0,Europe & Central Asia,High income,Not classified,12.5681,55.6763
1019,DK,Denmark,Renewable energy consumption (% of total final energy consumption),2016,32.0,Europe & Central Asia,High income,Not classified,12.5681,55.6763
1020,DJ,Djibouti,Renewable energy consumption (% of total final energy consumption),2025,,"Middle East, North Africa, Afghanistan & Pakistan",Lower middle income,IDA,43.1425,11.5806
1021,DJ,Djibouti,Renewable energy consumption (% of total final energy consumption),2024,,"Middle East, North Africa, Afghanistan & Pakistan",Lower middle income,IDA,43.1425,11.5806
1022,DJ,Djibouti,Renewable energy consumption (% of total final energy consumption),2023,,"Middle East, North Africa, Afghanistan & Pakistan",Lower middle income,IDA,43.1425,11.5806
1023,DJ,Djibouti,Renewable energy consumption (% of total final energy consumption),2022,26.9,"Middle East, North Africa, Afghanistan & Pakistan",Lower middle income,IDA,43.1425,11.5806
1024,DJ,Djibouti,Renewable energy consumption (% of total final energy consumption),2021,26.6,"Middle East, North Africa, Afghanistan & Pakistan",Lower middle income,IDA,43.1425,11.5806
1025,DJ,Djibouti,Renewable energy consumption (% of total final energy consumption),2020,27.5,"Middle East, North Africa, Afghanistan & Pakistan",Lower middle income,IDA,43.1425,11.5806
1026,DJ,Djibouti,Renewable energy consumption (% of total final energy consumption),2019,23.4,"Middle East, North Africa, Afghanistan & Pakistan",Lower middle income,IDA,43.1425,11.5806
1027,DJ,Djibouti,Renewable energy consumption (% of total final energy consumption),2018,24.7,"Middle East, North Africa, Afghanistan & Pakistan",Lower middle income,IDA,43.1425,11.5806
1028,DJ,Djibouti,Renewable energy consumption (% of total final energy consumption),2017,23.3,"Middle East, North Africa, Afghanistan & Pakistan",Lower middle income,IDA,43.1425,11.5806
1029,DJ,Djibouti,Renewable energy consumption (% of total final energy consumption),2016,23.6,"Middle East, North Africa, Afghanistan & Pakistan",Lower middle income,IDA,43.1425,11.5806
1030,DM,Dominica,Renewable energy consumption (% of total final energy consumption),2025,,Latin America & Caribbean ,Upper middle income,Blend,-61.39,15.2976
1031,DM,Dominica,Renewable energy consumption (% of total final energy consumption),2024,,Latin America & Caribbean ,Upper middle income,Blend,-61.39,15.2976
1032,DM,Dominica,Renewable energy consumption (% of total final energy consumption),2023,,Latin America & Caribbean ,Upper middle income,Blend,-61.39,15.2976
1033,DM,Dominica,Renewable energy consumption (% of total final energy consumption),2022,8.9,Latin America & Caribbean ,Upper middle income,Blend,-61.39,15.2976
1034,DM,Dominica,Renewable energy consumption (% of total final energy consumption),2021,8.8,Latin America & Caribbean ,Upper middle income,Blend,-61.39,15.2976
1035,DM,Dominica,Renewable energy consumption (% of total final energy consumption),2020,8.6,Latin America & Caribbean ,Upper middle income,Blend,-61.39,15.2976
1036,DM,Dominica,Renewable energy consumption (% of total final energy consumption),2019,7.6,Latin America & Caribbean ,Upper middle income,Blend,-61.39,15.2976
1037,DM,Dominica,Renewable energy consumption (% of total final energy consumption),2018,7.9,Latin America & Caribbean ,Upper middle income,Blend,-61.39,15.2976
1038,DM,Dominica,Renewable energy consumption (% of total final energy consumption),2017,9.7,Latin America & Caribbean ,Upper middle income,Blend,-61.39,15.2976
1039,DM,Dominica,Renewable energy consumption (% of total final energy consumption),2016,10.7,Latin America & Caribbean ,Upper middle income,Blend,-61.39,15.2976
1040,DO,Dominican Republic,Renewable energy consumption (% of total final energy consumption),2025,,Latin America & Caribbean ,Upper middle income,IBRD,-69.8908,18.479
1041,DO,Dominican Republic,Renewable energy consumption (% of total final energy consumption),2024,,Latin America & Caribbean ,Upper middle income,IBRD,-69.8908,18.479
1042,DO,Dominican Republic,Renewable energy consumption (% of total final energy consumption),2023,,Latin America & Caribbean ,Upper middle income,IBRD,-69.8908,18.479
1043,DO,Dominican Republic,Renewable energy consumption (% of total final energy consumption),2022,,Latin America & Caribbean ,Upper middle income,IBRD,-69.8908,18.479
1044,DO,Dominican Republic,Renewable energy consumption (% of total final energy consumption),2021,14.8,Latin America & Caribbean ,Upper middle income,IBRD,-69.8908,18.479
1045,DO,Dominican Republic,Renewable energy consumption (% of total final energy consumption),2020,16.0,Latin America & Caribbean ,Upper middle income,IBRD,-69.8908,18.479
1046,DO,Dominican Republic,Renewable energy consumption (% of total final energy consumption),2019,14.4,Latin America & Caribbean ,Upper middle income,IBRD,-69.8908,18.479
1047,DO,Dominican Republic,Renewable energy consumption (% of total final energy consumption),2018,15.9,Latin America & Caribbean ,Upper middle income,IBRD,-69.8908,18.479
1048,DO,Dominican Republic,Renewable energy consumption (% of total final energy consumption),2017,16.9,Latin America & Caribbean ,Upper middle income,IBRD,-69.8908,18.479
1049,DO,Dominican Republic,Renewable energy consumption (% of total final energy consumption),2016,15.3,Latin America & Caribbean ,Upper middle income,IBRD,-69.8908,18.479
1050,EC,Ecuador,Renewable energy consumption (% of total final energy consumption),2025,,Latin America & Caribbean ,Upper middle income,IBRD,-78.5243,-0.229498
1051,EC,Ecuador,Renewable energy consumption (% of total final energy consumption),2024,,Latin America & Caribbean ,Upper middle income,IBRD,-78.5243,-0.229498
1052,EC,Ecuador,Renewable energy consumption (% of total final energy consumption),2023,,Latin America & Caribbean ,Upper middle income,IBRD,-78.5243,-0.229498
1053,EC,Ecuador,Renewable energy consumption (% of total final energy consumption),2022,,Latin America & Caribbean ,Upper middle income,IBRD,-78.5243,-0.229498
1054,EC,Ecuador,Renewable energy consumption (% of total final energy consumption),2021,18.9,Latin America & Caribbean ,Upper middle income,IBRD,-78.5243,-0.229498
1055,EC,Ecuador,Renewable energy consumption (% of total final energy consumption),2020,20.2,Latin America & Caribbean ,Upper middle income,IBRD,-78.5243,-0.229498
1056,EC,Ecuador,Renewable energy consumption (% of total final energy consumption),2019,17.7,Latin America & Caribbean ,Upper middle income,IBRD,-78.5243,-0.229498
1057,EC,Ecuador,Renewable energy consumption (% of total final energy consumption),2018,16.3,Latin America & Caribbean ,Upper middle income,IBRD,-78.5243,-0.229498
1058,EC,Ecuador,Renewable energy consumption (% of total final energy consumption),2017,17.0,Latin America & Caribbean ,Upper middle income,IBRD,-78.5243,-0.229498
1059,EC,Ecuador,Renewable energy consumption (% of total final energy consumption),2016,14.8,Latin America & Caribbean ,Upper middle income,IBRD,-78.5243,-0.229498
1060,EG,"Egypt, Arab Rep.",Renewable energy consumption (% of total final energy consumption),2025,,"Middle East, North Africa, Afghanistan & Pakistan",Lower middle income,IBRD,31.2461,30.0982
1061,EG,"Egypt, Arab Rep.",Renewable energy consumption (% of total final energy consumption),2024,,"Middle East, North Africa, Afghanistan & Pakistan",Lower middle income,IBRD,31.2461,30.0982
1062,EG,"Egypt, Arab Rep.",Renewable energy consumption (% of total final energy consumption),2023,,"Middle East, North Africa, Afghanistan & Pakistan",Lower middle income,IBRD,31.2461,30.0982
1063,EG,"Egypt, Arab Rep.",Renewable energy consumption (% of total final energy consumption),2022,,"Middle East, North Africa, Afghanistan & Pakistan",Lower middle income,IBRD,31.2461,30.0982
1064,EG,"Egypt, Arab Rep.",Renewable energy consumption (% of total final energy consumption),2021,6.1,"Middle East, North Africa, Afghanistan & Pakistan",Lower middle income,IBRD,31.2461,30.0982
1065,EG,"Egypt, Arab Rep.",Renewable energy consumption (% of total final energy consumption),2020,6.7,"Middle East, North Africa, Afghanistan & Pakistan",Lower middle income,IBRD,31.2461,30.0982
1066,EG,"Egypt, Arab Rep.",Renewable energy consumption (% of total final energy consumption),2019,6.2,"Middle East, North Africa, Afghanistan & Pakistan",Lower middle income,IBRD,31.2461,30.0982
1067,EG,"Egypt, Arab Rep.",Renewable energy consumption (% of total final energy consumption),2018,5.0,"Middle East, North Africa, Afghanistan & Pakistan",Lower middle income,IBRD,31.2461,30.0982
1068,EG,"Egypt, Arab Rep.",Renewable energy consumption (% of total final energy consumption),2017,4.9,"Middle East, North Africa, Afghanistan & Pakistan",Lower middle income,IBRD,31.2461,30.0982
1069,EG,"Egypt, Arab Rep.",Renewable energy consumption (% of total final energy consumption),2016,5.1,"Middle East, North Africa, Afghanistan & Pakistan",Lower middle income,IBRD,31.2461,30.0982
1070,SV,El Salvador,Renewable energy consumption (% of total final energy consumption),2025,,Latin America & Caribbean ,Upper middle income,IBRD,-89.2073,13.7034
1071,SV,El Salvador,Renewable energy consumption (% of total final energy consumption),2024,,Latin America & Caribbean ,Upper middle income,IBRD,-89.2073,13.7034
1072,SV,El Salvador,Renewable energy consumption (% of total final energy consumption),2023,,Latin America & Caribbean ,Upper middle income,IBRD,-89.2073,13.7034
1073,SV,El Salvador,Renewable energy consumption (% of total final energy consumption),2022,,Latin America & Caribbean ,Upper middle income,IBRD,-89.2073,13.7034
1074,SV,El Salvador,Renewable energy consumption (% of total final energy consumption),2021,21.9,Latin America & Caribbean ,Upper middle income,IBRD,-89.2073,13.7034
1075,SV,El Salvador,Renewable energy consumption (% of total final energy consumption),2020,23.7,Latin America & Caribbean ,Upper middle income,IBRD,-89.2073,13.7034
1076,SV,El Salvador,Renewable energy consumption (% of total final energy consumption),2019,19.4,Latin America & Caribbean ,Upper middle income,IBRD,-89.2073,13.7034
1077,SV,El Salvador,Renewable energy consumption (% of total final energy consumption),2018,23.2,Latin America & Caribbean ,Upper middle income,IBRD,-89.2073,13.7034
1078,SV,El Salvador,Renewable energy consumption (% of total final energy consumption),2017,25.0,Latin America & Caribbean ,Upper middle income,IBRD,-89.2073,13.7034
1079,SV,El Salvador,Renewable energy consumption (% of total final energy consumption),2016,20.7,Latin America & Caribbean ,Upper middle income,IBRD,-89.2073,13.7034
1080,GQ,Equatorial Guinea,Renewable energy consumption (% of total final energy consumption),2025,,Sub-Saharan Africa ,Upper middle income,IBRD,8.7741,3.7523
1081,GQ,Equatorial Guinea,Renewable energy consumption (% of total final energy consumption),2024,,Sub-Saharan Africa ,Upper middle income,IBRD,8.7741,3.7523
1082,GQ,Equatorial Guinea,Renewable energy consumption (% of total final energy consumption),2023,,Sub-Saharan Africa ,Upper middle income,IBRD,8.7741,3.7523
1083,GQ,Equatorial Guinea,Renewable energy consumption (% of total final energy consumption),2022,4.2,Sub-Saharan Africa ,Upper middle income,IBRD,8.7741,3.7523
1084,GQ,Equatorial Guinea,Renewable energy consumption (% of total final energy consumption),2021,5.2,Sub-Saharan Africa ,Upper middle income,IBRD,8.7741,3.7523
1085,GQ,Equatorial Guinea,Renewable energy consumption (% of total final energy consumption),2020,6.5,Sub-Saharan Africa ,Upper middle income,IBRD,8.7741,3.7523
1086,GQ,Equatorial Guinea,Renewable energy consumption (% of total final energy consumption),2019,7.4,Sub-Saharan Africa ,Upper middle income,IBRD,8.7741,3.7523
1087,GQ,Equatorial Guinea,Renewable energy consumption (% of total final energy consumption),2018,4.8,Sub-Saharan Africa ,Upper middle income,IBRD,8.7741,3.7523
1088,GQ,Equatorial Guinea,Renewable energy consumption (% of total final energy consumption),2017,5.0,Sub-Saharan Africa ,Upper middle income,IBRD,8.7741,3.7523
1089,GQ,Equatorial Guinea,Renewable energy consumption (% of total final energy consumption),2016,4.8,Sub-Saharan Africa ,Upper middle income,IBRD,8.7741,3.7523
1090,ER,Eritrea,Renewable energy consumption (% of total final energy consumption),2025,,Sub-Saharan Africa ,Low income,IDA,38.9183,15.3315
1091,ER,Eritrea,Renewable energy consumption (% of total final energy consumption),2024,,Sub-Saharan Africa ,Low income,IDA,38.9183,15.3315
1092,ER,Eritrea,Renewable energy consumption (% of total final energy consumption),2023,,Sub-Saharan Africa ,Low income,IDA,38.9183,15.3315
1093,ER,Eritrea,Renewable energy consumption (% of total final energy consumption),2022,,Sub-Saharan Africa ,Low income,IDA,38.9183,15.3315
1094,ER,Eritrea,Renewable energy consumption (% of total final energy consumption),2021,80.7,Sub-Saharan Africa ,Low income,IDA,38.9183,15.3315
1095,ER,Eritrea,Renewable energy consumption (% of total final energy consumption),2020,80.9,Sub-Saharan Africa ,Low income,IDA,38.9183,15.3315
1096,ER,Eritrea,Renewable energy consumption (% of total final energy consumption),2019,80.6,Sub-Saharan Africa ,Low income,IDA,38.9183,15.3315
1097,ER,Eritrea,Renewable energy consumption (% of total final energy consumption),2018,80.8,Sub-Saharan Africa ,Low income,IDA,38.9183,15.3315
1098,ER,Eritrea,Renewable energy consumption (% of total final energy consumption),2017,81.6,Sub-Saharan Africa ,Low income,IDA,38.9183,15.3315
1099,ER,Eritrea,Renewable energy consumption (% of total final energy consumption),2016,81.4,Sub-Saharan Africa ,Low income,IDA,38.9183,15.3315
1100,EE,Estonia,Renewable energy consumption (% of total final energy consumption),2025,,Europe & Central Asia,High income,Not classified,24.7586,59.4392
1101,EE,Estonia,Renewable energy consumption (% of total final energy consumption),2024,,Europe & Central Asia,High income,Not classified,24.7586,59.4392
1102,EE,Estonia,Renewable energy consumption (% of total final energy consumption),2023,,Europe & Central Asia,High income,Not classified,24.7586,59.4392
1103,EE,Estonia,Renewable energy consumption (% of total final energy consumption),2022,,Europe & Central Asia,High income,Not classified,24.7586,59.4392
1104,EE,Estonia,Renewable energy consumption (% of total final energy consumption),2021,38.0,Europe & Central Asia,High income,Not classified,24.7586,59.4392
1105,EE,Estonia,Renewable energy consumption (% of total final energy consumption),2020,40.4,Europe & Central Asia,High income,Not classified,24.7586,59.4392
1106,EE,Estonia,Renewable energy consumption (% of total final energy consumption),2019,31.3,Europe & Central Asia,High income,Not classified,24.7586,59.4392
1107,EE,Estonia,Renewable energy consumption (% of total final energy consumption),2018,28.6,Europe & Central Asia,High income,Not classified,24.7586,59.4392
1108,EE,Estonia,Renewable energy consumption (% of total final energy consumption),2017,27.5,Europe & Central Asia,High income,Not classified,24.7586,59.4392
1109,EE,Estonia,Renewable energy consumption (% of total final energy consumption),2016,27.2,Europe & Central Asia,High income,Not classified,24.7586,59.4392
1110,SZ,Eswatini,Renewable energy consumption (% of total final energy consumption),2025,,Sub-Saharan Africa ,Lower middle income,Blend,31.4659,-26.5225
1111,SZ,Eswatini,Renewable energy consumption (% of total final energy consumption),2024,,Sub-Saharan Africa ,Lower middle income,Blend,31.4659,-26.5225
1112,SZ,Eswatini,Renewable energy consumption (% of total final energy consumption),2023,,Sub-Saharan Africa ,Lower middle income,Blend,31.4659,-26.5225
1113,SZ,Eswatini,Renewable energy consumption (% of total final energy consumption),2022,64.7,Sub-Saharan Africa ,Lower middle income,Blend,31.4659,-26.5225
1114,SZ,Eswatini,Renewable energy consumption (% of total final energy consumption),2021,65.4,Sub-Saharan Africa ,Lower middle income,Blend,31.4659,-26.5225
1115,SZ,Eswatini,Renewable energy consumption (% of total final energy consumption),2020,63.7,Sub-Saharan Africa ,Lower middle income,Blend,31.4659,-26.5225
1116,SZ,Eswatini,Renewable energy consumption (% of total final energy consumption),2019,64.4,Sub-Saharan Africa ,Lower middle income,Blend,31.4659,-26.5225
1117,SZ,Eswatini,Renewable energy consumption (% of total final energy consumption),2018,65.7,Sub-Saharan Africa ,Lower middle income,Blend,31.4659,-26.5225
1118,SZ,Eswatini,Renewable energy consumption (% of total final energy consumption),2017,65.3,Sub-Saharan Africa ,Lower middle income,Blend,31.4659,-26.5225
1119,SZ,Eswatini,Renewable energy consumption (% of total final energy consumption),2016,64.3,Sub-Saharan Africa ,Lower middle income,Blend,31.4659,-26.5225
1120,ET,Ethiopia,Renewable energy consumption (% of total final energy consumption),2025,,Sub-Saharan Africa ,Low income,IDA,38.7468,9.02274
1121,ET,Ethiopia,Renewable energy consumption (% of total final energy consumption),2024,,Sub-Saharan Africa ,Low income,IDA,38.7468,9.02274
1122,ET,Ethiopia,Renewable energy consumption (% of total final energy consumption),2023,,Sub-Saharan Africa ,Low income,IDA,38.7468,9.02274
1123,ET,Ethiopia,Renewable energy consumption (% of total final energy consumption),2022,,Sub-Saharan Africa ,Low income,IDA,38.7468,9.02274
1124,ET,Ethiopia,Renewable energy consumption (% of total final energy consumption),2021,90.6,Sub-Saharan Africa ,Low income,IDA,38.7468,9.02274
1125,ET,Ethiopia,Renewable energy consumption (% of total final energy consumption),2020,90.7,Sub-Saharan Africa ,Low income,IDA,38.7468,9.02274
1126,ET,Ethiopia,Renewable energy consumption (% of total final energy consumption),2019,89.3,Sub-Saharan Africa ,Low income,IDA,38.7468,9.02274
1127,ET,Ethiopia,Renewable energy consumption (% of total final energy consumption),2018,90.0,Sub-Saharan Africa ,Low income,IDA,38.7468,9.02274
1128,ET,Ethiopia,Renewable energy consumption (% of total final energy consumption),2017,90.8,Sub-Saharan Africa ,Low income,IDA,38.7468,9.02274
1129,ET,Ethiopia,Renewable energy consumption (% of total final energy consumption),2016,90.4,Sub-Saharan Africa ,Low income,IDA,38.7468,9.02274
1130,FO,Faroe Islands,Renewable energy consumption (% of total final energy consumption),2025,,Europe & Central Asia,High income,Not classified,-6.91181,61.8926
1131,FO,Faroe Islands,Renewable energy consumption (% of total final energy consumption),2024,,Europe & Central Asia,High income,Not classified,-6.91181,61.8926
1132,FO,Faroe Islands,Renewable energy consumption (% of total final energy consumption),2023,,Europe & Central Asia,High income,Not classified,-6.91181,61.8926
1133,FO,Faroe Islands,Renewable energy consumption (% of total final energy consumption),2022,7.9,Europe & Central Asia,High income,Not classified,-6.91181,61.8926
1134,FO,Faroe Islands,Renewable energy consumption (% of total final energy consumption),2021,5.1,Europe & Central Asia,High income,Not classified,-6.91181,61.8926
1135,FO,Faroe Islands,Renewable energy consumption (% of total final energy consumption),2020,5.3,Europe & Central Asia,High income,Not classified,-6.91181,61.8926
1136,FO,Faroe Islands,Renewable energy consumption (% of total final energy consumption),2019,5.4,Europe & Central Asia,High income,Not classified,-6.91181,61.8926
1137,FO,Faroe Islands,Renewable energy consumption (% of total final energy consumption),2018,5.9,Europe & Central Asia,High income,Not classified,-6.91181,61.8926
1138,FO,Faroe Islands,Renewable energy consumption (% of total final energy consumption),2017,6.0,Europe & Central Asia,High income,Not classified,-6.91181,61.8926
1139,FO,Faroe Islands,Renewable energy consumption (% of total final energy consumption),2016,6.3,Europe & Central Asia,High income,Not classified,-6.91181,61.8926
1140,FJ,Fiji,Renewable energy consumption (% of total final energy consumption),2025,,East Asia & Pacific,Upper middle income,Blend,178.399,-18.1149
1141,FJ,Fiji,Renewable energy consumption (% of total final energy consumption),2024,,East Asia & Pacific,Upper middle income,Blend,178.399,-18.1149
1142,FJ,Fiji,Renewable energy consumption (% of total final energy consumption),2023,,East Asia & Pacific,Upper middle income,Blend,178.399,-18.1149
1143,FJ,Fiji,Renewable energy consumption (% of total final energy consumption),2022,28.4,East Asia & Pacific,Upper middle income,Blend,178.399,-18.1149
1144,FJ,Fiji,Renewable energy consumption (% of total final energy consumption),2021,29.7,East Asia & Pacific,Upper middle income,Blend,178.399,-18.1149
1145,FJ,Fiji,Renewable energy consumption (% of total final energy consumption),2020,31.8,East Asia & Pacific,Upper middle income,Blend,178.399,-18.1149
1146,FJ,Fiji,Renewable energy consumption (% of total final energy consumption),2019,26.5,East Asia & Pacific,Upper middle income,Blend,178.399,-18.1149
1147,FJ,Fiji,Renewable energy consumption (% of total final energy consumption),2018,25.8,East Asia & Pacific,Upper middle income,Blend,178.399,-18.1149
1148,FJ,Fiji,Renewable energy consumption (% of total final energy consumption),2017,28.6,East Asia & Pacific,Upper middle income,Blend,178.399,-18.1149
1149,FJ,Fiji,Renewable energy consumption (% of total final energy consumption),2016,27.7,East Asia & Pacific,Upper middle income,Blend,178.399,-18.1149
1150,FI,Finland,Renewable energy consumption (% of total final energy consumption),2025,,Europe & Central Asia,High income,Not classified,24.9525,60.1608
1151,FI,Finland,Renewable energy consumption (% of total final energy consumption),2024,,Europe & Central Asia,High income,Not classified,24.9525,60.1608
1152,FI,Finland,Renewable energy consumption (% of total final energy consumption),2023,,Europe & Central Asia,High income,Not classified,24.9525,60.1608
1153,FI,Finland,Renewable energy consumption (% of total final energy consumption),2022,,Europe & Central Asia,High income,Not classified,24.9525,60.1608
1154,FI,Finland,Renewable energy consumption (% of total final energy consumption),2021,50.2,Europe & Central Asia,High income,Not classified,24.9525,60.1608
1155,FI,Finland,Renewable energy consumption (% of total final energy consumption),2020,47.3,Europe & Central Asia,High income,Not classified,24.9525,60.1608
1156,FI,Finland,Renewable energy consumption (% of total final energy consumption),2019,45.4,Europe & Central Asia,High income,Not classified,24.9525,60.1608
1157,FI,Finland,Renewable energy consumption (% of total final energy consumption),2018,44.2,Europe & Central Asia,High income,Not classified,24.9525,60.1608
1158,FI,Finland,Renewable energy consumption (% of total final energy consumption),2017,44.4,Europe & Central Asia,High income,Not classified,24.9525,60.1608
1159,FI,Finland,Renewable energy consumption (% of total final energy consumption),2016,42.4,Europe & Central Asia,High income,Not classified,24.9525,60.1608
1160,FR,France,Renewable energy consumption (% of total final energy consumption),2025,,Europe & Central Asia,High income,Not classified,2.35097,48.8566
1161,FR,France,Renewable energy consumption (% of total final energy consumption),2024,,Europe & Central Asia,High income,Not classified,2.35097,48.8566
1162,FR,France,Renewable energy consumption (% of total final energy consumption),2023,,Europe & Central Asia,High income,Not classified,2.35097,48.8566
1163,FR,France,Renewable energy consumption (% of total final energy consumption),2022,,Europe & Central Asia,High income,Not classified,2.35097,48.8566
1164,FR,France,Renewable energy consumption (% of total final energy consumption),2021,16.2,Europe & Central Asia,High income,Not classified,2.35097,48.8566
1165,FR,France,Renewable energy consumption (% of total final energy consumption),2020,16.8,Europe & Central Asia,High income,Not classified,2.35097,48.8566
1166,FR,France,Renewable energy consumption (% of total final energy consumption),2019,15.5,Europe & Central Asia,High income,Not classified,2.35097,48.8566
1167,FR,France,Renewable energy consumption (% of total final energy consumption),2018,15.2,Europe & Central Asia,High income,Not classified,2.35097,48.8566
1168,FR,France,Renewable energy consumption (% of total final energy consumption),2017,14.1,Europe & Central Asia,High income,Not classified,2.35097,48.8566
1169,FR,France,Renewable energy consumption (% of total final energy consumption),2016,14.2,Europe & Central Asia,High income,Not classified,2.35097,48.8566
1170,PF,French Polynesia,Renewable energy consumption (% of total final energy consumption),2025,,East Asia & Pacific,High income,Not classified,-149.57,-17.535
1171,PF,French Polynesia,Renewable energy consumption (% of total final energy consumption),2024,,East Asia & Pacific,High income,Not classified,-149.57,-17.535
1172,PF,French Polynesia,Renewable energy consumption (% of total final energy consumption),2023,,East Asia & Pacific,High income,Not classified,-149.57,-17.535
1173,PF,French Polynesia,Renewable energy consumption (% of total final energy consumption),2022,7.0,East Asia & Pacific,High income,Not classified,-149.57,-17.535
1174,PF,French Polynesia,Renewable energy consumption (% of total final energy consumption),2021,7.4,East Asia & Pacific,High income,Not classified,-149.57,-17.535
1175,PF,French Polynesia,Renewable energy consumption (% of total final energy consumption),2020,8.2,East Asia & Pacific,High income,Not classified,-149.57,-17.535
1176,PF,French Polynesia,Renewable energy consumption (% of total final energy consumption),2019,7.7,East Asia & Pacific,High income,Not classified,-149.57,-17.535
1177,PF,French Polynesia,Renewable energy consumption (% of total final energy consumption),2018,7.7,East Asia & Pacific,High income,Not classified,-149.57,-17.535
1178,PF,French Polynesia,Renewable energy consumption (% of total final energy consumption),2017,8.1,East Asia & Pacific,High income,Not classified,-149.57,-17.535
1179,PF,French Polynesia,Renewable energy consumption (% of total final energy consumption),2016,8.1,East Asia & Pacific,High income,Not classified,-149.57,-17.535
1180,GA,Gabon,Renewable energy consumption (% of total final energy consumption),2025,,Sub-Saharan Africa ,Upper middle income,IBRD,9.45162,0.38832
1181,GA,Gabon,Renewable energy consumption (% of total final energy consumption),2024,,Sub-Saharan Africa ,Upper middle income,IBRD,9.45162,0.38832
1182,GA,Gabon,Renewable energy consumption (% of total final energy consumption),2023,,Sub-Saharan Africa ,Upper middle income,IBRD,9.45162,0.38832
1183,GA,Gabon,Renewable energy consumption (% of total final energy consumption),2022,,Sub-Saharan Africa ,Upper middle income,IBRD,9.45162,0.38832
1184,GA,Gabon,Renewable energy consumption (% of total final energy consumption),2021,91.3,Sub-Saharan Africa ,Upper middle income,IBRD,9.45162,0.38832
1185,GA,Gabon,Renewable energy consumption (% of total final energy consumption),2020,91.3,Sub-Saharan Africa ,Upper middle income,IBRD,9.45162,0.38832
1186,GA,Gabon,Renewable energy consumption (% of total final energy consumption),2019,90.2,Sub-Saharan Africa ,Upper middle income,IBRD,9.45162,0.38832
1187,GA,Gabon,Renewable energy consumption (% of total final energy consumption),2018,90.3,Sub-Saharan Africa ,Upper middle income,IBRD,9.45162,0.38832
1188,GA,Gabon,Renewable energy consumption (% of total final energy consumption),2017,90.2,Sub-Saharan Africa ,Upper middle income,IBRD,9.45162,0.38832
1189,GA,Gabon,Renewable energy consumption (% of total final energy consumption),2016,81.5,Sub-Saharan Africa ,Upper middle income,IBRD,9.45162,0.38832
1190,GM,"Gambia, The",Renewable energy consumption (% of total final energy consumption),2025,,Sub-Saharan Africa ,Low income,IDA,-16.5885,13.4495
1191,GM,"Gambia, The",Renewable energy consumption (% of total final energy consumption),2024,,Sub-Saharan Africa ,Low income,IDA,-16.5885,13.4495
1192,GM,"Gambia, The",Renewable energy consumption (% of total final energy consumption),2023,,Sub-Saharan Africa ,Low income,IDA,-16.5885,13.4495
1193,GM,"Gambia, The",Renewable energy consumption (% of total final energy consumption),2022,47.7,Sub-Saharan Africa ,Low income,IDA,-16.5885,13.4495
1194,GM,"Gambia, The",Renewable energy consumption (% of total final energy consumption),2021,48.6,Sub-Saharan Africa ,Low income,IDA,-16.5885,13.4495
1195,GM,"Gambia, The",Renewable energy consumption (% of total final energy consumption),2020,49.8,Sub-Saharan Africa ,Low income,IDA,-16.5885,13.4495
1196,GM,"Gambia, The",Renewable energy consumption (% of total final energy consumption),2019,47.4,Sub-Saharan Africa ,Low income,IDA,-16.5885,13.4495
1197,GM,"Gambia, The",Renewable energy consumption (% of total final energy consumption),2018,48.1,Sub-Saharan Africa ,Low income,IDA,-16.5885,13.4495
1198,GM,"Gambia, The",Renewable energy consumption (% of total final energy consumption),2017,48.0,Sub-Saharan Africa ,Low income,IDA,-16.5885,13.4495
1199,GM,"Gambia, The",Renewable energy consumption (% of total final energy consumption),2016,48.6,Sub-Saharan Africa ,Low income,IDA,-16.5885,13.4495
1200,GE,Georgia,Renewable energy consumption (% of total final energy consumption),2025,,Europe & Central Asia,Upper middle income,IBRD,44.793,41.71
1201,GE,Georgia,Renewable energy consumption (% of total final energy consumption),2024,,Europe & Central Asia,Upper middle income,IBRD,44.793,41.71
1202,GE,Georgia,Renewable energy consumption (% of total final energy consumption),2023,,Europe & Central Asia,Upper middle income,IBRD,44.793,41.71
1203,GE,Georgia,Renewable energy consumption (% of total final energy consumption),2022,,Europe & Central Asia,Upper middle income,IBRD,44.793,41.71
1204,GE,Georgia,Renewable energy consumption (% of total final energy consumption),2021,25.2,Europe & Central Asia,Upper middle income,IBRD,44.793,41.71
1205,GE,Georgia,Renewable energy consumption (% of total final energy consumption),2020,23.4,Europe & Central Asia,Upper middle income,IBRD,44.793,41.71
1206,GE,Georgia,Renewable energy consumption (% of total final energy consumption),2019,24.7,Europe & Central Asia,Upper middle income,IBRD,44.793,41.71
1207,GE,Georgia,Renewable energy consumption (% of total final energy consumption),2018,27.4,Europe & Central Asia,Upper middle income,IBRD,44.793,41.71
1208,GE,Georgia,Renewable energy consumption (% of total final energy consumption),2017,27.5,Europe & Central Asia,Upper middle income,IBRD,44.793,41.71
1209,GE,Georgia,Renewable energy consumption (% of total final energy consumption),2016,27.2,Europe & Central Asia,Upper middle income,IBRD,44.793,41.71
1210,DE,Germany,Renewable energy consumption (% of total final energy consumption),2025,,Europe & Central Asia,High income,Not classified,13.4115,52.5235
1211,DE,Germany,Renewable energy consumption (% of total final energy consumption),2024,,Europe & Central Asia,High income,Not classified,13.4115,52.5235
1212,DE,Germany,Renewable energy consumption (% of total final energy consumption),2023,,Europe & Central Asia,High income,Not classified,13.4115,52.5235
1213,DE,Germany,Renewable energy consumption (% of total final energy consumption),2022,,Europe & Central Asia,High income,Not classified,13.4115,52.5235
1214,DE,Germany,Renewable energy consumption (% of total final energy consumption),2021,17.6,Europe & Central Asia,High income,Not classified,13.4115,52.5235
1215,DE,Germany,Renewable energy consumption (% of total final energy consumption),2020,18.5,Europe & Central Asia,High income,Not classified,13.4115,52.5235
1216,DE,Germany,Renewable energy consumption (% of total final energy consumption),2019,17.1,Europe & Central Asia,High income,Not classified,13.4115,52.5235
1217,DE,Germany,Renewable energy consumption (% of total final energy consumption),2018,16.0,Europe & Central Asia,High income,Not classified,13.4115,52.5235
1218,DE,Germany,Renewable energy consumption (% of total final energy consumption),2017,15.2,Europe & Central Asia,High income,Not classified,13.4115,52.5235
1219,DE,Germany,Renewable energy consumption (% of total final energy consumption),2016,14.2,Europe & Central Asia,High income,Not classified,13.4115,52.5235
1220,GH,Ghana,Renewable energy consumption (% of total final energy consumption),2025,,Sub-Saharan Africa ,Lower middle income,IDA,-0.20795,5.57045
1221,GH,Ghana,Renewable energy consumption (% of total final energy consumption),2024,,Sub-Saharan Africa ,Lower middle income,IDA,-0.20795,5.57045
1222,GH,Ghana,Renewable energy consumption (% of total final energy consumption),2023,,Sub-Saharan Africa ,Lower middle income,IDA,-0.20795,5.57045
1223,GH,Ghana,Renewable energy consumption (% of total final energy consumption),2022,,Sub-Saharan Africa ,Lower middle income,IDA,-0.20795,5.57045
1224,GH,Ghana,Renewable energy consumption (% of total final energy consumption),2021,39.0,Sub-Saharan Africa ,Lower middle income,IDA,-0.20795,5.57045
1225,GH,Ghana,Renewable energy consumption (% of total final energy consumption),2020,40.0,Sub-Saharan Africa ,Lower middle income,IDA,-0.20795,5.57045
1226,GH,Ghana,Renewable energy consumption (% of total final energy consumption),2019,42.6,Sub-Saharan Africa ,Lower middle income,IDA,-0.20795,5.57045
1227,GH,Ghana,Renewable energy consumption (% of total final energy consumption),2018,42.1,Sub-Saharan Africa ,Lower middle income,IDA,-0.20795,5.57045
1228,GH,Ghana,Renewable energy consumption (% of total final energy consumption),2017,45.3,Sub-Saharan Africa ,Lower middle income,IDA,-0.20795,5.57045
1229,GH,Ghana,Renewable energy consumption (% of total final energy consumption),2016,45.2,Sub-Saharan Africa ,Lower middle income,IDA,-0.20795,5.57045
1230,GI,Gibraltar,Renewable energy consumption (% of total final energy consumption),2025,,Europe & Central Asia,High income,Not classified,,
1231,GI,Gibraltar,Renewable energy consumption (% of total final energy consumption),2024,,Europe & Central Asia,High income,Not classified,,
1232,GI,Gibraltar,Renewable energy consumption (% of total final energy consumption),2023,,Europe & Central Asia,High income,Not classified,,
1233,GI,Gibraltar,Renewable energy consumption (% of total final energy consumption),2022,,Europe & Central Asia,High income,Not classified,,
1234,GI,Gibraltar,Renewable energy consumption (% of total final energy consumption),2021,0.0,Europe & Central Asia,High income,Not classified,,
1235,GI,Gibraltar,Renewable energy consumption (% of total final energy consumption),2020,0.0,Europe & Central Asia,High income,Not classified,,
1236,GI,Gibraltar,Renewable energy consumption (% of total final energy consumption),2019,0.0,Europe & Central Asia,High income,Not classified,,
1237,GI,Gibraltar,Renewable energy consumption (% of total final energy consumption),2018,0.0,Europe & Central Asia,High income,Not classified,,
1238,GI,Gibraltar,Renewable energy consumption (% of total final energy consumption),2017,0.0,Europe & Central Asia,High income,Not classified,,
1239,GI,Gibraltar,Renewable energy consumption (% of total final energy consumption),2016,0.0,Europe & Central Asia,High income,Not classified,,
1240,GR,Greece,Renewable energy consumption (% of total final energy consumption),2025,,Europe & Central Asia,High income,Not classified,23.7166,37.9792
1241,GR,Greece,Renewable energy consumption (% of total final energy consumption),2024,,Europe & Central Asia,High income,Not classified,23.7166,37.9792
1242,GR,Greece,Renewable energy consumption (% of total final energy consumption),2023,,Europe & Central Asia,High income,Not classified,23.7166,37.9792
1243,GR,Greece,Renewable energy consumption (% of total final energy consumption),2022,,Europe & Central Asia,High income,Not classified,23.7166,37.9792
1244,GR,Greece,Renewable energy consumption (% of total final energy consumption),2021,21.5,Europe & Central Asia,High income,Not classified,23.7166,37.9792
1245,GR,Greece,Renewable energy consumption (% of total final energy consumption),2020,20.1,Europe & Central Asia,High income,Not classified,23.7166,37.9792
1246,GR,Greece,Renewable energy consumption (% of total final energy consumption),2019,18.5,Europe & Central Asia,High income,Not classified,23.7166,37.9792
1247,GR,Greece,Renewable energy consumption (% of total final energy consumption),2018,17.9,Europe & Central Asia,High income,Not classified,23.7166,37.9792
1248,GR,Greece,Renewable energy consumption (% of total final energy consumption),2017,16.4,Europe & Central Asia,High income,Not classified,23.7166,37.9792
1249,GR,Greece,Renewable energy consumption (% of total final energy consumption),2016,16.4,Europe & Central Asia,High income,Not classified,23.7166,37.9792
1250,GL,Greenland,Renewable energy consumption (% of total final energy consumption),2025,,Europe & Central Asia,High income,Not classified,-51.7214,64.1836
1251,GL,Greenland,Renewable energy consumption (% of total final energy consumption),2024,,Europe & Central Asia,High income,Not classified,-51.7214,64.1836
1252,GL,Greenland,Renewable energy consumption (% of total final energy consumption),2023,,Europe & Central Asia,High income,Not classified,-51.7214,64.1836
1253,GL,Greenland,Renewable energy consumption (% of total final energy consumption),2022,11.7,Europe & Central Asia,High income,Not classified,-51.7214,64.1836
1254,GL,Greenland,Renewable energy consumption (% of total final energy consumption),2021,11.6,Europe & Central Asia,High income,Not classified,-51.7214,64.1836
1255,GL,Greenland,Renewable energy consumption (% of total final energy consumption),2020,11.8,Europe & Central Asia,High income,Not classified,-51.7214,64.1836
1256,GL,Greenland,Renewable energy consumption (% of total final energy consumption),2019,10.9,Europe & Central Asia,High income,Not classified,-51.7214,64.1836
1257,GL,Greenland,Renewable energy consumption (% of total final energy consumption),2018,11.4,Europe & Central Asia,High income,Not classified,-51.7214,64.1836
1258,GL,Greenland,Renewable energy consumption (% of total final energy consumption),2017,11.3,Europe & Central Asia,High income,Not classified,-51.7214,64.1836
1259,GL,Greenland,Renewable energy consumption (% of total final energy consumption),2016,12.4,Europe & Central Asia,High income,Not classified,-51.7214,64.1836
1260,GD,Grenada,Renewable energy consumption (% of total final energy consumption),2025,,Latin America & Caribbean ,Upper middle income,Blend,-61.7449,12.0653
1261,GD,Grenada,Renewable energy consumption (% of total final energy consumption),2024,,Latin America & Caribbean ,Upper middle income,Blend,-61.7449,12.0653
1262,GD,Grenada,Renewable energy consumption (% of total final energy consumption),2023,,Latin America & Caribbean ,Upper middle income,Blend,-61.7449,12.0653
1263,GD,Grenada,Renewable energy consumption (% of total final energy consumption),2022,10.0,Latin America & Caribbean ,Upper middle income,Blend,-61.7449,12.0653
1264,GD,Grenada,Renewable energy consumption (% of total final energy consumption),2021,10.2,Latin America & Caribbean ,Upper middle income,Blend,-61.7449,12.0653
1265,GD,Grenada,Renewable energy consumption (% of total final energy consumption),2020,10.3,Latin America & Caribbean ,Upper middle income,Blend,-61.7449,12.0653
1266,GD,Grenada,Renewable energy consumption (% of total final energy consumption),2019,10.4,Latin America & Caribbean ,Upper middle income,Blend,-61.7449,12.0653
1267,GD,Grenada,Renewable energy consumption (% of total final energy consumption),2018,10.7,Latin America & Caribbean ,Upper middle income,Blend,-61.7449,12.0653
1268,GD,Grenada,Renewable energy consumption (% of total final energy consumption),2017,10.2,Latin America & Caribbean ,Upper middle income,Blend,-61.7449,12.0653
1269,GD,Grenada,Renewable energy consumption (% of total final energy consumption),2016,10.4,Latin America & Caribbean ,Upper middle income,Blend,-61.7449,12.0653
1270,GU,Guam,Renewable energy consumption (% of total final energy consumption),2025,,East Asia & Pacific,High income,Not classified,144.794,13.4443
1271,GU,Guam,Renewable energy consumption (% of total final energy consumption),2024,,East Asia & Pacific,High income,Not classified,144.794,13.4443
1272,GU,Guam,Renewable energy consumption (% of total final energy consumption),2023,,East Asia & Pacific,High income,Not classified,144.794,13.4443
1273,GU,Guam,Renewable energy consumption (% of total final energy consumption),2022,6.7,East Asia & Pacific,High income,Not classified,144.794,13.4443
1274,GU,Guam,Renewable energy consumption (% of total final energy consumption),2021,4.5,East Asia & Pacific,High income,Not classified,144.794,13.4443
1275,GU,Guam,Renewable energy consumption (% of total final energy consumption),2020,4.6,East Asia & Pacific,High income,Not classified,144.794,13.4443
1276,GU,Guam,Renewable energy consumption (% of total final energy consumption),2019,4.5,East Asia & Pacific,High income,Not classified,144.794,13.4443
1277,GU,Guam,Renewable energy consumption (% of total final energy consumption),2018,4.5,East Asia & Pacific,High income,Not classified,144.794,13.4443
1278,GU,Guam,Renewable energy consumption (% of total final energy consumption),2017,3.9,East Asia & Pacific,High income,Not classified,144.794,13.4443
1279,GU,Guam,Renewable energy consumption (% of total final energy consumption),2016,4.4,East Asia & Pacific,High income,Not classified,144.794,13.4443
1280,GT,Guatemala,Renewable energy consumption (% of total final energy consumption),2025,,Latin America & Caribbean ,Upper middle income,IBRD,-90.5328,14.6248
1281,GT,Guatemala,Renewable energy consumption (% of total final energy consumption),2024,,Latin America & Caribbean ,Upper middle income,IBRD,-90.5328,14.6248
1282,GT,Guatemala,Renewable energy consumption (% of total final energy consumption),2023,,Latin America & Caribbean ,Upper middle income,IBRD,-90.5328,14.6248
1283,GT,Guatemala,Renewable energy consumption (% of total final energy consumption),2022,,Latin America & Caribbean ,Upper middle income,IBRD,-90.5328,14.6248
1284,GT,Guatemala,Renewable energy consumption (% of total final energy consumption),2021,62.1,Latin America & Caribbean ,Upper middle income,IBRD,-90.5328,14.6248
1285,GT,Guatemala,Renewable energy consumption (% of total final energy consumption),2020,65.5,Latin America & Caribbean ,Upper middle income,IBRD,-90.5328,14.6248
1286,GT,Guatemala,Renewable energy consumption (% of total final energy consumption),2019,62.8,Latin America & Caribbean ,Upper middle income,IBRD,-90.5328,14.6248
1287,GT,Guatemala,Renewable energy consumption (% of total final energy consumption),2018,64.0,Latin America & Caribbean ,Upper middle income,IBRD,-90.5328,14.6248
1288,GT,Guatemala,Renewable energy consumption (% of total final energy consumption),2017,65.0,Latin America & Caribbean ,Upper middle income,IBRD,-90.5328,14.6248
1289,GT,Guatemala,Renewable energy consumption (% of total final energy consumption),2016,63.2,Latin America & Caribbean ,Upper middle income,IBRD,-90.5328,14.6248
1290,GN,Guinea,Renewable energy consumption (% of total final energy consumption),2025,,Sub-Saharan Africa ,Lower middle income,IDA,-13.7,9.51667
1291,GN,Guinea,Renewable energy consumption (% of total final energy consumption),2024,,Sub-Saharan Africa ,Lower middle income,IDA,-13.7,9.51667
1292,GN,Guinea,Renewable energy consumption (% of total final energy consumption),2023,,Sub-Saharan Africa ,Lower middle income,IDA,-13.7,9.51667
1293,GN,Guinea,Renewable energy consumption (% of total final energy consumption),2022,66.6,Sub-Saharan Africa ,Lower middle income,IDA,-13.7,9.51667
1294,GN,Guinea,Renewable energy consumption (% of total final energy consumption),2021,66.8,Sub-Saharan Africa ,Lower middle income,IDA,-13.7,9.51667
1295,GN,Guinea,Renewable energy consumption (% of total final energy consumption),2020,65.8,Sub-Saharan Africa ,Lower middle income,IDA,-13.7,9.51667
1296,GN,Guinea,Renewable energy consumption (% of total final energy consumption),2019,68.3,Sub-Saharan Africa ,Lower middle income,IDA,-13.7,9.51667
1297,GN,Guinea,Renewable energy consumption (% of total final energy consumption),2018,73.2,Sub-Saharan Africa ,Lower middle income,IDA,-13.7,9.51667
1298,GN,Guinea,Renewable energy consumption (% of total final energy consumption),2017,72.0,Sub-Saharan Africa ,Lower middle income,IDA,-13.7,9.51667
1299,GN,Guinea,Renewable energy consumption (% of total final energy consumption),2016,75.3,Sub-Saharan Africa ,Lower middle income,IDA,-13.7,9.51667
1300,GW,Guinea-Bissau,Renewable energy consumption (% of total final energy consumption),2025,,Sub-Saharan Africa ,Low income,IDA,-15.1804,11.8037
1301,GW,Guinea-Bissau,Renewable energy consumption (% of total final energy consumption),2024,,Sub-Saharan Africa ,Low income,IDA,-15.1804,11.8037
1302,GW,Guinea-Bissau,Renewable energy consumption (% of total final energy consumption),2023,,Sub-Saharan Africa ,Low income,IDA,-15.1804,11.8037
1303,GW,Guinea-Bissau,Renewable energy consumption (% of total final energy consumption),2022,87.4,Sub-Saharan Africa ,Low income,IDA,-15.1804,11.8037
1304,GW,Guinea-Bissau,Renewable energy consumption (% of total final energy consumption),2021,87.4,Sub-Saharan Africa ,Low income,IDA,-15.1804,11.8037
1305,GW,Guinea-Bissau,Renewable energy consumption (% of total final energy consumption),2020,87.2,Sub-Saharan Africa ,Low income,IDA,-15.1804,11.8037
1306,GW,Guinea-Bissau,Renewable energy consumption (% of total final energy consumption),2019,86.2,Sub-Saharan Africa ,Low income,IDA,-15.1804,11.8037
1307,GW,Guinea-Bissau,Renewable energy consumption (% of total final energy consumption),2018,86.6,Sub-Saharan Africa ,Low income,IDA,-15.1804,11.8037
1308,GW,Guinea-Bissau,Renewable energy consumption (% of total final energy consumption),2017,86.8,Sub-Saharan Africa ,Low income,IDA,-15.1804,11.8037
1309,GW,Guinea-Bissau,Renewable energy consumption (% of total final energy consumption),2016,86.8,Sub-Saharan Africa ,Low income,IDA,-15.1804,11.8037
1310,GY,Guyana,Renewable energy consumption (% of total final energy consumption),2025,,Latin America & Caribbean ,High income,IDA,-58.1548,6.80461
1311,GY,Guyana,Renewable energy consumption (% of total final energy consumption),2024,,Latin America & Caribbean ,High income,IDA,-58.1548,6.80461
1312,GY,Guyana,Renewable energy consumption (% of total final energy consumption),2023,,Latin America & Caribbean ,High income,IDA,-58.1548,6.80461
1313,GY,Guyana,Renewable energy consumption (% of total final energy consumption),2022,12.1,Latin America & Caribbean ,High income,IDA,-58.1548,6.80461
1314,GY,Guyana,Renewable energy consumption (% of total final energy consumption),2021,13.2,Latin America & Caribbean ,High income,IDA,-58.1548,6.80461
1315,GY,Guyana,Renewable energy consumption (% of total final energy consumption),2020,12.0,Latin America & Caribbean ,High income,IDA,-58.1548,6.80461
1316,GY,Guyana,Renewable energy consumption (% of total final energy consumption),2019,11.3,Latin America & Caribbean ,High income,IDA,-58.1548,6.80461
1317,GY,Guyana,Renewable energy consumption (% of total final energy consumption),2018,16.8,Latin America & Caribbean ,High income,IDA,-58.1548,6.80461
1318,GY,Guyana,Renewable energy consumption (% of total final energy consumption),2017,22.1,Latin America & Caribbean ,High income,IDA,-58.1548,6.80461
1319,GY,Guyana,Renewable energy consumption (% of total final energy consumption),2016,21.3,Latin America & Caribbean ,High income,IDA,-58.1548,6.80461
1320,HT,Haiti,Renewable energy consumption (% of total final energy consumption),2025,,Latin America & Caribbean ,Lower middle income,IDA,-72.3288,18.5392
1321,HT,Haiti,Renewable energy consumption (% of total final energy consumption),2024,,Latin America & Caribbean ,Lower middle income,IDA,-72.3288,18.5392
1322,HT,Haiti,Renewable energy consumption (% of total final energy consumption),2023,,Latin America & Caribbean ,Lower middle income,IDA,-72.3288,18.5392
1323,HT,Haiti,Renewable energy consumption (% of total final energy consumption),2022,,Latin America & Caribbean ,Lower middle income,IDA,-72.3288,18.5392
1324,HT,Haiti,Renewable energy consumption (% of total final energy consumption),2021,76.7,Latin America & Caribbean ,Lower middle income,IDA,-72.3288,18.5392
1325,HT,Haiti,Renewable energy consumption (% of total final energy consumption),2020,76.3,Latin America & Caribbean ,Lower middle income,IDA,-72.3288,18.5392
1326,HT,Haiti,Renewable energy consumption (% of total final energy consumption),2019,76.4,Latin America & Caribbean ,Lower middle income,IDA,-72.3288,18.5392
1327,HT,Haiti,Renewable energy consumption (% of total final energy consumption),2018,76.2,Latin America & Caribbean ,Lower middle income,IDA,-72.3288,18.5392
1328,HT,Haiti,Renewable energy consumption (% of total final energy consumption),2017,76.2,Latin America & Caribbean ,Lower middle income,IDA,-72.3288,18.5392
1329,HT,Haiti,Renewable energy consumption (% of total final energy consumption),2016,76.1,Latin America & Caribbean ,Lower middle income,IDA,-72.3288,18.5392
1330,HN,Honduras,Renewable energy consumption (% of total final energy consumption),2025,,Latin America & Caribbean ,Lower middle income,IDA,-87.4667,15.1333
1331,HN,Honduras,Renewable energy consumption (% of total final energy consumption),2024,,Latin America & Caribbean ,Lower middle income,IDA,-87.4667,15.1333
1332,HN,Honduras,Renewable energy consumption (% of total final energy consumption),2023,,Latin America & Caribbean ,Lower middle income,IDA,-87.4667,15.1333
1333,HN,Honduras,Renewable energy consumption (% of total final energy consumption),2022,,Latin America & Caribbean ,Lower middle income,IDA,-87.4667,15.1333
1334,HN,Honduras,Renewable energy consumption (% of total final energy consumption),2021,45.9,Latin America & Caribbean ,Lower middle income,IDA,-87.4667,15.1333
1335,HN,Honduras,Renewable energy consumption (% of total final energy consumption),2020,50.2,Latin America & Caribbean ,Lower middle income,IDA,-87.4667,15.1333
1336,HN,Honduras,Renewable energy consumption (% of total final energy consumption),2019,46.2,Latin America & Caribbean ,Lower middle income,IDA,-87.4667,15.1333
1337,HN,Honduras,Renewable energy consumption (% of total final energy consumption),2018,48.9,Latin America & Caribbean ,Lower middle income,IDA,-87.4667,15.1333
1338,HN,Honduras,Renewable energy consumption (% of total final energy consumption),2017,45.6,Latin America & Caribbean ,Lower middle income,IDA,-87.4667,15.1333
1339,HN,Honduras,Renewable energy consumption (% of total final energy consumption),2016,52.7,Latin America & Caribbean ,Lower middle income,IDA,-87.4667,15.1333
1340,HK,"Hong Kong SAR, China",Renewable energy consumption (% of total final energy consumption),2025,,East Asia & Pacific,High income,Not classified,114.109,22.3964
1341,HK,"Hong Kong SAR, China",Renewable energy consumption (% of total final energy consumption),2024,,East Asia & Pacific,High income,Not classified,114.109,22.3964
1342,HK,"Hong Kong SAR, China",Renewable energy consumption (% of total final energy consumption),2023,,East Asia & Pacific,High income,Not classified,114.109,22.3964
1343,HK,"Hong Kong SAR, China",Renewable energy consumption (% of total final energy consumption),2022,,East Asia & Pacific,High income,Not classified,114.109,22.3964
1344,HK,"Hong Kong SAR, China",Renewable energy consumption (% of total final energy consumption),2021,0.4,East Asia & Pacific,High income,Not classified,114.109,22.3964
1345,HK,"Hong Kong SAR, China",Renewable energy consumption (% of total final energy consumption),2020,0.3,East Asia & Pacific,High income,Not classified,114.109,22.3964
1346,HK,"Hong Kong SAR, China",Renewable energy consumption (% of total final energy consumption),2019,0.2,East Asia & Pacific,High income,Not classified,114.109,22.3964
1347,HK,"Hong Kong SAR, China",Renewable energy consumption (% of total final energy consumption),2018,0.2,East Asia & Pacific,High income,Not classified,114.109,22.3964
1348,HK,"Hong Kong SAR, China",Renewable energy consumption (% of total final energy consumption),2017,0.2,East Asia & Pacific,High income,Not classified,114.109,22.3964
1349,HK,"Hong Kong SAR, China",Renewable energy consumption (% of total final energy consumption),2016,0.2,East Asia & Pacific,High income,Not classified,114.109,22.3964
1350,HU,Hungary,Renewable energy consumption (% of total final energy consumption),2025,,Europe & Central Asia,High income,Not classified,19.0408,47.4984
1351,HU,Hungary,Renewable energy consumption (% of total final energy consumption),2024,,Europe & Central Asia,High income,Not classified,19.0408,47.4984
1352,HU,Hungary,Renewable energy consumption (% of total final energy consumption),2023,,Europe & Central Asia,High income,Not classified,19.0408,47.4984
1353,HU,Hungary,Renewable energy consumption (% of total final energy consumption),2022,,Europe & Central Asia,High income,Not classified,19.0408,47.4984
1354,HU,Hungary,Renewable energy consumption (% of total final energy consumption),2021,15.3,Europe & Central Asia,High income,Not classified,19.0408,47.4984
1355,HU,Hungary,Renewable energy consumption (% of total final energy consumption),2020,14.8,Europe & Central Asia,High income,Not classified,19.0408,47.4984
1356,HU,Hungary,Renewable energy consumption (% of total final energy consumption),2019,13.6,Europe & Central Asia,High income,Not classified,19.0408,47.4984
1357,HU,Hungary,Renewable energy consumption (% of total final energy consumption),2018,13.6,Europe & Central Asia,High income,Not classified,19.0408,47.4984
1358,HU,Hungary,Renewable energy consumption (% of total final energy consumption),2017,14.6,Europe & Central Asia,High income,Not classified,19.0408,47.4984
1359,HU,Hungary,Renewable energy consumption (% of total final energy consumption),2016,15.3,Europe & Central Asia,High income,Not classified,19.0408,47.4984
1360,IS,Iceland,Renewable energy consumption (% of total final energy consumption),2025,,Europe & Central Asia,High income,Not classified,-21.8952,64.1353
1361,IS,Iceland,Renewable energy consumption (% of total final energy consumption),2024,,Europe & Central Asia,High income,Not classified,-21.8952,64.1353
1362,IS,Iceland,Renewable energy consumption (% of total final energy consumption),2023,,Europe & Central Asia,High income,Not classified,-21.8952,64.1353
1363,IS,Iceland,Renewable energy consumption (% of total final energy consumption),2022,,Europe & Central Asia,High income,Not classified,-21.8952,64.1353
1364,IS,Iceland,Renewable energy consumption (% of total final energy consumption),2021,82.4,Europe & Central Asia,High income,Not classified,-21.8952,64.1353
1365,IS,Iceland,Renewable energy consumption (% of total final energy consumption),2020,82.9,Europe & Central Asia,High income,Not classified,-21.8952,64.1353
1366,IS,Iceland,Renewable energy consumption (% of total final energy consumption),2019,81.7,Europe & Central Asia,High income,Not classified,-21.8952,64.1353
1367,IS,Iceland,Renewable energy consumption (% of total final energy consumption),2018,81.4,Europe & Central Asia,High income,Not classified,-21.8952,64.1353
1368,IS,Iceland,Renewable energy consumption (% of total final energy consumption),2017,80.8,Europe & Central Asia,High income,Not classified,-21.8952,64.1353
1369,IS,Iceland,Renewable energy consumption (% of total final energy consumption),2016,80.9,Europe & Central Asia,High income,Not classified,-21.8952,64.1353
1370,IN,India,Renewable energy consumption (% of total final energy consumption),2025,,South Asia,Lower middle income,IBRD,77.225,28.6353
1371,IN,India,Renewable energy consumption (% of total final energy consumption),2024,,South Asia,Lower middle income,IBRD,77.225,28.6353
1372,IN,India,Renewable energy consumption (% of total final energy consumption),2023,,South Asia,Lower middle income,IBRD,77.225,28.6353
1373,IN,India,Renewable energy consumption (% of total final energy consumption),2022,,South Asia,Lower middle income,IBRD,77.225,28.6353
1374,IN,India,Renewable energy consumption (% of total final energy consumption),2021,34.9,South Asia,Lower middle income,IBRD,77.225,28.6353
1375,IN,India,Renewable energy consumption (% of total final energy consumption),2020,36.1,South Asia,Lower middle income,IBRD,77.225,28.6353
1376,IN,India,Renewable energy consumption (% of total final energy consumption),2019,33.5,South Asia,Lower middle income,IBRD,77.225,28.6353
1377,IN,India,Renewable energy consumption (% of total final energy consumption),2018,32.9,South Asia,Lower middle income,IBRD,77.225,28.6353
1378,IN,India,Renewable energy consumption (% of total final energy consumption),2017,32.5,South Asia,Lower middle income,IBRD,77.225,28.6353
1379,IN,India,Renewable energy consumption (% of total final energy consumption),2016,33.0,South Asia,Lower middle income,IBRD,77.225,28.6353
1380,ID,Indonesia,Renewable energy consumption (% of total final energy consumption),2025,,East Asia & Pacific,Upper middle income,IBRD,106.83,-6.19752
1381,ID,Indonesia,Renewable energy consumption (% of total final energy consumption),2024,,East Asia & Pacific,Upper middle income,IBRD,106.83,-6.19752
1382,ID,Indonesia,Renewable energy consumption (% of total final energy consumption),2023,,East Asia & Pacific,Upper middle income,IBRD,106.83,-6.19752
1383,ID,Indonesia,Renewable energy consumption (% of total final energy consumption),2022,,East Asia & Pacific,Upper middle income,IBRD,106.83,-6.19752
1384,ID,Indonesia,Renewable energy consumption (% of total final energy consumption),2021,20.2,East Asia & Pacific,Upper middle income,IBRD,106.83,-6.19752
1385,ID,Indonesia,Renewable energy consumption (% of total final energy consumption),2020,21.9,East Asia & Pacific,Upper middle income,IBRD,106.83,-6.19752
1386,ID,Indonesia,Renewable energy consumption (% of total final energy consumption),2019,19.8,East Asia & Pacific,Upper middle income,IBRD,106.83,-6.19752
1387,ID,Indonesia,Renewable energy consumption (% of total final energy consumption),2018,22.0,East Asia & Pacific,Upper middle income,IBRD,106.83,-6.19752
1388,ID,Indonesia,Renewable energy consumption (% of total final energy consumption),2017,25.2,East Asia & Pacific,Upper middle income,IBRD,106.83,-6.19752
1389,ID,Indonesia,Renewable energy consumption (% of total final energy consumption),2016,27.8,East Asia & Pacific,Upper middle income,IBRD,106.83,-6.19752
1390,IR,"Iran, Islamic Rep.",Renewable energy consumption (% of total final energy consumption),2025,,"Middle East, North Africa, Afghanistan & Pakistan",Upper middle income,IBRD,51.4447,35.6878
1391,IR,"Iran, Islamic Rep.",Renewable energy consumption (% of total final energy consumption),2024,,"Middle East, North Africa, Afghanistan & Pakistan",Upper middle income,IBRD,51.4447,35.6878
1392,IR,"Iran, Islamic Rep.",Renewable energy consumption (% of total final energy consumption),2023,,"Middle East, North Africa, Afghanistan & Pakistan",Upper middle income,IBRD,51.4447,35.6878
1393,IR,"Iran, Islamic Rep.",Renewable energy consumption (% of total final energy consumption),2022,,"Middle East, North Africa, Afghanistan & Pakistan",Upper middle income,IBRD,51.4447,35.6878
1394,IR,"Iran, Islamic Rep.",Renewable energy consumption (% of total final energy consumption),2021,0.9,"Middle East, North Africa, Afghanistan & Pakistan",Upper middle income,IBRD,51.4447,35.6878
1395,IR,"Iran, Islamic Rep.",Renewable energy consumption (% of total final energy consumption),2020,0.9,"Middle East, North Africa, Afghanistan & Pakistan",Upper middle income,IBRD,51.4447,35.6878
1396,IR,"Iran, Islamic Rep.",Renewable energy consumption (% of total final energy consumption),2019,1.0,"Middle East, North Africa, Afghanistan & Pakistan",Upper middle income,IBRD,51.4447,35.6878
1397,IR,"Iran, Islamic Rep.",Renewable energy consumption (% of total final energy consumption),2018,1.0,"Middle East, North Africa, Afghanistan & Pakistan",Upper middle income,IBRD,51.4447,35.6878
1398,IR,"Iran, Islamic Rep.",Renewable energy consumption (% of total final energy consumption),2017,1.0,"Middle East, North Africa, Afghanistan & Pakistan",Upper middle income,IBRD,51.4447,35.6878
1399,IR,"Iran, Islamic Rep.",Renewable energy consumption (% of total final energy consumption),2016,1.0,"Middle East, North Africa, Afghanistan & Pakistan",Upper middle income,IBRD,51.4447,35.6878
1400,IQ,Iraq,Renewable energy consumption (% of total final energy consumption),2025,,"Middle East, North Africa, Afghanistan & Pakistan",Upper middle income,IBRD,44.394,33.3302
1401,IQ,Iraq,Renewable energy consumption (% of total final energy consumption),2024,,"Middle East, North Africa, Afghanistan & Pakistan",Upper middle income,IBRD,44.394,33.3302
1402,IQ,Iraq,Renewable energy consumption (% of total final energy consumption),2023,,"Middle East, North Africa, Afghanistan & Pakistan",Upper middle income,IBRD,44.394,33.3302
1403,IQ,Iraq,Renewable energy consumption (% of total final energy consumption),2022,,"Middle East, North Africa, Afghanistan & Pakistan",Upper middle income,IBRD,44.394,33.3302
1404,IQ,Iraq,Renewable energy consumption (% of total final energy consumption),2021,1.1,"Middle East, North Africa, Afghanistan & Pakistan",Upper middle income,IBRD,44.394,33.3302
1405,IQ,Iraq,Renewable energy consumption (% of total final energy consumption),2020,1.1,"Middle East, North Africa, Afghanistan & Pakistan",Upper middle income,IBRD,44.394,33.3302
1406,IQ,Iraq,Renewable energy consumption (% of total final energy consumption),2019,0.9,"Middle East, North Africa, Afghanistan & Pakistan",Upper middle income,IBRD,44.394,33.3302
1407,IQ,Iraq,Renewable energy consumption (% of total final energy consumption),2018,0.5,"Middle East, North Africa, Afghanistan & Pakistan",Upper middle income,IBRD,44.394,33.3302
1408,IQ,Iraq,Renewable energy consumption (% of total final energy consumption),2017,0.5,"Middle East, North Africa, Afghanistan & Pakistan",Upper middle income,IBRD,44.394,33.3302
1409,IQ,Iraq,Renewable energy consumption (% of total final energy consumption),2016,0.9,"Middle East, North Africa, Afghanistan & Pakistan",Upper middle income,IBRD,44.394,33.3302
1410,IE,Ireland,Renewable energy consumption (% of total final energy consumption),2025,,Europe & Central Asia,High income,Not classified,-6.26749,53.3441
1411,IE,Ireland,Renewable energy consumption (% of total final energy consumption),2024,,Europe & Central Asia,High income,Not classified,-6.26749,53.3441
1412,IE,Ireland,Renewable energy consumption (% of total final energy consumption),2023,,Europe & Central Asia,High income,Not classified,-6.26749,53.3441
1413,IE,Ireland,Renewable energy consumption (% of total final energy consumption),2022,,Europe & Central Asia,High income,Not classified,-6.26749,53.3441
1414,IE,Ireland,Renewable energy consumption (% of total final energy consumption),2021,12.7,Europe & Central Asia,High income,Not classified,-6.26749,53.3441
1415,IE,Ireland,Renewable energy consumption (% of total final energy consumption),2020,13.7,Europe & Central Asia,High income,Not classified,-6.26749,53.3441
1416,IE,Ireland,Renewable energy consumption (% of total final energy consumption),2019,12.3,Europe & Central Asia,High income,Not classified,-6.26749,53.3441
1417,IE,Ireland,Renewable energy consumption (% of total final energy consumption),2018,10.8,Europe & Central Asia,High income,Not classified,-6.26749,53.3441
1418,IE,Ireland,Renewable energy consumption (% of total final energy consumption),2017,10.1,Europe & Central Asia,High income,Not classified,-6.26749,53.3441
1419,IE,Ireland,Renewable energy consumption (% of total final energy consumption),2016,8.6,Europe & Central Asia,High income,Not classified,-6.26749,53.3441
1420,IM,Isle of Man,Renewable energy consumption (% of total final energy consumption),2025,,Europe & Central Asia,High income,Not classified,-4.47928,54.1509
1421,IM,Isle of Man,Renewable energy consumption (% of total final energy consumption),2024,,Europe & Central Asia,High income,Not classified,-4.47928,54.1509
1422,IM,Isle of Man,Renewable energy consumption (% of total final energy consumption),2023,,Europe & Central Asia,High income,Not classified,-4.47928,54.1509
1423,IM,Isle of Man,Renewable energy consumption (% of total final energy consumption),2022,2.7,Europe & Central Asia,High income,Not classified,-4.47928,54.1509
1424,IM,Isle of Man,Renewable energy consumption (% of total final energy consumption),2021,3.2,Europe & Central Asia,High income,Not classified,-4.47928,54.1509
1425,IM,Isle of Man,Renewable energy consumption (% of total final energy consumption),2020,2.0,Europe & Central Asia,High income,Not classified,-4.47928,54.1509
1426,IM,Isle of Man,Renewable energy consumption (% of total final energy consumption),2019,1.9,Europe & Central Asia,High income,Not classified,-4.47928,54.1509
1427,IM,Isle of Man,Renewable energy consumption (% of total final energy consumption),2018,2.0,Europe & Central Asia,High income,Not classified,-4.47928,54.1509
1428,IM,Isle of Man,Renewable energy consumption (% of total final energy consumption),2017,1.9,Europe & Central Asia,High income,Not classified,-4.47928,54.1509
1429,IM,Isle of Man,Renewable energy consumption (% of total final energy consumption),2016,1.9,Europe & Central Asia,High income,Not classified,-4.47928,54.1509
1430,IL,Israel,Renewable energy consumption (% of total final energy consumption),2025,,"Middle East, North Africa, Afghanistan & Pakistan",High income,Not classified,35.2035,31.7717
1431,IL,Israel,Renewable energy consumption (% of total final energy consumption),2024,,"Middle East, North Africa, Afghanistan & Pakistan",High income,Not classified,35.2035,31.7717
1432,IL,Israel,Renewable energy consumption (% of total final energy consumption),2023,,"Middle East, North Africa, Afghanistan & Pakistan",High income,Not classified,35.2035,31.7717
1433,IL,Israel,Renewable energy consumption (% of total final energy consumption),2022,,"Middle East, North Africa, Afghanistan & Pakistan",High income,Not classified,35.2035,31.7717
1434,IL,Israel,Renewable energy consumption (% of total final energy consumption),2021,6.2,"Middle East, North Africa, Afghanistan & Pakistan",High income,Not classified,35.2035,31.7717
1435,IL,Israel,Renewable energy consumption (% of total final energy consumption),2020,5.6,"Middle East, North Africa, Afghanistan & Pakistan",High income,Not classified,35.2035,31.7717
1436,IL,Israel,Renewable energy consumption (% of total final energy consumption),2019,4.5,"Middle East, North Africa, Afghanistan & Pakistan",High income,Not classified,35.2035,31.7717
1437,IL,Israel,Renewable energy consumption (% of total final energy consumption),2018,3.8,"Middle East, North Africa, Afghanistan & Pakistan",High income,Not classified,35.2035,31.7717
1438,IL,Israel,Renewable energy consumption (% of total final energy consumption),2017,3.9,"Middle East, North Africa, Afghanistan & Pakistan",High income,Not classified,35.2035,31.7717
1439,IL,Israel,Renewable energy consumption (% of total final energy consumption),2016,4.0,"Middle East, North Africa, Afghanistan & Pakistan",High income,Not classified,35.2035,31.7717
1440,IT,Italy,Renewable energy consumption (% of total final energy consumption),2025,,Europe & Central Asia,High income,Not classified,12.4823,41.8955
1441,IT,Italy,Renewable energy consumption (% of total final energy consumption),2024,,Europe & Central Asia,High income,Not classified,12.4823,41.8955
1442,IT,Italy,Renewable energy consumption (% of total final energy consumption),2023,,Europe & Central Asia,High income,Not classified,12.4823,41.8955
1443,IT,Italy,Renewable energy consumption (% of total final energy consumption),2022,,Europe & Central Asia,High income,Not classified,12.4823,41.8955
1444,IT,Italy,Renewable energy consumption (% of total final energy consumption),2021,17.5,Europe & Central Asia,High income,Not classified,12.4823,41.8955
1445,IT,Italy,Renewable energy consumption (% of total final energy consumption),2020,18.7,Europe & Central Asia,High income,Not classified,12.4823,41.8955
1446,IT,Italy,Renewable energy consumption (% of total final energy consumption),2019,17.3,Europe & Central Asia,High income,Not classified,12.4823,41.8955
1447,IT,Italy,Renewable energy consumption (% of total final energy consumption),2018,17.1,Europe & Central Asia,High income,Not classified,12.4823,41.8955
1448,IT,Italy,Renewable energy consumption (% of total final energy consumption),2017,16.4,Europe & Central Asia,High income,Not classified,12.4823,41.8955
1449,IT,Italy,Renewable energy consumption (% of total final energy consumption),2016,16.1,Europe & Central Asia,High income,Not classified,12.4823,41.8955
1450,JM,Jamaica,Renewable energy consumption (% of total final energy consumption),2025,,Latin America & Caribbean ,Upper middle income,IBRD,-76.792,17.9927
1451,JM,Jamaica,Renewable energy consumption (% of total final energy consumption),2024,,Latin America & Caribbean ,Upper middle income,IBRD,-76.792,17.9927
1452,JM,Jamaica,Renewable energy consumption (% of total final energy consumption),2023,,Latin America & Caribbean ,Upper middle income,IBRD,-76.792,17.9927
1453,JM,Jamaica,Renewable energy consumption (% of total final energy consumption),2022,,Latin America & Caribbean ,Upper middle income,IBRD,-76.792,17.9927
1454,JM,Jamaica,Renewable energy consumption (% of total final energy consumption),2021,10.5,Latin America & Caribbean ,Upper middle income,IBRD,-76.792,17.9927
1455,JM,Jamaica,Renewable energy consumption (% of total final energy consumption),2020,11.7,Latin America & Caribbean ,Upper middle income,IBRD,-76.792,17.9927
1456,JM,Jamaica,Renewable energy consumption (% of total final energy consumption),2019,9.2,Latin America & Caribbean ,Upper middle income,IBRD,-76.792,17.9927
1457,JM,Jamaica,Renewable energy consumption (% of total final energy consumption),2018,8.9,Latin America & Caribbean ,Upper middle income,IBRD,-76.792,17.9927
1458,JM,Jamaica,Renewable energy consumption (% of total final energy consumption),2017,11.0,Latin America & Caribbean ,Upper middle income,IBRD,-76.792,17.9927
1459,JM,Jamaica,Renewable energy consumption (% of total final energy consumption),2016,11.1,Latin America & Caribbean ,Upper middle income,IBRD,-76.792,17.9927
1460,JP,Japan,Renewable energy consumption (% of total final energy consumption),2025,,East Asia & Pacific,High income,Not classified,139.77,35.67
1461,JP,Japan,Renewable energy consumption (% of total final energy consumption),2024,,East Asia & Pacific,High income,Not classified,139.77,35.67
1462,JP,Japan,Renewable energy consumption (% of total final energy consumption),2023,,East Asia & Pacific,High income,Not classified,139.77,35.67
1463,JP,Japan,Renewable energy consumption (% of total final energy consumption),2022,,East Asia & Pacific,High income,Not classified,139.77,35.67
1464,JP,Japan,Renewable energy consumption (% of total final energy consumption),2021,8.8,East Asia & Pacific,High income,Not classified,139.77,35.67
1465,JP,Japan,Renewable energy consumption (% of total final energy consumption),2020,8.5,East Asia & Pacific,High income,Not classified,139.77,35.67
1466,JP,Japan,Renewable energy consumption (% of total final energy consumption),2019,7.8,East Asia & Pacific,High income,Not classified,139.77,35.67
1467,JP,Japan,Renewable energy consumption (% of total final energy consumption),2018,7.3,East Asia & Pacific,High income,Not classified,139.77,35.67
1468,JP,Japan,Renewable energy consumption (% of total final energy consumption),2017,6.9,East Asia & Pacific,High income,Not classified,139.77,35.67
1469,JP,Japan,Renewable energy consumption (% of total final energy consumption),2016,6.4,East Asia & Pacific,High income,Not classified,139.77,35.67
1470,JO,Jordan,Renewable energy consumption (% of total final energy consumption),2025,,"Middle East, North Africa, Afghanistan & Pakistan",Upper middle income,IBRD,35.9263,31.9497
1471,JO,Jordan,Renewable energy consumption (% of total final energy consumption),2024,,"Middle East, North Africa, Afghanistan & Pakistan",Upper middle income,IBRD,35.9263,31.9497
1472,JO,Jordan,Renewable energy consumption (% of total final energy consumption),2023,,"Middle East, North Africa, Afghanistan & Pakistan",Upper middle income,IBRD,35.9263,31.9497
1473,JO,Jordan,Renewable energy consumption (% of total final energy consumption),2022,,"Middle East, North Africa, Afghanistan & Pakistan",Upper middle income,IBRD,35.9263,31.9497
1474,JO,Jordan,Renewable energy consumption (% of total final energy consumption),2021,11.5,"Middle East, North Africa, Afghanistan & Pakistan",Upper middle income,IBRD,35.9263,31.9497
1475,JO,Jordan,Renewable energy consumption (% of total final energy consumption),2020,10.7,"Middle East, North Africa, Afghanistan & Pakistan",Upper middle income,IBRD,35.9263,31.9497
1476,JO,Jordan,Renewable energy consumption (% of total final energy consumption),2019,8.5,"Middle East, North Africa, Afghanistan & Pakistan",Upper middle income,IBRD,35.9263,31.9497
1477,JO,Jordan,Renewable energy consumption (% of total final energy consumption),2018,7.2,"Middle East, North Africa, Afghanistan & Pakistan",Upper middle income,IBRD,35.9263,31.9497
1478,JO,Jordan,Renewable energy consumption (% of total final energy consumption),2017,5.3,"Middle East, North Africa, Afghanistan & Pakistan",Upper middle income,IBRD,35.9263,31.9497
1479,JO,Jordan,Renewable energy consumption (% of total final energy consumption),2016,4.7,"Middle East, North Africa, Afghanistan & Pakistan",Upper middle income,IBRD,35.9263,31.9497
1480,KZ,Kazakhstan,Renewable energy consumption (% of total final energy consumption),2025,,Europe & Central Asia,Upper middle income,IBRD,71.4382,51.1879
1481,KZ,Kazakhstan,Renewable energy consumption (% of total final energy consumption),2024,,Europe & Central Asia,Upper middle income,IBRD,71.4382,51.1879
1482,KZ,Kazakhstan,Renewable energy consumption (% of total final energy consumption),2023,,Europe & Central Asia,Upper middle income,IBRD,71.4382,51.1879
1483,KZ,Kazakhstan,Renewable energy consumption (% of total final energy consumption),2022,,Europe & Central Asia,Upper middle income,IBRD,71.4382,51.1879
1484,KZ,Kazakhstan,Renewable energy consumption (% of total final energy consumption),2021,2.0,Europe & Central Asia,Upper middle income,IBRD,71.4382,51.1879
1485,KZ,Kazakhstan,Renewable energy consumption (% of total final energy consumption),2020,1.8,Europe & Central Asia,Upper middle income,IBRD,71.4382,51.1879
1486,KZ,Kazakhstan,Renewable energy consumption (% of total final energy consumption),2019,1.9,Europe & Central Asia,Upper middle income,IBRD,71.4382,51.1879
1487,KZ,Kazakhstan,Renewable energy consumption (% of total final energy consumption),2018,1.9,Europe & Central Asia,Upper middle income,IBRD,71.4382,51.1879
1488,KZ,Kazakhstan,Renewable energy consumption (% of total final energy consumption),2017,2.0,Europe & Central Asia,Upper middle income,IBRD,71.4382,51.1879
1489,KZ,Kazakhstan,Renewable energy consumption (% of total final energy consumption),2016,2.1,Europe & Central Asia,Upper middle income,IBRD,71.4382,51.1879
1490,KE,Kenya,Renewable energy consumption (% of total final energy consumption),2025,,Sub-Saharan Africa ,Lower middle income,Blend,36.8126,-1.27975
1491,KE,Kenya,Renewable energy consumption (% of total final energy consumption),2024,,Sub-Saharan Africa ,Lower middle income,Blend,36.8126,-1.27975
1492,KE,Kenya,Renewable energy consumption (% of total final energy consumption),2023,,Sub-Saharan Africa ,Lower middle income,Blend,36.8126,-1.27975
1493,KE,Kenya,Renewable energy consumption (% of total final energy consumption),2022,,Sub-Saharan Africa ,Lower middle income,Blend,36.8126,-1.27975
1494,KE,Kenya,Renewable energy consumption (% of total final energy consumption),2021,67.7,Sub-Saharan Africa ,Lower middle income,Blend,36.8126,-1.27975
1495,KE,Kenya,Renewable energy consumption (% of total final energy consumption),2020,69.0,Sub-Saharan Africa ,Lower middle income,Blend,36.8126,-1.27975
1496,KE,Kenya,Renewable energy consumption (% of total final energy consumption),2019,68.1,Sub-Saharan Africa ,Lower middle income,Blend,36.8126,-1.27975
1497,KE,Kenya,Renewable energy consumption (% of total final energy consumption),2018,68.7,Sub-Saharan Africa ,Lower middle income,Blend,36.8126,-1.27975
1498,KE,Kenya,Renewable energy consumption (% of total final energy consumption),2017,68.1,Sub-Saharan Africa ,Lower middle income,Blend,36.8126,-1.27975
1499,KE,Kenya,Renewable energy consumption (% of total final energy consumption),2016,68.3,Sub-Saharan Africa ,Lower middle income,Blend,36.8126,-1.27975
1500,KI,Kiribati,Renewable energy consumption (% of total final energy consumption),2025,,East Asia & Pacific,Lower middle income,IDA,172.979,1.32905
1501,KI,Kiribati,Renewable energy consumption (% of total final energy consumption),2024,,East Asia & Pacific,Lower middle income,IDA,172.979,1.32905
1502,KI,Kiribati,Renewable energy consumption (% of total final energy consumption),2023,,East Asia & Pacific,Lower middle income,IDA,172.979,1.32905
1503,KI,Kiribati,Renewable energy consumption (% of total final energy consumption),2022,41.9,East Asia & Pacific,Lower middle income,IDA,172.979,1.32905
1504,KI,Kiribati,Renewable energy consumption (% of total final energy consumption),2021,42.2,East Asia & Pacific,Lower middle income,IDA,172.979,1.32905
1505,KI,Kiribati,Renewable energy consumption (% of total final energy consumption),2020,42.2,East Asia & Pacific,Lower middle income,IDA,172.979,1.32905
1506,KI,Kiribati,Renewable energy consumption (% of total final energy consumption),2019,42.2,East Asia & Pacific,Lower middle income,IDA,172.979,1.32905
1507,KI,Kiribati,Renewable energy consumption (% of total final energy consumption),2018,42.3,East Asia & Pacific,Lower middle income,IDA,172.979,1.32905
1508,KI,Kiribati,Renewable energy consumption (% of total final energy consumption),2017,42.5,East Asia & Pacific,Lower middle income,IDA,172.979,1.32905
1509,KI,Kiribati,Renewable energy consumption (% of total final energy consumption),2016,48.1,East Asia & Pacific,Lower middle income,IDA,172.979,1.32905
1510,KP,"Korea, Dem. People's Rep.",Renewable energy consumption (% of total final energy consumption),2025,,East Asia & Pacific,Low income,Not classified,125.754,39.0319
1511,KP,"Korea, Dem. People's Rep.",Renewable energy consumption (% of total final energy consumption),2024,,East Asia & Pacific,Low income,Not classified,125.754,39.0319
1512,KP,"Korea, Dem. People's Rep.",Renewable energy consumption (% of total final energy consumption),2023,,East Asia & Pacific,Low income,Not classified,125.754,39.0319
1513,KP,"Korea, Dem. People's Rep.",Renewable energy consumption (% of total final energy consumption),2022,,East Asia & Pacific,Low income,Not classified,125.754,39.0319
1514,KP,"Korea, Dem. People's Rep.",Renewable energy consumption (% of total final energy consumption),2021,14.7,East Asia & Pacific,Low income,Not classified,125.754,39.0319
1515,KP,"Korea, Dem. People's Rep.",Renewable energy consumption (% of total final energy consumption),2020,11.2,East Asia & Pacific,Low income,Not classified,125.754,39.0319
1516,KP,"Korea, Dem. People's Rep.",Renewable energy consumption (% of total final energy consumption),2019,10.0,East Asia & Pacific,Low income,Not classified,125.754,39.0319
1517,KP,"Korea, Dem. People's Rep.",Renewable energy consumption (% of total final energy consumption),2018,11.9,East Asia & Pacific,Low income,Not classified,125.754,39.0319
1518,KP,"Korea, Dem. People's Rep.",Renewable energy consumption (% of total final energy consumption),2017,10.2,East Asia & Pacific,Low income,Not classified,125.754,39.0319
1519,KP,"Korea, Dem. People's Rep.",Renewable energy consumption (% of total final energy consumption),2016,24.0,East Asia & Pacific,Low income,Not classified,125.754,39.0319
1520,KR,"Korea, Rep.",Renewable energy consumption (% of total final energy consumption),2025,,East Asia & Pacific,High income,Not classified,126.957,37.5323
1521,KR,"Korea, Rep.",Renewable energy consumption (% of total final energy consumption),2024,,East Asia & Pacific,High income,Not classified,126.957,37.5323
1522,KR,"Korea, Rep.",Renewable energy consumption (% of total final energy consumption),2023,,East Asia & Pacific,High income,Not classified,126.957,37.5323
1523,KR,"Korea, Rep.",Renewable energy consumption (% of total final energy consumption),2022,,East Asia & Pacific,High income,Not classified,126.957,37.5323
1524,KR,"Korea, Rep.",Renewable energy consumption (% of total final energy consumption),2021,3.6,East Asia & Pacific,High income,Not classified,126.957,37.5323
1525,KR,"Korea, Rep.",Renewable energy consumption (% of total final energy consumption),2020,3.6,East Asia & Pacific,High income,Not classified,126.957,37.5323
1526,KR,"Korea, Rep.",Renewable energy consumption (% of total final energy consumption),2019,3.2,East Asia & Pacific,High income,Not classified,126.957,37.5323
1527,KR,"Korea, Rep.",Renewable energy consumption (% of total final energy consumption),2018,3.2,East Asia & Pacific,High income,Not classified,126.957,37.5323
1528,KR,"Korea, Rep.",Renewable energy consumption (% of total final energy consumption),2017,2.8,East Asia & Pacific,High income,Not classified,126.957,37.5323
1529,KR,"Korea, Rep.",Renewable energy consumption (% of total final energy consumption),2016,2.6,East Asia & Pacific,High income,Not classified,126.957,37.5323
1530,XK,Kosovo,Renewable energy consumption (% of total final energy consumption),2025,,Europe & Central Asia,Upper middle income,IDA,20.926,42.565
1531,XK,Kosovo,Renewable energy consumption (% of total final energy consumption),2024,,Europe & Central Asia,Upper middle income,IDA,20.926,42.565
1532,XK,Kosovo,Renewable energy consumption (% of total final energy consumption),2023,,Europe & Central Asia,Upper middle income,IDA,20.926,42.565
1533,XK,Kosovo,Renewable energy consumption (% of total final energy consumption),2022,,Europe & Central Asia,Upper middle income,IDA,20.926,42.565
1534,XK,Kosovo,Renewable energy consumption (% of total final energy consumption),2021,,Europe & Central Asia,Upper middle income,IDA,20.926,42.565
1535,XK,Kosovo,Renewable energy consumption (% of total final energy consumption),2020,,Europe & Central Asia,Upper middle income,IDA,20.926,42.565
1536,XK,Kosovo,Renewable energy consumption (% of total final energy consumption),2019,,Europe & Central Asia,Upper middle income,IDA,20.926,42.565
1537,XK,Kosovo,Renewable energy consumption (% of total final energy consumption),2018,,Europe & Central Asia,Upper middle income,IDA,20.926,42.565
1538,XK,Kosovo,Renewable energy consumption (% of total final energy consumption),2017,,Europe & Central Asia,Upper middle income,IDA,20.926,42.565
1539,XK,Kosovo,Renewable energy consumption (% of total final energy consumption),2016,,Europe & Central Asia,Upper middle income,IDA,20.926,42.565
1540,KW,Kuwait,Renewable energy consumption (% of total final energy consumption),2025,,"Middle East, North Africa, Afghanistan & Pakistan",High income,Not classified,47.9824,29.3721
1541,KW,Kuwait,Renewable energy consumption (% of total final energy consumption),2024,,"Middle East, North Africa, Afghanistan & Pakistan",High income,Not classified,47.9824,29.3721
1542,KW,Kuwait,Renewable energy consumption (% of total final energy consumption),2023,,"Middle East, North Africa, Afghanistan & Pakistan",High income,Not classified,47.9824,29.3721
1543,KW,Kuwait,Renewable energy consumption (% of total final energy consumption),2022,,"Middle East, North Africa, Afghanistan & Pakistan",High income,Not classified,47.9824,29.3721
1544,KW,Kuwait,Renewable energy consumption (% of total final energy consumption),2021,0.1,"Middle East, North Africa, Afghanistan & Pakistan",High income,Not classified,47.9824,29.3721
1545,KW,Kuwait,Renewable energy consumption (% of total final energy consumption),2020,0.1,"Middle East, North Africa, Afghanistan & Pakistan",High income,Not classified,47.9824,29.3721
1546,KW,Kuwait,Renewable energy consumption (% of total final energy consumption),2019,0.1,"Middle East, North Africa, Afghanistan & Pakistan",High income,Not classified,47.9824,29.3721
1547,KW,Kuwait,Renewable energy consumption (% of total final energy consumption),2018,0.0,"Middle East, North Africa, Afghanistan & Pakistan",High income,Not classified,47.9824,29.3721
1548,KW,Kuwait,Renewable energy consumption (% of total final energy consumption),2017,0.0,"Middle East, North Africa, Afghanistan & Pakistan",High income,Not classified,47.9824,29.3721
1549,KW,Kuwait,Renewable energy consumption (% of total final energy consumption),2016,0.0,"Middle East, North Africa, Afghanistan & Pakistan",High income,Not classified,47.9824,29.3721
1550,KG,Kyrgyz Republic,Renewable energy consumption (% of total final energy consumption),2025,,Europe & Central Asia,Lower middle income,IDA,74.6057,42.8851
1551,KG,Kyrgyz Republic,Renewable energy consumption (% of total final energy consumption),2024,,Europe & Central Asia,Lower middle income,IDA,74.6057,42.8851
1552,KG,Kyrgyz Republic,Renewable energy consumption (% of total final energy consumption),2023,,Europe & Central Asia,Lower middle income,IDA,74.6057,42.8851
1553,KG,Kyrgyz Republic,Renewable energy consumption (% of total final energy consumption),2022,,Europe & Central Asia,Lower middle income,IDA,74.6057,42.8851
1554,KG,Kyrgyz Republic,Renewable energy consumption (% of total final energy consumption),2021,27.6,Europe & Central Asia,Lower middle income,IDA,74.6057,42.8851
1555,KG,Kyrgyz Republic,Renewable energy consumption (% of total final energy consumption),2020,30.0,Europe & Central Asia,Lower middle income,IDA,74.6057,42.8851
1556,KG,Kyrgyz Republic,Renewable energy consumption (% of total final energy consumption),2019,28.3,Europe & Central Asia,Lower middle income,IDA,74.6057,42.8851
1557,KG,Kyrgyz Republic,Renewable energy consumption (% of total final energy consumption),2018,23.4,Europe & Central Asia,Lower middle income,IDA,74.6057,42.8851
1558,KG,Kyrgyz Republic,Renewable energy consumption (% of total final energy consumption),2017,24.7,Europe & Central Asia,Lower middle income,IDA,74.6057,42.8851
1559,KG,Kyrgyz Republic,Renewable energy consumption (% of total final energy consumption),2016,22.2,Europe & Central Asia,Lower middle income,IDA,74.6057,42.8851
1560,LA,Lao PDR,Renewable energy consumption (% of total final energy consumption),2025,,East Asia & Pacific,Lower middle income,IDA,102.177,18.5826
1561,LA,Lao PDR,Renewable energy consumption (% of total final energy consumption),2024,,East Asia & Pacific,Lower middle income,IDA,102.177,18.5826
1562,LA,Lao PDR,Renewable energy consumption (% of total final energy consumption),2023,,East Asia & Pacific,Lower middle income,IDA,102.177,18.5826
1563,LA,Lao PDR,Renewable energy consumption (% of total final energy consumption),2022,49.2,East Asia & Pacific,Lower middle income,IDA,102.177,18.5826
1564,LA,Lao PDR,Renewable energy consumption (% of total final energy consumption),2021,51.5,East Asia & Pacific,Lower middle income,IDA,102.177,18.5826
1565,LA,Lao PDR,Renewable energy consumption (% of total final energy consumption),2020,50.6,East Asia & Pacific,Lower middle income,IDA,102.177,18.5826
1566,LA,Lao PDR,Renewable energy consumption (% of total final energy consumption),2019,50.5,East Asia & Pacific,Lower middle income,IDA,102.177,18.5826
1567,LA,Lao PDR,Renewable energy consumption (% of total final energy consumption),2018,50.2,East Asia & Pacific,Lower middle income,IDA,102.177,18.5826
1568,LA,Lao PDR,Renewable energy consumption (% of total final energy consumption),2017,50.6,East Asia & Pacific,Lower middle income,IDA,102.177,18.5826
1569,LA,Lao PDR,Renewable energy consumption (% of total final energy consumption),2016,51.7,East Asia & Pacific,Lower middle income,IDA,102.177,18.5826
1570,LV,Latvia,Renewable energy consumption (% of total final energy consumption),2025,,Europe & Central Asia,High income,Not classified,24.1048,56.9465
1571,LV,Latvia,Renewable energy consumption (% of total final energy consumption),2024,,Europe & Central Asia,High income,Not classified,24.1048,56.9465
1572,LV,Latvia,Renewable energy consumption (% of total final energy consumption),2023,,Europe & Central Asia,High income,Not classified,24.1048,56.9465
1573,LV,Latvia,Renewable energy consumption (% of total final energy consumption),2022,,Europe & Central Asia,High income,Not classified,24.1048,56.9465
1574,LV,Latvia,Renewable energy consumption (% of total final energy consumption),2021,44.0,Europe & Central Asia,High income,Not classified,24.1048,56.9465
1575,LV,Latvia,Renewable energy consumption (% of total final energy consumption),2020,43.8,Europe & Central Asia,High income,Not classified,24.1048,56.9465
1576,LV,Latvia,Renewable energy consumption (% of total final energy consumption),2019,41.5,Europe & Central Asia,High income,Not classified,24.1048,56.9465
1577,LV,Latvia,Renewable energy consumption (% of total final energy consumption),2018,41.0,Europe & Central Asia,High income,Not classified,24.1048,56.9465
1578,LV,Latvia,Renewable energy consumption (% of total final energy consumption),2017,42.6,Europe & Central Asia,High income,Not classified,24.1048,56.9465
1579,LV,Latvia,Renewable energy consumption (% of total final energy consumption),2016,38.5,Europe & Central Asia,High income,Not classified,24.1048,56.9465
1580,LB,Lebanon,Renewable energy consumption (% of total final energy consumption),2025,,"Middle East, North Africa, Afghanistan & Pakistan",Lower middle income,IBRD,35.5134,33.8872
1581,LB,Lebanon,Renewable energy consumption (% of total final energy consumption),2024,,"Middle East, North Africa, Afghanistan & Pakistan",Lower middle income,IBRD,35.5134,33.8872
1582,LB,Lebanon,Renewable energy consumption (% of total final energy consumption),2023,,"Middle East, North Africa, Afghanistan & Pakistan",Lower middle income,IBRD,35.5134,33.8872
1583,LB,Lebanon,Renewable energy consumption (% of total final energy consumption),2022,,"Middle East, North Africa, Afghanistan & Pakistan",Lower middle income,IBRD,35.5134,33.8872
1584,LB,Lebanon,Renewable energy consumption (% of total final energy consumption),2021,6.8,"Middle East, North Africa, Afghanistan & Pakistan",Lower middle income,IBRD,35.5134,33.8872
1585,LB,Lebanon,Renewable energy consumption (% of total final energy consumption),2020,6.3,"Middle East, North Africa, Afghanistan & Pakistan",Lower middle income,IBRD,35.5134,33.8872
1586,LB,Lebanon,Renewable energy consumption (% of total final energy consumption),2019,5.1,"Middle East, North Africa, Afghanistan & Pakistan",Lower middle income,IBRD,35.5134,33.8872
1587,LB,Lebanon,Renewable energy consumption (% of total final energy consumption),2018,4.7,"Middle East, North Africa, Afghanistan & Pakistan",Lower middle income,IBRD,35.5134,33.8872
1588,LB,Lebanon,Renewable energy consumption (% of total final energy consumption),2017,4.0,"Middle East, North Africa, Afghanistan & Pakistan",Lower middle income,IBRD,35.5134,33.8872
1589,LB,Lebanon,Renewable energy consumption (% of total final energy consumption),2016,4.0,"Middle East, North Africa, Afghanistan & Pakistan",Lower middle income,IBRD,35.5134,33.8872
1590,LS,Lesotho,Renewable energy consumption (% of total final energy consumption),2025,,Sub-Saharan Africa ,Lower middle income,IDA,27.7167,-29.5208
1591,LS,Lesotho,Renewable energy consumption (% of total final energy consumption),2024,,Sub-Saharan Africa ,Lower middle income,IDA,27.7167,-29.5208
1592,LS,Lesotho,Renewable energy consumption (% of total final energy consumption),2023,,Sub-Saharan Africa ,Lower middle income,IDA,27.7167,-29.5208
1593,LS,Lesotho,Renewable energy consumption (% of total final energy consumption),2022,34.9,Sub-Saharan Africa ,Lower middle income,IDA,27.7167,-29.5208
1594,LS,Lesotho,Renewable energy consumption (% of total final energy consumption),2021,33.6,Sub-Saharan Africa ,Lower middle income,IDA,27.7167,-29.5208
1595,LS,Lesotho,Renewable energy consumption (% of total final energy consumption),2020,43.2,Sub-Saharan Africa ,Lower middle income,IDA,27.7167,-29.5208
1596,LS,Lesotho,Renewable energy consumption (% of total final energy consumption),2019,41.6,Sub-Saharan Africa ,Lower middle income,IDA,27.7167,-29.5208
1597,LS,Lesotho,Renewable energy consumption (% of total final energy consumption),2018,42.5,Sub-Saharan Africa ,Lower middle income,IDA,27.7167,-29.5208
1598,LS,Lesotho,Renewable energy consumption (% of total final energy consumption),2017,41.5,Sub-Saharan Africa ,Lower middle income,IDA,27.7167,-29.5208
1599,LS,Lesotho,Renewable energy consumption (% of total final energy consumption),2016,45.1,Sub-Saharan Africa ,Lower middle income,IDA,27.7167,-29.5208
1600,LR,Liberia,Renewable energy consumption (% of total final energy consumption),2025,,Sub-Saharan Africa ,Low income,IDA,-10.7957,6.30039
1601,LR,Liberia,Renewable energy consumption (% of total final energy consumption),2024,,Sub-Saharan Africa ,Low income,IDA,-10.7957,6.30039
1602,LR,Liberia,Renewable energy consumption (% of total final energy consumption),2023,,Sub-Saharan Africa ,Low income,IDA,-10.7957,6.30039
1603,LR,Liberia,Renewable energy consumption (% of total final energy consumption),2022,92.8,Sub-Saharan Africa ,Low income,IDA,-10.7957,6.30039
1604,LR,Liberia,Renewable energy consumption (% of total final energy consumption),2021,93.2,Sub-Saharan Africa ,Low income,IDA,-10.7957,6.30039
1605,LR,Liberia,Renewable energy consumption (% of total final energy consumption),2020,93.0,Sub-Saharan Africa ,Low income,IDA,-10.7957,6.30039
1606,LR,Liberia,Renewable energy consumption (% of total final energy consumption),2019,89.7,Sub-Saharan Africa ,Low income,IDA,-10.7957,6.30039
1607,LR,Liberia,Renewable energy consumption (% of total final energy consumption),2018,94.4,Sub-Saharan Africa ,Low income,IDA,-10.7957,6.30039
1608,LR,Liberia,Renewable energy consumption (% of total final energy consumption),2017,93.6,Sub-Saharan Africa ,Low income,IDA,-10.7957,6.30039
1609,LR,Liberia,Renewable energy consumption (% of total final energy consumption),2016,92.8,Sub-Saharan Africa ,Low income,IDA,-10.7957,6.30039
1610,LY,Libya,Renewable energy consumption (% of total final energy consumption),2025,,"Middle East, North Africa, Afghanistan & Pakistan",Upper middle income,IBRD,13.1072,32.8578
1611,LY,Libya,Renewable energy consumption (% of total final energy consumption),2024,,"Middle East, North Africa, Afghanistan & Pakistan",Upper middle income,IBRD,13.1072,32.8578
1612,LY,Libya,Renewable energy consumption (% of total final energy consumption),2023,,"Middle East, North Africa, Afghanistan & Pakistan",Upper middle income,IBRD,13.1072,32.8578
1613,LY,Libya,Renewable energy consumption (% of total final energy consumption),2022,,"Middle East, North Africa, Afghanistan & Pakistan",Upper middle income,IBRD,13.1072,32.8578
1614,LY,Libya,Renewable energy consumption (% of total final energy consumption),2021,3.1,"Middle East, North Africa, Afghanistan & Pakistan",Upper middle income,IBRD,13.1072,32.8578
1615,LY,Libya,Renewable energy consumption (% of total final energy consumption),2020,3.2,"Middle East, North Africa, Afghanistan & Pakistan",Upper middle income,IBRD,13.1072,32.8578
1616,LY,Libya,Renewable energy consumption (% of total final energy consumption),2019,3.0,"Middle East, North Africa, Afghanistan & Pakistan",Upper middle income,IBRD,13.1072,32.8578
1617,LY,Libya,Renewable energy consumption (% of total final energy consumption),2018,2.9,"Middle East, North Africa, Afghanistan & Pakistan",Upper middle income,IBRD,13.1072,32.8578
1618,LY,Libya,Renewable energy consumption (% of total final energy consumption),2017,2.9,"Middle East, North Africa, Afghanistan & Pakistan",Upper middle income,IBRD,13.1072,32.8578
1619,LY,Libya,Renewable energy consumption (% of total final energy consumption),2016,2.8,"Middle East, North Africa, Afghanistan & Pakistan",Upper middle income,IBRD,13.1072,32.8578
1620,LI,Liechtenstein,Renewable energy consumption (% of total final energy consumption),2025,,Europe & Central Asia,High income,Not classified,9.52148,47.1411
1621,LI,Liechtenstein,Renewable energy consumption (% of total final energy consumption),2024,,Europe & Central Asia,High income,Not classified,9.52148,47.1411
1622,LI,Liechtenstein,Renewable energy consumption (% of total final energy consumption),2023,,Europe & Central Asia,High income,Not classified,9.52148,47.1411
1623,LI,Liechtenstein,Renewable energy consumption (% of total final energy consumption),2022,56.9,Europe & Central Asia,High income,Not classified,9.52148,47.1411
1624,LI,Liechtenstein,Renewable energy consumption (% of total final energy consumption),2021,53.6,Europe & Central Asia,High income,Not classified,9.52148,47.1411
1625,LI,Liechtenstein,Renewable energy consumption (% of total final energy consumption),2020,55.2,Europe & Central Asia,High income,Not classified,9.52148,47.1411
1626,LI,Liechtenstein,Renewable energy consumption (% of total final energy consumption),2019,56.1,Europe & Central Asia,High income,Not classified,9.52148,47.1411
1627,LI,Liechtenstein,Renewable energy consumption (% of total final energy consumption),2018,56.8,Europe & Central Asia,High income,Not classified,9.52148,47.1411
1628,LI,Liechtenstein,Renewable energy consumption (% of total final energy consumption),2017,55.3,Europe & Central Asia,High income,Not classified,9.52148,47.1411
1629,LI,Liechtenstein,Renewable energy consumption (% of total final energy consumption),2016,55.8,Europe & Central Asia,High income,Not classified,9.52148,47.1411
1630,LT,Lithuania,Renewable energy consumption (% of total final energy consumption),2025,,Europe & Central Asia,High income,Not classified,25.2799,54.6896
1631,LT,Lithuania,Renewable energy consumption (% of total final energy consumption),2024,,Europe & Central Asia,High income,Not classified,25.2799,54.6896
1632,LT,Lithuania,Renewable energy consumption (% of total final energy consumption),2023,,Europe & Central Asia,High income,Not classified,25.2799,54.6896
1633,LT,Lithuania,Renewable energy consumption (% of total final energy consumption),2022,,Europe & Central Asia,High income,Not classified,25.2799,54.6896
1634,LT,Lithuania,Renewable energy consumption (% of total final energy consumption),2021,33.2,Europe & Central Asia,High income,Not classified,25.2799,54.6896
1635,LT,Lithuania,Renewable energy consumption (% of total final energy consumption),2020,31.7,Europe & Central Asia,High income,Not classified,25.2799,54.6896
1636,LT,Lithuania,Renewable energy consumption (% of total final energy consumption),2019,33.5,Europe & Central Asia,High income,Not classified,25.2799,54.6896
1637,LT,Lithuania,Renewable energy consumption (% of total final energy consumption),2018,33.7,Europe & Central Asia,High income,Not classified,25.2799,54.6896
1638,LT,Lithuania,Renewable energy consumption (% of total final energy consumption),2017,33.8,Europe & Central Asia,High income,Not classified,25.2799,54.6896
1639,LT,Lithuania,Renewable energy consumption (% of total final energy consumption),2016,31.5,Europe & Central Asia,High income,Not classified,25.2799,54.6896
1640,LU,Luxembourg,Renewable energy consumption (% of total final energy consumption),2025,,Europe & Central Asia,High income,Not classified,6.1296,49.61
1641,LU,Luxembourg,Renewable energy consumption (% of total final energy consumption),2024,,Europe & Central Asia,High income,Not classified,6.1296,49.61
1642,LU,Luxembourg,Renewable energy consumption (% of total final energy consumption),2023,,Europe & Central Asia,High income,Not classified,6.1296,49.61
1643,LU,Luxembourg,Renewable energy consumption (% of total final energy consumption),2022,,Europe & Central Asia,High income,Not classified,6.1296,49.61
1644,LU,Luxembourg,Renewable energy consumption (% of total final energy consumption),2021,20.5,Europe & Central Asia,High income,Not classified,6.1296,49.61
1645,LU,Luxembourg,Renewable energy consumption (% of total final energy consumption),2020,20.8,Europe & Central Asia,High income,Not classified,6.1296,49.61
1646,LU,Luxembourg,Renewable energy consumption (% of total final energy consumption),2019,16.4,Europe & Central Asia,High income,Not classified,6.1296,49.61
1647,LU,Luxembourg,Renewable energy consumption (% of total final energy consumption),2018,16.0,Europe & Central Asia,High income,Not classified,6.1296,49.61
1648,LU,Luxembourg,Renewable energy consumption (% of total final energy consumption),2017,15.3,Europe & Central Asia,High income,Not classified,6.1296,49.61
1649,LU,Luxembourg,Renewable energy consumption (% of total final energy consumption),2016,13.5,Europe & Central Asia,High income,Not classified,6.1296,49.61
1650,MO,"Macao SAR, China",Renewable energy consumption (% of total final energy consumption),2025,,East Asia & Pacific,High income,Not classified,113.55,22.1667
1651,MO,"Macao SAR, China",Renewable energy consumption (% of total final energy consumption),2024,,East Asia & Pacific,High income,Not classified,113.55,22.1667
1652,MO,"Macao SAR, China",Renewable energy consumption (% of total final energy consumption),2023,,East Asia & Pacific,High income,Not classified,113.55,22.1667
1653,MO,"Macao SAR, China",Renewable energy consumption (% of total final energy consumption),2022,11.0,East Asia & Pacific,High income,Not classified,113.55,22.1667
1654,MO,"Macao SAR, China",Renewable energy consumption (% of total final energy consumption),2021,13.6,East Asia & Pacific,High income,Not classified,113.55,22.1667
1655,MO,"Macao SAR, China",Renewable energy consumption (% of total final energy consumption),2020,11.0,East Asia & Pacific,High income,Not classified,113.55,22.1667
1656,MO,"Macao SAR, China",Renewable energy consumption (% of total final energy consumption),2019,8.4,East Asia & Pacific,High income,Not classified,113.55,22.1667
1657,MO,"Macao SAR, China",Renewable energy consumption (% of total final energy consumption),2018,8.4,East Asia & Pacific,High income,Not classified,113.55,22.1667
1658,MO,"Macao SAR, China",Renewable energy consumption (% of total final energy consumption),2017,3.9,East Asia & Pacific,High income,Not classified,113.55,22.1667
1659,MO,"Macao SAR, China",Renewable energy consumption (% of total final energy consumption),2016,5.4,East Asia & Pacific,High income,Not classified,113.55,22.1667
1660,MG,Madagascar,Renewable energy consumption (% of total final energy consumption),2025,,Sub-Saharan Africa ,Low income,IDA,45.7167,-20.4667
1661,MG,Madagascar,Renewable energy consumption (% of total final energy consumption),2024,,Sub-Saharan Africa ,Low income,IDA,45.7167,-20.4667
1662,MG,Madagascar,Renewable energy consumption (% of total final energy consumption),2023,,Sub-Saharan Africa ,Low income,IDA,45.7167,-20.4667
1663,MG,Madagascar,Renewable energy consumption (% of total final energy consumption),2022,83.1,Sub-Saharan Africa ,Low income,IDA,45.7167,-20.4667
1664,MG,Madagascar,Renewable energy consumption (% of total final energy consumption),2021,83.6,Sub-Saharan Africa ,Low income,IDA,45.7167,-20.4667
1665,MG,Madagascar,Renewable energy consumption (% of total final energy consumption),2020,84.7,Sub-Saharan Africa ,Low income,IDA,45.7167,-20.4667
1666,MG,Madagascar,Renewable energy consumption (% of total final energy consumption),2019,82.5,Sub-Saharan Africa ,Low income,IDA,45.7167,-20.4667
1667,MG,Madagascar,Renewable energy consumption (% of total final energy consumption),2018,84.2,Sub-Saharan Africa ,Low income,IDA,45.7167,-20.4667
1668,MG,Madagascar,Renewable energy consumption (% of total final energy consumption),2017,81.9,Sub-Saharan Africa ,Low income,IDA,45.7167,-20.4667
1669,MG,Madagascar,Renewable energy consumption (% of total final energy consumption),2016,83.8,Sub-Saharan Africa ,Low income,IDA,45.7167,-20.4667
1670,MW,Malawi,Renewable energy consumption (% of total final energy consumption),2025,,Sub-Saharan Africa ,Low income,IDA,33.7703,-13.9899
1671,MW,Malawi,Renewable energy consumption (% of total final energy consumption),2024,,Sub-Saharan Africa ,Low income,IDA,33.7703,-13.9899
1672,MW,Malawi,Renewable energy consumption (% of total final energy consumption),2023,,Sub-Saharan Africa ,Low income,IDA,33.7703,-13.9899
1673,MW,Malawi,Renewable energy consumption (% of total final energy consumption),2022,62.9,Sub-Saharan Africa ,Low income,IDA,33.7703,-13.9899
1674,MW,Malawi,Renewable energy consumption (% of total final energy consumption),2021,71.1,Sub-Saharan Africa ,Low income,IDA,33.7703,-13.9899
1675,MW,Malawi,Renewable energy consumption (% of total final energy consumption),2020,71.5,Sub-Saharan Africa ,Low income,IDA,33.7703,-13.9899
1676,MW,Malawi,Renewable energy consumption (% of total final energy consumption),2019,70.9,Sub-Saharan Africa ,Low income,IDA,33.7703,-13.9899
1677,MW,Malawi,Renewable energy consumption (% of total final energy consumption),2018,73.2,Sub-Saharan Africa ,Low income,IDA,33.7703,-13.9899
1678,MW,Malawi,Renewable energy consumption (% of total final energy consumption),2017,76.9,Sub-Saharan Africa ,Low income,IDA,33.7703,-13.9899
1679,MW,Malawi,Renewable energy consumption (% of total final energy consumption),2016,78.9,Sub-Saharan Africa ,Low income,IDA,33.7703,-13.9899
1680,MY,Malaysia,Renewable energy consumption (% of total final energy consumption),2025,,East Asia & Pacific,Upper middle income,IBRD,101.684,3.12433
1681,MY,Malaysia,Renewable energy consumption (% of total final energy consumption),2024,,East Asia & Pacific,Upper middle income,IBRD,101.684,3.12433
1682,MY,Malaysia,Renewable energy consumption (% of total final energy consumption),2023,,East Asia & Pacific,Upper middle income,IBRD,101.684,3.12433
1683,MY,Malaysia,Renewable energy consumption (% of total final energy consumption),2022,,East Asia & Pacific,Upper middle income,IBRD,101.684,3.12433
1684,MY,Malaysia,Renewable energy consumption (% of total final energy consumption),2021,7.5,East Asia & Pacific,Upper middle income,IBRD,101.684,3.12433
1685,MY,Malaysia,Renewable energy consumption (% of total final energy consumption),2020,7.0,East Asia & Pacific,Upper middle income,IBRD,101.684,3.12433
1686,MY,Malaysia,Renewable energy consumption (% of total final energy consumption),2019,5.7,East Asia & Pacific,Upper middle income,IBRD,101.684,3.12433
1687,MY,Malaysia,Renewable energy consumption (% of total final energy consumption),2018,5.3,East Asia & Pacific,Upper middle income,IBRD,101.684,3.12433
1688,MY,Malaysia,Renewable energy consumption (% of total final energy consumption),2017,5.2,East Asia & Pacific,Upper middle income,IBRD,101.684,3.12433
1689,MY,Malaysia,Renewable energy consumption (% of total final energy consumption),2016,4.4,East Asia & Pacific,Upper middle income,IBRD,101.684,3.12433
1690,MV,Maldives,Renewable energy consumption (% of total final energy consumption),2025,,South Asia,Upper middle income,IDA,73.5109,4.1742
1691,MV,Maldives,Renewable energy consumption (% of total final energy consumption),2024,,South Asia,Upper middle income,IDA,73.5109,4.1742
1692,MV,Maldives,Renewable energy consumption (% of total final energy consumption),2023,,South Asia,Upper middle income,IDA,73.5109,4.1742
1693,MV,Maldives,Renewable energy consumption (% of total final energy consumption),2022,1.2,South Asia,Upper middle income,IDA,73.5109,4.1742
1694,MV,Maldives,Renewable energy consumption (% of total final energy consumption),2021,1.4,South Asia,Upper middle income,IDA,73.5109,4.1742
1695,MV,Maldives,Renewable energy consumption (% of total final energy consumption),2020,1.6,South Asia,Upper middle income,IDA,73.5109,4.1742
1696,MV,Maldives,Renewable energy consumption (% of total final energy consumption),2019,1.3,South Asia,Upper middle income,IDA,73.5109,4.1742
1697,MV,Maldives,Renewable energy consumption (% of total final energy consumption),2018,1.3,South Asia,Upper middle income,IDA,73.5109,4.1742
1698,MV,Maldives,Renewable energy consumption (% of total final energy consumption),2017,1.3,South Asia,Upper middle income,IDA,73.5109,4.1742
1699,MV,Maldives,Renewable energy consumption (% of total final energy consumption),2016,1.2,South Asia,Upper middle income,IDA,73.5109,4.1742
1700,ML,Mali,Renewable energy consumption (% of total final energy consumption),2025,,Sub-Saharan Africa ,Low income,IDA,-7.50034,13.5667
1701,ML,Mali,Renewable energy consumption (% of total final energy consumption),2024,,Sub-Saharan Africa ,Low income,IDA,-7.50034,13.5667
1702,ML,Mali,Renewable energy consumption (% of total final energy consumption),2023,,Sub-Saharan Africa ,Low income,IDA,-7.50034,13.5667
1703,ML,Mali,Renewable energy consumption (% of total final energy consumption),2022,71.1,Sub-Saharan Africa ,Low income,IDA,-7.50034,13.5667
1704,ML,Mali,Renewable energy consumption (% of total final energy consumption),2021,71.2,Sub-Saharan Africa ,Low income,IDA,-7.50034,13.5667
1705,ML,Mali,Renewable energy consumption (% of total final energy consumption),2020,72.8,Sub-Saharan Africa ,Low income,IDA,-7.50034,13.5667
1706,ML,Mali,Renewable energy consumption (% of total final energy consumption),2019,74.9,Sub-Saharan Africa ,Low income,IDA,-7.50034,13.5667
1707,ML,Mali,Renewable energy consumption (% of total final energy consumption),2018,77.2,Sub-Saharan Africa ,Low income,IDA,-7.50034,13.5667
1708,ML,Mali,Renewable energy consumption (% of total final energy consumption),2017,77.0,Sub-Saharan Africa ,Low income,IDA,-7.50034,13.5667
1709,ML,Mali,Renewable energy consumption (% of total final energy consumption),2016,77.9,Sub-Saharan Africa ,Low income,IDA,-7.50034,13.5667
1710,MT,Malta,Renewable energy consumption (% of total final energy consumption),2025,,"Middle East, North Africa, Afghanistan & Pakistan",High income,Not classified,14.5189,35.9042
1711,MT,Malta,Renewable energy consumption (% of total final energy consumption),2024,,"Middle East, North Africa, Afghanistan & Pakistan",High income,Not classified,14.5189,35.9042
1712,MT,Malta,Renewable energy consumption (% of total final energy consumption),2023,,"Middle East, North Africa, Afghanistan & Pakistan",High income,Not classified,14.5189,35.9042
1713,MT,Malta,Renewable energy consumption (% of total final energy consumption),2022,,"Middle East, North Africa, Afghanistan & Pakistan",High income,Not classified,14.5189,35.9042
1714,MT,Malta,Renewable energy consumption (% of total final energy consumption),2021,8.6,"Middle East, North Africa, Afghanistan & Pakistan",High income,Not classified,14.5189,35.9042
1715,MT,Malta,Renewable energy consumption (% of total final energy consumption),2020,9.2,"Middle East, North Africa, Afghanistan & Pakistan",High income,Not classified,14.5189,35.9042
1716,MT,Malta,Renewable energy consumption (% of total final energy consumption),2019,7.4,"Middle East, North Africa, Afghanistan & Pakistan",High income,Not classified,14.5189,35.9042
1717,MT,Malta,Renewable energy consumption (% of total final energy consumption),2018,7.6,"Middle East, North Africa, Afghanistan & Pakistan",High income,Not classified,14.5189,35.9042
1718,MT,Malta,Renewable energy consumption (% of total final energy consumption),2017,7.3,"Middle East, North Africa, Afghanistan & Pakistan",High income,Not classified,14.5189,35.9042
1719,MT,Malta,Renewable energy consumption (% of total final energy consumption),2016,9.2,"Middle East, North Africa, Afghanistan & Pakistan",High income,Not classified,14.5189,35.9042
1720,MH,Marshall Islands,Renewable energy consumption (% of total final energy consumption),2025,,East Asia & Pacific,Upper middle income,IDA,171.135,7.11046
1721,MH,Marshall Islands,Renewable energy consumption (% of total final energy consumption),2024,,East Asia & Pacific,Upper middle income,IDA,171.135,7.11046
1722,MH,Marshall Islands,Renewable energy consumption (% of total final energy consumption),2023,,East Asia & Pacific,Upper middle income,IDA,171.135,7.11046
1723,MH,Marshall Islands,Renewable energy consumption (% of total final energy consumption),2022,12.2,East Asia & Pacific,Upper middle income,IDA,171.135,7.11046
1724,MH,Marshall Islands,Renewable energy consumption (% of total final energy consumption),2021,12.1,East Asia & Pacific,Upper middle income,IDA,171.135,7.11046
1725,MH,Marshall Islands,Renewable energy consumption (% of total final energy consumption),2020,12.0,East Asia & Pacific,Upper middle income,IDA,171.135,7.11046
1726,MH,Marshall Islands,Renewable energy consumption (% of total final energy consumption),2019,12.1,East Asia & Pacific,Upper middle income,IDA,171.135,7.11046
1727,MH,Marshall Islands,Renewable energy consumption (% of total final energy consumption),2018,12.0,East Asia & Pacific,Upper middle income,IDA,171.135,7.11046
1728,MH,Marshall Islands,Renewable energy consumption (% of total final energy consumption),2017,12.0,East Asia & Pacific,Upper middle income,IDA,171.135,7.11046
1729,MH,Marshall Islands,Renewable energy consumption (% of total final energy consumption),2016,12.1,East Asia & Pacific,Upper middle income,IDA,171.135,7.11046
1730,MR,Mauritania,Renewable energy consumption (% of total final energy consumption),2025,,Sub-Saharan Africa ,Lower middle income,IDA,-15.9824,18.2367
1731,MR,Mauritania,Renewable energy consumption (% of total final energy consumption),2024,,Sub-Saharan Africa ,Lower middle income,IDA,-15.9824,18.2367
1732,MR,Mauritania,Renewable energy consumption (% of total final energy consumption),2023,,Sub-Saharan Africa ,Lower middle income,IDA,-15.9824,18.2367
1733,MR,Mauritania,Renewable energy consumption (% of total final energy consumption),2022,19.6,Sub-Saharan Africa ,Lower middle income,IDA,-15.9824,18.2367
1734,MR,Mauritania,Renewable energy consumption (% of total final energy consumption),2021,22.1,Sub-Saharan Africa ,Lower middle income,IDA,-15.9824,18.2367
1735,MR,Mauritania,Renewable energy consumption (% of total final energy consumption),2020,20.9,Sub-Saharan Africa ,Lower middle income,IDA,-15.9824,18.2367
1736,MR,Mauritania,Renewable energy consumption (% of total final energy consumption),2019,21.2,Sub-Saharan Africa ,Lower middle income,IDA,-15.9824,18.2367
1737,MR,Mauritania,Renewable energy consumption (% of total final energy consumption),2018,21.6,Sub-Saharan Africa ,Lower middle income,IDA,-15.9824,18.2367
1738,MR,Mauritania,Renewable energy consumption (% of total final energy consumption),2017,25.5,Sub-Saharan Africa ,Lower middle income,IDA,-15.9824,18.2367
1739,MR,Mauritania,Renewable energy consumption (% of total final energy consumption),2016,31.7,Sub-Saharan Africa ,Lower middle income,IDA,-15.9824,18.2367
1740,MU,Mauritius,Renewable energy consumption (% of total final energy consumption),2025,,Sub-Saharan Africa ,Upper middle income,IBRD,57.4977,-20.1605
1741,MU,Mauritius,Renewable energy consumption (% of total final energy consumption),2024,,Sub-Saharan Africa ,Upper middle income,IBRD,57.4977,-20.1605
1742,MU,Mauritius,Renewable energy consumption (% of total final energy consumption),2023,,Sub-Saharan Africa ,Upper middle income,IBRD,57.4977,-20.1605
1743,MU,Mauritius,Renewable energy consumption (% of total final energy consumption),2022,,Sub-Saharan Africa ,Upper middle income,IBRD,57.4977,-20.1605
1744,MU,Mauritius,Renewable energy consumption (% of total final energy consumption),2021,8.6,Sub-Saharan Africa ,Upper middle income,IBRD,57.4977,-20.1605
1745,MU,Mauritius,Renewable energy consumption (% of total final energy consumption),2020,9.4,Sub-Saharan Africa ,Upper middle income,IBRD,57.4977,-20.1605
1746,MU,Mauritius,Renewable energy consumption (% of total final energy consumption),2019,8.9,Sub-Saharan Africa ,Upper middle income,IBRD,57.4977,-20.1605
1747,MU,Mauritius,Renewable energy consumption (% of total final energy consumption),2018,9.2,Sub-Saharan Africa ,Upper middle income,IBRD,57.4977,-20.1605
1748,MU,Mauritius,Renewable energy consumption (% of total final energy consumption),2017,9.4,Sub-Saharan Africa ,Upper middle income,IBRD,57.4977,-20.1605
1749,MU,Mauritius,Renewable energy consumption (% of total final energy consumption),2016,10.3,Sub-Saharan Africa ,Upper middle income,IBRD,57.4977,-20.1605
1750,MX,Mexico,Renewable energy consumption (% of total final energy consumption),2025,,Latin America & Caribbean ,Upper middle income,IBRD,-99.1276,19.427
1751,MX,Mexico,Renewable energy consumption (% of total final energy consumption),2024,,Latin America & Caribbean ,Upper middle income,IBRD,-99.1276,19.427
1752,MX,Mexico,Renewable energy consumption (% of total final energy consumption),2023,,Latin America & Caribbean ,Upper middle income,IBRD,-99.1276,19.427
1753,MX,Mexico,Renewable energy consumption (% of total final energy consumption),2022,,Latin America & Caribbean ,Upper middle income,IBRD,-99.1276,19.427
1754,MX,Mexico,Renewable energy consumption (% of total final energy consumption),2021,13.0,Latin America & Caribbean ,Upper middle income,IBRD,-99.1276,19.427
1755,MX,Mexico,Renewable energy consumption (% of total final energy consumption),2020,12.3,Latin America & Caribbean ,Upper middle income,IBRD,-99.1276,19.427
1756,MX,Mexico,Renewable energy consumption (% of total final energy consumption),2019,10.3,Latin America & Caribbean ,Upper middle income,IBRD,-99.1276,19.427
1757,MX,Mexico,Renewable energy consumption (% of total final energy consumption),2018,10.3,Latin America & Caribbean ,Upper middle income,IBRD,-99.1276,19.427
1758,MX,Mexico,Renewable energy consumption (% of total final energy consumption),2017,10.1,Latin America & Caribbean ,Upper middle income,IBRD,-99.1276,19.427
1759,MX,Mexico,Renewable energy consumption (% of total final energy consumption),2016,9.2,Latin America & Caribbean ,Upper middle income,IBRD,-99.1276,19.427
1760,FM,"Micronesia, Fed. Sts.",Renewable energy consumption (% of total final energy consumption),2025,,East Asia & Pacific,Upper middle income,IDA,158.185,6.91771
1761,FM,"Micronesia, Fed. Sts.",Renewable energy consumption (% of total final energy consumption),2024,,East Asia & Pacific,Upper middle income,IDA,158.185,6.91771
1762,FM,"Micronesia, Fed. Sts.",Renewable energy consumption (% of total final energy consumption),2023,,East Asia & Pacific,Upper middle income,IDA,158.185,6.91771
1763,FM,"Micronesia, Fed. Sts.",Renewable energy consumption (% of total final energy consumption),2022,2.0,East Asia & Pacific,Upper middle income,IDA,158.185,6.91771
1764,FM,"Micronesia, Fed. Sts.",Renewable energy consumption (% of total final energy consumption),2021,2.1,East Asia & Pacific,Upper middle income,IDA,158.185,6.91771
1765,FM,"Micronesia, Fed. Sts.",Renewable energy consumption (% of total final energy consumption),2020,2.0,East Asia & Pacific,Upper middle income,IDA,158.185,6.91771
1766,FM,"Micronesia, Fed. Sts.",Renewable energy consumption (% of total final energy consumption),2019,2.0,East Asia & Pacific,Upper middle income,IDA,158.185,6.91771
1767,FM,"Micronesia, Fed. Sts.",Renewable energy consumption (% of total final energy consumption),2018,2.0,East Asia & Pacific,Upper middle income,IDA,158.185,6.91771
1768,FM,"Micronesia, Fed. Sts.",Renewable energy consumption (% of total final energy consumption),2017,1.7,East Asia & Pacific,Upper middle income,IDA,158.185,6.91771
1769,FM,"Micronesia, Fed. Sts.",Renewable energy consumption (% of total final energy consumption),2016,1.9,East Asia & Pacific,Upper middle income,IDA,158.185,6.91771
1770,MD,Moldova,Renewable energy consumption (% of total final energy consumption),2025,,Europe & Central Asia,Upper middle income,IBRD,28.8497,47.0167
1771,MD,Moldova,Renewable energy consumption (% of total final energy consumption),2024,,Europe & Central Asia,Upper middle income,IBRD,28.8497,47.0167
1772,MD,Moldova,Renewable energy consumption (% of total final energy consumption),2023,,Europe & Central Asia,Upper middle income,IBRD,28.8497,47.0167
1773,MD,Moldova,Renewable energy consumption (% of total final energy consumption),2022,,Europe & Central Asia,Upper middle income,IBRD,28.8497,47.0167
1774,MD,Moldova,Renewable energy consumption (% of total final energy consumption),2021,21.4,Europe & Central Asia,Upper middle income,IBRD,28.8497,47.0167
1775,MD,Moldova,Renewable energy consumption (% of total final energy consumption),2020,22.3,Europe & Central Asia,Upper middle income,IBRD,28.8497,47.0167
1776,MD,Moldova,Renewable energy consumption (% of total final energy consumption),2019,22.0,Europe & Central Asia,Upper middle income,IBRD,28.8497,47.0167
1777,MD,Moldova,Renewable energy consumption (% of total final energy consumption),2018,25.3,Europe & Central Asia,Upper middle income,IBRD,28.8497,47.0167
1778,MD,Moldova,Renewable energy consumption (% of total final energy consumption),2017,26.1,Europe & Central Asia,Upper middle income,IBRD,28.8497,47.0167
1779,MD,Moldova,Renewable energy consumption (% of total final energy consumption),2016,25.3,Europe & Central Asia,Upper middle income,IBRD,28.8497,47.0167
1780,MC,Monaco,Renewable energy consumption (% of total final energy consumption),2025,,Europe & Central Asia,High income,Not classified,7.41891,43.7325
1781,MC,Monaco,Renewable energy consumption (% of total final energy consumption),2024,,Europe & Central Asia,High income,Not classified,7.41891,43.7325
1782,MC,Monaco,Renewable energy consumption (% of total final energy consumption),2023,,Europe & Central Asia,High income,Not classified,7.41891,43.7325
1783,MC,Monaco,Renewable energy consumption (% of total final energy consumption),2022,,Europe & Central Asia,High income,Not classified,7.41891,43.7325
1784,MC,Monaco,Renewable energy consumption (% of total final energy consumption),2021,,Europe & Central Asia,High income,Not classified,7.41891,43.7325
1785,MC,Monaco,Renewable energy consumption (% of total final energy consumption),2020,,Europe & Central Asia,High income,Not classified,7.41891,43.7325
1786,MC,Monaco,Renewable energy consumption (% of total final energy consumption),2019,,Europe & Central Asia,High income,Not classified,7.41891,43.7325
1787,MC,Monaco,Renewable energy consumption (% of total final energy consumption),2018,,Europe & Central Asia,High income,Not classified,7.41891,43.7325
1788,MC,Monaco,Renewable energy consumption (% of total final energy consumption),2017,,Europe & Central Asia,High income,Not classified,7.41891,43.7325
1789,MC,Monaco,Renewable energy consumption (% of total final energy consumption),2016,,Europe & Central Asia,High income,Not classified,7.41891,43.7325
1790,MN,Mongolia,Renewable energy consumption (% of total final energy consumption),2025,,East Asia & Pacific,Upper middle income,IBRD,106.937,47.9129
1791,MN,Mongolia,Renewable energy consumption (% of total final energy consumption),2024,,East Asia & Pacific,Upper middle income,IBRD,106.937,47.9129
1792,MN,Mongolia,Renewable energy consumption (% of total final energy consumption),2023,,East Asia & Pacific,Upper middle income,IBRD,106.937,47.9129
1793,MN,Mongolia,Renewable energy consumption (% of total final energy consumption),2022,,East Asia & Pacific,Upper middle income,IBRD,106.937,47.9129
1794,MN,Mongolia,Renewable energy consumption (% of total final energy consumption),2021,3.0,East Asia & Pacific,Upper middle income,IBRD,106.937,47.9129
1795,MN,Mongolia,Renewable energy consumption (% of total final energy consumption),2020,2.9,East Asia & Pacific,Upper middle income,IBRD,106.937,47.9129
1796,MN,Mongolia,Renewable energy consumption (% of total final energy consumption),2019,2.3,East Asia & Pacific,Upper middle income,IBRD,106.937,47.9129
1797,MN,Mongolia,Renewable energy consumption (% of total final energy consumption),2018,2.1,East Asia & Pacific,Upper middle income,IBRD,106.937,47.9129
1798,MN,Mongolia,Renewable energy consumption (% of total final energy consumption),2017,1.8,East Asia & Pacific,Upper middle income,IBRD,106.937,47.9129
1799,MN,Mongolia,Renewable energy consumption (% of total final energy consumption),2016,3.4,East Asia & Pacific,Upper middle income,IBRD,106.937,47.9129
1800,ME,Montenegro,Renewable energy consumption (% of total final energy consumption),2025,,Europe & Central Asia,Upper middle income,IBRD,19.2595,42.4602
1801,ME,Montenegro,Renewable energy consumption (% of total final energy consumption),2024,,Europe & Central Asia,Upper middle income,IBRD,19.2595,42.4602
1802,ME,Montenegro,Renewable energy consumption (% of total final energy consumption),2023,,Europe & Central Asia,Upper middle income,IBRD,19.2595,42.4602
1803,ME,Montenegro,Renewable energy consumption (% of total final energy consumption),2022,,Europe & Central Asia,Upper middle income,IBRD,19.2595,42.4602
1804,ME,Montenegro,Renewable energy consumption (% of total final energy consumption),2021,39.6,Europe & Central Asia,Upper middle income,IBRD,19.2595,42.4602
1805,ME,Montenegro,Renewable energy consumption (% of total final energy consumption),2020,39.6,Europe & Central Asia,Upper middle income,IBRD,19.2595,42.4602
1806,ME,Montenegro,Renewable energy consumption (% of total final energy consumption),2019,38.7,Europe & Central Asia,Upper middle income,IBRD,19.2595,42.4602
1807,ME,Montenegro,Renewable energy consumption (% of total final energy consumption),2018,40.6,Europe & Central Asia,Upper middle income,IBRD,19.2595,42.4602
1808,ME,Montenegro,Renewable energy consumption (% of total final energy consumption),2017,37.8,Europe & Central Asia,Upper middle income,IBRD,19.2595,42.4602
1809,ME,Montenegro,Renewable energy consumption (% of total final energy consumption),2016,43.9,Europe & Central Asia,Upper middle income,IBRD,19.2595,42.4602
1810,MA,Morocco,Renewable energy consumption (% of total final energy consumption),2025,,"Middle East, North Africa, Afghanistan & Pakistan",Lower middle income,IBRD,-6.8704,33.9905
1811,MA,Morocco,Renewable energy consumption (% of total final energy consumption),2024,,"Middle East, North Africa, Afghanistan & Pakistan",Lower middle income,IBRD,-6.8704,33.9905
1812,MA,Morocco,Renewable energy consumption (% of total final energy consumption),2023,,"Middle East, North Africa, Afghanistan & Pakistan",Lower middle income,IBRD,-6.8704,33.9905
1813,MA,Morocco,Renewable energy consumption (% of total final energy consumption),2022,,"Middle East, North Africa, Afghanistan & Pakistan",Lower middle income,IBRD,-6.8704,33.9905
1814,MA,Morocco,Renewable energy consumption (% of total final energy consumption),2021,10.9,"Middle East, North Africa, Afghanistan & Pakistan",Lower middle income,IBRD,-6.8704,33.9905
1815,MA,Morocco,Renewable energy consumption (% of total final energy consumption),2020,11.1,"Middle East, North Africa, Afghanistan & Pakistan",Lower middle income,IBRD,-6.8704,33.9905
1816,MA,Morocco,Renewable energy consumption (% of total final energy consumption),2019,10.7,"Middle East, North Africa, Afghanistan & Pakistan",Lower middle income,IBRD,-6.8704,33.9905
1817,MA,Morocco,Renewable energy consumption (% of total final energy consumption),2018,10.9,"Middle East, North Africa, Afghanistan & Pakistan",Lower middle income,IBRD,-6.8704,33.9905
1818,MA,Morocco,Renewable energy consumption (% of total final energy consumption),2017,10.4,"Middle East, North Africa, Afghanistan & Pakistan",Lower middle income,IBRD,-6.8704,33.9905
1819,MA,Morocco,Renewable energy consumption (% of total final energy consumption),2016,11.1,"Middle East, North Africa, Afghanistan & Pakistan",Lower middle income,IBRD,-6.8704,33.9905
1820,MZ,Mozambique,Renewable energy consumption (% of total final energy consumption),2025,,Sub-Saharan Africa ,Low income,IDA,32.5713,-25.9664
1821,MZ,Mozambique,Renewable energy consumption (% of total final energy consumption),2024,,Sub-Saharan Africa ,Low income,IDA,32.5713,-25.9664
1822,MZ,Mozambique,Renewable energy consumption (% of total final energy consumption),2023,,Sub-Saharan Africa ,Low income,IDA,32.5713,-25.9664
1823,MZ,Mozambique,Renewable energy consumption (% of total final energy consumption),2022,,Sub-Saharan Africa ,Low income,IDA,32.5713,-25.9664
1824,MZ,Mozambique,Renewable energy consumption (% of total final energy consumption),2021,76.9,Sub-Saharan Africa ,Low income,IDA,32.5713,-25.9664
1825,MZ,Mozambique,Renewable energy consumption (% of total final energy consumption),2020,80.2,Sub-Saharan Africa ,Low income,IDA,32.5713,-25.9664
1826,MZ,Mozambique,Renewable energy consumption (% of total final energy consumption),2019,77.5,Sub-Saharan Africa ,Low income,IDA,32.5713,-25.9664
1827,MZ,Mozambique,Renewable energy consumption (% of total final energy consumption),2018,79.0,Sub-Saharan Africa ,Low income,IDA,32.5713,-25.9664
1828,MZ,Mozambique,Renewable energy consumption (% of total final energy consumption),2017,78.2,Sub-Saharan Africa ,Low income,IDA,32.5713,-25.9664
1829,MZ,Mozambique,Renewable energy consumption (% of total final energy consumption),2016,77.4,Sub-Saharan Africa ,Low income,IDA,32.5713,-25.9664
1830,MM,Myanmar,Renewable energy consumption (% of total final energy consumption),2025,,East Asia & Pacific,Lower middle income,IDA,95.9562,21.914
1831,MM,Myanmar,Renewable energy consumption (% of total final energy consumption),2024,,East Asia & Pacific,Lower middle income,IDA,95.9562,21.914
1832,MM,Myanmar,Renewable energy consumption (% of total final energy consumption),2023,,East Asia & Pacific,Lower middle income,IDA,95.9562,21.914
1833,MM,Myanmar,Renewable energy consumption (% of total final energy consumption),2022,,East Asia & Pacific,Lower middle income,IDA,95.9562,21.914
1834,MM,Myanmar,Renewable energy consumption (% of total final energy consumption),2021,62.9,East Asia & Pacific,Lower middle income,IDA,95.9562,21.914
1835,MM,Myanmar,Renewable energy consumption (% of total final energy consumption),2020,59.2,East Asia & Pacific,Lower middle income,IDA,95.9562,21.914
1836,MM,Myanmar,Renewable energy consumption (% of total final energy consumption),2019,58.5,East Asia & Pacific,Lower middle income,IDA,95.9562,21.914
1837,MM,Myanmar,Renewable energy consumption (% of total final energy consumption),2018,59.4,East Asia & Pacific,Lower middle income,IDA,95.9562,21.914
1838,MM,Myanmar,Renewable energy consumption (% of total final energy consumption),2017,59.5,East Asia & Pacific,Lower middle income,IDA,95.9562,21.914
1839,MM,Myanmar,Renewable energy consumption (% of total final energy consumption),2016,68.8,East Asia & Pacific,Lower middle income,IDA,95.9562,21.914
1840,NA,Namibia,Renewable energy consumption (% of total final energy consumption),2025,,Sub-Saharan Africa ,Lower middle income,IBRD,17.0931,-22.5648
1841,NA,Namibia,Renewable energy consumption (% of total final energy consumption),2024,,Sub-Saharan Africa ,Lower middle income,IBRD,17.0931,-22.5648
1842,NA,Namibia,Renewable energy consumption (% of total final energy consumption),2023,,Sub-Saharan Africa ,Lower middle income,IBRD,17.0931,-22.5648
1843,NA,Namibia,Renewable energy consumption (% of total final energy consumption),2022,,Sub-Saharan Africa ,Lower middle income,IBRD,17.0931,-22.5648
1844,NA,Namibia,Renewable energy consumption (% of total final energy consumption),2021,30.0,Sub-Saharan Africa ,Lower middle income,IBRD,17.0931,-22.5648
1845,NA,Namibia,Renewable energy consumption (% of total final energy consumption),2020,31.2,Sub-Saharan Africa ,Lower middle income,IBRD,17.0931,-22.5648
1846,NA,Namibia,Renewable energy consumption (% of total final energy consumption),2019,30.2,Sub-Saharan Africa ,Lower middle income,IBRD,17.0931,-22.5648
1847,NA,Namibia,Renewable energy consumption (% of total final energy consumption),2018,30.9,Sub-Saharan Africa ,Lower middle income,IBRD,17.0931,-22.5648
1848,NA,Namibia,Renewable energy consumption (% of total final energy consumption),2017,30.2,Sub-Saharan Africa ,Lower middle income,IBRD,17.0931,-22.5648
1849,NA,Namibia,Renewable energy consumption (% of total final energy consumption),2016,29.2,Sub-Saharan Africa ,Lower middle income,IBRD,17.0931,-22.5648
1850,NR,Naoero,Renewable energy consumption (% of total final energy consumption),2025,,East Asia & Pacific,High income,IBRD,166.920867,-0.5477
1851,NR,Naoero,Renewable energy consumption (% of total final energy consumption),2024,,East Asia & Pacific,High income,IBRD,166.920867,-0.5477
1852,NR,Naoero,Renewable energy consumption (% of total final energy consumption),2023,,East Asia & Pacific,High income,IBRD,166.920867,-0.5477
1853,NR,Naoero,Renewable energy consumption (% of total final energy consumption),2022,1.9,East Asia & Pacific,High income,IBRD,166.920867,-0.5477
1854,NR,Naoero,Renewable energy consumption (% of total final energy consumption),2021,1.6,East Asia & Pacific,High income,IBRD,166.920867,-0.5477
1855,NR,Naoero,Renewable energy consumption (% of total final energy consumption),2020,1.3,East Asia & Pacific,High income,IBRD,166.920867,-0.5477
1856,NR,Naoero,Renewable energy consumption (% of total final energy consumption),2019,0.6,East Asia & Pacific,High income,IBRD,166.920867,-0.5477
1857,NR,Naoero,Renewable energy consumption (% of total final energy consumption),2018,0.7,East Asia & Pacific,High income,IBRD,166.920867,-0.5477
1858,NR,Naoero,Renewable energy consumption (% of total final energy consumption),2017,0.6,East Asia & Pacific,High income,IBRD,166.920867,-0.5477
1859,NR,Naoero,Renewable energy consumption (% of total final energy consumption),2016,0.2,East Asia & Pacific,High income,IBRD,166.920867,-0.5477
1860,NP,Nepal,Renewable energy consumption (% of total final energy consumption),2025,,South Asia,Lower middle income,IDA,85.3157,27.6939
1861,NP,Nepal,Renewable energy consumption (% of total final energy consumption),2024,,South Asia,Lower middle income,IDA,85.3157,27.6939
1862,NP,Nepal,Renewable energy consumption (% of total final energy consumption),2023,,South Asia,Lower middle income,IDA,85.3157,27.6939
1863,NP,Nepal,Renewable energy consumption (% of total final energy consumption),2022,,South Asia,Lower middle income,IDA,85.3157,27.6939
1864,NP,Nepal,Renewable energy consumption (% of total final energy consumption),2021,73.7,South Asia,Lower middle income,IDA,85.3157,27.6939
1865,NP,Nepal,Renewable energy consumption (% of total final energy consumption),2020,73.1,South Asia,Lower middle income,IDA,85.3157,27.6939
1866,NP,Nepal,Renewable energy consumption (% of total final energy consumption),2019,78.2,South Asia,Lower middle income,IDA,85.3157,27.6939
1867,NP,Nepal,Renewable energy consumption (% of total final energy consumption),2018,75.0,South Asia,Lower middle income,IDA,85.3157,27.6939
1868,NP,Nepal,Renewable energy consumption (% of total final energy consumption),2017,76.8,South Asia,Lower middle income,IDA,85.3157,27.6939
1869,NP,Nepal,Renewable energy consumption (% of total final energy consumption),2016,79.4,South Asia,Lower middle income,IDA,85.3157,27.6939
1870,NL,Netherlands,Renewable energy consumption (% of total final energy consumption),2025,,Europe & Central Asia,High income,Not classified,4.89095,52.3738
1871,NL,Netherlands,Renewable energy consumption (% of total final energy consumption),2024,,Europe & Central Asia,High income,Not classified,4.89095,52.3738
1872,NL,Netherlands,Renewable energy consumption (% of total final energy consumption),2023,,Europe & Central Asia,High income,Not classified,4.89095,52.3738
1873,NL,Netherlands,Renewable energy consumption (% of total final energy consumption),2022,,Europe & Central Asia,High income,Not classified,4.89095,52.3738
1874,NL,Netherlands,Renewable energy consumption (% of total final energy consumption),2021,12.2,Europe & Central Asia,High income,Not classified,4.89095,52.3738
1875,NL,Netherlands,Renewable energy consumption (% of total final energy consumption),2020,10.7,Europe & Central Asia,High income,Not classified,4.89095,52.3738
1876,NL,Netherlands,Renewable energy consumption (% of total final energy consumption),2019,8.6,Europe & Central Asia,High income,Not classified,4.89095,52.3738
1877,NL,Netherlands,Renewable energy consumption (% of total final energy consumption),2018,7.4,Europe & Central Asia,High income,Not classified,4.89095,52.3738
1878,NL,Netherlands,Renewable energy consumption (% of total final energy consumption),2017,6.4,Europe & Central Asia,High income,Not classified,4.89095,52.3738
1879,NL,Netherlands,Renewable energy consumption (% of total final energy consumption),2016,5.6,Europe & Central Asia,High income,Not classified,4.89095,52.3738
1880,NC,New Caledonia,Renewable energy consumption (% of total final energy consumption),2025,,East Asia & Pacific,High income,Not classified,166.464,-22.2677
1881,NC,New Caledonia,Renewable energy consumption (% of total final energy consumption),2024,,East Asia & Pacific,High income,Not classified,166.464,-22.2677
1882,NC,New Caledonia,Renewable energy consumption (% of total final energy consumption),2023,,East Asia & Pacific,High income,Not classified,166.464,-22.2677
1883,NC,New Caledonia,Renewable energy consumption (% of total final energy consumption),2022,9.6,East Asia & Pacific,High income,Not classified,166.464,-22.2677
1884,NC,New Caledonia,Renewable energy consumption (% of total final energy consumption),2021,8.3,East Asia & Pacific,High income,Not classified,166.464,-22.2677
1885,NC,New Caledonia,Renewable energy consumption (% of total final energy consumption),2020,6.1,East Asia & Pacific,High income,Not classified,166.464,-22.2677
1886,NC,New Caledonia,Renewable energy consumption (% of total final energy consumption),2019,5.2,East Asia & Pacific,High income,Not classified,166.464,-22.2677
1887,NC,New Caledonia,Renewable energy consumption (% of total final energy consumption),2018,4.6,East Asia & Pacific,High income,Not classified,166.464,-22.2677
1888,NC,New Caledonia,Renewable energy consumption (% of total final energy consumption),2017,5.1,East Asia & Pacific,High income,Not classified,166.464,-22.2677
1889,NC,New Caledonia,Renewable energy consumption (% of total final energy consumption),2016,3.7,East Asia & Pacific,High income,Not classified,166.464,-22.2677
1890,NZ,New Zealand,Renewable energy consumption (% of total final energy consumption),2025,,East Asia & Pacific,High income,Not classified,174.776,-41.2865
1891,NZ,New Zealand,Renewable energy consumption (% of total final energy consumption),2024,,East Asia & Pacific,High income,Not classified,174.776,-41.2865
1892,NZ,New Zealand,Renewable energy consumption (% of total final energy consumption),2023,,East Asia & Pacific,High income,Not classified,174.776,-41.2865
1893,NZ,New Zealand,Renewable energy consumption (% of total final energy consumption),2022,,East Asia & Pacific,High income,Not classified,174.776,-41.2865
1894,NZ,New Zealand,Renewable energy consumption (% of total final energy consumption),2021,28.9,East Asia & Pacific,High income,Not classified,174.776,-41.2865
1895,NZ,New Zealand,Renewable energy consumption (% of total final energy consumption),2020,28.7,East Asia & Pacific,High income,Not classified,174.776,-41.2865
1896,NZ,New Zealand,Renewable energy consumption (% of total final energy consumption),2019,28.0,East Asia & Pacific,High income,Not classified,174.776,-41.2865
1897,NZ,New Zealand,Renewable energy consumption (% of total final energy consumption),2018,28.9,East Asia & Pacific,High income,Not classified,174.776,-41.2865
1898,NZ,New Zealand,Renewable energy consumption (% of total final energy consumption),2017,28.4,East Asia & Pacific,High income,Not classified,174.776,-41.2865
1899,NZ,New Zealand,Renewable energy consumption (% of total final energy consumption),2016,30.1,East Asia & Pacific,High income,Not classified,174.776,-41.2865
1900,NI,Nicaragua,Renewable energy consumption (% of total final energy consumption),2025,,Latin America & Caribbean ,Lower middle income,IDA,-86.2734,12.1475
1901,NI,Nicaragua,Renewable energy consumption (% of total final energy consumption),2024,,Latin America & Caribbean ,Lower middle income,IDA,-86.2734,12.1475
1902,NI,Nicaragua,Renewable energy consumption (% of total final energy consumption),2023,,Latin America & Caribbean ,Lower middle income,IDA,-86.2734,12.1475
1903,NI,Nicaragua,Renewable energy consumption (% of total final energy consumption),2022,,Latin America & Caribbean ,Lower middle income,IDA,-86.2734,12.1475
1904,NI,Nicaragua,Renewable energy consumption (% of total final energy consumption),2021,50.4,Latin America & Caribbean ,Lower middle income,IDA,-86.2734,12.1475
1905,NI,Nicaragua,Renewable energy consumption (% of total final energy consumption),2020,52.2,Latin America & Caribbean ,Lower middle income,IDA,-86.2734,12.1475
1906,NI,Nicaragua,Renewable energy consumption (% of total final energy consumption),2019,50.5,Latin America & Caribbean ,Lower middle income,IDA,-86.2734,12.1475
1907,NI,Nicaragua,Renewable energy consumption (% of total final energy consumption),2018,51.3,Latin America & Caribbean ,Lower middle income,IDA,-86.2734,12.1475
1908,NI,Nicaragua,Renewable energy consumption (% of total final energy consumption),2017,48.9,Latin America & Caribbean ,Lower middle income,IDA,-86.2734,12.1475
1909,NI,Nicaragua,Renewable energy consumption (% of total final energy consumption),2016,49.5,Latin America & Caribbean ,Lower middle income,IDA,-86.2734,12.1475
1910,NE,Niger,Renewable energy consumption (% of total final energy consumption),2025,,Sub-Saharan Africa ,Low income,IDA,2.1073,13.514
1911,NE,Niger,Renewable energy consumption (% of total final energy consumption),2024,,Sub-Saharan Africa ,Low income,IDA,2.1073,13.514
1912,NE,Niger,Renewable energy consumption (% of total final energy consumption),2023,,Sub-Saharan Africa ,Low income,IDA,2.1073,13.514
1913,NE,Niger,Renewable energy consumption (% of total final energy consumption),2022,,Sub-Saharan Africa ,Low income,IDA,2.1073,13.514
1914,NE,Niger,Renewable energy consumption (% of total final energy consumption),2021,79.6,Sub-Saharan Africa ,Low income,IDA,2.1073,13.514
1915,NE,Niger,Renewable energy consumption (% of total final energy consumption),2020,81.9,Sub-Saharan Africa ,Low income,IDA,2.1073,13.514
1916,NE,Niger,Renewable energy consumption (% of total final energy consumption),2019,80.7,Sub-Saharan Africa ,Low income,IDA,2.1073,13.514
1917,NE,Niger,Renewable energy consumption (% of total final energy consumption),2018,82.0,Sub-Saharan Africa ,Low income,IDA,2.1073,13.514
1918,NE,Niger,Renewable energy consumption (% of total final energy consumption),2017,82.0,Sub-Saharan Africa ,Low income,IDA,2.1073,13.514
1919,NE,Niger,Renewable energy consumption (% of total final energy consumption),2016,80.2,Sub-Saharan Africa ,Low income,IDA,2.1073,13.514
1920,NG,Nigeria,Renewable energy consumption (% of total final energy consumption),2025,,Sub-Saharan Africa ,Lower middle income,Blend,7.48906,9.05804
1921,NG,Nigeria,Renewable energy consumption (% of total final energy consumption),2024,,Sub-Saharan Africa ,Lower middle income,Blend,7.48906,9.05804
1922,NG,Nigeria,Renewable energy consumption (% of total final energy consumption),2023,,Sub-Saharan Africa ,Lower middle income,Blend,7.48906,9.05804
1923,NG,Nigeria,Renewable energy consumption (% of total final energy consumption),2022,,Sub-Saharan Africa ,Lower middle income,Blend,7.48906,9.05804
1924,NG,Nigeria,Renewable energy consumption (% of total final energy consumption),2021,80.3,Sub-Saharan Africa ,Lower middle income,Blend,7.48906,9.05804
1925,NG,Nigeria,Renewable energy consumption (% of total final energy consumption),2020,81.8,Sub-Saharan Africa ,Lower middle income,Blend,7.48906,9.05804
1926,NG,Nigeria,Renewable energy consumption (% of total final energy consumption),2019,80.1,Sub-Saharan Africa ,Lower middle income,Blend,7.48906,9.05804
1927,NG,Nigeria,Renewable energy consumption (% of total final energy consumption),2018,80.8,Sub-Saharan Africa ,Lower middle income,Blend,7.48906,9.05804
1928,NG,Nigeria,Renewable energy consumption (% of total final energy consumption),2017,81.6,Sub-Saharan Africa ,Lower middle income,Blend,7.48906,9.05804
1929,NG,Nigeria,Renewable energy consumption (% of total final energy consumption),2016,81.1,Sub-Saharan Africa ,Lower middle income,Blend,7.48906,9.05804
1930,MK,North Macedonia,Renewable energy consumption (% of total final energy consumption),2025,,Europe & Central Asia,Upper middle income,IBRD,21.4361,42.0024
1931,MK,North Macedonia,Renewable energy consumption (% of total final energy consumption),2024,,Europe & Central Asia,Upper middle income,IBRD,21.4361,42.0024
1932,MK,North Macedonia,Renewable energy consumption (% of total final energy consumption),2023,,Europe & Central Asia,Upper middle income,IBRD,21.4361,42.0024
1933,MK,North Macedonia,Renewable energy consumption (% of total final energy consumption),2022,,Europe & Central Asia,Upper middle income,IBRD,21.4361,42.0024
1934,MK,North Macedonia,Renewable energy consumption (% of total final energy consumption),2021,19.5,Europe & Central Asia,Upper middle income,IBRD,21.4361,42.0024
1935,MK,North Macedonia,Renewable energy consumption (% of total final energy consumption),2020,20.0,Europe & Central Asia,Upper middle income,IBRD,21.4361,42.0024
1936,MK,North Macedonia,Renewable energy consumption (% of total final energy consumption),2019,17.0,Europe & Central Asia,Upper middle income,IBRD,21.4361,42.0024
1937,MK,North Macedonia,Renewable energy consumption (% of total final energy consumption),2018,20.9,Europe & Central Asia,Upper middle income,IBRD,21.4361,42.0024
1938,MK,North Macedonia,Renewable energy consumption (% of total final energy consumption),2017,19.0,Europe & Central Asia,Upper middle income,IBRD,21.4361,42.0024
1939,MK,North Macedonia,Renewable energy consumption (% of total final energy consumption),2016,21.4,Europe & Central Asia,Upper middle income,IBRD,21.4361,42.0024
1940,MP,Northern Mariana Islands,Renewable energy consumption (% of total final energy consumption),2025,,East Asia & Pacific,High income,Not classified,145.765,15.1935
1941,MP,Northern Mariana Islands,Renewable energy consumption (% of total final energy consumption),2024,,East Asia & Pacific,High income,Not classified,145.765,15.1935
1942,MP,Northern Mariana Islands,Renewable energy consumption (% of total final energy consumption),2023,,East Asia & Pacific,High income,Not classified,145.765,15.1935
1943,MP,Northern Mariana Islands,Renewable energy consumption (% of total final energy consumption),2022,0.5,East Asia & Pacific,High income,Not classified,145.765,15.1935
1944,MP,Northern Mariana Islands,Renewable energy consumption (% of total final energy consumption),2021,0.5,East Asia & Pacific,High income,Not classified,145.765,15.1935
1945,MP,Northern Mariana Islands,Renewable energy consumption (% of total final energy consumption),2020,0.3,East Asia & Pacific,High income,Not classified,145.765,15.1935
1946,MP,Northern Mariana Islands,Renewable energy consumption (% of total final energy consumption),2019,0.0,East Asia & Pacific,High income,Not classified,145.765,15.1935
1947,MP,Northern Mariana Islands,Renewable energy consumption (% of total final energy consumption),2018,0.0,East Asia & Pacific,High income,Not classified,145.765,15.1935
1948,MP,Northern Mariana Islands,Renewable energy consumption (% of total final energy consumption),2017,0.0,East Asia & Pacific,High income,Not classified,145.765,15.1935
1949,MP,Northern Mariana Islands,Renewable energy consumption (% of total final energy consumption),2016,0.0,East Asia & Pacific,High income,Not classified,145.765,15.1935
1950,NO,Norway,Renewable energy consumption (% of total final energy consumption),2025,,Europe & Central Asia,High income,Not classified,10.7387,59.9138
1951,NO,Norway,Renewable energy consumption (% of total final energy consumption),2024,,Europe & Central Asia,High income,Not classified,10.7387,59.9138
1952,NO,Norway,Renewable energy consumption (% of total final energy consumption),2023,,Europe & Central Asia,High income,Not classified,10.7387,59.9138
1953,NO,Norway,Renewable energy consumption (% of total final energy consumption),2022,,Europe & Central Asia,High income,Not classified,10.7387,59.9138
1954,NO,Norway,Renewable energy consumption (% of total final energy consumption),2021,61.4,Europe & Central Asia,High income,Not classified,10.7387,59.9138
1955,NO,Norway,Renewable energy consumption (% of total final energy consumption),2020,60.9,Europe & Central Asia,High income,Not classified,10.7387,59.9138
1956,NO,Norway,Renewable energy consumption (% of total final energy consumption),2019,59.8,Europe & Central Asia,High income,Not classified,10.7387,59.9138
1957,NO,Norway,Renewable energy consumption (% of total final energy consumption),2018,58.9,Europe & Central Asia,High income,Not classified,10.7387,59.9138
1958,NO,Norway,Renewable energy consumption (% of total final energy consumption),2017,58.9,Europe & Central Asia,High income,Not classified,10.7387,59.9138
1959,NO,Norway,Renewable energy consumption (% of total final energy consumption),2016,57.7,Europe & Central Asia,High income,Not classified,10.7387,59.9138
1960,OM,Oman,Renewable energy consumption (% of total final energy consumption),2025,,"Middle East, North Africa, Afghanistan & Pakistan",High income,Not classified,58.5874,23.6105
1961,OM,Oman,Renewable energy consumption (% of total final energy consumption),2024,,"Middle East, North Africa, Afghanistan & Pakistan",High income,Not classified,58.5874,23.6105
1962,OM,Oman,Renewable energy consumption (% of total final energy consumption),2023,,"Middle East, North Africa, Afghanistan & Pakistan",High income,Not classified,58.5874,23.6105
1963,OM,Oman,Renewable energy consumption (% of total final energy consumption),2022,,"Middle East, North Africa, Afghanistan & Pakistan",High income,Not classified,58.5874,23.6105
1964,OM,Oman,Renewable energy consumption (% of total final energy consumption),2021,0.1,"Middle East, North Africa, Afghanistan & Pakistan",High income,Not classified,58.5874,23.6105
1965,OM,Oman,Renewable energy consumption (% of total final energy consumption),2020,0.1,"Middle East, North Africa, Afghanistan & Pakistan",High income,Not classified,58.5874,23.6105
1966,OM,Oman,Renewable energy consumption (% of total final energy consumption),2019,0.0,"Middle East, North Africa, Afghanistan & Pakistan",High income,Not classified,58.5874,23.6105
1967,OM,Oman,Renewable energy consumption (% of total final energy consumption),2018,0.0,"Middle East, North Africa, Afghanistan & Pakistan",High income,Not classified,58.5874,23.6105
1968,OM,Oman,Renewable energy consumption (% of total final energy consumption),2017,0.0,"Middle East, North Africa, Afghanistan & Pakistan",High income,Not classified,58.5874,23.6105
1969,OM,Oman,Renewable energy consumption (% of total final energy consumption),2016,0.0,"Middle East, North Africa, Afghanistan & Pakistan",High income,Not classified,58.5874,23.6105
1970,PK,Pakistan,Renewable energy consumption (% of total final energy consumption),2025,,"Middle East, North Africa, Afghanistan & Pakistan",Lower middle income,Blend,72.8,30.5167
1971,PK,Pakistan,Renewable energy consumption (% of total final energy consumption),2024,,"Middle East, North Africa, Afghanistan & Pakistan",Lower middle income,Blend,72.8,30.5167
1972,PK,Pakistan,Renewable energy consumption (% of total final energy consumption),2023,,"Middle East, North Africa, Afghanistan & Pakistan",Lower middle income,Blend,72.8,30.5167
1973,PK,Pakistan,Renewable energy consumption (% of total final energy consumption),2022,,"Middle East, North Africa, Afghanistan & Pakistan",Lower middle income,Blend,72.8,30.5167
1974,PK,Pakistan,Renewable energy consumption (% of total final energy consumption),2021,41.6,"Middle East, North Africa, Afghanistan & Pakistan",Lower middle income,Blend,72.8,30.5167
1975,PK,Pakistan,Renewable energy consumption (% of total final energy consumption),2020,42.7,"Middle East, North Africa, Afghanistan & Pakistan",Lower middle income,Blend,72.8,30.5167
1976,PK,Pakistan,Renewable energy consumption (% of total final energy consumption),2019,45.9,"Middle East, North Africa, Afghanistan & Pakistan",Lower middle income,Blend,72.8,30.5167
1977,PK,Pakistan,Renewable energy consumption (% of total final energy consumption),2018,43.4,"Middle East, North Africa, Afghanistan & Pakistan",Lower middle income,Blend,72.8,30.5167
1978,PK,Pakistan,Renewable energy consumption (% of total final energy consumption),2017,42.1,"Middle East, North Africa, Afghanistan & Pakistan",Lower middle income,Blend,72.8,30.5167
1979,PK,Pakistan,Renewable energy consumption (% of total final energy consumption),2016,43.7,"Middle East, North Africa, Afghanistan & Pakistan",Lower middle income,Blend,72.8,30.5167
1980,PW,Palau,Renewable energy consumption (% of total final energy consumption),2025,,East Asia & Pacific,High income,IBRD,134.479,7.34194
1981,PW,Palau,Renewable energy consumption (% of total final energy consumption),2024,,East Asia & Pacific,High income,IBRD,134.479,7.34194
1982,PW,Palau,Renewable energy consumption (% of total final energy consumption),2023,,East Asia & Pacific,High income,IBRD,134.479,7.34194
1983,PW,Palau,Renewable energy consumption (% of total final energy consumption),2022,0.9,East Asia & Pacific,High income,IBRD,134.479,7.34194
1984,PW,Palau,Renewable energy consumption (% of total final energy consumption),2021,0.9,East Asia & Pacific,High income,IBRD,134.479,7.34194
1985,PW,Palau,Renewable energy consumption (% of total final energy consumption),2020,0.9,East Asia & Pacific,High income,IBRD,134.479,7.34194
1986,PW,Palau,Renewable energy consumption (% of total final energy consumption),2019,0.9,East Asia & Pacific,High income,IBRD,134.479,7.34194
1987,PW,Palau,Renewable energy consumption (% of total final energy consumption),2018,0.6,East Asia & Pacific,High income,IBRD,134.479,7.34194
1988,PW,Palau,Renewable energy consumption (% of total final energy consumption),2017,0.6,East Asia & Pacific,High income,IBRD,134.479,7.34194
1989,PW,Palau,Renewable energy consumption (% of total final energy consumption),2016,0.6,East Asia & Pacific,High income,IBRD,134.479,7.34194
1990,PA,Panama,Renewable energy consumption (% of total final energy consumption),2025,,Latin America & Caribbean ,High income,IBRD,-79.5188,8.99427
1991,PA,Panama,Renewable energy consumption (% of total final energy consumption),2024,,Latin America & Caribbean ,High income,IBRD,-79.5188,8.99427
1992,PA,Panama,Renewable energy consumption (% of total final energy consumption),2023,,Latin America & Caribbean ,High income,IBRD,-79.5188,8.99427
1993,PA,Panama,Renewable energy consumption (% of total final energy consumption),2022,,Latin America & Caribbean ,High income,IBRD,-79.5188,8.99427
1994,PA,Panama,Renewable energy consumption (% of total final energy consumption),2021,28.0,Latin America & Caribbean ,High income,IBRD,-79.5188,8.99427
1995,PA,Panama,Renewable energy consumption (% of total final energy consumption),2020,28.5,Latin America & Caribbean ,High income,IBRD,-79.5188,8.99427
1996,PA,Panama,Renewable energy consumption (% of total final energy consumption),2019,19.0,Latin America & Caribbean ,High income,IBRD,-79.5188,8.99427
1997,PA,Panama,Renewable energy consumption (% of total final energy consumption),2018,24.5,Latin America & Caribbean ,High income,IBRD,-79.5188,8.99427
1998,PA,Panama,Renewable energy consumption (% of total final energy consumption),2017,23.6,Latin America & Caribbean ,High income,IBRD,-79.5188,8.99427
1999,PA,Panama,Renewable energy consumption (% of total final energy consumption),2016,22.1,Latin America & Caribbean ,High income,IBRD,-79.5188,8.99427
2000,PG,Papua New Guinea,Renewable energy consumption (% of total final energy consumption),2025,,East Asia & Pacific,Lower middle income,Blend,147.194,-9.47357
2001,PG,Papua New Guinea,Renewable energy consumption (% of total final energy consumption),2024,,East Asia & Pacific,Lower middle income,Blend,147.194,-9.47357
2002,PG,Papua New Guinea,Renewable energy consumption (% of total final energy consumption),2023,,East Asia & Pacific,Lower middle income,Blend,147.194,-9.47357
2003,PG,Papua New Guinea,Renewable energy consumption (% of total final energy consumption),2022,54.6,East Asia & Pacific,Lower middle income,Blend,147.194,-9.47357
2004,PG,Papua New Guinea,Renewable energy consumption (% of total final energy consumption),2021,54.5,East Asia & Pacific,Lower middle income,Blend,147.194,-9.47357
2005,PG,Papua New Guinea,Renewable energy consumption (% of total final energy consumption),2020,53.6,East Asia & Pacific,Lower middle income,Blend,147.194,-9.47357
2006,PG,Papua New Guinea,Renewable energy consumption (% of total final energy consumption),2019,53.2,East Asia & Pacific,Lower middle income,Blend,147.194,-9.47357
2007,PG,Papua New Guinea,Renewable energy consumption (% of total final energy consumption),2018,53.4,East Asia & Pacific,Lower middle income,Blend,147.194,-9.47357
2008,PG,Papua New Guinea,Renewable energy consumption (% of total final energy consumption),2017,54.7,East Asia & Pacific,Lower middle income,Blend,147.194,-9.47357
2009,PG,Papua New Guinea,Renewable energy consumption (% of total final energy consumption),2016,54.8,East Asia & Pacific,Lower middle income,Blend,147.194,-9.47357
2010,PY,Paraguay,Renewable energy consumption (% of total final energy consumption),2025,,Latin America & Caribbean ,Upper middle income,IBRD,-57.6362,-25.3005
2011,PY,Paraguay,Renewable energy consumption (% of total final energy consumption),2024,,Latin America & Caribbean ,Upper middle income,IBRD,-57.6362,-25.3005
2012,PY,Paraguay,Renewable energy consumption (% of total final energy consumption),2023,,Latin America & Caribbean ,Upper middle income,IBRD,-57.6362,-25.3005
2013,PY,Paraguay,Renewable energy consumption (% of total final energy consumption),2022,,Latin America & Caribbean ,Upper middle income,IBRD,-57.6362,-25.3005
2014,PY,Paraguay,Renewable energy consumption (% of total final energy consumption),2021,58.8,Latin America & Caribbean ,Upper middle income,IBRD,-57.6362,-25.3005
2015,PY,Paraguay,Renewable energy consumption (% of total final energy consumption),2020,61.5,Latin America & Caribbean ,Upper middle income,IBRD,-57.6362,-25.3005
2016,PY,Paraguay,Renewable energy consumption (% of total final energy consumption),2019,60.1,Latin America & Caribbean ,Upper middle income,IBRD,-57.6362,-25.3005
2017,PY,Paraguay,Renewable energy consumption (% of total final energy consumption),2018,59.2,Latin America & Caribbean ,Upper middle income,IBRD,-57.6362,-25.3005
2018,PY,Paraguay,Renewable energy consumption (% of total final energy consumption),2017,60.1,Latin America & Caribbean ,Upper middle income,IBRD,-57.6362,-25.3005
2019,PY,Paraguay,Renewable energy consumption (% of total final energy consumption),2016,62.5,Latin America & Caribbean ,Upper middle income,IBRD,-57.6362,-25.3005
2020,PE,Peru,Renewable energy consumption (% of total final energy consumption),2025,,Latin America & Caribbean ,Upper middle income,IBRD,-77.0465,-12.0931
2021,PE,Peru,Renewable energy consumption (% of total final energy consumption),2024,,Latin America & Caribbean ,Upper middle income,IBRD,-77.0465,-12.0931
2022,PE,Peru,Renewable energy consumption (% of total final energy consumption),2023,,Latin America & Caribbean ,Upper middle income,IBRD,-77.0465,-12.0931
2023,PE,Peru,Renewable energy consumption (% of total final energy consumption),2022,,Latin America & Caribbean ,Upper middle income,IBRD,-77.0465,-12.0931
2024,PE,Peru,Renewable energy consumption (% of total final energy consumption),2021,30.6,Latin America & Caribbean ,Upper middle income,IBRD,-77.0465,-12.0931
2025,PE,Peru,Renewable energy consumption (% of total final energy consumption),2020,31.6,Latin America & Caribbean ,Upper middle income,IBRD,-77.0465,-12.0931
2026,PE,Peru,Renewable energy consumption (% of total final energy consumption),2019,27.1,Latin America & Caribbean ,Upper middle income,IBRD,-77.0465,-12.0931
2027,PE,Peru,Renewable energy consumption (% of total final energy consumption),2018,27.9,Latin America & Caribbean ,Upper middle income,IBRD,-77.0465,-12.0931
2028,PE,Peru,Renewable energy consumption (% of total final energy consumption),2017,27.6,Latin America & Caribbean ,Upper middle income,IBRD,-77.0465,-12.0931
2029,PE,Peru,Renewable energy consumption (% of total final energy consumption),2016,27.2,Latin America & Caribbean ,Upper middle income,IBRD,-77.0465,-12.0931
2030,PH,Philippines,Renewable energy consumption (% of total final energy consumption),2025,,East Asia & Pacific,Upper middle income,IBRD,121.035,14.5515
2031,PH,Philippines,Renewable energy consumption (% of total final energy consumption),2024,,East Asia & Pacific,Upper middle income,IBRD,121.035,14.5515
2032,PH,Philippines,Renewable energy consumption (% of total final energy consumption),2023,,East Asia & Pacific,Upper middle income,IBRD,121.035,14.5515
2033,PH,Philippines,Renewable energy consumption (% of total final energy consumption),2022,,East Asia & Pacific,Upper middle income,IBRD,121.035,14.5515
2034,PH,Philippines,Renewable energy consumption (% of total final energy consumption),2021,28.0,East Asia & Pacific,Upper middle income,IBRD,121.035,14.5515
2035,PH,Philippines,Renewable energy consumption (% of total final energy consumption),2020,29.1,East Asia & Pacific,Upper middle income,IBRD,121.035,14.5515
2036,PH,Philippines,Renewable energy consumption (% of total final energy consumption),2019,26.9,East Asia & Pacific,Upper middle income,IBRD,121.035,14.5515
2037,PH,Philippines,Renewable energy consumption (% of total final energy consumption),2018,27.6,East Asia & Pacific,Upper middle income,IBRD,121.035,14.5515
2038,PH,Philippines,Renewable energy consumption (% of total final energy consumption),2017,27.8,East Asia & Pacific,Upper middle income,IBRD,121.035,14.5515
2039,PH,Philippines,Renewable energy consumption (% of total final energy consumption),2016,28.6,East Asia & Pacific,Upper middle income,IBRD,121.035,14.5515
2040,PL,Poland,Renewable energy consumption (% of total final energy consumption),2025,,Europe & Central Asia,High income,IBRD,21.02,52.26
2041,PL,Poland,Renewable energy consumption (% of total final energy consumption),2024,,Europe & Central Asia,High income,IBRD,21.02,52.26
2042,PL,Poland,Renewable energy consumption (% of total final energy consumption),2023,,Europe & Central Asia,High income,IBRD,21.02,52.26
2043,PL,Poland,Renewable energy consumption (% of total final energy consumption),2022,,Europe & Central Asia,High income,IBRD,21.02,52.26
2044,PL,Poland,Renewable energy consumption (% of total final energy consumption),2021,15.2,Europe & Central Asia,High income,IBRD,21.02,52.26
2045,PL,Poland,Renewable energy consumption (% of total final energy consumption),2020,16.1,Europe & Central Asia,High income,IBRD,21.02,52.26
2046,PL,Poland,Renewable energy consumption (% of total final energy consumption),2019,15.6,Europe & Central Asia,High income,IBRD,21.02,52.26
2047,PL,Poland,Renewable energy consumption (% of total final energy consumption),2018,15.1,Europe & Central Asia,High income,IBRD,21.02,52.26
2048,PL,Poland,Renewable energy consumption (% of total final energy consumption),2017,11.1,Europe & Central Asia,High income,IBRD,21.02,52.26
2049,PL,Poland,Renewable energy consumption (% of total final energy consumption),2016,11.3,Europe & Central Asia,High income,IBRD,21.02,52.26
2050,PT,Portugal,Renewable energy consumption (% of total final energy consumption),2025,,Europe & Central Asia,High income,Not classified,-9.13552,38.7072
2051,PT,Portugal,Renewable energy consumption (% of total final energy consumption),2024,,Europe & Central Asia,High income,Not classified,-9.13552,38.7072
2052,PT,Portugal,Renewable energy consumption (% of total final energy consumption),2023,,Europe & Central Asia,High income,Not classified,-9.13552,38.7072
2053,PT,Portugal,Renewable energy consumption (% of total final energy consumption),2022,,Europe & Central Asia,High income,Not classified,-9.13552,38.7072
2054,PT,Portugal,Renewable energy consumption (% of total final energy consumption),2021,32.3,Europe & Central Asia,High income,Not classified,-9.13552,38.7072
2055,PT,Portugal,Renewable energy consumption (% of total final energy consumption),2020,31.3,Europe & Central Asia,High income,Not classified,-9.13552,38.7072
2056,PT,Portugal,Renewable energy consumption (% of total final energy consumption),2019,28.2,Europe & Central Asia,High income,Not classified,-9.13552,38.7072
2057,PT,Portugal,Renewable energy consumption (% of total final energy consumption),2018,27.5,Europe & Central Asia,High income,Not classified,-9.13552,38.7072
2058,PT,Portugal,Renewable energy consumption (% of total final energy consumption),2017,24.4,Europe & Central Asia,High income,Not classified,-9.13552,38.7072
2059,PT,Portugal,Renewable energy consumption (% of total final energy consumption),2016,29.0,Europe & Central Asia,High income,Not classified,-9.13552,38.7072
2060,PR,Puerto Rico (US),Renewable energy consumption (% of total final energy consumption),2025,,Latin America & Caribbean ,High income,Not classified,-66,18.23
2061,PR,Puerto Rico (US),Renewable energy consumption (% of total final energy consumption),2024,,Latin America & Caribbean ,High income,Not classified,-66,18.23
2062,PR,Puerto Rico (US),Renewable energy consumption (% of total final energy consumption),2023,,Latin America & Caribbean ,High income,Not classified,-66,18.23
2063,PR,Puerto Rico (US),Renewable energy consumption (% of total final energy consumption),2022,2.5,Latin America & Caribbean ,High income,Not classified,-66,18.23
2064,PR,Puerto Rico (US),Renewable energy consumption (% of total final energy consumption),2021,2.6,Latin America & Caribbean ,High income,Not classified,-66,18.23
2065,PR,Puerto Rico (US),Renewable energy consumption (% of total final energy consumption),2020,2.5,Latin America & Caribbean ,High income,Not classified,-66,18.23
2066,PR,Puerto Rico (US),Renewable energy consumption (% of total final energy consumption),2019,2.4,Latin America & Caribbean ,High income,Not classified,-66,18.23
2067,PR,Puerto Rico (US),Renewable energy consumption (% of total final energy consumption),2018,1.4,Latin America & Caribbean ,High income,Not classified,-66,18.23
2068,PR,Puerto Rico (US),Renewable energy consumption (% of total final energy consumption),2017,2.3,Latin America & Caribbean ,High income,Not classified,-66,18.23
2069,PR,Puerto Rico (US),Renewable energy consumption (% of total final energy consumption),2016,1.9,Latin America & Caribbean ,High income,Not classified,-66,18.23
2070,QA,Qatar,Renewable energy consumption (% of total final energy consumption),2025,,"Middle East, North Africa, Afghanistan & Pakistan",High income,Not classified,51.5082,25.2948
2071,QA,Qatar,Renewable energy consumption (% of total final energy consumption),2024,,"Middle East, North Africa, Afghanistan & Pakistan",High income,Not classified,51.5082,25.2948
2072,QA,Qatar,Renewable energy consumption (% of total final energy consumption),2023,,"Middle East, North Africa, Afghanistan & Pakistan",High income,Not classified,51.5082,25.2948
2073,QA,Qatar,Renewable energy consumption (% of total final energy consumption),2022,,"Middle East, North Africa, Afghanistan & Pakistan",High income,Not classified,51.5082,25.2948
2074,QA,Qatar,Renewable energy consumption (% of total final energy consumption),2021,0.0,"Middle East, North Africa, Afghanistan & Pakistan",High income,Not classified,51.5082,25.2948
2075,QA,Qatar,Renewable energy consumption (% of total final energy consumption),2020,0.0,"Middle East, North Africa, Afghanistan & Pakistan",High income,Not classified,51.5082,25.2948
2076,QA,Qatar,Renewable energy consumption (% of total final energy consumption),2019,0.1,"Middle East, North Africa, Afghanistan & Pakistan",High income,Not classified,51.5082,25.2948
2077,QA,Qatar,Renewable energy consumption (% of total final energy consumption),2018,0.0,"Middle East, North Africa, Afghanistan & Pakistan",High income,Not classified,51.5082,25.2948
2078,QA,Qatar,Renewable energy consumption (% of total final energy consumption),2017,0.1,"Middle East, North Africa, Afghanistan & Pakistan",High income,Not classified,51.5082,25.2948
2079,QA,Qatar,Renewable energy consumption (% of total final energy consumption),2016,0.1,"Middle East, North Africa, Afghanistan & Pakistan",High income,Not classified,51.5082,25.2948
2080,RO,Romania,Renewable energy consumption (% of total final energy consumption),2025,,Europe & Central Asia,High income,IBRD,26.0979,44.4479
2081,RO,Romania,Renewable energy consumption (% of total final energy consumption),2024,,Europe & Central Asia,High income,IBRD,26.0979,44.4479
2082,RO,Romania,Renewable energy consumption (% of total final energy consumption),2023,,Europe & Central Asia,High income,IBRD,26.0979,44.4479
2083,RO,Romania,Renewable energy consumption (% of total final energy consumption),2022,,Europe & Central Asia,High income,IBRD,26.0979,44.4479
2084,RO,Romania,Renewable energy consumption (% of total final energy consumption),2021,23.6,Europe & Central Asia,High income,IBRD,26.0979,44.4479
2085,RO,Romania,Renewable energy consumption (% of total final energy consumption),2020,24.1,Europe & Central Asia,High income,IBRD,26.0979,44.4479
2086,RO,Romania,Renewable energy consumption (% of total final energy consumption),2019,23.5,Europe & Central Asia,High income,IBRD,26.0979,44.4479
2087,RO,Romania,Renewable energy consumption (% of total final energy consumption),2018,23.0,Europe & Central Asia,High income,IBRD,26.0979,44.4479
2088,RO,Romania,Renewable energy consumption (% of total final energy consumption),2017,23.4,Europe & Central Asia,High income,IBRD,26.0979,44.4479
2089,RO,Romania,Renewable energy consumption (% of total final energy consumption),2016,24.4,Europe & Central Asia,High income,IBRD,26.0979,44.4479
2090,RU,Russian Federation,Renewable energy consumption (% of total final energy consumption),2025,,Europe & Central Asia,High income,IBRD,37.6176,55.7558
2091,RU,Russian Federation,Renewable energy consumption (% of total final energy consumption),2024,,Europe & Central Asia,High income,IBRD,37.6176,55.7558
2092,RU,Russian Federation,Renewable energy consumption (% of total final energy consumption),2023,,Europe & Central Asia,High income,IBRD,37.6176,55.7558
2093,RU,Russian Federation,Renewable energy consumption (% of total final energy consumption),2022,,Europe & Central Asia,High income,IBRD,37.6176,55.7558
2094,RU,Russian Federation,Renewable energy consumption (% of total final energy consumption),2021,3.5,Europe & Central Asia,High income,IBRD,37.6176,55.7558
2095,RU,Russian Federation,Renewable energy consumption (% of total final energy consumption),2020,3.7,Europe & Central Asia,High income,IBRD,37.6176,55.7558
2096,RU,Russian Federation,Renewable energy consumption (% of total final energy consumption),2019,3.2,Europe & Central Asia,High income,IBRD,37.6176,55.7558
2097,RU,Russian Federation,Renewable energy consumption (% of total final energy consumption),2018,3.2,Europe & Central Asia,High income,IBRD,37.6176,55.7558
2098,RU,Russian Federation,Renewable energy consumption (% of total final energy consumption),2017,3.2,Europe & Central Asia,High income,IBRD,37.6176,55.7558
2099,RU,Russian Federation,Renewable energy consumption (% of total final energy consumption),2016,3.4,Europe & Central Asia,High income,IBRD,37.6176,55.7558
2100,RW,Rwanda,Renewable energy consumption (% of total final energy consumption),2025,,Sub-Saharan Africa ,Low income,IDA,30.0587,-1.95325
2101,RW,Rwanda,Renewable energy consumption (% of total final energy consumption),2024,,Sub-Saharan Africa ,Low income,IDA,30.0587,-1.95325
2102,RW,Rwanda,Renewable energy consumption (% of total final energy consumption),2023,,Sub-Saharan Africa ,Low income,IDA,30.0587,-1.95325
2103,RW,Rwanda,Renewable energy consumption (% of total final energy consumption),2022,79.9,Sub-Saharan Africa ,Low income,IDA,30.0587,-1.95325
2104,RW,Rwanda,Renewable energy consumption (% of total final energy consumption),2021,79.4,Sub-Saharan Africa ,Low income,IDA,30.0587,-1.95325
2105,RW,Rwanda,Renewable energy consumption (% of total final energy consumption),2020,81.7,Sub-Saharan Africa ,Low income,IDA,30.0587,-1.95325
2106,RW,Rwanda,Renewable energy consumption (% of total final energy consumption),2019,81.8,Sub-Saharan Africa ,Low income,IDA,30.0587,-1.95325
2107,RW,Rwanda,Renewable energy consumption (% of total final energy consumption),2018,82.8,Sub-Saharan Africa ,Low income,IDA,30.0587,-1.95325
2108,RW,Rwanda,Renewable energy consumption (% of total final energy consumption),2017,84.5,Sub-Saharan Africa ,Low income,IDA,30.0587,-1.95325
2109,RW,Rwanda,Renewable energy consumption (% of total final energy consumption),2016,85.5,Sub-Saharan Africa ,Low income,IDA,30.0587,-1.95325
2110,WS,Samoa,Renewable energy consumption (% of total final energy consumption),2025,,East Asia & Pacific,Upper middle income,IDA,-171.752,-13.8314
2111,WS,Samoa,Renewable energy consumption (% of total final energy consumption),2024,,East Asia & Pacific,Upper middle income,IDA,-171.752,-13.8314
2112,WS,Samoa,Renewable energy consumption (% of total final energy consumption),2023,,East Asia & Pacific,Upper middle income,IDA,-171.752,-13.8314
2113,WS,Samoa,Renewable energy consumption (% of total final energy consumption),2022,35.9,East Asia & Pacific,Upper middle income,IDA,-171.752,-13.8314
2114,WS,Samoa,Renewable energy consumption (% of total final energy consumption),2021,36.0,East Asia & Pacific,Upper middle income,IDA,-171.752,-13.8314
2115,WS,Samoa,Renewable energy consumption (% of total final energy consumption),2020,35.6,East Asia & Pacific,Upper middle income,IDA,-171.752,-13.8314
2116,WS,Samoa,Renewable energy consumption (% of total final energy consumption),2019,34.2,East Asia & Pacific,Upper middle income,IDA,-171.752,-13.8314
2117,WS,Samoa,Renewable energy consumption (% of total final energy consumption),2018,36.6,East Asia & Pacific,Upper middle income,IDA,-171.752,-13.8314
2118,WS,Samoa,Renewable energy consumption (% of total final energy consumption),2017,35.8,East Asia & Pacific,Upper middle income,IDA,-171.752,-13.8314
2119,WS,Samoa,Renewable energy consumption (% of total final energy consumption),2016,36.8,East Asia & Pacific,Upper middle income,IDA,-171.752,-13.8314
2120,SM,San Marino,Renewable energy consumption (% of total final energy consumption),2025,,Europe & Central Asia,High income,Not classified,12.4486,43.9322
2121,SM,San Marino,Renewable energy consumption (% of total final energy consumption),2024,,Europe & Central Asia,High income,Not classified,12.4486,43.9322
2122,SM,San Marino,Renewable energy consumption (% of total final energy consumption),2023,,Europe & Central Asia,High income,Not classified,12.4486,43.9322
2123,SM,San Marino,Renewable energy consumption (% of total final energy consumption),2022,,Europe & Central Asia,High income,Not classified,12.4486,43.9322
2124,SM,San Marino,Renewable energy consumption (% of total final energy consumption),2021,,Europe & Central Asia,High income,Not classified,12.4486,43.9322
2125,SM,San Marino,Renewable energy consumption (% of total final energy consumption),2020,,Europe & Central Asia,High income,Not classified,12.4486,43.9322
2126,SM,San Marino,Renewable energy consumption (% of total final energy consumption),2019,,Europe & Central Asia,High income,Not classified,12.4486,43.9322
2127,SM,San Marino,Renewable energy consumption (% of total final energy consumption),2018,,Europe & Central Asia,High income,Not classified,12.4486,43.9322
2128,SM,San Marino,Renewable energy consumption (% of total final energy consumption),2017,,Europe & Central Asia,High income,Not classified,12.4486,43.9322
2129,SM,San Marino,Renewable energy consumption (% of total final energy consumption),2016,,Europe & Central Asia,High income,Not classified,12.4486,43.9322
2130,ST,Sao Tome and Principe,Renewable energy consumption (% of total final energy consumption),2025,,Sub-Saharan Africa ,Lower middle income,IDA,6.6071,0.20618
2131,ST,Sao Tome and Principe,Renewable energy consumption (% of total final energy consumption),2024,,Sub-Saharan Africa ,Lower middle income,IDA,6.6071,0.20618
2132,ST,Sao Tome and Principe,Renewable energy consumption (% of total final energy consumption),2023,,Sub-Saharan Africa ,Lower middle income,IDA,6.6071,0.20618
2133,ST,Sao Tome and Principe,Renewable energy consumption (% of total final energy consumption),2022,42.5,Sub-Saharan Africa ,Lower middle income,IDA,6.6071,0.20618
2134,ST,Sao Tome and Principe,Renewable energy consumption (% of total final energy consumption),2021,40.8,Sub-Saharan Africa ,Lower middle income,IDA,6.6071,0.20618
2135,ST,Sao Tome and Principe,Renewable energy consumption (% of total final energy consumption),2020,41.6,Sub-Saharan Africa ,Lower middle income,IDA,6.6071,0.20618
2136,ST,Sao Tome and Principe,Renewable energy consumption (% of total final energy consumption),2019,38.6,Sub-Saharan Africa ,Lower middle income,IDA,6.6071,0.20618
2137,ST,Sao Tome and Principe,Renewable energy consumption (% of total final energy consumption),2018,40.6,Sub-Saharan Africa ,Lower middle income,IDA,6.6071,0.20618
2138,ST,Sao Tome and Principe,Renewable energy consumption (% of total final energy consumption),2017,39.2,Sub-Saharan Africa ,Lower middle income,IDA,6.6071,0.20618
2139,ST,Sao Tome and Principe,Renewable energy consumption (% of total final energy consumption),2016,38.1,Sub-Saharan Africa ,Lower middle income,IDA,6.6071,0.20618
2140,SA,Saudi Arabia,Renewable energy consumption (% of total final energy consumption),2025,,"Middle East, North Africa, Afghanistan & Pakistan",High income,Not classified,46.6977,24.6748
2141,SA,Saudi Arabia,Renewable energy consumption (% of total final energy consumption),2024,,"Middle East, North Africa, Afghanistan & Pakistan",High income,Not classified,46.6977,24.6748
2142,SA,Saudi Arabia,Renewable energy consumption (% of total final energy consumption),2023,,"Middle East, North Africa, Afghanistan & Pakistan",High income,Not classified,46.6977,24.6748
2143,SA,Saudi Arabia,Renewable energy consumption (% of total final energy consumption),2022,,"Middle East, North Africa, Afghanistan & Pakistan",High income,Not classified,46.6977,24.6748
2144,SA,Saudi Arabia,Renewable energy consumption (% of total final energy consumption),2021,0.1,"Middle East, North Africa, Afghanistan & Pakistan",High income,Not classified,46.6977,24.6748
2145,SA,Saudi Arabia,Renewable energy consumption (% of total final energy consumption),2020,0.1,"Middle East, North Africa, Afghanistan & Pakistan",High income,Not classified,46.6977,24.6748
2146,SA,Saudi Arabia,Renewable energy consumption (% of total final energy consumption),2019,0.0,"Middle East, North Africa, Afghanistan & Pakistan",High income,Not classified,46.6977,24.6748
2147,SA,Saudi Arabia,Renewable energy consumption (% of total final energy consumption),2018,0.0,"Middle East, North Africa, Afghanistan & Pakistan",High income,Not classified,46.6977,24.6748
2148,SA,Saudi Arabia,Renewable energy consumption (% of total final energy consumption),2017,0.0,"Middle East, North Africa, Afghanistan & Pakistan",High income,Not classified,46.6977,24.6748
2149,SA,Saudi Arabia,Renewable energy consumption (% of total final energy consumption),2016,0.0,"Middle East, North Africa, Afghanistan & Pakistan",High income,Not classified,46.6977,24.6748
2150,SN,Senegal,Renewable energy consumption (% of total final energy consumption),2025,,Sub-Saharan Africa ,Lower middle income,IDA,-17.4734,14.7247
2151,SN,Senegal,Renewable energy consumption (% of total final energy consumption),2024,,Sub-Saharan Africa ,Lower middle income,IDA,-17.4734,14.7247
2152,SN,Senegal,Renewable energy consumption (% of total final energy consumption),2023,,Sub-Saharan Africa ,Lower middle income,IDA,-17.4734,14.7247
2153,SN,Senegal,Renewable energy consumption (% of total final energy consumption),2022,,Sub-Saharan Africa ,Lower middle income,IDA,-17.4734,14.7247
2154,SN,Senegal,Renewable energy consumption (% of total final energy consumption),2021,35.4,Sub-Saharan Africa ,Lower middle income,IDA,-17.4734,14.7247
2155,SN,Senegal,Renewable energy consumption (% of total final energy consumption),2020,38.7,Sub-Saharan Africa ,Lower middle income,IDA,-17.4734,14.7247
2156,SN,Senegal,Renewable energy consumption (% of total final energy consumption),2019,36.2,Sub-Saharan Africa ,Lower middle income,IDA,-17.4734,14.7247
2157,SN,Senegal,Renewable energy consumption (% of total final energy consumption),2018,34.2,Sub-Saharan Africa ,Lower middle income,IDA,-17.4734,14.7247
2158,SN,Senegal,Renewable energy consumption (% of total final energy consumption),2017,36.8,Sub-Saharan Africa ,Lower middle income,IDA,-17.4734,14.7247
2159,SN,Senegal,Renewable energy consumption (% of total final energy consumption),2016,36.7,Sub-Saharan Africa ,Lower middle income,IDA,-17.4734,14.7247
2160,RS,Serbia,Renewable energy consumption (% of total final energy consumption),2025,,Europe & Central Asia,Upper middle income,IBRD,20.4656,44.8024
2161,RS,Serbia,Renewable energy consumption (% of total final energy consumption),2024,,Europe & Central Asia,Upper middle income,IBRD,20.4656,44.8024
2162,RS,Serbia,Renewable energy consumption (% of total final energy consumption),2023,,Europe & Central Asia,Upper middle income,IBRD,20.4656,44.8024
2163,RS,Serbia,Renewable energy consumption (% of total final energy consumption),2022,,Europe & Central Asia,Upper middle income,IBRD,20.4656,44.8024
2164,RS,Serbia,Renewable energy consumption (% of total final energy consumption),2021,27.2,Europe & Central Asia,Upper middle income,IBRD,20.4656,44.8024
2165,RS,Serbia,Renewable energy consumption (% of total final energy consumption),2020,26.0,Europe & Central Asia,Upper middle income,IBRD,20.4656,44.8024
2166,RS,Serbia,Renewable energy consumption (% of total final energy consumption),2019,21.4,Europe & Central Asia,Upper middle income,IBRD,20.4656,44.8024
2167,RS,Serbia,Renewable energy consumption (% of total final energy consumption),2018,21.0,Europe & Central Asia,Upper middle income,IBRD,20.4656,44.8024
2168,RS,Serbia,Renewable energy consumption (% of total final energy consumption),2017,20.0,Europe & Central Asia,Upper middle income,IBRD,20.4656,44.8024
2169,RS,Serbia,Renewable energy consumption (% of total final energy consumption),2016,20.9,Europe & Central Asia,Upper middle income,IBRD,20.4656,44.8024
2170,SC,Seychelles,Renewable energy consumption (% of total final energy consumption),2025,,Sub-Saharan Africa ,High income,IBRD,55.4466,-4.6309
2171,SC,Seychelles,Renewable energy consumption (% of total final energy consumption),2024,,Sub-Saharan Africa ,High income,IBRD,55.4466,-4.6309
2172,SC,Seychelles,Renewable energy consumption (% of total final energy consumption),2023,,Sub-Saharan Africa ,High income,IBRD,55.4466,-4.6309
2173,SC,Seychelles,Renewable energy consumption (% of total final energy consumption),2022,1.9,Sub-Saharan Africa ,High income,IBRD,55.4466,-4.6309
2174,SC,Seychelles,Renewable energy consumption (% of total final energy consumption),2021,1.7,Sub-Saharan Africa ,High income,IBRD,55.4466,-4.6309
2175,SC,Seychelles,Renewable energy consumption (% of total final energy consumption),2020,1.3,Sub-Saharan Africa ,High income,IBRD,55.4466,-4.6309
2176,SC,Seychelles,Renewable energy consumption (% of total final energy consumption),2019,1.2,Sub-Saharan Africa ,High income,IBRD,55.4466,-4.6309
2177,SC,Seychelles,Renewable energy consumption (% of total final energy consumption),2018,1.2,Sub-Saharan Africa ,High income,IBRD,55.4466,-4.6309
2178,SC,Seychelles,Renewable energy consumption (% of total final energy consumption),2017,1.2,Sub-Saharan Africa ,High income,IBRD,55.4466,-4.6309
2179,SC,Seychelles,Renewable energy consumption (% of total final energy consumption),2016,1.2,Sub-Saharan Africa ,High income,IBRD,55.4466,-4.6309
2180,SL,Sierra Leone,Renewable energy consumption (% of total final energy consumption),2025,,Sub-Saharan Africa ,Low income,IDA,-13.2134,8.4821
2181,SL,Sierra Leone,Renewable energy consumption (% of total final energy consumption),2024,,Sub-Saharan Africa ,Low income,IDA,-13.2134,8.4821
2182,SL,Sierra Leone,Renewable energy consumption (% of total final energy consumption),2023,,Sub-Saharan Africa ,Low income,IDA,-13.2134,8.4821
2183,SL,Sierra Leone,Renewable energy consumption (% of total final energy consumption),2022,71.6,Sub-Saharan Africa ,Low income,IDA,-13.2134,8.4821
2184,SL,Sierra Leone,Renewable energy consumption (% of total final energy consumption),2021,71.1,Sub-Saharan Africa ,Low income,IDA,-13.2134,8.4821
2185,SL,Sierra Leone,Renewable energy consumption (% of total final energy consumption),2020,75.1,Sub-Saharan Africa ,Low income,IDA,-13.2134,8.4821
2186,SL,Sierra Leone,Renewable energy consumption (% of total final energy consumption),2019,75.4,Sub-Saharan Africa ,Low income,IDA,-13.2134,8.4821
2187,SL,Sierra Leone,Renewable energy consumption (% of total final energy consumption),2018,75.9,Sub-Saharan Africa ,Low income,IDA,-13.2134,8.4821
2188,SL,Sierra Leone,Renewable energy consumption (% of total final energy consumption),2017,74.6,Sub-Saharan Africa ,Low income,IDA,-13.2134,8.4821
2189,SL,Sierra Leone,Renewable energy consumption (% of total final energy consumption),2016,73.6,Sub-Saharan Africa ,Low income,IDA,-13.2134,8.4821
2190,SG,Singapore,Renewable energy consumption (% of total final energy consumption),2025,,East Asia & Pacific,High income,Not classified,103.85,1.28941
2191,SG,Singapore,Renewable energy consumption (% of total final energy consumption),2024,,East Asia & Pacific,High income,Not classified,103.85,1.28941
2192,SG,Singapore,Renewable energy consumption (% of total final energy consumption),2023,,East Asia & Pacific,High income,Not classified,103.85,1.28941
2193,SG,Singapore,Renewable energy consumption (% of total final energy consumption),2022,,East Asia & Pacific,High income,Not classified,103.85,1.28941
2194,SG,Singapore,Renewable energy consumption (% of total final energy consumption),2021,1.1,East Asia & Pacific,High income,Not classified,103.85,1.28941
2195,SG,Singapore,Renewable energy consumption (% of total final energy consumption),2020,0.9,East Asia & Pacific,High income,Not classified,103.85,1.28941
2196,SG,Singapore,Renewable energy consumption (% of total final energy consumption),2019,0.9,East Asia & Pacific,High income,Not classified,103.85,1.28941
2197,SG,Singapore,Renewable energy consumption (% of total final energy consumption),2018,0.8,East Asia & Pacific,High income,Not classified,103.85,1.28941
2198,SG,Singapore,Renewable energy consumption (% of total final energy consumption),2017,0.7,East Asia & Pacific,High income,Not classified,103.85,1.28941
2199,SG,Singapore,Renewable energy consumption (% of total final energy consumption),2016,0.7,East Asia & Pacific,High income,Not classified,103.85,1.28941
2200,SX,Sint Maarten (Dutch part),Renewable energy consumption (% of total final energy consumption),2025,,Latin America & Caribbean ,High income,Not classified,,
2201,SX,Sint Maarten (Dutch part),Renewable energy consumption (% of total final energy consumption),2024,,Latin America & Caribbean ,High income,Not classified,,
2202,SX,Sint Maarten (Dutch part),Renewable energy consumption (% of total final energy consumption),2023,,Latin America & Caribbean ,High income,Not classified,,
2203,SX,Sint Maarten (Dutch part),Renewable energy consumption (% of total final energy consumption),2022,0.0,Latin America & Caribbean ,High income,Not classified,,
2204,SX,Sint Maarten (Dutch part),Renewable energy consumption (% of total final energy consumption),2021,0.0,Latin America & Caribbean ,High income,Not classified,,
2205,SX,Sint Maarten (Dutch part),Renewable energy consumption (% of total final energy consumption),2020,0.0,Latin America & Caribbean ,High income,Not classified,,
2206,SX,Sint Maarten (Dutch part),Renewable energy consumption (% of total final energy consumption),2019,0.0,Latin America & Caribbean ,High income,Not classified,,
2207,SX,Sint Maarten (Dutch part),Renewable energy consumption (% of total final energy consumption),2018,0.0,Latin America & Caribbean ,High income,Not classified,,
2208,SX,Sint Maarten (Dutch part),Renewable energy consumption (% of total final energy consumption),2017,0.0,Latin America & Caribbean ,High income,Not classified,,
2209,SX,Sint Maarten (Dutch part),Renewable energy consumption (% of total final energy consumption),2016,0.0,Latin America & Caribbean ,High income,Not classified,,
2210,SK,Slovak Republic,Renewable energy consumption (% of total final energy consumption),2025,,Europe & Central Asia,High income,Not classified,17.1073,48.1484
2211,SK,Slovak Republic,Renewable energy consumption (% of total final energy consumption),2024,,Europe & Central Asia,High income,Not classified,17.1073,48.1484
2212,SK,Slovak Republic,Renewable energy consumption (% of total final energy consumption),2023,,Europe & Central Asia,High income,Not classified,17.1073,48.1484
2213,SK,Slovak Republic,Renewable energy consumption (% of total final energy consumption),2022,,Europe & Central Asia,High income,Not classified,17.1073,48.1484
2214,SK,Slovak Republic,Renewable energy consumption (% of total final energy consumption),2021,17.9,Europe & Central Asia,High income,Not classified,17.1073,48.1484
2215,SK,Slovak Republic,Renewable energy consumption (% of total final energy consumption),2020,17.6,Europe & Central Asia,High income,Not classified,17.1073,48.1484
2216,SK,Slovak Republic,Renewable energy consumption (% of total final energy consumption),2019,17.6,Europe & Central Asia,High income,Not classified,17.1073,48.1484
2217,SK,Slovak Republic,Renewable energy consumption (% of total final energy consumption),2018,12.4,Europe & Central Asia,High income,Not classified,17.1073,48.1484
2218,SK,Slovak Republic,Renewable energy consumption (% of total final energy consumption),2017,12.4,Europe & Central Asia,High income,Not classified,17.1073,48.1484
2219,SK,Slovak Republic,Renewable energy consumption (% of total final energy consumption),2016,13.1,Europe & Central Asia,High income,Not classified,17.1073,48.1484
2220,SI,Slovenia,Renewable energy consumption (% of total final energy consumption),2025,,Europe & Central Asia,High income,Not classified,14.5044,46.0546
2221,SI,Slovenia,Renewable energy consumption (% of total final energy consumption),2024,,Europe & Central Asia,High income,Not classified,14.5044,46.0546
2222,SI,Slovenia,Renewable energy consumption (% of total final energy consumption),2023,,Europe & Central Asia,High income,Not classified,14.5044,46.0546
2223,SI,Slovenia,Renewable energy consumption (% of total final energy consumption),2022,,Europe & Central Asia,High income,Not classified,14.5044,46.0546
2224,SI,Slovenia,Renewable energy consumption (% of total final energy consumption),2021,23.4,Europe & Central Asia,High income,Not classified,14.5044,46.0546
2225,SI,Slovenia,Renewable energy consumption (% of total final energy consumption),2020,22.7,Europe & Central Asia,High income,Not classified,14.5044,46.0546
2226,SI,Slovenia,Renewable energy consumption (% of total final energy consumption),2019,20.9,Europe & Central Asia,High income,Not classified,14.5044,46.0546
2227,SI,Slovenia,Renewable energy consumption (% of total final energy consumption),2018,20.6,Europe & Central Asia,High income,Not classified,14.5044,46.0546
2228,SI,Slovenia,Renewable energy consumption (% of total final energy consumption),2017,19.7,Europe & Central Asia,High income,Not classified,14.5044,46.0546
2229,SI,Slovenia,Renewable energy consumption (% of total final energy consumption),2016,21.0,Europe & Central Asia,High income,Not classified,14.5044,46.0546
2230,SB,Solomon Islands,Renewable energy consumption (% of total final energy consumption),2025,,East Asia & Pacific,Lower middle income,IDA,159.949,-9.42676
2231,SB,Solomon Islands,Renewable energy consumption (% of total final energy consumption),2024,,East Asia & Pacific,Lower middle income,IDA,159.949,-9.42676
2232,SB,Solomon Islands,Renewable energy consumption (% of total final energy consumption),2023,,East Asia & Pacific,Lower middle income,IDA,159.949,-9.42676
2233,SB,Solomon Islands,Renewable energy consumption (% of total final energy consumption),2022,50.1,East Asia & Pacific,Lower middle income,IDA,159.949,-9.42676
2234,SB,Solomon Islands,Renewable energy consumption (% of total final energy consumption),2021,49.1,East Asia & Pacific,Lower middle income,IDA,159.949,-9.42676
2235,SB,Solomon Islands,Renewable energy consumption (% of total final energy consumption),2020,49.0,East Asia & Pacific,Lower middle income,IDA,159.949,-9.42676
2236,SB,Solomon Islands,Renewable energy consumption (% of total final energy consumption),2019,48.4,East Asia & Pacific,Lower middle income,IDA,159.949,-9.42676
2237,SB,Solomon Islands,Renewable energy consumption (% of total final energy consumption),2018,48.6,East Asia & Pacific,Lower middle income,IDA,159.949,-9.42676
2238,SB,Solomon Islands,Renewable energy consumption (% of total final energy consumption),2017,49.0,East Asia & Pacific,Lower middle income,IDA,159.949,-9.42676
2239,SB,Solomon Islands,Renewable energy consumption (% of total final energy consumption),2016,48.7,East Asia & Pacific,Lower middle income,IDA,159.949,-9.42676
2240,SO,"Somalia, Fed. Rep.",Renewable energy consumption (% of total final energy consumption),2025,,Sub-Saharan Africa ,Low income,IDA,45.3254,2.07515
2241,SO,"Somalia, Fed. Rep.",Renewable energy consumption (% of total final energy consumption),2024,,Sub-Saharan Africa ,Low income,IDA,45.3254,2.07515
2242,SO,"Somalia, Fed. Rep.",Renewable energy consumption (% of total final energy consumption),2023,,Sub-Saharan Africa ,Low income,IDA,45.3254,2.07515
2243,SO,"Somalia, Fed. Rep.",Renewable energy consumption (% of total final energy consumption),2022,95.4,Sub-Saharan Africa ,Low income,IDA,45.3254,2.07515
2244,SO,"Somalia, Fed. Rep.",Renewable energy consumption (% of total final energy consumption),2021,95.4,Sub-Saharan Africa ,Low income,IDA,45.3254,2.07515
2245,SO,"Somalia, Fed. Rep.",Renewable energy consumption (% of total final energy consumption),2020,95.5,Sub-Saharan Africa ,Low income,IDA,45.3254,2.07515
2246,SO,"Somalia, Fed. Rep.",Renewable energy consumption (% of total final energy consumption),2019,95.0,Sub-Saharan Africa ,Low income,IDA,45.3254,2.07515
2247,SO,"Somalia, Fed. Rep.",Renewable energy consumption (% of total final energy consumption),2018,94.9,Sub-Saharan Africa ,Low income,IDA,45.3254,2.07515
2248,SO,"Somalia, Fed. Rep.",Renewable energy consumption (% of total final energy consumption),2017,94.9,Sub-Saharan Africa ,Low income,IDA,45.3254,2.07515
2249,SO,"Somalia, Fed. Rep.",Renewable energy consumption (% of total final energy consumption),2016,94.8,Sub-Saharan Africa ,Low income,IDA,45.3254,2.07515
2250,ZA,South Africa,Renewable energy consumption (% of total final energy consumption),2025,,Sub-Saharan Africa ,Upper middle income,IBRD,28.1871,-25.746
2251,ZA,South Africa,Renewable energy consumption (% of total final energy consumption),2024,,Sub-Saharan Africa ,Upper middle income,IBRD,28.1871,-25.746
2252,ZA,South Africa,Renewable energy consumption (% of total final energy consumption),2023,,Sub-Saharan Africa ,Upper middle income,IBRD,28.1871,-25.746
2253,ZA,South Africa,Renewable energy consumption (% of total final energy consumption),2022,,Sub-Saharan Africa ,Upper middle income,IBRD,28.1871,-25.746
2254,ZA,South Africa,Renewable energy consumption (% of total final energy consumption),2021,9.7,Sub-Saharan Africa ,Upper middle income,IBRD,28.1871,-25.746
2255,ZA,South Africa,Renewable energy consumption (% of total final energy consumption),2020,9.8,Sub-Saharan Africa ,Upper middle income,IBRD,28.1871,-25.746
2256,ZA,South Africa,Renewable energy consumption (% of total final energy consumption),2019,8.7,Sub-Saharan Africa ,Upper middle income,IBRD,28.1871,-25.746
2257,ZA,South Africa,Renewable energy consumption (% of total final energy consumption),2018,8.0,Sub-Saharan Africa ,Upper middle income,IBRD,28.1871,-25.746
2258,ZA,South Africa,Renewable energy consumption (% of total final energy consumption),2017,7.9,Sub-Saharan Africa ,Upper middle income,IBRD,28.1871,-25.746
2259,ZA,South Africa,Renewable energy consumption (% of total final energy consumption),2016,7.8,Sub-Saharan Africa ,Upper middle income,IBRD,28.1871,-25.746
2260,SS,South Sudan,Renewable energy consumption (% of total final energy consumption),2025,,Sub-Saharan Africa ,Low income,IDA,31.6,4.85
2261,SS,South Sudan,Renewable energy consumption (% of total final energy consumption),2024,,Sub-Saharan Africa ,Low income,IDA,31.6,4.85
2262,SS,South Sudan,Renewable energy consumption (% of total final energy consumption),2023,,Sub-Saharan Africa ,Low income,IDA,31.6,4.85
2263,SS,South Sudan,Renewable energy consumption (% of total final energy consumption),2022,,Sub-Saharan Africa ,Low income,IDA,31.6,4.85
2264,SS,South Sudan,Renewable energy consumption (% of total final energy consumption),2021,32.4,Sub-Saharan Africa ,Low income,IDA,31.6,4.85
2265,SS,South Sudan,Renewable energy consumption (% of total final energy consumption),2020,32.8,Sub-Saharan Africa ,Low income,IDA,31.6,4.85
2266,SS,South Sudan,Renewable energy consumption (% of total final energy consumption),2019,31.4,Sub-Saharan Africa ,Low income,IDA,31.6,4.85
2267,SS,South Sudan,Renewable energy consumption (% of total final energy consumption),2018,31.5,Sub-Saharan Africa ,Low income,IDA,31.6,4.85
2268,SS,South Sudan,Renewable energy consumption (% of total final energy consumption),2017,35.1,Sub-Saharan Africa ,Low income,IDA,31.6,4.85
2269,SS,South Sudan,Renewable energy consumption (% of total final energy consumption),2016,28.7,Sub-Saharan Africa ,Low income,IDA,31.6,4.85
2270,ES,Spain,Renewable energy consumption (% of total final energy consumption),2025,,Europe & Central Asia,High income,Not classified,-3.70327,40.4167
2271,ES,Spain,Renewable energy consumption (% of total final energy consumption),2024,,Europe & Central Asia,High income,Not classified,-3.70327,40.4167
2272,ES,Spain,Renewable energy consumption (% of total final energy consumption),2023,,Europe & Central Asia,High income,Not classified,-3.70327,40.4167
2273,ES,Spain,Renewable energy consumption (% of total final energy consumption),2022,,Europe & Central Asia,High income,Not classified,-3.70327,40.4167
2274,ES,Spain,Renewable energy consumption (% of total final energy consumption),2021,19.0,Europe & Central Asia,High income,Not classified,-3.70327,40.4167
2275,ES,Spain,Renewable energy consumption (% of total final energy consumption),2020,19.3,Europe & Central Asia,High income,Not classified,-3.70327,40.4167
2276,ES,Spain,Renewable energy consumption (% of total final energy consumption),2019,16.7,Europe & Central Asia,High income,Not classified,-3.70327,40.4167
2277,ES,Spain,Renewable energy consumption (% of total final energy consumption),2018,16.9,Europe & Central Asia,High income,Not classified,-3.70327,40.4167
2278,ES,Spain,Renewable energy consumption (% of total final energy consumption),2017,15.2,Europe & Central Asia,High income,Not classified,-3.70327,40.4167
2279,ES,Spain,Renewable energy consumption (% of total final energy consumption),2016,16.7,Europe & Central Asia,High income,Not classified,-3.70327,40.4167
2280,LK,Sri Lanka,Renewable energy consumption (% of total final energy consumption),2025,,South Asia,Upper middle income,IDA,79.8528,6.92148
2281,LK,Sri Lanka,Renewable energy consumption (% of total final energy consumption),2024,,South Asia,Upper middle income,IDA,79.8528,6.92148
2282,LK,Sri Lanka,Renewable energy consumption (% of total final energy consumption),2023,,South Asia,Upper middle income,IDA,79.8528,6.92148
2283,LK,Sri Lanka,Renewable energy consumption (% of total final energy consumption),2022,,South Asia,Upper middle income,IDA,79.8528,6.92148
2284,LK,Sri Lanka,Renewable energy consumption (% of total final energy consumption),2021,48.8,South Asia,Upper middle income,IDA,79.8528,6.92148
2285,LK,Sri Lanka,Renewable energy consumption (% of total final energy consumption),2020,49.3,South Asia,Upper middle income,IDA,79.8528,6.92148
2286,LK,Sri Lanka,Renewable energy consumption (% of total final energy consumption),2019,46.1,South Asia,Upper middle income,IDA,79.8528,6.92148
2287,LK,Sri Lanka,Renewable energy consumption (% of total final energy consumption),2018,47.9,South Asia,Upper middle income,IDA,79.8528,6.92148
2288,LK,Sri Lanka,Renewable energy consumption (% of total final energy consumption),2017,45.8,South Asia,Upper middle income,IDA,79.8528,6.92148
2289,LK,Sri Lanka,Renewable energy consumption (% of total final energy consumption),2016,45.1,South Asia,Upper middle income,IDA,79.8528,6.92148
2290,KN,St. Kitts and Nevis,Renewable energy consumption (% of total final energy consumption),2025,,Latin America & Caribbean ,High income,IBRD,-62.7309,17.3
2291,KN,St. Kitts and Nevis,Renewable energy consumption (% of total final energy consumption),2024,,Latin America & Caribbean ,High income,IBRD,-62.7309,17.3
2292,KN,St. Kitts and Nevis,Renewable energy consumption (% of total final energy consumption),2023,,Latin America & Caribbean ,High income,IBRD,-62.7309,17.3
2293,KN,St. Kitts and Nevis,Renewable energy consumption (% of total final energy consumption),2022,1.5,Latin America & Caribbean ,High income,IBRD,-62.7309,17.3
2294,KN,St. Kitts and Nevis,Renewable energy consumption (% of total final energy consumption),2021,1.6,Latin America & Caribbean ,High income,IBRD,-62.7309,17.3
2295,KN,St. Kitts and Nevis,Renewable energy consumption (% of total final energy consumption),2020,1.6,Latin America & Caribbean ,High income,IBRD,-62.7309,17.3
2296,KN,St. Kitts and Nevis,Renewable energy consumption (% of total final energy consumption),2019,1.3,Latin America & Caribbean ,High income,IBRD,-62.7309,17.3
2297,KN,St. Kitts and Nevis,Renewable energy consumption (% of total final energy consumption),2018,1.3,Latin America & Caribbean ,High income,IBRD,-62.7309,17.3
2298,KN,St. Kitts and Nevis,Renewable energy consumption (% of total final energy consumption),2017,1.3,Latin America & Caribbean ,High income,IBRD,-62.7309,17.3
2299,KN,St. Kitts and Nevis,Renewable energy consumption (% of total final energy consumption),2016,1.7,Latin America & Caribbean ,High income,IBRD,-62.7309,17.3
2300,LC,St. Lucia,Renewable energy consumption (% of total final energy consumption),2025,,Latin America & Caribbean ,Upper middle income,Blend,-60.9832,14
2301,LC,St. Lucia,Renewable energy consumption (% of total final energy consumption),2024,,Latin America & Caribbean ,Upper middle income,Blend,-60.9832,14
2302,LC,St. Lucia,Renewable energy consumption (% of total final energy consumption),2023,,Latin America & Caribbean ,Upper middle income,Blend,-60.9832,14
2303,LC,St. Lucia,Renewable energy consumption (% of total final energy consumption),2022,9.7,Latin America & Caribbean ,Upper middle income,Blend,-60.9832,14
2304,LC,St. Lucia,Renewable energy consumption (% of total final energy consumption),2021,9.7,Latin America & Caribbean ,Upper middle income,Blend,-60.9832,14
2305,LC,St. Lucia,Renewable energy consumption (% of total final energy consumption),2020,10.0,Latin America & Caribbean ,Upper middle income,Blend,-60.9832,14
2306,LC,St. Lucia,Renewable energy consumption (% of total final energy consumption),2019,10.0,Latin America & Caribbean ,Upper middle income,Blend,-60.9832,14
2307,LC,St. Lucia,Renewable energy consumption (% of total final energy consumption),2018,10.2,Latin America & Caribbean ,Upper middle income,Blend,-60.9832,14
2308,LC,St. Lucia,Renewable energy consumption (% of total final energy consumption),2017,10.2,Latin America & Caribbean ,Upper middle income,Blend,-60.9832,14
2309,LC,St. Lucia,Renewable energy consumption (% of total final energy consumption),2016,11.2,Latin America & Caribbean ,Upper middle income,Blend,-60.9832,14
2310,MF,St. Martin (French part),Renewable energy consumption (% of total final energy consumption),2025,,Latin America & Caribbean ,High income,Not classified,,
2311,MF,St. Martin (French part),Renewable energy consumption (% of total final energy consumption),2024,,Latin America & Caribbean ,High income,Not classified,,
2312,MF,St. Martin (French part),Renewable energy consumption (% of total final energy consumption),2023,,Latin America & Caribbean ,High income,Not classified,,
2313,MF,St. Martin (French part),Renewable energy consumption (% of total final energy consumption),2022,,Latin America & Caribbean ,High income,Not classified,,
2314,MF,St. Martin (French part),Renewable energy consumption (% of total final energy consumption),2021,,Latin America & Caribbean ,High income,Not classified,,
2315,MF,St. Martin (French part),Renewable energy consumption (% of total final energy consumption),2020,,Latin America & Caribbean ,High income,Not classified,,
2316,MF,St. Martin (French part),Renewable energy consumption (% of total final energy consumption),2019,,Latin America & Caribbean ,High income,Not classified,,
2317,MF,St. Martin (French part),Renewable energy consumption (% of total final energy consumption),2018,,Latin America & Caribbean ,High income,Not classified,,
2318,MF,St. Martin (French part),Renewable energy consumption (% of total final energy consumption),2017,,Latin America & Caribbean ,High income,Not classified,,
2319,MF,St. Martin (French part),Renewable energy consumption (% of total final energy consumption),2016,,Latin America & Caribbean ,High income,Not classified,,
2320,VC,St. Vincent and the Grenadines,Renewable energy consumption (% of total final energy consumption),2025,,Latin America & Caribbean ,Upper middle income,Blend,-61.2653,13.2035
2321,VC,St. Vincent and the Grenadines,Renewable energy consumption (% of total final energy consumption),2024,,Latin America & Caribbean ,Upper middle income,Blend,-61.2653,13.2035
2322,VC,St. Vincent and the Grenadines,Renewable energy consumption (% of total final energy consumption),2023,,Latin America & Caribbean ,Upper middle income,Blend,-61.2653,13.2035
2323,VC,St. Vincent and the Grenadines,Renewable energy consumption (% of total final energy consumption),2022,5.1,Latin America & Caribbean ,Upper middle income,Blend,-61.2653,13.2035
2324,VC,St. Vincent and the Grenadines,Renewable energy consumption (% of total final energy consumption),2021,5.0,Latin America & Caribbean ,Upper middle income,Blend,-61.2653,13.2035
2325,VC,St. Vincent and the Grenadines,Renewable energy consumption (% of total final energy consumption),2020,5.2,Latin America & Caribbean ,Upper middle income,Blend,-61.2653,13.2035
2326,VC,St. Vincent and the Grenadines,Renewable energy consumption (% of total final energy consumption),2019,5.4,Latin America & Caribbean ,Upper middle income,Blend,-61.2653,13.2035
2327,VC,St. Vincent and the Grenadines,Renewable energy consumption (% of total final energy consumption),2018,4.9,Latin America & Caribbean ,Upper middle income,Blend,-61.2653,13.2035
2328,VC,St. Vincent and the Grenadines,Renewable energy consumption (% of total final energy consumption),2017,5.3,Latin America & Caribbean ,Upper middle income,Blend,-61.2653,13.2035
2329,VC,St. Vincent and the Grenadines,Renewable energy consumption (% of total final energy consumption),2016,4.1,Latin America & Caribbean ,Upper middle income,Blend,-61.2653,13.2035
2330,SD,Sudan,Renewable energy consumption (% of total final energy consumption),2025,,Sub-Saharan Africa ,Low income,IDA,32.5363,15.5932
2331,SD,Sudan,Renewable energy consumption (% of total final energy consumption),2024,,Sub-Saharan Africa ,Low income,IDA,32.5363,15.5932
2332,SD,Sudan,Renewable energy consumption (% of total final energy consumption),2023,,Sub-Saharan Africa ,Low income,IDA,32.5363,15.5932
2333,SD,Sudan,Renewable energy consumption (% of total final energy consumption),2022,,Sub-Saharan Africa ,Low income,IDA,32.5363,15.5932
2334,SD,Sudan,Renewable energy consumption (% of total final energy consumption),2021,61.0,Sub-Saharan Africa ,Low income,IDA,32.5363,15.5932
2335,SD,Sudan,Renewable energy consumption (% of total final energy consumption),2020,62.6,Sub-Saharan Africa ,Low income,IDA,32.5363,15.5932
2336,SD,Sudan,Renewable energy consumption (% of total final energy consumption),2019,59.4,Sub-Saharan Africa ,Low income,IDA,32.5363,15.5932
2337,SD,Sudan,Renewable energy consumption (% of total final energy consumption),2018,59.8,Sub-Saharan Africa ,Low income,IDA,32.5363,15.5932
2338,SD,Sudan,Renewable energy consumption (% of total final energy consumption),2017,59.4,Sub-Saharan Africa ,Low income,IDA,32.5363,15.5932
2339,SD,Sudan,Renewable energy consumption (% of total final energy consumption),2016,58.9,Sub-Saharan Africa ,Low income,IDA,32.5363,15.5932
2340,SR,Suriname,Renewable energy consumption (% of total final energy consumption),2025,,Latin America & Caribbean ,Upper middle income,Blend,-55.1679,5.8232
2341,SR,Suriname,Renewable energy consumption (% of total final energy consumption),2024,,Latin America & Caribbean ,Upper middle income,Blend,-55.1679,5.8232
2342,SR,Suriname,Renewable energy consumption (% of total final energy consumption),2023,,Latin America & Caribbean ,Upper middle income,Blend,-55.1679,5.8232
2343,SR,Suriname,Renewable energy consumption (% of total final energy consumption),2022,,Latin America & Caribbean ,Upper middle income,Blend,-55.1679,5.8232
2344,SR,Suriname,Renewable energy consumption (% of total final energy consumption),2021,14.5,Latin America & Caribbean ,Upper middle income,Blend,-55.1679,5.8232
2345,SR,Suriname,Renewable energy consumption (% of total final energy consumption),2020,14.6,Latin America & Caribbean ,Upper middle income,Blend,-55.1679,5.8232
2346,SR,Suriname,Renewable energy consumption (% of total final energy consumption),2019,14.9,Latin America & Caribbean ,Upper middle income,Blend,-55.1679,5.8232
2347,SR,Suriname,Renewable energy consumption (% of total final energy consumption),2018,18.3,Latin America & Caribbean ,Upper middle income,Blend,-55.1679,5.8232
2348,SR,Suriname,Renewable energy consumption (% of total final energy consumption),2017,15.5,Latin America & Caribbean ,Upper middle income,Blend,-55.1679,5.8232
2349,SR,Suriname,Renewable energy consumption (% of total final energy consumption),2016,11.1,Latin America & Caribbean ,Upper middle income,Blend,-55.1679,5.8232
2350,SE,Sweden,Renewable energy consumption (% of total final energy consumption),2025,,Europe & Central Asia,High income,Not classified,18.0645,59.3327
2351,SE,Sweden,Renewable energy consumption (% of total final energy consumption),2024,,Europe & Central Asia,High income,Not classified,18.0645,59.3327
2352,SE,Sweden,Renewable energy consumption (% of total final energy consumption),2023,,Europe & Central Asia,High income,Not classified,18.0645,59.3327
2353,SE,Sweden,Renewable energy consumption (% of total final energy consumption),2022,,Europe & Central Asia,High income,Not classified,18.0645,59.3327
2354,SE,Sweden,Renewable energy consumption (% of total final energy consumption),2021,57.9,Europe & Central Asia,High income,Not classified,18.0645,59.3327
2355,SE,Sweden,Renewable energy consumption (% of total final energy consumption),2020,57.8,Europe & Central Asia,High income,Not classified,18.0645,59.3327
2356,SE,Sweden,Renewable energy consumption (% of total final energy consumption),2019,52.9,Europe & Central Asia,High income,Not classified,18.0645,59.3327
2357,SE,Sweden,Renewable energy consumption (% of total final energy consumption),2018,51.6,Europe & Central Asia,High income,Not classified,18.0645,59.3327
2358,SE,Sweden,Renewable energy consumption (% of total final energy consumption),2017,51.8,Europe & Central Asia,High income,Not classified,18.0645,59.3327
2359,SE,Sweden,Renewable energy consumption (% of total final energy consumption),2016,50.9,Europe & Central Asia,High income,Not classified,18.0645,59.3327
2360,CH,Switzerland,Renewable energy consumption (% of total final energy consumption),2025,,Europe & Central Asia,High income,Not classified,7.44821,46.948
2361,CH,Switzerland,Renewable energy consumption (% of total final energy consumption),2024,,Europe & Central Asia,High income,Not classified,7.44821,46.948
2362,CH,Switzerland,Renewable energy consumption (% of total final energy consumption),2023,,Europe & Central Asia,High income,Not classified,7.44821,46.948
2363,CH,Switzerland,Renewable energy consumption (% of total final energy consumption),2022,,Europe & Central Asia,High income,Not classified,7.44821,46.948
2364,CH,Switzerland,Renewable energy consumption (% of total final energy consumption),2021,27.7,Europe & Central Asia,High income,Not classified,7.44821,46.948
2365,CH,Switzerland,Renewable energy consumption (% of total final energy consumption),2020,26.4,Europe & Central Asia,High income,Not classified,7.44821,46.948
2366,CH,Switzerland,Renewable energy consumption (% of total final energy consumption),2019,24.8,Europe & Central Asia,High income,Not classified,7.44821,46.948
2367,CH,Switzerland,Renewable energy consumption (% of total final energy consumption),2018,24.2,Europe & Central Asia,High income,Not classified,7.44821,46.948
2368,CH,Switzerland,Renewable energy consumption (% of total final energy consumption),2017,25.0,Europe & Central Asia,High income,Not classified,7.44821,46.948
2369,CH,Switzerland,Renewable energy consumption (% of total final energy consumption),2016,24.1,Europe & Central Asia,High income,Not classified,7.44821,46.948
2370,SY,Syrian Arab Republic,Renewable energy consumption (% of total final energy consumption),2025,,"Middle East, North Africa, Afghanistan & Pakistan",Low income,IDA,36.3119,33.5146
2371,SY,Syrian Arab Republic,Renewable energy consumption (% of total final energy consumption),2024,,"Middle East, North Africa, Afghanistan & Pakistan",Low income,IDA,36.3119,33.5146
2372,SY,Syrian Arab Republic,Renewable energy consumption (% of total final energy consumption),2023,,"Middle East, North Africa, Afghanistan & Pakistan",Low income,IDA,36.3119,33.5146
2373,SY,Syrian Arab Republic,Renewable energy consumption (% of total final energy consumption),2022,,"Middle East, North Africa, Afghanistan & Pakistan",Low income,IDA,36.3119,33.5146
2374,SY,Syrian Arab Republic,Renewable energy consumption (% of total final energy consumption),2021,1.1,"Middle East, North Africa, Afghanistan & Pakistan",Low income,IDA,36.3119,33.5146
2375,SY,Syrian Arab Republic,Renewable energy consumption (% of total final energy consumption),2020,1.1,"Middle East, North Africa, Afghanistan & Pakistan",Low income,IDA,36.3119,33.5146
2376,SY,Syrian Arab Republic,Renewable energy consumption (% of total final energy consumption),2019,1.0,"Middle East, North Africa, Afghanistan & Pakistan",Low income,IDA,36.3119,33.5146
2377,SY,Syrian Arab Republic,Renewable energy consumption (% of total final energy consumption),2018,0.9,"Middle East, North Africa, Afghanistan & Pakistan",Low income,IDA,36.3119,33.5146
2378,SY,Syrian Arab Republic,Renewable energy consumption (% of total final energy consumption),2017,1.1,"Middle East, North Africa, Afghanistan & Pakistan",Low income,IDA,36.3119,33.5146
2379,SY,Syrian Arab Republic,Renewable energy consumption (% of total final energy consumption),2016,1.3,"Middle East, North Africa, Afghanistan & Pakistan",Low income,IDA,36.3119,33.5146
2380,TJ,Tajikistan,Renewable energy consumption (% of total final energy consumption),2025,,Europe & Central Asia,Lower middle income,IDA,68.7864,38.5878
2381,TJ,Tajikistan,Renewable energy consumption (% of total final energy consumption),2024,,Europe & Central Asia,Lower middle income,IDA,68.7864,38.5878
2382,TJ,Tajikistan,Renewable energy consumption (% of total final energy consumption),2023,,Europe & Central Asia,Lower middle income,IDA,68.7864,38.5878
2383,TJ,Tajikistan,Renewable energy consumption (% of total final energy consumption),2022,,Europe & Central Asia,Lower middle income,IDA,68.7864,38.5878
2384,TJ,Tajikistan,Renewable energy consumption (% of total final energy consumption),2021,34.9,Europe & Central Asia,Lower middle income,IDA,68.7864,38.5878
2385,TJ,Tajikistan,Renewable energy consumption (% of total final energy consumption),2020,38.8,Europe & Central Asia,Lower middle income,IDA,68.7864,38.5878
2386,TJ,Tajikistan,Renewable energy consumption (% of total final energy consumption),2019,40.1,Europe & Central Asia,Lower middle income,IDA,68.7864,38.5878
2387,TJ,Tajikistan,Renewable energy consumption (% of total final energy consumption),2018,41.6,Europe & Central Asia,Lower middle income,IDA,68.7864,38.5878
2388,TJ,Tajikistan,Renewable energy consumption (% of total final energy consumption),2017,44.2,Europe & Central Asia,Lower middle income,IDA,68.7864,38.5878
2389,TJ,Tajikistan,Renewable energy consumption (% of total final energy consumption),2016,43.7,Europe & Central Asia,Lower middle income,IDA,68.7864,38.5878
2390,TZ,Tanzania,Renewable energy consumption (% of total final energy consumption),2025,,Sub-Saharan Africa ,Lower middle income,IDA,35.7382,-6.17486
2391,TZ,Tanzania,Renewable energy consumption (% of total final energy consumption),2024,,Sub-Saharan Africa ,Lower middle income,IDA,35.7382,-6.17486
2392,TZ,Tanzania,Renewable energy consumption (% of total final energy consumption),2023,,Sub-Saharan Africa ,Lower middle income,IDA,35.7382,-6.17486
2393,TZ,Tanzania,Renewable energy consumption (% of total final energy consumption),2022,,Sub-Saharan Africa ,Lower middle income,IDA,35.7382,-6.17486
2394,TZ,Tanzania,Renewable energy consumption (% of total final energy consumption),2021,78.3,Sub-Saharan Africa ,Lower middle income,IDA,35.7382,-6.17486
2395,TZ,Tanzania,Renewable energy consumption (% of total final energy consumption),2020,80.8,Sub-Saharan Africa ,Lower middle income,IDA,35.7382,-6.17486
2396,TZ,Tanzania,Renewable energy consumption (% of total final energy consumption),2019,80.4,Sub-Saharan Africa ,Lower middle income,IDA,35.7382,-6.17486
2397,TZ,Tanzania,Renewable energy consumption (% of total final energy consumption),2018,81.3,Sub-Saharan Africa ,Lower middle income,IDA,35.7382,-6.17486
2398,TZ,Tanzania,Renewable energy consumption (% of total final energy consumption),2017,82.0,Sub-Saharan Africa ,Lower middle income,IDA,35.7382,-6.17486
2399,TZ,Tanzania,Renewable energy consumption (% of total final energy consumption),2016,81.7,Sub-Saharan Africa ,Lower middle income,IDA,35.7382,-6.17486
2400,TH,Thailand,Renewable energy consumption (% of total final energy consumption),2025,,East Asia & Pacific,Upper middle income,IBRD,100.521,13.7308
2401,TH,Thailand,Renewable energy consumption (% of total final energy consumption),2024,,East Asia & Pacific,Upper middle income,IBRD,100.521,13.7308
2402,TH,Thailand,Renewable energy consumption (% of total final energy consumption),2023,,East Asia & Pacific,Upper middle income,IBRD,100.521,13.7308
2403,TH,Thailand,Renewable energy consumption (% of total final energy consumption),2022,,East Asia & Pacific,Upper middle income,IBRD,100.521,13.7308
2404,TH,Thailand,Renewable energy consumption (% of total final energy consumption),2021,19.0,East Asia & Pacific,Upper middle income,IBRD,100.521,13.7308
2405,TH,Thailand,Renewable energy consumption (% of total final energy consumption),2020,20.9,East Asia & Pacific,Upper middle income,IBRD,100.521,13.7308
2406,TH,Thailand,Renewable energy consumption (% of total final energy consumption),2019,23.9,East Asia & Pacific,Upper middle income,IBRD,100.521,13.7308
2407,TH,Thailand,Renewable energy consumption (% of total final energy consumption),2018,23.7,East Asia & Pacific,Upper middle income,IBRD,100.521,13.7308
2408,TH,Thailand,Renewable energy consumption (% of total final energy consumption),2017,22.2,East Asia & Pacific,Upper middle income,IBRD,100.521,13.7308
2409,TH,Thailand,Renewable energy consumption (% of total final energy consumption),2016,22.4,East Asia & Pacific,Upper middle income,IBRD,100.521,13.7308
2410,TL,Timor-Leste,Renewable energy consumption (% of total final energy consumption),2025,,East Asia & Pacific,Lower middle income,Blend,125.567,-8.56667
2411,TL,Timor-Leste,Renewable energy consumption (% of total final energy consumption),2024,,East Asia & Pacific,Lower middle income,Blend,125.567,-8.56667
2412,TL,Timor-Leste,Renewable energy consumption (% of total final energy consumption),2023,,East Asia & Pacific,Lower middle income,Blend,125.567,-8.56667
2413,TL,Timor-Leste,Renewable energy consumption (% of total final energy consumption),2022,11.4,East Asia & Pacific,Lower middle income,Blend,125.567,-8.56667
2414,TL,Timor-Leste,Renewable energy consumption (% of total final energy consumption),2021,12.1,East Asia & Pacific,Lower middle income,Blend,125.567,-8.56667
2415,TL,Timor-Leste,Renewable energy consumption (% of total final energy consumption),2020,11.4,East Asia & Pacific,Lower middle income,Blend,125.567,-8.56667
2416,TL,Timor-Leste,Renewable energy consumption (% of total final energy consumption),2019,11.7,East Asia & Pacific,Lower middle income,Blend,125.567,-8.56667
2417,TL,Timor-Leste,Renewable energy consumption (% of total final energy consumption),2018,12.7,East Asia & Pacific,Lower middle income,Blend,125.567,-8.56667
2418,TL,Timor-Leste,Renewable energy consumption (% of total final energy consumption),2017,13.2,East Asia & Pacific,Lower middle income,Blend,125.567,-8.56667
2419,TL,Timor-Leste,Renewable energy consumption (% of total final energy consumption),2016,12.7,East Asia & Pacific,Lower middle income,Blend,125.567,-8.56667
2420,TG,Togo,Renewable energy consumption (% of total final energy consumption),2025,,Sub-Saharan Africa ,Lower middle income,IDA,1.2255,6.1228
2421,TG,Togo,Renewable energy consumption (% of total final energy consumption),2024,,Sub-Saharan Africa ,Lower middle income,IDA,1.2255,6.1228
2422,TG,Togo,Renewable energy consumption (% of total final energy consumption),2023,,Sub-Saharan Africa ,Lower middle income,IDA,1.2255,6.1228
2423,TG,Togo,Renewable energy consumption (% of total final energy consumption),2022,,Sub-Saharan Africa ,Lower middle income,IDA,1.2255,6.1228
2424,TG,Togo,Renewable energy consumption (% of total final energy consumption),2021,75.1,Sub-Saharan Africa ,Lower middle income,IDA,1.2255,6.1228
2425,TG,Togo,Renewable energy consumption (% of total final energy consumption),2020,76.2,Sub-Saharan Africa ,Lower middle income,IDA,1.2255,6.1228
2426,TG,Togo,Renewable energy consumption (% of total final energy consumption),2019,78.6,Sub-Saharan Africa ,Lower middle income,IDA,1.2255,6.1228
2427,TG,Togo,Renewable energy consumption (% of total final energy consumption),2018,76.7,Sub-Saharan Africa ,Lower middle income,IDA,1.2255,6.1228
2428,TG,Togo,Renewable energy consumption (% of total final energy consumption),2017,78.4,Sub-Saharan Africa ,Lower middle income,IDA,1.2255,6.1228
2429,TG,Togo,Renewable energy consumption (% of total final energy consumption),2016,80.7,Sub-Saharan Africa ,Lower middle income,IDA,1.2255,6.1228
2430,TO,Tonga,Renewable energy consumption (% of total final energy consumption),2025,,East Asia & Pacific,Upper middle income,IDA,-175.216,-21.136
2431,TO,Tonga,Renewable energy consumption (% of total final energy consumption),2024,,East Asia & Pacific,Upper middle income,IDA,-175.216,-21.136
2432,TO,Tonga,Renewable energy consumption (% of total final energy consumption),2023,,East Asia & Pacific,Upper middle income,IDA,-175.216,-21.136
2433,TO,Tonga,Renewable energy consumption (% of total final energy consumption),2022,2.3,East Asia & Pacific,Upper middle income,IDA,-175.216,-21.136
2434,TO,Tonga,Renewable energy consumption (% of total final energy consumption),2021,1.8,East Asia & Pacific,Upper middle income,IDA,-175.216,-21.136
2435,TO,Tonga,Renewable energy consumption (% of total final energy consumption),2020,1.9,East Asia & Pacific,Upper middle income,IDA,-175.216,-21.136
2436,TO,Tonga,Renewable energy consumption (% of total final energy consumption),2019,1.8,East Asia & Pacific,Upper middle income,IDA,-175.216,-21.136
2437,TO,Tonga,Renewable energy consumption (% of total final energy consumption),2018,1.8,East Asia & Pacific,Upper middle income,IDA,-175.216,-21.136
2438,TO,Tonga,Renewable energy consumption (% of total final energy consumption),2017,2.0,East Asia & Pacific,Upper middle income,IDA,-175.216,-21.136
2439,TO,Tonga,Renewable energy consumption (% of total final energy consumption),2016,2.0,East Asia & Pacific,Upper middle income,IDA,-175.216,-21.136
2440,TT,Trinidad and Tobago,Renewable energy consumption (% of total final energy consumption),2025,,Latin America & Caribbean ,High income,IBRD,-61.4789,10.6596
2441,TT,Trinidad and Tobago,Renewable energy consumption (% of total final energy consumption),2024,,Latin America & Caribbean ,High income,IBRD,-61.4789,10.6596
2442,TT,Trinidad and Tobago,Renewable energy consumption (% of total final energy consumption),2023,,Latin America & Caribbean ,High income,IBRD,-61.4789,10.6596
2443,TT,Trinidad and Tobago,Renewable energy consumption (% of total final energy consumption),2022,,Latin America & Caribbean ,High income,IBRD,-61.4789,10.6596
2444,TT,Trinidad and Tobago,Renewable energy consumption (% of total final energy consumption),2021,0.5,Latin America & Caribbean ,High income,IBRD,-61.4789,10.6596
2445,TT,Trinidad and Tobago,Renewable energy consumption (% of total final energy consumption),2020,0.5,Latin America & Caribbean ,High income,IBRD,-61.4789,10.6596
2446,TT,Trinidad and Tobago,Renewable energy consumption (% of total final energy consumption),2019,0.4,Latin America & Caribbean ,High income,IBRD,-61.4789,10.6596
2447,TT,Trinidad and Tobago,Renewable energy consumption (% of total final energy consumption),2018,0.5,Latin America & Caribbean ,High income,IBRD,-61.4789,10.6596
2448,TT,Trinidad and Tobago,Renewable energy consumption (% of total final energy consumption),2017,0.4,Latin America & Caribbean ,High income,IBRD,-61.4789,10.6596
2449,TT,Trinidad and Tobago,Renewable energy consumption (% of total final energy consumption),2016,0.4,Latin America & Caribbean ,High income,IBRD,-61.4789,10.6596
2450,TN,Tunisia,Renewable energy consumption (% of total final energy consumption),2025,,"Middle East, North Africa, Afghanistan & Pakistan",Lower middle income,IBRD,10.21,36.7899
2451,TN,Tunisia,Renewable energy consumption (% of total final energy consumption),2024,,"Middle East, North Africa, Afghanistan & Pakistan",Lower middle income,IBRD,10.21,36.7899
2452,TN,Tunisia,Renewable energy consumption (% of total final energy consumption),2023,,"Middle East, North Africa, Afghanistan & Pakistan",Lower middle income,IBRD,10.21,36.7899
2453,TN,Tunisia,Renewable energy consumption (% of total final energy consumption),2022,,"Middle East, North Africa, Afghanistan & Pakistan",Lower middle income,IBRD,10.21,36.7899
2454,TN,Tunisia,Renewable energy consumption (% of total final energy consumption),2021,11.6,"Middle East, North Africa, Afghanistan & Pakistan",Lower middle income,IBRD,10.21,36.7899
2455,TN,Tunisia,Renewable energy consumption (% of total final energy consumption),2020,12.9,"Middle East, North Africa, Afghanistan & Pakistan",Lower middle income,IBRD,10.21,36.7899
2456,TN,Tunisia,Renewable energy consumption (% of total final energy consumption),2019,12.2,"Middle East, North Africa, Afghanistan & Pakistan",Lower middle income,IBRD,10.21,36.7899
2457,TN,Tunisia,Renewable energy consumption (% of total final energy consumption),2018,11.9,"Middle East, North Africa, Afghanistan & Pakistan",Lower middle income,IBRD,10.21,36.7899
2458,TN,Tunisia,Renewable energy consumption (% of total final energy consumption),2017,11.8,"Middle East, North Africa, Afghanistan & Pakistan",Lower middle income,IBRD,10.21,36.7899
2459,TN,Tunisia,Renewable energy consumption (% of total final energy consumption),2016,12.4,"Middle East, North Africa, Afghanistan & Pakistan",Lower middle income,IBRD,10.21,36.7899
2460,TR,Turkiye,Renewable energy consumption (% of total final energy consumption),2025,,Europe & Central Asia,Upper middle income,IBRD,32.3606,39.7153
2461,TR,Turkiye,Renewable energy consumption (% of total final energy consumption),2024,,Europe & Central Asia,Upper middle income,IBRD,32.3606,39.7153
2462,TR,Turkiye,Renewable energy consumption (% of total final energy consumption),2023,,Europe & Central Asia,Upper middle income,IBRD,32.3606,39.7153
2463,TR,Turkiye,Renewable energy consumption (% of total final energy consumption),2022,,Europe & Central Asia,Upper middle income,IBRD,32.3606,39.7153
2464,TR,Turkiye,Renewable energy consumption (% of total final energy consumption),2021,12.0,Europe & Central Asia,Upper middle income,IBRD,32.3606,39.7153
2465,TR,Turkiye,Renewable energy consumption (% of total final energy consumption),2020,13.7,Europe & Central Asia,Upper middle income,IBRD,32.3606,39.7153
2466,TR,Turkiye,Renewable energy consumption (% of total final energy consumption),2019,14.1,Europe & Central Asia,Upper middle income,IBRD,32.3606,39.7153
2467,TR,Turkiye,Renewable energy consumption (% of total final energy consumption),2018,11.8,Europe & Central Asia,Upper middle income,IBRD,32.3606,39.7153
2468,TR,Turkiye,Renewable energy consumption (% of total final energy consumption),2017,11.4,Europe & Central Asia,Upper middle income,IBRD,32.3606,39.7153
2469,TR,Turkiye,Renewable energy consumption (% of total final energy consumption),2016,13.2,Europe & Central Asia,Upper middle income,IBRD,32.3606,39.7153
2470,TM,Turkmenistan,Renewable energy consumption (% of total final energy consumption),2025,,Europe & Central Asia,Upper middle income,IBRD,58.3794,37.9509
2471,TM,Turkmenistan,Renewable energy consumption (% of total final energy consumption),2024,,Europe & Central Asia,Upper middle income,IBRD,58.3794,37.9509
2472,TM,Turkmenistan,Renewable energy consumption (% of total final energy consumption),2023,,Europe & Central Asia,Upper middle income,IBRD,58.3794,37.9509
2473,TM,Turkmenistan,Renewable energy consumption (% of total final energy consumption),2022,,Europe & Central Asia,Upper middle income,IBRD,58.3794,37.9509
2474,TM,Turkmenistan,Renewable energy consumption (% of total final energy consumption),2021,0.1,Europe & Central Asia,Upper middle income,IBRD,58.3794,37.9509
2475,TM,Turkmenistan,Renewable energy consumption (% of total final energy consumption),2020,0.1,Europe & Central Asia,Upper middle income,IBRD,58.3794,37.9509
2476,TM,Turkmenistan,Renewable energy consumption (% of total final energy consumption),2019,0.1,Europe & Central Asia,Upper middle income,IBRD,58.3794,37.9509
2477,TM,Turkmenistan,Renewable energy consumption (% of total final energy consumption),2018,0.1,Europe & Central Asia,Upper middle income,IBRD,58.3794,37.9509
2478,TM,Turkmenistan,Renewable energy consumption (% of total final energy consumption),2017,0.1,Europe & Central Asia,Upper middle income,IBRD,58.3794,37.9509
2479,TM,Turkmenistan,Renewable energy consumption (% of total final energy consumption),2016,0.1,Europe & Central Asia,Upper middle income,IBRD,58.3794,37.9509
2480,TC,Turks and Caicos Islands,Renewable energy consumption (% of total final energy consumption),2025,,Latin America & Caribbean ,High income,Not classified,-71.141389,21.4602778
2481,TC,Turks and Caicos Islands,Renewable energy consumption (% of total final energy consumption),2024,,Latin America & Caribbean ,High income,Not classified,-71.141389,21.4602778
2482,TC,Turks and Caicos Islands,Renewable energy consumption (% of total final energy consumption),2023,,Latin America & Caribbean ,High income,Not classified,-71.141389,21.4602778
2483,TC,Turks and Caicos Islands,Renewable energy consumption (% of total final energy consumption),2022,0.8,Latin America & Caribbean ,High income,Not classified,-71.141389,21.4602778
2484,TC,Turks and Caicos Islands,Renewable energy consumption (% of total final energy consumption),2021,0.8,Latin America & Caribbean ,High income,Not classified,-71.141389,21.4602778
2485,TC,Turks and Caicos Islands,Renewable energy consumption (% of total final energy consumption),2020,0.5,Latin America & Caribbean ,High income,Not classified,-71.141389,21.4602778
2486,TC,Turks and Caicos Islands,Renewable energy consumption (% of total final energy consumption),2019,0.5,Latin America & Caribbean ,High income,Not classified,-71.141389,21.4602778
2487,TC,Turks and Caicos Islands,Renewable energy consumption (% of total final energy consumption),2018,0.4,Latin America & Caribbean ,High income,Not classified,-71.141389,21.4602778
2488,TC,Turks and Caicos Islands,Renewable energy consumption (% of total final energy consumption),2017,0.3,Latin America & Caribbean ,High income,Not classified,-71.141389,21.4602778
2489,TC,Turks and Caicos Islands,Renewable energy consumption (% of total final energy consumption),2016,0.4,Latin America & Caribbean ,High income,Not classified,-71.141389,21.4602778
2490,TV,Tuvalu,Renewable energy consumption (% of total final energy consumption),2025,,East Asia & Pacific,Upper middle income,IDA,179.089567,-8.6314877
2491,TV,Tuvalu,Renewable energy consumption (% of total final energy consumption),2024,,East Asia & Pacific,Upper middle income,IDA,179.089567,-8.6314877
2492,TV,Tuvalu,Renewable energy consumption (% of total final energy consumption),2023,,East Asia & Pacific,Upper middle income,IDA,179.089567,-8.6314877
2493,TV,Tuvalu,Renewable energy consumption (% of total final energy consumption),2022,5.2,East Asia & Pacific,Upper middle income,IDA,179.089567,-8.6314877
2494,TV,Tuvalu,Renewable energy consumption (% of total final energy consumption),2021,5.0,East Asia & Pacific,Upper middle income,IDA,179.089567,-8.6314877
2495,TV,Tuvalu,Renewable energy consumption (% of total final energy consumption),2020,5.0,East Asia & Pacific,Upper middle income,IDA,179.089567,-8.6314877
2496,TV,Tuvalu,Renewable energy consumption (% of total final energy consumption),2019,6.3,East Asia & Pacific,Upper middle income,IDA,179.089567,-8.6314877
2497,TV,Tuvalu,Renewable energy consumption (% of total final energy consumption),2018,6.4,East Asia & Pacific,Upper middle income,IDA,179.089567,-8.6314877
2498,TV,Tuvalu,Renewable energy consumption (% of total final energy consumption),2017,7.0,East Asia & Pacific,Upper middle income,IDA,179.089567,-8.6314877
2499,TV,Tuvalu,Renewable energy consumption (% of total final energy consumption),2016,7.3,East Asia & Pacific,Upper middle income,IDA,179.089567,-8.6314877
2500,UG,Uganda,Renewable energy consumption (% of total final energy consumption),2025,,Sub-Saharan Africa ,Low income,IDA,32.5729,0.314269
2501,UG,Uganda,Renewable energy consumption (% of total final energy consumption),2024,,Sub-Saharan Africa ,Low income,IDA,32.5729,0.314269
2502,UG,Uganda,Renewable energy consumption (% of total final energy consumption),2023,,Sub-Saharan Africa ,Low income,IDA,32.5729,0.314269
2503,UG,Uganda,Renewable energy consumption (% of total final energy consumption),2022,90.9,Sub-Saharan Africa ,Low income,IDA,32.5729,0.314269
2504,UG,Uganda,Renewable energy consumption (% of total final energy consumption),2021,91.0,Sub-Saharan Africa ,Low income,IDA,32.5729,0.314269
2505,UG,Uganda,Renewable energy consumption (% of total final energy consumption),2020,91.6,Sub-Saharan Africa ,Low income,IDA,32.5729,0.314269
2506,UG,Uganda,Renewable energy consumption (% of total final energy consumption),2019,90.5,Sub-Saharan Africa ,Low income,IDA,32.5729,0.314269
2507,UG,Uganda,Renewable energy consumption (% of total final energy consumption),2018,90.5,Sub-Saharan Africa ,Low income,IDA,32.5729,0.314269
2508,UG,Uganda,Renewable energy consumption (% of total final energy consumption),2017,91.3,Sub-Saharan Africa ,Low income,IDA,32.5729,0.314269
2509,UG,Uganda,Renewable energy consumption (% of total final energy consumption),2016,91.4,Sub-Saharan Africa ,Low income,IDA,32.5729,0.314269
2510,UA,Ukraine,Renewable energy consumption (% of total final energy consumption),2025,,Europe & Central Asia,Upper middle income,IBRD,30.5038,50.4536
2511,UA,Ukraine,Renewable energy consumption (% of total final energy consumption),2024,,Europe & Central Asia,Upper middle income,IBRD,30.5038,50.4536
2512,UA,Ukraine,Renewable energy consumption (% of total final energy consumption),2023,,Europe & Central Asia,Upper middle income,IBRD,30.5038,50.4536
2513,UA,Ukraine,Renewable energy consumption (% of total final energy consumption),2022,,Europe & Central Asia,Upper middle income,IBRD,30.5038,50.4536
2514,UA,Ukraine,Renewable energy consumption (% of total final energy consumption),2021,8.9,Europe & Central Asia,Upper middle income,IBRD,30.5038,50.4536
2515,UA,Ukraine,Renewable energy consumption (% of total final energy consumption),2020,8.7,Europe & Central Asia,Upper middle income,IBRD,30.5038,50.4536
2516,UA,Ukraine,Renewable energy consumption (% of total final energy consumption),2019,7.4,Europe & Central Asia,Upper middle income,IBRD,30.5038,50.4536
2517,UA,Ukraine,Renewable energy consumption (% of total final energy consumption),2018,6.9,Europe & Central Asia,Upper middle income,IBRD,30.5038,50.4536
2518,UA,Ukraine,Renewable energy consumption (% of total final energy consumption),2017,6.5,Europe & Central Asia,Upper middle income,IBRD,30.5038,50.4536
2519,UA,Ukraine,Renewable energy consumption (% of total final energy consumption),2016,5.5,Europe & Central Asia,Upper middle income,IBRD,30.5038,50.4536
2520,AE,United Arab Emirates,Renewable energy consumption (% of total final energy consumption),2025,,"Middle East, North Africa, Afghanistan & Pakistan",High income,Not classified,54.3705,24.4764
2521,AE,United Arab Emirates,Renewable energy consumption (% of total final energy consumption),2024,,"Middle East, North Africa, Afghanistan & Pakistan",High income,Not classified,54.3705,24.4764
2522,AE,United Arab Emirates,Renewable energy consumption (% of total final energy consumption),2023,,"Middle East, North Africa, Afghanistan & Pakistan",High income,Not classified,54.3705,24.4764
2523,AE,United Arab Emirates,Renewable energy consumption (% of total final energy consumption),2022,,"Middle East, North Africa, Afghanistan & Pakistan",High income,Not classified,54.3705,24.4764
2524,AE,United Arab Emirates,Renewable energy consumption (% of total final energy consumption),2021,1.0,"Middle East, North Africa, Afghanistan & Pakistan",High income,Not classified,54.3705,24.4764
2525,AE,United Arab Emirates,Renewable energy consumption (% of total final energy consumption),2020,0.9,"Middle East, North Africa, Afghanistan & Pakistan",High income,Not classified,54.3705,24.4764
2526,AE,United Arab Emirates,Renewable energy consumption (% of total final energy consumption),2019,0.7,"Middle East, North Africa, Afghanistan & Pakistan",High income,Not classified,54.3705,24.4764
2527,AE,United Arab Emirates,Renewable energy consumption (% of total final energy consumption),2018,0.3,"Middle East, North Africa, Afghanistan & Pakistan",High income,Not classified,54.3705,24.4764
2528,AE,United Arab Emirates,Renewable energy consumption (% of total final energy consumption),2017,0.2,"Middle East, North Africa, Afghanistan & Pakistan",High income,Not classified,54.3705,24.4764
2529,AE,United Arab Emirates,Renewable energy consumption (% of total final energy consumption),2016,0.1,"Middle East, North Africa, Afghanistan & Pakistan",High income,Not classified,54.3705,24.4764
2530,GB,United Kingdom,Renewable energy consumption (% of total final energy consumption),2025,,Europe & Central Asia,High income,Not classified,-0.126236,51.5002
2531,GB,United Kingdom,Renewable energy consumption (% of total final energy consumption),2024,,Europe & Central Asia,High income,Not classified,-0.126236,51.5002
2532,GB,United Kingdom,Renewable energy consumption (% of total final energy consumption),2023,,Europe & Central Asia,High income,Not classified,-0.126236,51.5002
2533,GB,United Kingdom,Renewable energy consumption (% of total final energy consumption),2022,,Europe & Central Asia,High income,Not classified,-0.126236,51.5002
2534,GB,United Kingdom,Renewable energy consumption (% of total final energy consumption),2021,12.2,Europe & Central Asia,High income,Not classified,-0.126236,51.5002
2535,GB,United Kingdom,Renewable energy consumption (% of total final energy consumption),2020,13.6,Europe & Central Asia,High income,Not classified,-0.126236,51.5002
2536,GB,United Kingdom,Renewable energy consumption (% of total final energy consumption),2019,11.4,Europe & Central Asia,High income,Not classified,-0.126236,51.5002
2537,GB,United Kingdom,Renewable energy consumption (% of total final energy consumption),2018,10.2,Europe & Central Asia,High income,Not classified,-0.126236,51.5002
2538,GB,United Kingdom,Renewable energy consumption (% of total final energy consumption),2017,8.8,Europe & Central Asia,High income,Not classified,-0.126236,51.5002
2539,GB,United Kingdom,Renewable energy consumption (% of total final energy consumption),2016,7.7,Europe & Central Asia,High income,Not classified,-0.126236,51.5002
2540,US,United States,Renewable energy consumption (% of total final energy consumption),2025,,North America,High income,Not classified,-77.032,38.8895
2541,US,United States,Renewable energy consumption (% of total final energy consumption),2024,,North America,High income,Not classified,-77.032,38.8895
2542,US,United States,Renewable energy consumption (% of total final energy consumption),2023,,North America,High income,Not classified,-77.032,38.8895
2543,US,United States,Renewable energy consumption (% of total final energy consumption),2022,,North America,High income,Not classified,-77.032,38.8895
2544,US,United States,Renewable energy consumption (% of total final energy consumption),2021,10.9,North America,High income,Not classified,-77.032,38.8895
2545,US,United States,Renewable energy consumption (% of total final energy consumption),2020,11.0,North America,High income,Not classified,-77.032,38.8895
2546,US,United States,Renewable energy consumption (% of total final energy consumption),2019,10.2,North America,High income,Not classified,-77.032,38.8895
2547,US,United States,Renewable energy consumption (% of total final energy consumption),2018,9.9,North America,High income,Not classified,-77.032,38.8895
2548,US,United States,Renewable energy consumption (% of total final energy consumption),2017,9.7,North America,High income,Not classified,-77.032,38.8895
2549,US,United States,Renewable energy consumption (% of total final energy consumption),2016,9.3,North America,High income,Not classified,-77.032,38.8895
2550,UY,Uruguay,Renewable energy consumption (% of total final energy consumption),2025,,Latin America & Caribbean ,High income,IBRD,-56.0675,-34.8941
2551,UY,Uruguay,Renewable energy consumption (% of total final energy consumption),2024,,Latin America & Caribbean ,High income,IBRD,-56.0675,-34.8941
2552,UY,Uruguay,Renewable energy consumption (% of total final energy consumption),2023,,Latin America & Caribbean ,High income,IBRD,-56.0675,-34.8941
2553,UY,Uruguay,Renewable energy consumption (% of total final energy consumption),2022,,Latin America & Caribbean ,High income,IBRD,-56.0675,-34.8941
2554,UY,Uruguay,Renewable energy consumption (% of total final energy consumption),2021,57.8,Latin America & Caribbean ,High income,IBRD,-56.0675,-34.8941
2555,UY,Uruguay,Renewable energy consumption (% of total final energy consumption),2020,61.2,Latin America & Caribbean ,High income,IBRD,-56.0675,-34.8941
2556,UY,Uruguay,Renewable energy consumption (% of total final energy consumption),2019,59.3,Latin America & Caribbean ,High income,IBRD,-56.0675,-34.8941
2557,UY,Uruguay,Renewable energy consumption (% of total final energy consumption),2018,60.8,Latin America & Caribbean ,High income,IBRD,-56.0675,-34.8941
2558,UY,Uruguay,Renewable energy consumption (% of total final energy consumption),2017,60.8,Latin America & Caribbean ,High income,IBRD,-56.0675,-34.8941
2559,UY,Uruguay,Renewable energy consumption (% of total final energy consumption),2016,60.3,Latin America & Caribbean ,High income,IBRD,-56.0675,-34.8941
2560,UZ,Uzbekistan,Renewable energy consumption (% of total final energy consumption),2025,,Europe & Central Asia,Lower middle income,Blend,69.269,41.3052
2561,UZ,Uzbekistan,Renewable energy consumption (% of total final energy consumption),2024,,Europe & Central Asia,Lower middle income,Blend,69.269,41.3052
2562,UZ,Uzbekistan,Renewable energy consumption (% of total final energy consumption),2023,,Europe & Central Asia,Lower middle income,Blend,69.269,41.3052
2563,UZ,Uzbekistan,Renewable energy consumption (% of total final energy consumption),2022,,Europe & Central Asia,Lower middle income,Blend,69.269,41.3052
2564,UZ,Uzbekistan,Renewable energy consumption (% of total final energy consumption),2021,1.0,Europe & Central Asia,Lower middle income,Blend,69.269,41.3052
2565,UZ,Uzbekistan,Renewable energy consumption (% of total final energy consumption),2020,1.0,Europe & Central Asia,Lower middle income,Blend,69.269,41.3052
2566,UZ,Uzbekistan,Renewable energy consumption (% of total final energy consumption),2019,1.6,Europe & Central Asia,Lower middle income,Blend,69.269,41.3052
2567,UZ,Uzbekistan,Renewable energy consumption (% of total final energy consumption),2018,1.5,Europe & Central Asia,Lower middle income,Blend,69.269,41.3052
2568,UZ,Uzbekistan,Renewable energy consumption (% of total final energy consumption),2017,1.7,Europe & Central Asia,Lower middle income,Blend,69.269,41.3052
2569,UZ,Uzbekistan,Renewable energy consumption (% of total final energy consumption),2016,1.6,Europe & Central Asia,Lower middle income,Blend,69.269,41.3052
2570,VU,Vanuatu,Renewable energy consumption (% of total final energy consumption),2025,,East Asia & Pacific,Lower middle income,IDA,168.321,-17.7404
2571,VU,Vanuatu,Renewable energy consumption (% of total final energy consumption),2024,,East Asia & Pacific,Lower middle income,IDA,168.321,-17.7404
2572,VU,Vanuatu,Renewable energy consumption (% of total final energy consumption),2023,,East Asia & Pacific,Lower middle income,IDA,168.321,-17.7404
2573,VU,Vanuatu,Renewable energy consumption (% of total final energy consumption),2022,25.0,East Asia & Pacific,Lower middle income,IDA,168.321,-17.7404
2574,VU,Vanuatu,Renewable energy consumption (% of total final energy consumption),2021,24.6,East Asia & Pacific,Lower middle income,IDA,168.321,-17.7404
2575,VU,Vanuatu,Renewable energy consumption (% of total final energy consumption),2020,26.0,East Asia & Pacific,Lower middle income,IDA,168.321,-17.7404
2576,VU,Vanuatu,Renewable energy consumption (% of total final energy consumption),2019,31.6,East Asia & Pacific,Lower middle income,IDA,168.321,-17.7404
2577,VU,Vanuatu,Renewable energy consumption (% of total final energy consumption),2018,29.7,East Asia & Pacific,Lower middle income,IDA,168.321,-17.7404
2578,VU,Vanuatu,Renewable energy consumption (% of total final energy consumption),2017,35.7,East Asia & Pacific,Lower middle income,IDA,168.321,-17.7404
2579,VU,Vanuatu,Renewable energy consumption (% of total final energy consumption),2016,33.1,East Asia & Pacific,Lower middle income,IDA,168.321,-17.7404
2580,VE,"Venezuela, RB",Renewable energy consumption (% of total final energy consumption),2025,,Latin America & Caribbean ,Lower middle income,IBRD,-69.8371,9.08165
2581,VE,"Venezuela, RB",Renewable energy consumption (% of total final energy consumption),2024,,Latin America & Caribbean ,Lower middle income,IBRD,-69.8371,9.08165
2582,VE,"Venezuela, RB",Renewable energy consumption (% of total final energy consumption),2023,,Latin America & Caribbean ,Lower middle income,IBRD,-69.8371,9.08165
2583,VE,"Venezuela, RB",Renewable energy consumption (% of total final energy consumption),2022,,Latin America & Caribbean ,Lower middle income,IBRD,-69.8371,9.08165
2584,VE,"Venezuela, RB",Renewable energy consumption (% of total final energy consumption),2021,33.7,Latin America & Caribbean ,Lower middle income,IBRD,-69.8371,9.08165
2585,VE,"Venezuela, RB",Renewable energy consumption (% of total final energy consumption),2020,31.2,Latin America & Caribbean ,Lower middle income,IBRD,-69.8371,9.08165
2586,VE,"Venezuela, RB",Renewable energy consumption (% of total final energy consumption),2019,15.8,Latin America & Caribbean ,Lower middle income,IBRD,-69.8371,9.08165
2587,VE,"Venezuela, RB",Renewable energy consumption (% of total final energy consumption),2018,14.6,Latin America & Caribbean ,Lower middle income,IBRD,-69.8371,9.08165
2588,VE,"Venezuela, RB",Renewable energy consumption (% of total final energy consumption),2017,14.3,Latin America & Caribbean ,Lower middle income,IBRD,-69.8371,9.08165
2589,VE,"Venezuela, RB",Renewable energy consumption (% of total final energy consumption),2016,14.6,Latin America & Caribbean ,Lower middle income,IBRD,-69.8371,9.08165
2590,VN,Viet Nam,Renewable energy consumption (% of total final energy consumption),2025,,East Asia & Pacific,Upper middle income,IBRD,105.825,21.0069
2591,VN,Viet Nam,Renewable energy consumption (% of total final energy consumption),2024,,East Asia & Pacific,Upper middle income,IBRD,105.825,21.0069
2592,VN,Viet Nam,Renewable energy consumption (% of total final energy consumption),2023,,East Asia & Pacific,Upper middle income,IBRD,105.825,21.0069
2593,VN,Viet Nam,Renewable energy consumption (% of total final energy consumption),2022,,East Asia & Pacific,Upper middle income,IBRD,105.825,21.0069
2594,VN,Viet Nam,Renewable energy consumption (% of total final energy consumption),2021,24.2,East Asia & Pacific,Upper middle income,IBRD,105.825,21.0069
2595,VN,Viet Nam,Renewable energy consumption (% of total final energy consumption),2020,18.9,East Asia & Pacific,Upper middle income,IBRD,105.825,21.0069
2596,VN,Viet Nam,Renewable energy consumption (% of total final energy consumption),2019,20.4,East Asia & Pacific,Upper middle income,IBRD,105.825,21.0069
2597,VN,Viet Nam,Renewable energy consumption (% of total final energy consumption),2018,24.3,East Asia & Pacific,Upper middle income,IBRD,105.825,21.0069
2598,VN,Viet Nam,Renewable energy consumption (% of total final energy consumption),2017,28.3,East Asia & Pacific,Upper middle income,IBRD,105.825,21.0069
2599,VN,Viet Nam,Renewable energy consumption (% of total final energy consumption),2016,26.8,East Asia & Pacific,Upper middle income,IBRD,105.825,21.0069
2600,VI,Virgin Islands (U.S.),Renewable energy consumption (% of total final energy consumption),2025,,Latin America & Caribbean ,High income,Not classified,-64.8963,18.3358
2601,VI,Virgin Islands (U.S.),Renewable energy consumption (% of total final energy consumption),2024,,Latin America & Caribbean ,High income,Not classified,-64.8963,18.3358
2602,VI,Virgin Islands (U.S.),Renewable energy consumption (% of total final energy consumption),2023,,Latin America & Caribbean ,High income,Not classified,-64.8963,18.3358
2603,VI,Virgin Islands (U.S.),Renewable energy consumption (% of total final energy consumption),2022,5.9,Latin America & Caribbean ,High income,Not classified,-64.8963,18.3358
2604,VI,Virgin Islands (U.S.),Renewable energy consumption (% of total final energy consumption),2021,5.9,Latin America & Caribbean ,High income,Not classified,-64.8963,18.3358
2605,VI,Virgin Islands (U.S.),Renewable energy consumption (% of total final energy consumption),2020,5.9,Latin America & Caribbean ,High income,Not classified,-64.8963,18.3358
2606,VI,Virgin Islands (U.S.),Renewable energy consumption (% of total final energy consumption),2019,6.2,Latin America & Caribbean ,High income,Not classified,-64.8963,18.3358
2607,VI,Virgin Islands (U.S.),Renewable energy consumption (% of total final energy consumption),2018,5.8,Latin America & Caribbean ,High income,Not classified,-64.8963,18.3358
2608,VI,Virgin Islands (U.S.),Renewable energy consumption (% of total final energy consumption),2017,5.3,Latin America & Caribbean ,High income,Not classified,-64.8963,18.3358
2609,VI,Virgin Islands (U.S.),Renewable energy consumption (% of total final energy consumption),2016,5.7,Latin America & Caribbean ,High income,Not classified,-64.8963,18.3358
2610,PS,West Bank and Gaza,Renewable energy consumption (% of total final energy consumption),2025,,"Middle East, North Africa, Afghanistan & Pakistan",Lower middle income,Not classified,,
2611,PS,West Bank and Gaza,Renewable energy consumption (% of total final energy consumption),2024,,"Middle East, North Africa, Afghanistan & Pakistan",Lower middle income,Not classified,,
2612,PS,West Bank and Gaza,Renewable energy consumption (% of total final energy consumption),2023,,"Middle East, North Africa, Afghanistan & Pakistan",Lower middle income,Not classified,,
2613,PS,West Bank and Gaza,Renewable energy consumption (% of total final energy consumption),2022,15.4,"Middle East, North Africa, Afghanistan & Pakistan",Lower middle income,Not classified,,
2614,PS,West Bank and Gaza,Renewable energy consumption (% of total final energy consumption),2021,15.4,"Middle East, North Africa, Afghanistan & Pakistan",Lower middle income,Not classified,,
2615,PS,West Bank and Gaza,Renewable energy consumption (% of total final energy consumption),2020,15.0,"Middle East, North Africa, Afghanistan & Pakistan",Lower middle income,Not classified,,
2616,PS,West Bank and Gaza,Renewable energy consumption (% of total final energy consumption),2019,13.9,"Middle East, North Africa, Afghanistan & Pakistan",Lower middle income,Not classified,,
2617,PS,West Bank and Gaza,Renewable energy consumption (% of total final energy consumption),2018,12.7,"Middle East, North Africa, Afghanistan & Pakistan",Lower middle income,Not classified,,
2618,PS,West Bank and Gaza,Renewable energy consumption (% of total final energy consumption),2017,10.5,"Middle East, North Africa, Afghanistan & Pakistan",Lower middle income,Not classified,,
2619,PS,West Bank and Gaza,Renewable energy consumption (% of total final energy consumption),2016,12.3,"Middle East, North Africa, Afghanistan & Pakistan",Lower middle income,Not classified,,
2620,YE,"Yemen, Rep.",Renewable energy consumption (% of total final energy consumption),2025,,"Middle East, North Africa, Afghanistan & Pakistan",Low income,IDA,44.2075,15.352
2621,YE,"Yemen, Rep.",Renewable energy consumption (% of total final energy consumption),2024,,"Middle East, North Africa, Afghanistan & Pakistan",Low income,IDA,44.2075,15.352
2622,YE,"Yemen, Rep.",Renewable energy consumption (% of total final energy consumption),2023,,"Middle East, North Africa, Afghanistan & Pakistan",Low income,IDA,44.2075,15.352
2623,YE,"Yemen, Rep.",Renewable energy consumption (% of total final energy consumption),2022,,"Middle East, North Africa, Afghanistan & Pakistan",Low income,IDA,44.2075,15.352
2624,YE,"Yemen, Rep.",Renewable energy consumption (% of total final energy consumption),2021,3.7,"Middle East, North Africa, Afghanistan & Pakistan",Low income,IDA,44.2075,15.352
2625,YE,"Yemen, Rep.",Renewable energy consumption (% of total final energy consumption),2020,3.5,"Middle East, North Africa, Afghanistan & Pakistan",Low income,IDA,44.2075,15.352
2626,YE,"Yemen, Rep.",Renewable energy consumption (% of total final energy consumption),2019,3.0,"Middle East, North Africa, Afghanistan & Pakistan",Low income,IDA,44.2075,15.352
2627,YE,"Yemen, Rep.",Renewable energy consumption (% of total final energy consumption),2018,2.9,"Middle East, North Africa, Afghanistan & Pakistan",Low income,IDA,44.2075,15.352
2628,YE,"Yemen, Rep.",Renewable energy consumption (% of total final energy consumption),2017,3.0,"Middle East, North Africa, Afghanistan & Pakistan",Low income,IDA,44.2075,15.352
2629,YE,"Yemen, Rep.",Renewable energy consumption (% of total final energy consumption),2016,2.6,"Middle East, North Africa, Afghanistan & Pakistan",Low income,IDA,44.2075,15.352
2630,ZM,Zambia,Renewable energy consumption (% of total final energy consumption),2025,,Sub-Saharan Africa ,Lower middle income,IDA,28.2937,-15.3982
2631,ZM,Zambia,Renewable energy consumption (% of total final energy consumption),2024,,Sub-Saharan Africa ,Lower middle income,IDA,28.2937,-15.3982
2632,ZM,Zambia,Renewable energy consumption (% of total final energy consumption),2023,,Sub-Saharan Africa ,Lower middle income,IDA,28.2937,-15.3982
2633,ZM,Zambia,Renewable energy consumption (% of total final energy consumption),2022,,Sub-Saharan Africa ,Lower middle income,IDA,28.2937,-15.3982
2634,ZM,Zambia,Renewable energy consumption (% of total final energy consumption),2021,83.0,Sub-Saharan Africa ,Lower middle income,IDA,28.2937,-15.3982
2635,ZM,Zambia,Renewable energy consumption (% of total final energy consumption),2020,85.4,Sub-Saharan Africa ,Lower middle income,IDA,28.2937,-15.3982
2636,ZM,Zambia,Renewable energy consumption (% of total final energy consumption),2019,86.1,Sub-Saharan Africa ,Lower middle income,IDA,28.2937,-15.3982
2637,ZM,Zambia,Renewable energy consumption (% of total final energy consumption),2018,83.8,Sub-Saharan Africa ,Lower middle income,IDA,28.2937,-15.3982
2638,ZM,Zambia,Renewable energy consumption (% of total final energy consumption),2017,83.5,Sub-Saharan Africa ,Lower middle income,IDA,28.2937,-15.3982
2639,ZM,Zambia,Renewable energy consumption (% of total final energy consumption),2016,84.0,Sub-Saharan Africa ,Lower middle income,IDA,28.2937,-15.3982
2640,ZW,Zimbabwe,Renewable energy consumption (% of total final energy consumption),2025,,Sub-Saharan Africa ,Lower middle income,Blend,31.0672,-17.8312
2641,ZW,Zimbabwe,Renewable energy consumption (% of total final energy consumption),2024,,Sub-Saharan Africa ,Lower middle income,Blend,31.0672,-17.8312
2642,ZW,Zimbabwe,Renewable energy consumption (% of total final energy consumption),2023,,Sub-Saharan Africa ,Lower middle income,Blend,31.0672,-17.8312
2643,ZW,Zimbabwe,Renewable energy consumption (% of total final energy consumption),2022,,Sub-Saharan Africa ,Lower middle income,Blend,31.0672,-17.8312
2644,ZW,Zimbabwe,Renewable energy consumption (% of total final energy consumption),2021,82.4,Sub-Saharan Africa ,Lower middle income,Blend,31.0672,-17.8312
2645,ZW,Zimbabwe,Renewable energy consumption (% of total final energy consumption),2020,84.1,Sub-Saharan Africa ,Lower middle income,Blend,31.0672,-17.8312
2646,ZW,Zimbabwe,Renewable energy consumption (% of total final energy consumption),2019,81.0,Sub-Saharan Africa ,Lower middle income,Blend,31.0672,-17.8312
2647,ZW,Zimbabwe,Renewable energy consumption (% of total final energy consumption),2018,79.7,Sub-Saharan Africa ,Lower middle income,Blend,31.0672,-17.8312
2648,ZW,Zimbabwe,Renewable energy consumption (% of total final energy consumption),2017,82.0,Sub-Saharan Africa ,Lower middle income,Blend,31.0672,-17.8312
2649,ZW,Zimbabwe,Renewable energy consumption (% of total final energy consumption),2016,81.7,Sub-Saharan Africa ,Lower middle income,Blend,31.0672,-17.8312
2650,ZH,Africa Eastern and Southern,Forest area (% of land area),2025,,Aggregates,Aggregates,Aggregates,,
2651,ZH,Africa Eastern and Southern,Forest area (% of land area),2024,,Aggregates,Aggregates,Aggregates,,
2652,ZH,Africa Eastern and Southern,Forest area (% of land area),2023,29.4950560821563,Aggregates,Aggregates,Aggregates,,
2653,ZH,Africa Eastern and Southern,Forest area (% of land area),2022,29.7135358188964,Aggregates,Aggregates,Aggregates,,
2654,ZH,Africa Eastern and Southern,Forest area (% of land area),2021,29.9313691395649,Aggregates,Aggregates,Aggregates,,
2655,ZH,Africa Eastern and Southern,Forest area (% of land area),2020,30.1504301154515,Aggregates,Aggregates,Aggregates,,
2656,ZH,Africa Eastern and Southern,Forest area (% of land area),2019,30.3716622472291,Aggregates,Aggregates,Aggregates,,
2657,ZH,Africa Eastern and Southern,Forest area (% of land area),2018,30.5953957800711,Aggregates,Aggregates,Aggregates,,
2658,ZH,Africa Eastern and Southern,Forest area (% of land area),2017,30.8121364706399,Aggregates,Aggregates,Aggregates,,
2659,ZH,Africa Eastern and Southern,Forest area (% of land area),2016,31.0315038958879,Aggregates,Aggregates,Aggregates,,
2660,ZI,Africa Western and Central,Forest area (% of land area),2025,,Aggregates,Aggregates,Aggregates,,
2661,ZI,Africa Western and Central,Forest area (% of land area),2024,,Aggregates,Aggregates,Aggregates,,
2662,ZI,Africa Western and Central,Forest area (% of land area),2023,19.5628109394299,Aggregates,Aggregates,Aggregates,,
2663,ZI,Africa Western and Central,Forest area (% of land area),2022,19.6474877713602,Aggregates,Aggregates,Aggregates,,
2664,ZI,Africa Western and Central,Forest area (% of land area),2021,19.7320365324224,Aggregates,Aggregates,Aggregates,,
2665,ZI,Africa Western and Central,Forest area (% of land area),2020,19.8167839774834,Aggregates,Aggregates,Aggregates,,
2666,ZI,Africa Western and Central,Forest area (% of land area),2019,19.9012301104615,Aggregates,Aggregates,Aggregates,,
2667,ZI,Africa Western and Central,Forest area (% of land area),2018,19.9860995956125,Aggregates,Aggregates,Aggregates,,
2668,ZI,Africa Western and Central,Forest area (% of land area),2017,20.0713271823989,Aggregates,Aggregates,Aggregates,,
2669,ZI,Africa Western and Central,Forest area (% of land area),2016,20.1526101563381,Aggregates,Aggregates,Aggregates,,
2670,1A,Arab World,Forest area (% of land area),2025,,Aggregates,Aggregates,Aggregates,,
2671,1A,Arab World,Forest area (% of land area),2024,,Aggregates,Aggregates,Aggregates,,
2672,1A,Arab World,Forest area (% of land area),2023,2.75561651134264,Aggregates,Aggregates,Aggregates,,
2673,1A,Arab World,Forest area (% of land area),2022,2.77334810878314,Aggregates,Aggregates,Aggregates,,
2674,1A,Arab World,Forest area (% of land area),2021,2.79106542010418,Aggregates,Aggregates,Aggregates,,
2675,1A,Arab World,Forest area (% of land area),2020,2.80892939609406,Aggregates,Aggregates,Aggregates,,
2676,1A,Arab World,Forest area (% of land area),2019,2.82664270837587,Aggregates,Aggregates,Aggregates,,
2677,1A,Arab World,Forest area (% of land area),2018,2.84443039242388,Aggregates,Aggregates,Aggregates,,
2678,1A,Arab World,Forest area (% of land area),2017,2.86394290918001,Aggregates,Aggregates,Aggregates,,
2679,1A,Arab World,Forest area (% of land area),2016,2.88332326122098,Aggregates,Aggregates,Aggregates,,
2680,S3,Caribbean small states,Forest area (% of land area),2025,,Aggregates,Aggregates,Aggregates,,
2681,S3,Caribbean small states,Forest area (% of land area),2024,,Aggregates,Aggregates,Aggregates,,
2682,S3,Caribbean small states,Forest area (% of land area),2023,86.4007417222342,Aggregates,Aggregates,Aggregates,,
2683,S3,Caribbean small states,Forest area (% of land area),2022,86.4809117518025,Aggregates,Aggregates,Aggregates,,
2684,S3,Caribbean small states,Forest area (% of land area),2021,86.5610599799752,Aggregates,Aggregates,Aggregates,,
2685,S3,Caribbean small states,Forest area (% of land area),2020,86.6412409102412,Aggregates,Aggregates,Aggregates,,
2686,S3,Caribbean small states,Forest area (% of land area),2019,89.8309404460082,Aggregates,Aggregates,Aggregates,,
2687,S3,Caribbean small states,Forest area (% of land area),2018,89.9140212644238,Aggregates,Aggregates,Aggregates,,
2688,S3,Caribbean small states,Forest area (% of land area),2017,89.9970268057463,Aggregates,Aggregates,Aggregates,,
2689,S3,Caribbean small states,Forest area (% of land area),2016,90.0676618114364,Aggregates,Aggregates,Aggregates,,
2690,B8,Central Europe and the Baltics,Forest area (% of land area),2025,,Aggregates,Aggregates,Aggregates,,
2691,B8,Central Europe and the Baltics,Forest area (% of land area),2024,,Aggregates,Aggregates,Aggregates,,
2692,B8,Central Europe and the Baltics,Forest area (% of land area),2023,34.6417826005353,Aggregates,Aggregates,Aggregates,,
2693,B8,Central Europe and the Baltics,Forest area (% of land area),2022,34.6188570565974,Aggregates,Aggregates,Aggregates,,
2694,B8,Central Europe and the Baltics,Forest area (% of land area),2021,34.5892800367668,Aggregates,Aggregates,Aggregates,,
2695,B8,Central Europe and the Baltics,Forest area (% of land area),2020,34.5592847264491,Aggregates,Aggregates,Aggregates,,
2696,B8,Central Europe and the Baltics,Forest area (% of land area),2019,34.5318870374642,Aggregates,Aggregates,Aggregates,,
2697,B8,Central Europe and the Baltics,Forest area (% of land area),2018,34.5008820276483,Aggregates,Aggregates,Aggregates,,
2698,B8,Central Europe and the Baltics,Forest area (% of land area),2017,34.4710840221623,Aggregates,Aggregates,Aggregates,,
2699,B8,Central Europe and the Baltics,Forest area (% of land area),2016,34.3939142269346,Aggregates,Aggregates,Aggregates,,
2700,V2,Early-demographic dividend,Forest area (% of land area),2025,,Aggregates,Aggregates,Aggregates,,
2701,V2,Early-demographic dividend,Forest area (% of land area),2024,,Aggregates,Aggregates,Aggregates,,
2702,V2,Early-demographic dividend,Forest area (% of land area),2023,22.5747804219108,Aggregates,Aggregates,Aggregates,,
2703,V2,Early-demographic dividend,Forest area (% of land area),2022,22.6401432355622,Aggregates,Aggregates,Aggregates,,
2704,V2,Early-demographic dividend,Forest area (% of land area),2021,22.704486950728,Aggregates,Aggregates,Aggregates,,
2705,V2,Early-demographic dividend,Forest area (% of land area),2020,22.7804500734304,Aggregates,Aggregates,Aggregates,,
2706,V2,Early-demographic dividend,Forest area (% of land area),2019,22.8454510982226,Aggregates,Aggregates,Aggregates,,
2707,V2,Early-demographic dividend,Forest area (% of land area),2018,22.9114998341559,Aggregates,Aggregates,Aggregates,,
2708,V2,Early-demographic dividend,Forest area (% of land area),2017,22.9791875279388,Aggregates,Aggregates,Aggregates,,
2709,V2,Early-demographic dividend,Forest area (% of land area),2016,23.0686314115612,Aggregates,Aggregates,Aggregates,,
2710,Z4,East Asia & Pacific,Forest area (% of land area),2025,,Aggregates,Aggregates,Aggregates,,
2711,Z4,East Asia & Pacific,Forest area (% of land area),2024,,Aggregates,Aggregates,Aggregates,,
2712,Z4,East Asia & Pacific,Forest area (% of land area),2023,27.2571703670899,Aggregates,Aggregates,Aggregates,,
2713,Z4,East Asia & Pacific,Forest area (% of land area),2022,27.2266635835251,Aggregates,Aggregates,Aggregates,,
2714,Z4,East Asia & Pacific,Forest area (% of land area),2021,27.1947527408613,Aggregates,Aggregates,Aggregates,,
2715,Z4,East Asia & Pacific,Forest area (% of land area),2020,27.1798363288171,Aggregates,Aggregates,Aggregates,,
2716,Z4,East Asia & Pacific,Forest area (% of land area),2019,27.1480138730455,Aggregates,Aggregates,Aggregates,,
2717,Z4,East Asia & Pacific,Forest area (% of land area),2018,27.1167240448813,Aggregates,Aggregates,Aggregates,,
2718,Z4,East Asia & Pacific,Forest area (% of land area),2017,27.0860488275548,Aggregates,Aggregates,Aggregates,,
2719,Z4,East Asia & Pacific,Forest area (% of land area),2016,27.0866845361283,Aggregates,Aggregates,Aggregates,,
2720,4E,East Asia & Pacific (excluding high income),Forest area (% of land area),2025,,Aggregates,Aggregates,Aggregates,,
2721,4E,East Asia & Pacific (excluding high income),Forest area (% of land area),2024,,Aggregates,Aggregates,Aggregates,,
2722,4E,East Asia & Pacific (excluding high income),Forest area (% of land area),2023,30.6066319819383,Aggregates,Aggregates,Aggregates,,
2723,4E,East Asia & Pacific (excluding high income),Forest area (% of land area),2022,30.5606213877676,Aggregates,Aggregates,Aggregates,,
2724,4E,East Asia & Pacific (excluding high income),Forest area (% of land area),2021,30.5126862102911,Aggregates,Aggregates,Aggregates,,
2725,4E,East Asia & Pacific (excluding high income),Forest area (% of land area),2020,30.4933660080535,Aggregates,Aggregates,Aggregates,,
2726,4E,East Asia & Pacific (excluding high income),Forest area (% of land area),2019,30.4458241085119,Aggregates,Aggregates,Aggregates,,
2727,4E,East Asia & Pacific (excluding high income),Forest area (% of land area),2018,30.3978711677131,Aggregates,Aggregates,Aggregates,,
2728,4E,East Asia & Pacific (excluding high income),Forest area (% of land area),2017,30.3498224001142,Aggregates,Aggregates,Aggregates,,
2729,4E,East Asia & Pacific (excluding high income),Forest area (% of land area),2016,30.3489308424464,Aggregates,Aggregates,Aggregates,,
2730,T4,East Asia & Pacific (IDA & IBRD countries),Forest area (% of land area),2025,,Aggregates,Aggregates,Aggregates,,
2731,T4,East Asia & Pacific (IDA & IBRD countries),Forest area (% of land area),2024,,Aggregates,Aggregates,Aggregates,,
2732,T4,East Asia & Pacific (IDA & IBRD countries),Forest area (% of land area),2023,30.4647057827874,Aggregates,Aggregates,Aggregates,,
2733,T4,East Asia & Pacific (IDA & IBRD countries),Forest area (% of land area),2022,30.4169737472988,Aggregates,Aggregates,Aggregates,,
2734,T4,East Asia & Pacific (IDA & IBRD countries),Forest area (% of land area),2021,30.3673491931958,Aggregates,Aggregates,Aggregates,,
2735,T4,East Asia & Pacific (IDA & IBRD countries),Forest area (% of land area),2020,30.3464165982502,Aggregates,Aggregates,Aggregates,,
2736,T4,East Asia & Pacific (IDA & IBRD countries),Forest area (% of land area),2019,30.2971846710996,Aggregates,Aggregates,Aggregates,,
2737,T4,East Asia & Pacific (IDA & IBRD countries),Forest area (% of land area),2018,30.2474775655977,Aggregates,Aggregates,Aggregates,,
2738,T4,East Asia & Pacific (IDA & IBRD countries),Forest area (% of land area),2017,30.1977365688229,Aggregates,Aggregates,Aggregates,,
2739,T4,East Asia & Pacific (IDA & IBRD countries),Forest area (% of land area),2016,30.1955102591191,Aggregates,Aggregates,Aggregates,,
2740,XC,Euro area,Forest area (% of land area),2025,,Aggregates,Aggregates,Aggregates,,
2741,XC,Euro area,Forest area (% of land area),2024,,Aggregates,Aggregates,Aggregates,,
2742,XC,Euro area,Forest area (% of land area),2023,38.7747713546581,Aggregates,Aggregates,Aggregates,,
2743,XC,Euro area,Forest area (% of land area),2022,38.7163291580006,Aggregates,Aggregates,Aggregates,,
2744,XC,Euro area,Forest area (% of land area),2021,38.6561828857757,Aggregates,Aggregates,Aggregates,,
2745,XC,Euro area,Forest area (% of land area),2020,38.5992389373168,Aggregates,Aggregates,Aggregates,,
2746,XC,Euro area,Forest area (% of land area),2019,38.5400946946001,Aggregates,Aggregates,Aggregates,,
2747,XC,Euro area,Forest area (% of land area),2018,38.4830862412145,Aggregates,Aggregates,Aggregates,,
2748,XC,Euro area,Forest area (% of land area),2017,38.4262552029395,Aggregates,Aggregates,Aggregates,,
2749,XC,Euro area,Forest area (% of land area),2016,38.3454502154919,Aggregates,Aggregates,Aggregates,,
2750,Z7,Europe & Central Asia,Forest area (% of land area),2025,,Aggregates,Aggregates,Aggregates,,
2751,Z7,Europe & Central Asia,Forest area (% of land area),2024,,Aggregates,Aggregates,Aggregates,,
2752,Z7,Europe & Central Asia,Forest area (% of land area),2023,38.5873827255494,Aggregates,Aggregates,Aggregates,,
2753,Z7,Europe & Central Asia,Forest area (% of land area),2022,38.5708431486841,Aggregates,Aggregates,Aggregates,,
2754,Z7,Europe & Central Asia,Forest area (% of land area),2021,38.5536024266168,Aggregates,Aggregates,Aggregates,,
2755,Z7,Europe & Central Asia,Forest area (% of land area),2020,38.5368147968266,Aggregates,Aggregates,Aggregates,,
2756,Z7,Europe & Central Asia,Forest area (% of land area),2019,38.5137860635035,Aggregates,Aggregates,Aggregates,,
2757,Z7,Europe & Central Asia,Forest area (% of land area),2018,38.4968663428376,Aggregates,Aggregates,Aggregates,,
2758,Z7,Europe & Central Asia,Forest area (% of land area),2017,38.4810610167034,Aggregates,Aggregates,Aggregates,,
2759,Z7,Europe & Central Asia,Forest area (% of land area),2016,38.4564117893918,Aggregates,Aggregates,Aggregates,,
2760,7E,Europe & Central Asia (excluding high income),Forest area (% of land area),2025,,Aggregates,Aggregates,Aggregates,,
2761,7E,Europe & Central Asia (excluding high income),Forest area (% of land area),2024,,Aggregates,Aggregates,Aggregates,,
2762,7E,Europe & Central Asia (excluding high income),Forest area (% of land area),2023,11.286098231221,Aggregates,Aggregates,Aggregates,,
2763,7E,Europe & Central Asia (excluding high income),Forest area (% of land area),2022,11.2417861119275,Aggregates,Aggregates,Aggregates,,
2764,7E,Europe & Central Asia (excluding high income),Forest area (% of land area),2021,11.1974044412188,Aggregates,Aggregates,Aggregates,,
2765,7E,Europe & Central Asia (excluding high income),Forest area (% of land area),2020,11.152947661832,Aggregates,Aggregates,Aggregates,,
2766,7E,Europe & Central Asia (excluding high income),Forest area (% of land area),2019,11.1018442074411,Aggregates,Aggregates,Aggregates,,
2767,7E,Europe & Central Asia (excluding high income),Forest area (% of land area),2018,11.0573734128931,Aggregates,Aggregates,Aggregates,,
2768,7E,Europe & Central Asia (excluding high income),Forest area (% of land area),2017,11.0131652717457,Aggregates,Aggregates,Aggregates,,
2769,7E,Europe & Central Asia (excluding high income),Forest area (% of land area),2016,10.9750677005203,Aggregates,Aggregates,Aggregates,,
2770,T7,Europe & Central Asia (IDA & IBRD countries),Forest area (% of land area),2025,,Aggregates,Aggregates,Aggregates,,
2771,T7,Europe & Central Asia (IDA & IBRD countries),Forest area (% of land area),2024,,Aggregates,Aggregates,Aggregates,,
2772,T7,Europe & Central Asia (IDA & IBRD countries),Forest area (% of land area),2023,39.3431148107069,Aggregates,Aggregates,Aggregates,,
2773,T7,Europe & Central Asia (IDA & IBRD countries),Forest area (% of land area),2022,39.330889070587,Aggregates,Aggregates,Aggregates,,
2774,T7,Europe & Central Asia (IDA & IBRD countries),Forest area (% of land area),2021,39.3183058158927,Aggregates,Aggregates,Aggregates,,
2775,T7,Europe & Central Asia (IDA & IBRD countries),Forest area (% of land area),2020,39.3056101753993,Aggregates,Aggregates,Aggregates,,
2776,T7,Europe & Central Asia (IDA & IBRD countries),Forest area (% of land area),2019,39.286963648074,Aggregates,Aggregates,Aggregates,,
2777,T7,Europe & Central Asia (IDA & IBRD countries),Forest area (% of land area),2018,39.2741732746732,Aggregates,Aggregates,Aggregates,,
2778,T7,Europe & Central Asia (IDA & IBRD countries),Forest area (% of land area),2017,39.2616718515482,Aggregates,Aggregates,Aggregates,,
2779,T7,Europe & Central Asia (IDA & IBRD countries),Forest area (% of land area),2016,39.2421653702355,Aggregates,Aggregates,Aggregates,,
2780,EU,European Union,Forest area (% of land area),2025,,Aggregates,Aggregates,Aggregates,,
2781,EU,European Union,Forest area (% of land area),2024,,Aggregates,Aggregates,Aggregates,,
2782,EU,European Union,Forest area (% of land area),2023,40.0585479083994,Aggregates,Aggregates,Aggregates,,
2783,EU,European Union,Forest area (% of land area),2022,40.0153344075102,Aggregates,Aggregates,Aggregates,,
2784,EU,European Union,Forest area (% of land area),2021,39.968951803205,Aggregates,Aggregates,Aggregates,,
2785,EU,European Union,Forest area (% of land area),2020,39.9247614243186,Aggregates,Aggregates,Aggregates,,
2786,EU,European Union,Forest area (% of land area),2019,39.879497357481,Aggregates,Aggregates,Aggregates,,
2787,EU,European Union,Forest area (% of land area),2018,39.8346624173568,Aggregates,Aggregates,Aggregates,,
2788,EU,European Union,Forest area (% of land area),2017,39.7907562549725,Aggregates,Aggregates,Aggregates,,
2789,EU,European Union,Forest area (% of land area),2016,39.7297113561601,Aggregates,Aggregates,Aggregates,,
2790,XE,Heavily indebted poor countries (HIPC),Forest area (% of land area),2025,,Aggregates,Aggregates,Aggregates,,
2791,XE,Heavily indebted poor countries (HIPC),Forest area (% of land area),2024,,Aggregates,Aggregates,Aggregates,,
2792,XE,Heavily indebted poor countries (HIPC),Forest area (% of land area),2023,26.5708340269505,Aggregates,Aggregates,Aggregates,,
2793,XE,Heavily indebted poor countries (HIPC),Forest area (% of land area),2022,26.7432492486393,Aggregates,Aggregates,Aggregates,,
2794,XE,Heavily indebted poor countries (HIPC),Forest area (% of land area),2021,26.9148136527804,Aggregates,Aggregates,Aggregates,,
2795,XE,Heavily indebted poor countries (HIPC),Forest area (% of land area),2020,27.0878452337104,Aggregates,Aggregates,Aggregates,,
2796,XE,Heavily indebted poor countries (HIPC),Forest area (% of land area),2019,27.27876757893,Aggregates,Aggregates,Aggregates,,
2797,XE,Heavily indebted poor countries (HIPC),Forest area (% of land area),2018,27.4527948146091,Aggregates,Aggregates,Aggregates,,
2798,XE,Heavily indebted poor countries (HIPC),Forest area (% of land area),2017,27.6241210762792,Aggregates,Aggregates,Aggregates,,
2799,XE,Heavily indebted poor countries (HIPC),Forest area (% of land area),2016,27.7966008687619,Aggregates,Aggregates,Aggregates,,
2800,XD,High income,Forest area (% of land area),2025,,Aggregates,Aggregates,Aggregates,,
2801,XD,High income,Forest area (% of land area),2024,,Aggregates,Aggregates,Aggregates,,
2802,XD,High income,Forest area (% of land area),2023,36.2013922699973,Aggregates,Aggregates,Aggregates,,
2803,XD,High income,Forest area (% of land area),2022,36.1955649171786,Aggregates,Aggregates,Aggregates,,
2804,XD,High income,Forest area (% of land area),2021,36.1892519809124,Aggregates,Aggregates,Aggregates,,
2805,XD,High income,Forest area (% of land area),2020,36.0601354292146,Aggregates,Aggregates,Aggregates,,
2806,XD,High income,Forest area (% of land area),2019,36.0633153195411,Aggregates,Aggregates,Aggregates,,
2807,XD,High income,Forest area (% of land area),2018,36.0579264201789,Aggregates,Aggregates,Aggregates,,
2808,XD,High income,Forest area (% of land area),2017,36.0529495289012,Aggregates,Aggregates,Aggregates,,
2809,XD,High income,Forest area (% of land area),2016,36.0486652155667,Aggregates,Aggregates,Aggregates,,
2810,XF,IBRD only,Forest area (% of land area),2025,,Aggregates,Aggregates,Aggregates,,
2811,XF,IBRD only,Forest area (% of land area),2024,,Aggregates,Aggregates,Aggregates,,
2812,XF,IBRD only,Forest area (% of land area),2023,33.7403698832084,Aggregates,Aggregates,Aggregates,,
2813,XF,IBRD only,Forest area (% of land area),2022,33.7585763697967,Aggregates,Aggregates,Aggregates,,
2814,XF,IBRD only,Forest area (% of land area),2021,33.7751008654681,Aggregates,Aggregates,Aggregates,,
2815,XF,IBRD only,Forest area (% of land area),2020,33.8001144649958,Aggregates,Aggregates,Aggregates,,
2816,XF,IBRD only,Forest area (% of land area),2019,33.8153090645657,Aggregates,Aggregates,Aggregates,,
2817,XF,IBRD only,Forest area (% of land area),2018,33.833860629786,Aggregates,Aggregates,Aggregates,,
2818,XF,IBRD only,Forest area (% of land area),2017,33.8500281662032,Aggregates,Aggregates,Aggregates,,
2819,XF,IBRD only,Forest area (% of land area),2016,33.8876412704908,Aggregates,Aggregates,Aggregates,,
2820,ZT,IDA & IBRD total,Forest area (% of land area),2025,,Aggregates,Aggregates,Aggregates,,
2821,ZT,IDA & IBRD total,Forest area (% of land area),2024,,Aggregates,Aggregates,Aggregates,,
2822,ZT,IDA & IBRD total,Forest area (% of land area),2023,31.5906332489337,Aggregates,Aggregates,Aggregates,,
2823,ZT,IDA & IBRD total,Forest area (% of land area),2022,31.6442375411496,Aggregates,Aggregates,Aggregates,,
2824,ZT,IDA & IBRD total,Forest area (% of land area),2021,31.6966697367295,Aggregates,Aggregates,Aggregates,,
2825,ZT,IDA & IBRD total,Forest area (% of land area),2020,31.7551893634375,Aggregates,Aggregates,Aggregates,,
2826,ZT,IDA & IBRD total,Forest area (% of land area),2019,31.8119553464431,Aggregates,Aggregates,Aggregates,,
2827,ZT,IDA & IBRD total,Forest area (% of land area),2018,31.8667829191482,Aggregates,Aggregates,Aggregates,,
2828,ZT,IDA & IBRD total,Forest area (% of land area),2017,31.9188009397588,Aggregates,Aggregates,Aggregates,,
2829,ZT,IDA & IBRD total,Forest area (% of land area),2016,31.9866224675895,Aggregates,Aggregates,Aggregates,,
2830,XH,IDA blend,Forest area (% of land area),2025,,Aggregates,Aggregates,Aggregates,,
2831,XH,IDA blend,Forest area (% of land area),2024,,Aggregates,Aggregates,Aggregates,,
2832,XH,IDA blend,Forest area (% of land area),2023,30.2943783963727,Aggregates,Aggregates,Aggregates,,
2833,XH,IDA blend,Forest area (% of land area),2022,30.3877356692002,Aggregates,Aggregates,Aggregates,,
2834,XH,IDA blend,Forest area (% of land area),2021,30.4810990678503,Aggregates,Aggregates,Aggregates,,
2835,XH,IDA blend,Forest area (% of land area),2020,30.5744873117203,Aggregates,Aggregates,Aggregates,,
2836,XH,IDA blend,Forest area (% of land area),2019,30.6806604462022,Aggregates,Aggregates,Aggregates,,
2837,XH,IDA blend,Forest area (% of land area),2018,30.7861260940948,Aggregates,Aggregates,Aggregates,,
2838,XH,IDA blend,Forest area (% of land area),2017,30.8859060956119,Aggregates,Aggregates,Aggregates,,
2839,XH,IDA blend,Forest area (% of land area),2016,30.9793245767119,Aggregates,Aggregates,Aggregates,,
2840,XI,IDA only,Forest area (% of land area),2025,,Aggregates,Aggregates,Aggregates,,
2841,XI,IDA only,Forest area (% of land area),2024,,Aggregates,Aggregates,Aggregates,,
2842,XI,IDA only,Forest area (% of land area),2023,24.4438408985284,Aggregates,Aggregates,Aggregates,,
2843,XI,IDA only,Forest area (% of land area),2022,24.6109131798321,Aggregates,Aggregates,Aggregates,,
2844,XI,IDA only,Forest area (% of land area),2021,24.7779149280931,Aggregates,Aggregates,Aggregates,,
2845,XI,IDA only,Forest area (% of land area),2020,24.94576821986,Aggregates,Aggregates,Aggregates,,
2846,XI,IDA only,Forest area (% of land area),2019,25.129742282078,Aggregates,Aggregates,Aggregates,,
2847,XI,IDA only,Forest area (% of land area),2018,25.2982349287955,Aggregates,Aggregates,Aggregates,,
2848,XI,IDA only,Forest area (% of land area),2017,25.4631414704528,Aggregates,Aggregates,Aggregates,,
2849,XI,IDA only,Forest area (% of land area),2016,25.629020817101,Aggregates,Aggregates,Aggregates,,
2850,XG,IDA total,Forest area (% of land area),2025,,Aggregates,Aggregates,Aggregates,,
2851,XG,IDA total,Forest area (% of land area),2024,,Aggregates,Aggregates,Aggregates,,
2852,XG,IDA total,Forest area (% of land area),2023,25.5797077388826,Aggregates,Aggregates,Aggregates,,
2853,XG,IDA total,Forest area (% of land area),2022,25.7324563147521,Aggregates,Aggregates,Aggregates,,
2854,XG,IDA total,Forest area (% of land area),2021,25.8851653415504,Aggregates,Aggregates,Aggregates,,
2855,XG,IDA total,Forest area (% of land area),2020,26.0385642232948,Aggregates,Aggregates,Aggregates,,
2856,XG,IDA total,Forest area (% of land area),2019,26.2076763150308,Aggregates,Aggregates,Aggregates,,
2857,XG,IDA total,Forest area (% of land area),2018,26.3635936351909,Aggregates,Aggregates,Aggregates,,
2858,XG,IDA total,Forest area (% of land area),2017,26.5155166433004,Aggregates,Aggregates,Aggregates,,
2859,XG,IDA total,Forest area (% of land area),2016,26.6669970589804,Aggregates,Aggregates,Aggregates,,
2860,V3,Late-demographic dividend,Forest area (% of land area),2025,,Aggregates,Aggregates,Aggregates,,
2861,V3,Late-demographic dividend,Forest area (% of land area),2024,,Aggregates,Aggregates,Aggregates,,
2862,V3,Late-demographic dividend,Forest area (% of land area),2023,39.5665785785562,Aggregates,Aggregates,Aggregates,,
2863,V3,Late-demographic dividend,Forest area (% of land area),2022,39.5523821398128,Aggregates,Aggregates,Aggregates,,
2864,V3,Late-demographic dividend,Forest area (% of land area),2021,39.5365502560065,Aggregates,Aggregates,Aggregates,,
2865,V3,Late-demographic dividend,Forest area (% of land area),2020,39.5214758208134,Aggregates,Aggregates,Aggregates,,
2866,V3,Late-demographic dividend,Forest area (% of land area),2019,39.5150105254441,Aggregates,Aggregates,Aggregates,,
2867,V3,Late-demographic dividend,Forest area (% of land area),2018,39.5009340757473,Aggregates,Aggregates,Aggregates,,
2868,V3,Late-demographic dividend,Forest area (% of land area),2017,39.482157245881,Aggregates,Aggregates,Aggregates,,
2869,V3,Late-demographic dividend,Forest area (% of land area),2016,39.480392504129,Aggregates,Aggregates,Aggregates,,
2870,ZJ,Latin America & Caribbean,Forest area (% of land area),2025,,Aggregates,Aggregates,Aggregates,,
2871,ZJ,Latin America & Caribbean,Forest area (% of land area),2024,,Aggregates,Aggregates,Aggregates,,
2872,ZJ,Latin America & Caribbean,Forest area (% of land area),2023,46.1073492142796,Aggregates,Aggregates,Aggregates,,
2873,ZJ,Latin America & Caribbean,Forest area (% of land area),2022,46.2293001117069,Aggregates,Aggregates,Aggregates,,
2874,ZJ,Latin America & Caribbean,Forest area (% of land area),2021,46.346460393507,Aggregates,Aggregates,Aggregates,,
2875,ZJ,Latin America & Caribbean,Forest area (% of land area),2020,46.4692947040238,Aggregates,Aggregates,Aggregates,,
2876,ZJ,Latin America & Caribbean,Forest area (% of land area),2019,46.6213720180679,Aggregates,Aggregates,Aggregates,,
2877,ZJ,Latin America & Caribbean,Forest area (% of land area),2018,46.7472567541852,Aggregates,Aggregates,Aggregates,,
2878,ZJ,Latin America & Caribbean,Forest area (% of land area),2017,46.8631061558393,Aggregates,Aggregates,Aggregates,,
2879,ZJ,Latin America & Caribbean,Forest area (% of land area),2016,47.0352017633885,Aggregates,Aggregates,Aggregates,,
2880,XJ,Latin America & Caribbean (excluding high income),Forest area (% of land area),2025,,Aggregates,Aggregates,Aggregates,,
2881,XJ,Latin America & Caribbean (excluding high income),Forest area (% of land area),2024,,Aggregates,Aggregates,Aggregates,,
2882,XJ,Latin America & Caribbean (excluding high income),Forest area (% of land area),2023,46.7180503805674,Aggregates,Aggregates,Aggregates,,
2883,XJ,Latin America & Caribbean (excluding high income),Forest area (% of land area),2022,46.8557724299434,Aggregates,Aggregates,Aggregates,,
2884,XJ,Latin America & Caribbean (excluding high income),Forest area (% of land area),2021,46.9883341822734,Aggregates,Aggregates,Aggregates,,
2885,XJ,Latin America & Caribbean (excluding high income),Forest area (% of land area),2020,47.1269981648655,Aggregates,Aggregates,Aggregates,,
2886,XJ,Latin America & Caribbean (excluding high income),Forest area (% of land area),2019,47.2614207322643,Aggregates,Aggregates,Aggregates,,
2887,XJ,Latin America & Caribbean (excluding high income),Forest area (% of land area),2018,47.4018854170986,Aggregates,Aggregates,Aggregates,,
2888,XJ,Latin America & Caribbean (excluding high income),Forest area (% of land area),2017,47.5328547759543,Aggregates,Aggregates,Aggregates,,
2889,XJ,Latin America & Caribbean (excluding high income),Forest area (% of land area),2016,47.7240013773425,Aggregates,Aggregates,Aggregates,,
2890,T2,Latin America & the Caribbean (IDA & IBRD countries),Forest area (% of land area),2025,,Aggregates,Aggregates,Aggregates,,
2891,T2,Latin America & the Caribbean (IDA & IBRD countries),Forest area (% of land area),2024,,Aggregates,Aggregates,Aggregates,,
2892,T2,Latin America & the Caribbean (IDA & IBRD countries),Forest area (% of land area),2023,46.1810129161545,Aggregates,Aggregates,Aggregates,,
2893,T2,Latin America & the Caribbean (IDA & IBRD countries),Forest area (% of land area),2022,46.303758906254,Aggregates,Aggregates,Aggregates,,
2894,T2,Latin America & the Caribbean (IDA & IBRD countries),Forest area (% of land area),2021,46.4216806951668,Aggregates,Aggregates,Aggregates,,
2895,T2,Latin America & the Caribbean (IDA & IBRD countries),Forest area (% of land area),2020,46.5453149234072,Aggregates,Aggregates,Aggregates,,
2896,T2,Latin America & the Caribbean (IDA & IBRD countries),Forest area (% of land area),2019,46.6984339220953,Aggregates,Aggregates,Aggregates,,
2897,T2,Latin America & the Caribbean (IDA & IBRD countries),Forest area (% of land area),2018,46.8251384923425,Aggregates,Aggregates,Aggregates,,
2898,T2,Latin America & the Caribbean (IDA & IBRD countries),Forest area (% of land area),2017,46.9417523065377,Aggregates,Aggregates,Aggregates,,
2899,T2,Latin America & the Caribbean (IDA & IBRD countries),Forest area (% of land area),2016,47.1155777751242,Aggregates,Aggregates,Aggregates,,
2900,XL,Least developed countries: UN classification,Forest area (% of land area),2025,,Aggregates,Aggregates,Aggregates,,
2901,XL,Least developed countries: UN classification,Forest area (% of land area),2024,,Aggregates,Aggregates,Aggregates,,
2902,XL,Least developed countries: UN classification,Forest area (% of land area),2023,25.5824950287118,Aggregates,Aggregates,Aggregates,,
2903,XL,Least developed countries: UN classification,Forest area (% of land area),2022,25.7720283638031,Aggregates,Aggregates,Aggregates,,
2904,XL,Least developed countries: UN classification,Forest area (% of land area),2021,25.9615004241247,Aggregates,Aggregates,Aggregates,,
2905,XL,Least developed countries: UN classification,Forest area (% of land area),2020,26.1518252861632,Aggregates,Aggregates,Aggregates,,
2906,XL,Least developed countries: UN classification,Forest area (% of land area),2019,26.3406700478273,Aggregates,Aggregates,Aggregates,,
2907,XL,Least developed countries: UN classification,Forest area (% of land area),2018,26.5315195804629,Aggregates,Aggregates,Aggregates,,
2908,XL,Least developed countries: UN classification,Forest area (% of land area),2017,26.7187788826033,Aggregates,Aggregates,Aggregates,,
2909,XL,Least developed countries: UN classification,Forest area (% of land area),2016,26.908023845142,Aggregates,Aggregates,Aggregates,,
2910,XO,Low & middle income,Forest area (% of land area),2025,,Aggregates,Aggregates,Aggregates,,
2911,XO,Low & middle income,Forest area (% of land area),2024,,Aggregates,Aggregates,Aggregates,,
2912,XO,Low & middle income,Forest area (% of land area),2023,27.7055501695387,Aggregates,Aggregates,Aggregates,,
2913,XO,Low & middle income,Forest area (% of land area),2022,27.7739059795262,Aggregates,Aggregates,Aggregates,,
2914,XO,Low & middle income,Forest area (% of land area),2021,27.8409820968805,Aggregates,Aggregates,Aggregates,,
2915,XO,Low & middle income,Forest area (% of land area),2020,27.9147676747574,Aggregates,Aggregates,Aggregates,,
2916,XO,Low & middle income,Forest area (% of land area),2019,27.9813576956848,Aggregates,Aggregates,Aggregates,,
2917,XO,Low & middle income,Forest area (% of land area),2018,28.0510413392518,Aggregates,Aggregates,Aggregates,,
2918,XO,Low & middle income,Forest area (% of land area),2017,28.1174247457212,Aggregates,Aggregates,Aggregates,,
2919,XO,Low & middle income,Forest area (% of land area),2016,28.2060184015113,Aggregates,Aggregates,Aggregates,,
2920,XM,Low income,Forest area (% of land area),2025,,Aggregates,Aggregates,Aggregates,,
2921,XM,Low income,Forest area (% of land area),2024,,Aggregates,Aggregates,Aggregates,,
2922,XM,Low income,Forest area (% of land area),2023,19.8644342374234,Aggregates,Aggregates,Aggregates,,
2923,XM,Low income,Forest area (% of land area),2022,20.0040599818514,Aggregates,Aggregates,Aggregates,,
2924,XM,Low income,Forest area (% of land area),2021,20.1429261190799,Aggregates,Aggregates,Aggregates,,
2925,XM,Low income,Forest area (% of land area),2020,20.2830964718304,Aggregates,Aggregates,Aggregates,,
2926,XM,Low income,Forest area (% of land area),2019,20.4213117920069,Aggregates,Aggregates,Aggregates,,
2927,XM,Low income,Forest area (% of land area),2018,20.5623020867419,Aggregates,Aggregates,Aggregates,,
2928,XM,Low income,Forest area (% of land area),2017,20.6983113735362,Aggregates,Aggregates,Aggregates,,
2929,XM,Low income,Forest area (% of land area),2016,20.8370998862374,Aggregates,Aggregates,Aggregates,,
2930,XN,Lower middle income,Forest area (% of land area),2025,,Aggregates,Aggregates,Aggregates,,
2931,XN,Lower middle income,Forest area (% of land area),2024,,Aggregates,Aggregates,Aggregates,,
2932,XN,Lower middle income,Forest area (% of land area),2023,30.2164969333076,Aggregates,Aggregates,Aggregates,,
2933,XN,Lower middle income,Forest area (% of land area),2022,30.3445620829388,Aggregates,Aggregates,Aggregates,,
2934,XN,Lower middle income,Forest area (% of land area),2021,30.472490378202,Aggregates,Aggregates,Aggregates,,
2935,XN,Lower middle income,Forest area (% of land area),2020,30.6013821441859,Aggregates,Aggregates,Aggregates,,
2936,XN,Lower middle income,Forest area (% of land area),2019,30.7319872542004,Aggregates,Aggregates,Aggregates,,
2937,XN,Lower middle income,Forest area (% of land area),2018,30.864739385547,Aggregates,Aggregates,Aggregates,,
2938,XN,Lower middle income,Forest area (% of land area),2017,30.9984145810702,Aggregates,Aggregates,Aggregates,,
2939,XN,Lower middle income,Forest area (% of land area),2016,31.131823829733,Aggregates,Aggregates,Aggregates,,
2940,ZQ,"Middle East, North Africa, Afghanistan & Pakistan",Forest area (% of land area),2025,,Aggregates,Aggregates,Aggregates,,
2941,ZQ,"Middle East, North Africa, Afghanistan & Pakistan",Forest area (% of land area),2024,,Aggregates,Aggregates,Aggregates,,
2942,ZQ,"Middle East, North Africa, Afghanistan & Pakistan",Forest area (% of land area),2023,2.20869651277954,Aggregates,Aggregates,Aggregates,,
2943,ZQ,"Middle East, North Africa, Afghanistan & Pakistan",Forest area (% of land area),2022,2.20922456389042,Aggregates,Aggregates,Aggregates,,
2944,ZQ,"Middle East, North Africa, Afghanistan & Pakistan",Forest area (% of land area),2021,2.20991908453557,Aggregates,Aggregates,Aggregates,,
2945,ZQ,"Middle East, North Africa, Afghanistan & Pakistan",Forest area (% of land area),2020,2.21037309559273,Aggregates,Aggregates,Aggregates,,
2946,ZQ,"Middle East, North Africa, Afghanistan & Pakistan",Forest area (% of land area),2019,2.21114057087958,Aggregates,Aggregates,Aggregates,,
2947,ZQ,"Middle East, North Africa, Afghanistan & Pakistan",Forest area (% of land area),2018,2.21143863501494,Aggregates,Aggregates,Aggregates,,
2948,ZQ,"Middle East, North Africa, Afghanistan & Pakistan",Forest area (% of land area),2017,2.21351261954025,Aggregates,Aggregates,Aggregates,,
2949,ZQ,"Middle East, North Africa, Afghanistan & Pakistan",Forest area (% of land area),2016,2.21308290431993,Aggregates,Aggregates,Aggregates,,
2950,XQ,"Middle East, North Africa, Afghanistan & Pakistan (excluding high income)",Forest area (% of land area),2025,,Aggregates,Aggregates,Aggregates,,
2951,XQ,"Middle East, North Africa, Afghanistan & Pakistan (excluding high income)",Forest area (% of land area),2024,,Aggregates,Aggregates,Aggregates,,
2952,XQ,"Middle East, North Africa, Afghanistan & Pakistan (excluding high income)",Forest area (% of land area),2023,2.63217642863726,Aggregates,Aggregates,Aggregates,,
2953,XQ,"Middle East, North Africa, Afghanistan & Pakistan (excluding high income)",Forest area (% of land area),2022,2.63283468345814,Aggregates,Aggregates,Aggregates,,
2954,XQ,"Middle East, North Africa, Afghanistan & Pakistan (excluding high income)",Forest area (% of land area),2021,2.63370729588379,Aggregates,Aggregates,Aggregates,,
2955,XQ,"Middle East, North Africa, Afghanistan & Pakistan (excluding high income)",Forest area (% of land area),2020,2.63427233809182,Aggregates,Aggregates,Aggregates,,
2956,XQ,"Middle East, North Africa, Afghanistan & Pakistan (excluding high income)",Forest area (% of land area),2019,2.63523774318316,Aggregates,Aggregates,Aggregates,,
2957,XQ,"Middle East, North Africa, Afghanistan & Pakistan (excluding high income)",Forest area (% of land area),2018,2.63560457067795,Aggregates,Aggregates,Aggregates,,
2958,XQ,"Middle East, North Africa, Afghanistan & Pakistan (excluding high income)",Forest area (% of land area),2017,2.63820748962586,Aggregates,Aggregates,Aggregates,,
2959,XQ,"Middle East, North Africa, Afghanistan & Pakistan (excluding high income)",Forest area (% of land area),2016,2.63739916112549,Aggregates,Aggregates,Aggregates,,
2960,T3,"Middle East, North Africa, Afghanistan & Pakistan (IDA & IBRD)",Forest area (% of land area),2025,,Aggregates,Aggregates,Aggregates,,
2961,T3,"Middle East, North Africa, Afghanistan & Pakistan (IDA & IBRD)",Forest area (% of land area),2024,,Aggregates,Aggregates,Aggregates,,
2962,T3,"Middle East, North Africa, Afghanistan & Pakistan (IDA & IBRD)",Forest area (% of land area),2023,2.6327453602461,Aggregates,Aggregates,Aggregates,,
2963,T3,"Middle East, North Africa, Afghanistan & Pakistan (IDA & IBRD)",Forest area (% of land area),2022,2.63340400961646,Aggregates,Aggregates,Aggregates,,
2964,T3,"Middle East, North Africa, Afghanistan & Pakistan (IDA & IBRD)",Forest area (% of land area),2021,2.63427714507477,Aggregates,Aggregates,Aggregates,,
2965,T3,"Middle East, North Africa, Afghanistan & Pakistan (IDA & IBRD)",Forest area (% of land area),2020,2.63484121563074,Aggregates,Aggregates,Aggregates,,
2966,T3,"Middle East, North Africa, Afghanistan & Pakistan (IDA & IBRD)",Forest area (% of land area),2019,2.63580719889327,Aggregates,Aggregates,Aggregates,,
2967,T3,"Middle East, North Africa, Afghanistan & Pakistan (IDA & IBRD)",Forest area (% of land area),2018,2.63617424692738,Aggregates,Aggregates,Aggregates,,
2968,T3,"Middle East, North Africa, Afghanistan & Pakistan (IDA & IBRD)",Forest area (% of land area),2017,2.63877872473903,Aggregates,Aggregates,Aggregates,,
2969,T3,"Middle East, North Africa, Afghanistan & Pakistan (IDA & IBRD)",Forest area (% of land area),2016,2.63796955691483,Aggregates,Aggregates,Aggregates,,
2970,XP,Middle income,Forest area (% of land area),2025,,Aggregates,Aggregates,Aggregates,,
2971,XP,Middle income,Forest area (% of land area),2024,,Aggregates,Aggregates,Aggregates,,
2972,XP,Middle income,Forest area (% of land area),2023,29.52536867781,Aggregates,Aggregates,Aggregates,,
2973,XP,Middle income,Forest area (% of land area),2022,29.5772050490796,Aggregates,Aggregates,Aggregates,,
2974,XP,Middle income,Forest area (% of land area),2021,29.6275874147704,Aggregates,Aggregates,Aggregates,,
2975,XP,Middle income,Forest area (% of land area),2020,29.6863779979264,Aggregates,Aggregates,Aggregates,,
2976,XP,Middle income,Forest area (% of land area),2019,29.7363075451194,Aggregates,Aggregates,Aggregates,,
2977,XP,Middle income,Forest area (% of land area),2018,29.7894866694675,Aggregates,Aggregates,Aggregates,,
2978,XP,Middle income,Forest area (% of land area),2017,29.8397590728376,Aggregates,Aggregates,Aggregates,,
2979,XP,Middle income,Forest area (% of land area),2016,29.9165771562114,Aggregates,Aggregates,Aggregates,,
2980,XU,North America,Forest area (% of land area),2025,,Aggregates,Aggregates,Aggregates,,
2981,XU,North America,Forest area (% of land area),2024,,Aggregates,Aggregates,Aggregates,,
2982,XU,North America,Forest area (% of land area),2023,36.6083171305095,Aggregates,Aggregates,Aggregates,,
2983,XU,North America,Forest area (% of land area),2022,36.6103791756258,Aggregates,Aggregates,Aggregates,,
2984,XU,North America,Forest area (% of land area),2021,36.6124410534822,Aggregates,Aggregates,Aggregates,,
2985,XU,North America,Forest area (% of land area),2020,36.2569303570064,Aggregates,Aggregates,Aggregates,,
2986,XU,North America,Forest area (% of land area),2019,36.2589719773529,Aggregates,Aggregates,Aggregates,,
2987,XU,North America,Forest area (% of land area),2018,36.2610141497871,Aggregates,Aggregates,Aggregates,,
2988,XU,North America,Forest area (% of land area),2017,36.2630557701336,Aggregates,Aggregates,Aggregates,,
2989,XU,North America,Forest area (% of land area),2016,36.2816605738267,Aggregates,Aggregates,Aggregates,,
2990,XY,Not classified,Forest area (% of land area),2025,,Aggregates,Aggregates,Aggregates,,
2991,XY,Not classified,Forest area (% of land area),2024,,Aggregates,Aggregates,Aggregates,,
2992,XY,Not classified,Forest area (% of land area),2023,,Aggregates,Aggregates,Aggregates,,
2993,XY,Not classified,Forest area (% of land area),2022,,Aggregates,Aggregates,Aggregates,,
2994,XY,Not classified,Forest area (% of land area),2021,,Aggregates,Aggregates,Aggregates,,
2995,XY,Not classified,Forest area (% of land area),2020,,Aggregates,Aggregates,Aggregates,,
2996,XY,Not classified,Forest area (% of land area),2019,,Aggregates,Aggregates,Aggregates,,
2997,XY,Not classified,Forest area (% of land area),2018,,Aggregates,Aggregates,Aggregates,,
2998,XY,Not classified,Forest area (% of land area),2017,,Aggregates,Aggregates,Aggregates,,
2999,XY,Not classified,Forest area (% of land area),2016,,Aggregates,Aggregates,Aggregates,,
3000,OE,OECD members,Forest area (% of land area),2025,,Aggregates,Aggregates,Aggregates,,
3001,OE,OECD members,Forest area (% of land area),2024,,Aggregates,Aggregates,Aggregates,,
3002,OE,OECD members,Forest area (% of land area),2023,32.9429461320688,Aggregates,Aggregates,Aggregates,,
3003,OE,OECD members,Forest area (% of land area),2022,32.9396675212767,Aggregates,Aggregates,Aggregates,,
3004,OE,OECD members,Forest area (% of land area),2021,32.9358651481294,Aggregates,Aggregates,Aggregates,,
3005,OE,OECD members,Forest area (% of land area),2020,32.7683777484577,Aggregates,Aggregates,Aggregates,,
3006,OE,OECD members,Forest area (% of land area),2019,32.76388636446,Aggregates,Aggregates,Aggregates,,
3007,OE,OECD members,Forest area (% of land area),2018,32.7612170415593,Aggregates,Aggregates,Aggregates,,
3008,OE,OECD members,Forest area (% of land area),2017,32.7590607764174,Aggregates,Aggregates,Aggregates,,
3009,OE,OECD members,Forest area (% of land area),2016,32.7651677484035,Aggregates,Aggregates,Aggregates,,
3010,S4,Other small states,Forest area (% of land area),2025,,Aggregates,Aggregates,Aggregates,,
3011,S4,Other small states,Forest area (% of land area),2024,,Aggregates,Aggregates,Aggregates,,
3012,S4,Other small states,Forest area (% of land area),2023,29.9366556806938,Aggregates,Aggregates,Aggregates,,
3013,S4,Other small states,Forest area (% of land area),2022,29.9298081470218,Aggregates,Aggregates,Aggregates,,
3014,S4,Other small states,Forest area (% of land area),2021,29.9210066274307,Aggregates,Aggregates,Aggregates,,
3015,S4,Other small states,Forest area (% of land area),2020,29.9144835914709,Aggregates,Aggregates,Aggregates,,
3016,S4,Other small states,Forest area (% of land area),2019,29.9078270611601,Aggregates,Aggregates,Aggregates,,
3017,S4,Other small states,Forest area (% of land area),2018,29.9017888970529,Aggregates,Aggregates,Aggregates,,
3018,S4,Other small states,Forest area (% of land area),2017,29.9591385934345,Aggregates,Aggregates,Aggregates,,
3019,S4,Other small states,Forest area (% of land area),2016,29.8094974951102,Aggregates,Aggregates,Aggregates,,
3020,S2,Pacific island small states,Forest area (% of land area),2025,,Aggregates,Aggregates,Aggregates,,
3021,S2,Pacific island small states,Forest area (% of land area),2024,,Aggregates,Aggregates,Aggregates,,
3022,S2,Pacific island small states,Forest area (% of land area),2023,68.7460639127046,Aggregates,Aggregates,Aggregates,,
3023,S2,Pacific island small states,Forest area (% of land area),2022,68.6590802805924,Aggregates,Aggregates,Aggregates,,
3024,S2,Pacific island small states,Forest area (% of land area),2021,68.5720966484801,Aggregates,Aggregates,Aggregates,,
3025,S2,Pacific island small states,Forest area (% of land area),2020,68.4851130163679,Aggregates,Aggregates,Aggregates,,
3026,S2,Pacific island small states,Forest area (% of land area),2019,68.3981293842557,Aggregates,Aggregates,Aggregates,,
3027,S2,Pacific island small states,Forest area (% of land area),2018,68.3111457521434,Aggregates,Aggregates,Aggregates,,
3028,S2,Pacific island small states,Forest area (% of land area),2017,68.2240062353858,Aggregates,Aggregates,Aggregates,,
3029,S2,Pacific island small states,Forest area (% of land area),2016,68.0839563862928,Aggregates,Aggregates,Aggregates,,
3030,V4,Post-demographic dividend,Forest area (% of land area),2025,,Aggregates,Aggregates,Aggregates,,
3031,V4,Post-demographic dividend,Forest area (% of land area),2024,,Aggregates,Aggregates,Aggregates,,
3032,V4,Post-demographic dividend,Forest area (% of land area),2023,32.3180412570396,Aggregates,Aggregates,Aggregates,,
3033,V4,Post-demographic dividend,Forest area (% of land area),2022,32.3126019382585,Aggregates,Aggregates,Aggregates,,
3034,V4,Post-demographic dividend,Forest area (% of land area),2021,32.306882050267,Aggregates,Aggregates,Aggregates,,
3035,V4,Post-demographic dividend,Forest area (% of land area),2020,32.1191810413691,Aggregates,Aggregates,Aggregates,,
3036,V4,Post-demographic dividend,Forest area (% of land area),2019,32.1125913121028,Aggregates,Aggregates,Aggregates,,
3037,V4,Post-demographic dividend,Forest area (% of land area),2018,32.1075403717106,Aggregates,Aggregates,Aggregates,,
3038,V4,Post-demographic dividend,Forest area (% of land area),2017,32.1030806437927,Aggregates,Aggregates,Aggregates,,
3039,V4,Post-demographic dividend,Forest area (% of land area),2016,32.1074466225452,Aggregates,Aggregates,Aggregates,,
3040,V1,Pre-demographic dividend,Forest area (% of land area),2025,,Aggregates,Aggregates,Aggregates,,
3041,V1,Pre-demographic dividend,Forest area (% of land area),2024,,Aggregates,Aggregates,Aggregates,,
3042,V1,Pre-demographic dividend,Forest area (% of land area),2023,25.2555690812685,Aggregates,Aggregates,Aggregates,,
3043,V1,Pre-demographic dividend,Forest area (% of land area),2022,25.4359672942996,Aggregates,Aggregates,Aggregates,,
3044,V1,Pre-demographic dividend,Forest area (% of land area),2021,25.6158460481063,Aggregates,Aggregates,Aggregates,,
3045,V1,Pre-demographic dividend,Forest area (% of land area),2020,25.7967659263809,Aggregates,Aggregates,Aggregates,,
3046,V1,Pre-demographic dividend,Forest area (% of land area),2019,25.978662467324,Aggregates,Aggregates,Aggregates,,
3047,V1,Pre-demographic dividend,Forest area (% of land area),2018,26.1625519939629,Aggregates,Aggregates,Aggregates,,
3048,V1,Pre-demographic dividend,Forest area (% of land area),2017,26.3414868825338,Aggregates,Aggregates,Aggregates,,
3049,V1,Pre-demographic dividend,Forest area (% of land area),2016,26.5222911124075,Aggregates,Aggregates,Aggregates,,
3050,S1,Small states,Forest area (% of land area),2025,,Aggregates,Aggregates,Aggregates,,
3051,S1,Small states,Forest area (% of land area),2024,,Aggregates,Aggregates,Aggregates,,
3052,S1,Small states,Forest area (% of land area),2023,64.2500500855468,Aggregates,Aggregates,Aggregates,,
3053,S1,Small states,Forest area (% of land area),2022,64.2840516405585,Aggregates,Aggregates,Aggregates,,
3054,S1,Small states,Forest area (% of land area),2021,64.3165031446738,Aggregates,Aggregates,Aggregates,,
3055,S1,Small states,Forest area (% of land area),2020,64.3507195196886,Aggregates,Aggregates,Aggregates,,
3056,S1,Small states,Forest area (% of land area),2019,65.6322371549907,Aggregates,Aggregates,Aggregates,,
3057,S1,Small states,Forest area (% of land area),2018,65.6673105741505,Aggregates,Aggregates,Aggregates,,
3058,S1,Small states,Forest area (% of land area),2017,65.7539085018376,Aggregates,Aggregates,Aggregates,,
3059,S1,Small states,Forest area (% of land area),2016,65.6893230036135,Aggregates,Aggregates,Aggregates,,
3060,8S,South Asia,Forest area (% of land area),2025,,Aggregates,Aggregates,Aggregates,,
3061,8S,South Asia,Forest area (% of land area),2024,,Aggregates,Aggregates,Aggregates,,
3062,8S,South Asia,Forest area (% of land area),2023,25.5884873333417,Aggregates,Aggregates,Aggregates,,
3063,8S,South Asia,Forest area (% of land area),2022,25.507140509695,Aggregates,Aggregates,Aggregates,,
3064,8S,South Asia,Forest area (% of land area),2021,25.4284002736771,Aggregates,Aggregates,Aggregates,,
3065,8S,South Asia,Forest area (% of land area),2020,25.3492729331553,Aggregates,Aggregates,Aggregates,,
3066,8S,South Asia,Forest area (% of land area),2019,25.2701118438846,Aggregates,Aggregates,Aggregates,,
3067,8S,South Asia,Forest area (% of land area),2018,25.1907252255294,Aggregates,Aggregates,Aggregates,,
3068,8S,South Asia,Forest area (% of land area),2017,25.1113563687633,Aggregates,Aggregates,Aggregates,,
3069,8S,South Asia,Forest area (% of land area),2016,25.0319371075458,Aggregates,Aggregates,Aggregates,,
3070,T5,South Asia (IDA & IBRD),Forest area (% of land area),2025,,Aggregates,Aggregates,Aggregates,,
3071,T5,South Asia (IDA & IBRD),Forest area (% of land area),2024,,Aggregates,Aggregates,Aggregates,,
3072,T5,South Asia (IDA & IBRD),Forest area (% of land area),2023,25.5884873333417,Aggregates,Aggregates,Aggregates,,
3073,T5,South Asia (IDA & IBRD),Forest area (% of land area),2022,25.507140509695,Aggregates,Aggregates,Aggregates,,
3074,T5,South Asia (IDA & IBRD),Forest area (% of land area),2021,25.4284002736771,Aggregates,Aggregates,Aggregates,,
3075,T5,South Asia (IDA & IBRD),Forest area (% of land area),2020,25.3492729331553,Aggregates,Aggregates,Aggregates,,
3076,T5,South Asia (IDA & IBRD),Forest area (% of land area),2019,25.2701118438846,Aggregates,Aggregates,Aggregates,,
3077,T5,South Asia (IDA & IBRD),Forest area (% of land area),2018,25.1907252255294,Aggregates,Aggregates,Aggregates,,
3078,T5,South Asia (IDA & IBRD),Forest area (% of land area),2017,25.1113563687633,Aggregates,Aggregates,Aggregates,,
3079,T5,South Asia (IDA & IBRD),Forest area (% of land area),2016,25.0319371075458,Aggregates,Aggregates,Aggregates,,
3080,ZG,Sub-Saharan Africa,Forest area (% of land area),2025,,Aggregates,Aggregates,Aggregates,,
3081,ZG,Sub-Saharan Africa,Forest area (% of land area),2024,,Aggregates,Aggregates,Aggregates,,
3082,ZG,Sub-Saharan Africa,Forest area (% of land area),2023,25.7362769848213,Aggregates,Aggregates,Aggregates,,
3083,ZG,Sub-Saharan Africa,Forest area (% of land area),2022,25.9041200775263,Aggregates,Aggregates,Aggregates,,
3084,ZG,Sub-Saharan Africa,Forest area (% of land area),2021,26.0715140158541,Aggregates,Aggregates,Aggregates,,
3085,ZG,Sub-Saharan Africa,Forest area (% of land area),2020,26.2397342162826,Aggregates,Aggregates,Aggregates,,
3086,ZG,Sub-Saharan Africa,Forest area (% of land area),2019,26.4088820402455,Aggregates,Aggregates,Aggregates,,
3087,ZG,Sub-Saharan Africa,Forest area (% of land area),2018,26.5797265742366,Aggregates,Aggregates,Aggregates,,
3088,ZG,Sub-Saharan Africa,Forest area (% of land area),2017,26.7463535880577,Aggregates,Aggregates,Aggregates,,
3089,ZG,Sub-Saharan Africa,Forest area (% of land area),2016,26.913116026643,Aggregates,Aggregates,Aggregates,,
3090,ZF,Sub-Saharan Africa (excluding high income),Forest area (% of land area),2025,,Aggregates,Aggregates,Aggregates,,
3091,ZF,Sub-Saharan Africa (excluding high income),Forest area (% of land area),2024,,Aggregates,Aggregates,Aggregates,,
3092,ZF,Sub-Saharan Africa (excluding high income),Forest area (% of land area),2023,25.7353623699049,Aggregates,Aggregates,Aggregates,,
3093,ZF,Sub-Saharan Africa (excluding high income),Forest area (% of land area),2022,25.9032086927648,Aggregates,Aggregates,Aggregates,,
3094,ZF,Sub-Saharan Africa (excluding high income),Forest area (% of land area),2021,26.0706058528619,Aggregates,Aggregates,Aggregates,,
3095,ZF,Sub-Saharan Africa (excluding high income),Forest area (% of land area),2020,26.2388292878787,Aggregates,Aggregates,Aggregates,,
3096,ZF,Sub-Saharan Africa (excluding high income),Forest area (% of land area),2019,26.407980294913,Aggregates,Aggregates,Aggregates,,
3097,ZF,Sub-Saharan Africa (excluding high income),Forest area (% of land area),2018,26.5788280433563,Aggregates,Aggregates,Aggregates,,
3098,ZF,Sub-Saharan Africa (excluding high income),Forest area (% of land area),2017,26.7454581906054,Aggregates,Aggregates,Aggregates,,
3099,ZF,Sub-Saharan Africa (excluding high income),Forest area (% of land area),2016,26.9122237667513,Aggregates,Aggregates,Aggregates,,
3100,T6,Sub-Saharan Africa (IDA & IBRD countries),Forest area (% of land area),2025,,Aggregates,Aggregates,Aggregates,,
3101,T6,Sub-Saharan Africa (IDA & IBRD countries),Forest area (% of land area),2024,,Aggregates,Aggregates,Aggregates,,
3102,T6,Sub-Saharan Africa (IDA & IBRD countries),Forest area (% of land area),2023,25.7362769848213,Aggregates,Aggregates,Aggregates,,
3103,T6,Sub-Saharan Africa (IDA & IBRD countries),Forest area (% of land area),2022,25.9041200775262,Aggregates,Aggregates,Aggregates,,
3104,T6,Sub-Saharan Africa (IDA & IBRD countries),Forest area (% of land area),2021,26.0715140158541,Aggregates,Aggregates,Aggregates,,
3105,T6,Sub-Saharan Africa (IDA & IBRD countries),Forest area (% of land area),2020,26.2397342162826,Aggregates,Aggregates,Aggregates,,
3106,T6,Sub-Saharan Africa (IDA & IBRD countries),Forest area (% of land area),2019,26.4088820402455,Aggregates,Aggregates,Aggregates,,
3107,T6,Sub-Saharan Africa (IDA & IBRD countries),Forest area (% of land area),2018,26.5797265742366,Aggregates,Aggregates,Aggregates,,
3108,T6,Sub-Saharan Africa (IDA & IBRD countries),Forest area (% of land area),2017,26.7463535880577,Aggregates,Aggregates,Aggregates,,
3109,T6,Sub-Saharan Africa (IDA & IBRD countries),Forest area (% of land area),2016,26.913116026643,Aggregates,Aggregates,Aggregates,,
3110,XT,Upper middle income,Forest area (% of land area),2025,,Aggregates,Aggregates,Aggregates,,
3111,XT,Upper middle income,Forest area (% of land area),2024,,Aggregates,Aggregates,Aggregates,,
3112,XT,Upper middle income,Forest area (% of land area),2023,29.2315888712638,Aggregates,Aggregates,Aggregates,,
3113,XT,Upper middle income,Forest area (% of land area),2022,29.2510100144273,Aggregates,Aggregates,Aggregates,,
3114,XT,Upper middle income,Forest area (% of land area),2021,29.2684402886623,Aggregates,Aggregates,Aggregates,,
3115,XT,Upper middle income,Forest area (% of land area),2020,29.2973013107162,Aggregates,Aggregates,Aggregates,,
3116,XT,Upper middle income,Forest area (% of land area),2019,29.3130037094108,Aggregates,Aggregates,Aggregates,,
3117,XT,Upper middle income,Forest area (% of land area),2018,29.3324006498032,Aggregates,Aggregates,Aggregates,,
3118,XT,Upper middle income,Forest area (% of land area),2017,29.3472675892551,Aggregates,Aggregates,Aggregates,,
3119,XT,Upper middle income,Forest area (% of land area),2016,29.4001598272835,Aggregates,Aggregates,Aggregates,,
3120,1W,World,Forest area (% of land area),2025,,Aggregates,Aggregates,Aggregates,,
3121,1W,World,Forest area (% of land area),2024,,Aggregates,Aggregates,Aggregates,,
3122,1W,World,Forest area (% of land area),2023,31.0951828663057,Aggregates,Aggregates,Aggregates,,
3123,1W,World,Forest area (% of land area),2022,31.133948934895,Aggregates,Aggregates,Aggregates,,
3124,1W,World,Forest area (% of land area),2021,31.1717259151458,Aggregates,Aggregates,Aggregates,,
3125,1W,World,Forest area (% of land area),2020,31.1715969051644,Aggregates,Aggregates,Aggregates,,
3126,1W,World,Forest area (% of land area),2019,31.2122951708407,Aggregates,Aggregates,Aggregates,,
3127,1W,World,Forest area (% of land area),2018,31.2519934605387,Aggregates,Aggregates,Aggregates,,
3128,1W,World,Forest area (% of land area),2017,31.2898670792534,Aggregates,Aggregates,Aggregates,,
3129,1W,World,Forest area (% of land area),2016,31.3412450193438,Aggregates,Aggregates,Aggregates,,
3130,AF,Afghanistan,Forest area (% of land area),2025,,"Middle East, North Africa, Afghanistan & Pakistan",Low income,IDA,69.1761,34.5228
3131,AF,Afghanistan,Forest area (% of land area),2024,,"Middle East, North Africa, Afghanistan & Pakistan",Low income,IDA,69.1761,34.5228
3132,AF,Afghanistan,Forest area (% of land area),2023,1.85278199408184,"Middle East, North Africa, Afghanistan & Pakistan",Low income,IDA,69.1761,34.5228
3133,AF,Afghanistan,Forest area (% of land area),2022,1.85278199408184,"Middle East, North Africa, Afghanistan & Pakistan",Low income,IDA,69.1761,34.5228
3134,AF,Afghanistan,Forest area (% of land area),2021,1.85278199408184,"Middle East, North Africa, Afghanistan & Pakistan",Low income,IDA,69.1761,34.5228
3135,AF,Afghanistan,Forest area (% of land area),2020,1.85278199408184,"Middle East, North Africa, Afghanistan & Pakistan",Low income,IDA,69.1761,34.5228
3136,AF,Afghanistan,Forest area (% of land area),2019,1.85278199408184,"Middle East, North Africa, Afghanistan & Pakistan",Low income,IDA,69.1761,34.5228
3137,AF,Afghanistan,Forest area (% of land area),2018,1.85278199408184,"Middle East, North Africa, Afghanistan & Pakistan",Low income,IDA,69.1761,34.5228
3138,AF,Afghanistan,Forest area (% of land area),2017,1.85278199408184,"Middle East, North Africa, Afghanistan & Pakistan",Low income,IDA,69.1761,34.5228
3139,AF,Afghanistan,Forest area (% of land area),2016,1.85278199408184,"Middle East, North Africa, Afghanistan & Pakistan",Low income,IDA,69.1761,34.5228
3140,AL,Albania,Forest area (% of land area),2025,,Europe & Central Asia,Upper middle income,IBRD,19.8172,41.3317
3141,AL,Albania,Forest area (% of land area),2024,,Europe & Central Asia,Upper middle income,IBRD,19.8172,41.3317
3142,AL,Albania,Forest area (% of land area),2023,28.7919708029197,Europe & Central Asia,Upper middle income,IBRD,19.8172,41.3317
3143,AL,Albania,Forest area (% of land area),2022,28.7919708029197,Europe & Central Asia,Upper middle income,IBRD,19.8172,41.3317
3144,AL,Albania,Forest area (% of land area),2021,28.7919708029197,Europe & Central Asia,Upper middle income,IBRD,19.8172,41.3317
3145,AL,Albania,Forest area (% of land area),2020,28.7919708029197,Europe & Central Asia,Upper middle income,IBRD,19.8172,41.3317
3146,AL,Albania,Forest area (% of land area),2019,28.7919708029197,Europe & Central Asia,Upper middle income,IBRD,19.8172,41.3317
3147,AL,Albania,Forest area (% of land area),2018,28.7919708029197,Europe & Central Asia,Upper middle income,IBRD,19.8172,41.3317
3148,AL,Albania,Forest area (% of land area),2017,28.7920620437956,Europe & Central Asia,Upper middle income,IBRD,19.8172,41.3317
3149,AL,Albania,Forest area (% of land area),2016,28.8021897810219,Europe & Central Asia,Upper middle income,IBRD,19.8172,41.3317
3150,DZ,Algeria,Forest area (% of land area),2025,,"Middle East, North Africa, Afghanistan & Pakistan",Upper middle income,IBRD,3.05097,36.7397
3151,DZ,Algeria,Forest area (% of land area),2024,,"Middle East, North Africa, Afghanistan & Pakistan",Upper middle income,IBRD,3.05097,36.7397
3152,DZ,Algeria,Forest area (% of land area),2023,0.830314224054683,"Middle East, North Africa, Afghanistan & Pakistan",Upper middle income,IBRD,3.05097,36.7397
3153,DZ,Algeria,Forest area (% of land area),2022,0.826286664371426,"Middle East, North Africa, Afghanistan & Pakistan",Upper middle income,IBRD,3.05097,36.7397
3154,DZ,Algeria,Forest area (% of land area),2021,0.822088053271978,"Middle East, North Africa, Afghanistan & Pakistan",Upper middle income,IBRD,3.05097,36.7397
3155,DZ,Algeria,Forest area (% of land area),2020,0.818309303282474,"Middle East, North Africa, Afghanistan & Pakistan",Upper middle income,IBRD,3.05097,36.7397
3156,DZ,Algeria,Forest area (% of land area),2019,0.814110692183026,"Middle East, North Africa, Afghanistan & Pakistan",Upper middle income,IBRD,3.05097,36.7397
3157,DZ,Algeria,Forest area (% of land area),2018,0.810331601966797,"Middle East, North Africa, Afghanistan & Pakistan",Upper middle income,IBRD,3.05097,36.7397
3158,DZ,Algeria,Forest area (% of land area),2017,0.815789794104397,"Middle East, North Africa, Afghanistan & Pakistan",Upper middle income,IBRD,3.05097,36.7397
3159,DZ,Algeria,Forest area (% of land area),2016,0.821247986241997,"Middle East, North Africa, Afghanistan & Pakistan",Upper middle income,IBRD,3.05097,36.7397
3160,AS,American Samoa,Forest area (% of land area),2025,,East Asia & Pacific,High income,Not classified,-170.691,-14.2846
3161,AS,American Samoa,Forest area (% of land area),2024,,East Asia & Pacific,High income,Not classified,-170.691,-14.2846
3162,AS,American Samoa,Forest area (% of land area),2023,85.2,East Asia & Pacific,High income,Not classified,-170.691,-14.2846
3163,AS,American Samoa,Forest area (% of land area),2022,85.35,East Asia & Pacific,High income,Not classified,-170.691,-14.2846
3164,AS,American Samoa,Forest area (% of land area),2021,85.5,East Asia & Pacific,High income,Not classified,-170.691,-14.2846
3165,AS,American Samoa,Forest area (% of land area),2020,85.65,East Asia & Pacific,High income,Not classified,-170.691,-14.2846
3166,AS,American Samoa,Forest area (% of land area),2019,85.8,East Asia & Pacific,High income,Not classified,-170.691,-14.2846
3167,AS,American Samoa,Forest area (% of land area),2018,85.95,East Asia & Pacific,High income,Not classified,-170.691,-14.2846
3168,AS,American Samoa,Forest area (% of land area),2017,86.1,East Asia & Pacific,High income,Not classified,-170.691,-14.2846
3169,AS,American Samoa,Forest area (% of land area),2016,86.25,East Asia & Pacific,High income,Not classified,-170.691,-14.2846
3170,AD,Andorra,Forest area (% of land area),2025,,Europe & Central Asia,High income,Not classified,1.5218,42.5075
3171,AD,Andorra,Forest area (% of land area),2024,,Europe & Central Asia,High income,Not classified,1.5218,42.5075
3172,AD,Andorra,Forest area (% of land area),2023,34.0425531914894,Europe & Central Asia,High income,Not classified,1.5218,42.5075
3173,AD,Andorra,Forest area (% of land area),2022,34.0425531914894,Europe & Central Asia,High income,Not classified,1.5218,42.5075
3174,AD,Andorra,Forest area (% of land area),2021,34.0425531914894,Europe & Central Asia,High income,Not classified,1.5218,42.5075
3175,AD,Andorra,Forest area (% of land area),2020,34.0425531914894,Europe & Central Asia,High income,Not classified,1.5218,42.5075
3176,AD,Andorra,Forest area (% of land area),2019,34.0425531914894,Europe & Central Asia,High income,Not classified,1.5218,42.5075
3177,AD,Andorra,Forest area (% of land area),2018,34.0425531914894,Europe & Central Asia,High income,Not classified,1.5218,42.5075
3178,AD,Andorra,Forest area (% of land area),2017,34.0425531914894,Europe & Central Asia,High income,Not classified,1.5218,42.5075
3179,AD,Andorra,Forest area (% of land area),2016,34.0425531914894,Europe & Central Asia,High income,Not classified,1.5218,42.5075
3180,AO,Angola,Forest area (% of land area),2025,,Sub-Saharan Africa ,Lower middle income,IBRD,13.242,-8.81155
3181,AO,Angola,Forest area (% of land area),2024,,Sub-Saharan Africa ,Lower middle income,IBRD,13.242,-8.81155
3182,AO,Angola,Forest area (% of land area),2023,52.0912696719339,Sub-Saharan Africa ,Lower middle income,IBRD,13.242,-8.81155
3183,AO,Angola,Forest area (% of land area),2022,52.5364972326943,Sub-Saharan Africa ,Lower middle income,IBRD,13.242,-8.81155
3184,AO,Angola,Forest area (% of land area),2021,52.9817223871019,Sub-Saharan Africa ,Lower middle income,IBRD,13.242,-8.81155
3185,AO,Angola,Forest area (% of land area),2020,53.4269511510388,Sub-Saharan Africa ,Lower middle income,IBRD,13.242,-8.81155
3186,AO,Angola,Forest area (% of land area),2019,53.8721745407877,Sub-Saharan Africa ,Lower middle income,IBRD,13.242,-8.81155
3187,AO,Angola,Forest area (% of land area),2018,54.3174059517125,Sub-Saharan Africa ,Lower middle income,IBRD,13.242,-8.81155
3188,AO,Angola,Forest area (% of land area),2017,54.7626293414615,Sub-Saharan Africa ,Lower middle income,IBRD,13.242,-8.81155
3189,AO,Angola,Forest area (% of land area),2016,55.2078447100345,Sub-Saharan Africa ,Lower middle income,IBRD,13.242,-8.81155
3190,AG,Antigua and Barbuda,Forest area (% of land area),2025,,Latin America & Caribbean ,High income,IBRD,-61.8456,17.1175
3191,AG,Antigua and Barbuda,Forest area (% of land area),2024,,Latin America & Caribbean ,High income,IBRD,-61.8456,17.1175
3192,AG,Antigua and Barbuda,Forest area (% of land area),2023,18.0134090909091,Latin America & Caribbean ,High income,IBRD,-61.8456,17.1175
3193,AG,Antigua and Barbuda,Forest area (% of land area),2022,18.1615909090909,Latin America & Caribbean ,High income,IBRD,-61.8456,17.1175
3194,AG,Antigua and Barbuda,Forest area (% of land area),2021,18.3029545454545,Latin America & Caribbean ,High income,IBRD,-61.8456,17.1175
3195,AG,Antigua and Barbuda,Forest area (% of land area),2020,18.4545454545455,Latin America & Caribbean ,High income,IBRD,-61.8456,17.1175
3196,AG,Antigua and Barbuda,Forest area (% of land area),2019,18.5909090909091,Latin America & Caribbean ,High income,IBRD,-61.8456,17.1175
3197,AG,Antigua and Barbuda,Forest area (% of land area),2018,18.75,Latin America & Caribbean ,High income,IBRD,-61.8456,17.1175
3198,AG,Antigua and Barbuda,Forest area (% of land area),2017,18.9090909090909,Latin America & Caribbean ,High income,IBRD,-61.8456,17.1175
3199,AG,Antigua and Barbuda,Forest area (% of land area),2016,19.0454545454545,Latin America & Caribbean ,High income,IBRD,-61.8456,17.1175
3200,AR,Argentina,Forest area (% of land area),2025,,Latin America & Caribbean ,Upper middle income,IBRD,-58.4173,-34.6118
3201,AR,Argentina,Forest area (% of land area),2024,,Latin America & Caribbean ,Upper middle income,IBRD,-58.4173,-34.6118
3202,AR,Argentina,Forest area (% of land area),2023,10.3212951412107,Latin America & Caribbean ,Upper middle income,IBRD,-58.4173,-34.6118
3203,AR,Argentina,Forest area (% of land area),2022,10.3610566048767,Latin America & Caribbean ,Upper middle income,IBRD,-58.4173,-34.6118
3204,AR,Argentina,Forest area (% of land area),2021,10.4008857415345,Latin America & Caribbean ,Upper middle income,IBRD,-58.4173,-34.6118
3205,AR,Argentina,Forest area (% of land area),2020,10.4407148781923,Latin America & Caribbean ,Upper middle income,IBRD,-58.4173,-34.6118
3206,AR,Argentina,Forest area (% of land area),2019,10.4801786099266,Latin America & Caribbean ,Upper middle income,IBRD,-58.4173,-34.6118
3207,AR,Argentina,Forest area (% of land area),2018,10.5203731515078,Latin America & Caribbean ,Upper middle income,IBRD,-58.4173,-34.6118
3208,AR,Argentina,Forest area (% of land area),2017,10.5598368832422,Latin America & Caribbean ,Upper middle income,IBRD,-58.4173,-34.6118
3209,AR,Argentina,Forest area (% of land area),2016,10.6003968297469,Latin America & Caribbean ,Upper middle income,IBRD,-58.4173,-34.6118
3210,AM,Armenia,Forest area (% of land area),2025,,Europe & Central Asia,Upper middle income,IBRD,44.509,40.1596
3211,AM,Armenia,Forest area (% of land area),2024,,Europe & Central Asia,Upper middle income,IBRD,44.509,40.1596
3212,AM,Armenia,Forest area (% of land area),2023,11.6183158247114,Europe & Central Asia,Upper middle income,IBRD,44.509,40.1596
3213,AM,Armenia,Forest area (% of land area),2022,11.6336717932132,Europe & Central Asia,Upper middle income,IBRD,44.509,40.1596
3214,AM,Armenia,Forest area (% of land area),2021,11.641626848728,Europe & Central Asia,Upper middle income,IBRD,44.509,40.1596
3215,AM,Armenia,Forest area (% of land area),2020,11.6489422255448,Europe & Central Asia,Upper middle income,IBRD,44.509,40.1596
3216,AM,Armenia,Forest area (% of land area),2019,11.5447839831401,Europe & Central Asia,Upper middle income,IBRD,44.509,40.1596
3217,AM,Armenia,Forest area (% of land area),2018,11.5521601685985,Europe & Central Asia,Upper middle income,IBRD,44.509,40.1596
3218,AM,Armenia,Forest area (% of land area),2017,11.5595363540569,Europe & Central Asia,Upper middle income,IBRD,44.509,40.1596
3219,AM,Armenia,Forest area (% of land area),2016,11.5669125395153,Europe & Central Asia,Upper middle income,IBRD,44.509,40.1596
3220,AW,Aruba,Forest area (% of land area),2025,,Latin America & Caribbean ,High income,Not classified,-70.0167,12.5167
3221,AW,Aruba,Forest area (% of land area),2024,,Latin America & Caribbean ,High income,Not classified,-70.0167,12.5167
3222,AW,Aruba,Forest area (% of land area),2023,2.33333333333333,Latin America & Caribbean ,High income,Not classified,-70.0167,12.5167
3223,AW,Aruba,Forest area (% of land area),2022,2.33333333333333,Latin America & Caribbean ,High income,Not classified,-70.0167,12.5167
3224,AW,Aruba,Forest area (% of land area),2021,2.33333333333333,Latin America & Caribbean ,High income,Not classified,-70.0167,12.5167
3225,AW,Aruba,Forest area (% of land area),2020,2.33333333333333,Latin America & Caribbean ,High income,Not classified,-70.0167,12.5167
3226,AW,Aruba,Forest area (% of land area),2019,2.33333333333333,Latin America & Caribbean ,High income,Not classified,-70.0167,12.5167
3227,AW,Aruba,Forest area (% of land area),2018,2.33333333333333,Latin America & Caribbean ,High income,Not classified,-70.0167,12.5167
3228,AW,Aruba,Forest area (% of land area),2017,2.33333333333333,Latin America & Caribbean ,High income,Not classified,-70.0167,12.5167
3229,AW,Aruba,Forest area (% of land area),2016,2.33333333333333,Latin America & Caribbean ,High income,Not classified,-70.0167,12.5167
3230,AU,Australia,Forest area (% of land area),2025,,East Asia & Pacific,High income,Not classified,149.129,-35.282
3231,AU,Australia,Forest area (% of land area),2024,,East Asia & Pacific,High income,Not classified,149.129,-35.282
3232,AU,Australia,Forest area (% of land area),2023,17.4213145571644,East Asia & Pacific,High income,Not classified,149.129,-35.282
3233,AU,Australia,Forest area (% of land area),2022,17.4213145571644,East Asia & Pacific,High income,Not classified,149.129,-35.282
3234,AU,Australia,Forest area (% of land area),2021,17.4213145571644,East Asia & Pacific,High income,Not classified,149.129,-35.282
3235,AU,Australia,Forest area (% of land area),2020,17.4213145571644,East Asia & Pacific,High income,Not classified,149.129,-35.282
3236,AU,Australia,Forest area (% of land area),2019,17.4213145571644,East Asia & Pacific,High income,Not classified,149.129,-35.282
3237,AU,Australia,Forest area (% of land area),2018,17.4213145571644,East Asia & Pacific,High income,Not classified,149.129,-35.282
3238,AU,Australia,Forest area (% of land area),2017,17.4229136169693,East Asia & Pacific,High income,Not classified,149.129,-35.282
3239,AU,Australia,Forest area (% of land area),2016,17.4254877132405,East Asia & Pacific,High income,Not classified,149.129,-35.282
3240,AT,Austria,Forest area (% of land area),2025,,Europe & Central Asia,High income,Not classified,16.3798,48.2201
3241,AT,Austria,Forest area (% of land area),2024,,Europe & Central Asia,High income,Not classified,16.3798,48.2201
3242,AT,Austria,Forest area (% of land area),2023,47.2402653902084,Europe & Central Asia,High income,Not classified,16.3798,48.2201
3243,AT,Austria,Forest area (% of land area),2022,47.206131846825,Europe & Central Asia,High income,Not classified,16.3798,48.2201
3244,AT,Austria,Forest area (% of land area),2021,47.1720794958798,Europe & Central Asia,High income,Not classified,16.3798,48.2201
3245,AT,Austria,Forest area (% of land area),2020,47.137905962191,Europe & Central Asia,High income,Not classified,16.3798,48.2201
3246,AT,Austria,Forest area (% of land area),2019,47.1037324285022,Europe & Central Asia,High income,Not classified,16.3798,48.2201
3247,AT,Austria,Forest area (% of land area),2018,47.1639602520601,Europe & Central Asia,High income,Not classified,16.3798,48.2201
3248,AT,Austria,Forest area (% of land area),2017,47.1204556471159,Europe & Central Asia,High income,Not classified,16.3798,48.2201
3249,AT,Austria,Forest area (% of land area),2016,47.0769510421716,Europe & Central Asia,High income,Not classified,16.3798,48.2201
3250,AZ,Azerbaijan,Forest area (% of land area),2025,,Europe & Central Asia,Upper middle income,IBRD,49.8932,40.3834
3251,AZ,Azerbaijan,Forest area (% of land area),2024,,Europe & Central Asia,Upper middle income,IBRD,49.8932,40.3834
3252,AZ,Azerbaijan,Forest area (% of land area),2023,14.1119540229885,Europe & Central Asia,Upper middle income,IBRD,49.8932,40.3834
3253,AZ,Azerbaijan,Forest area (% of land area),2022,13.9724815486993,Europe & Central Asia,Upper middle income,IBRD,49.8932,40.3834
3254,AZ,Azerbaijan,Forest area (% of land area),2021,13.8329909255898,Europe & Central Asia,Upper middle income,IBRD,49.8932,40.3834
3255,AZ,Azerbaijan,Forest area (% of land area),2020,13.6941896764514,Europe & Central Asia,Upper middle income,IBRD,49.8932,40.3834
3256,AZ,Azerbaijan,Forest area (% of land area),2019,13.5533670481767,Europe & Central Asia,Upper middle income,IBRD,49.8932,40.3834
3257,AZ,Azerbaijan,Forest area (% of land area),2018,13.4139303602971,Europe & Central Asia,Upper middle income,IBRD,49.8932,40.3834
3258,AZ,Azerbaijan,Forest area (% of land area),2017,13.2731460646972,Europe & Central Asia,Upper middle income,IBRD,49.8932,40.3834
3259,AZ,Azerbaijan,Forest area (% of land area),2016,13.1544115156647,Europe & Central Asia,Upper middle income,IBRD,49.8932,40.3834
3260,BS,"Bahamas, The",Forest area (% of land area),2025,,Latin America & Caribbean ,High income,Not classified,-77.339,25.0661
3261,BS,"Bahamas, The",Forest area (% of land area),2024,,Latin America & Caribbean ,High income,Not classified,-77.339,25.0661
3262,BS,"Bahamas, The",Forest area (% of land area),2023,50.9350649350649,Latin America & Caribbean ,High income,Not classified,-77.339,25.0661
3263,BS,"Bahamas, The",Forest area (% of land area),2022,50.9350649350649,Latin America & Caribbean ,High income,Not classified,-77.339,25.0661
3264,BS,"Bahamas, The",Forest area (% of land area),2021,50.9350649350649,Latin America & Caribbean ,High income,Not classified,-77.339,25.0661
3265,BS,"Bahamas, The",Forest area (% of land area),2020,50.9350649350649,Latin America & Caribbean ,High income,Not classified,-77.339,25.0661
3266,BS,"Bahamas, The",Forest area (% of land area),2019,50.9350649350649,Latin America & Caribbean ,High income,Not classified,-77.339,25.0661
3267,BS,"Bahamas, The",Forest area (% of land area),2018,50.9350649350649,Latin America & Caribbean ,High income,Not classified,-77.339,25.0661
3268,BS,"Bahamas, The",Forest area (% of land area),2017,50.9350649350649,Latin America & Caribbean ,High income,Not classified,-77.339,25.0661
3269,BS,"Bahamas, The",Forest area (% of land area),2016,50.9350649350649,Latin America & Caribbean ,High income,Not classified,-77.339,25.0661
3270,BH,Bahrain,Forest area (% of land area),2025,,"Middle East, North Africa, Afghanistan & Pakistan",High income,Not classified,50.5354,26.1921
3271,BH,Bahrain,Forest area (% of land area),2024,,"Middle East, North Africa, Afghanistan & Pakistan",High income,Not classified,50.5354,26.1921
3272,BH,Bahrain,Forest area (% of land area),2023,0.95,"Middle East, North Africa, Afghanistan & Pakistan",High income,Not classified,50.5354,26.1921
3273,BH,Bahrain,Forest area (% of land area),2022,0.936708860759494,"Middle East, North Africa, Afghanistan & Pakistan",High income,Not classified,50.5354,26.1921
3274,BH,Bahrain,Forest area (% of land area),2021,0.911392405063291,"Middle East, North Africa, Afghanistan & Pakistan",High income,Not classified,50.5354,26.1921
3275,BH,Bahrain,Forest area (% of land area),2020,0.89171974522293,"Middle East, North Africa, Afghanistan & Pakistan",High income,Not classified,50.5354,26.1921
3276,BH,Bahrain,Forest area (% of land area),2019,0.871794871794872,"Middle East, North Africa, Afghanistan & Pakistan",High income,Not classified,50.5354,26.1921
3277,BH,Bahrain,Forest area (% of land area),2018,0.848329048843188,"Middle East, North Africa, Afghanistan & Pakistan",High income,Not classified,50.5354,26.1921
3278,BH,Bahrain,Forest area (% of land area),2017,0.82051282051282,"Middle East, North Africa, Afghanistan & Pakistan",High income,Not classified,50.5354,26.1921
3279,BH,Bahrain,Forest area (% of land area),2016,0.79589216944801,"Middle East, North Africa, Afghanistan & Pakistan",High income,Not classified,50.5354,26.1921
3280,BD,Bangladesh,Forest area (% of land area),2025,,South Asia,Lower middle income,IDA,90.4113,23.7055
3281,BD,Bangladesh,Forest area (% of land area),2024,,South Asia,Lower middle income,IDA,90.4113,23.7055
3282,BD,Bangladesh,Forest area (% of land area),2023,14.4899215263887,South Asia,Lower middle income,IDA,90.4113,23.7055
3283,BD,Bangladesh,Forest area (% of land area),2022,14.458774758176,South Asia,Lower middle income,IDA,90.4113,23.7055
3284,BD,Bangladesh,Forest area (% of land area),2021,14.4687716063609,South Asia,Lower middle income,IDA,90.4113,23.7055
3285,BD,Bangladesh,Forest area (% of land area),2020,14.4687716063609,South Asia,Lower middle income,IDA,90.4113,23.7055
3286,BD,Bangladesh,Forest area (% of land area),2019,14.4687716063609,South Asia,Lower middle income,IDA,90.4113,23.7055
3287,BD,Bangladesh,Forest area (% of land area),2018,14.4687716063609,South Asia,Lower middle income,IDA,90.4113,23.7055
3288,BD,Bangladesh,Forest area (% of land area),2017,14.4687716063609,South Asia,Lower middle income,IDA,90.4113,23.7055
3289,BD,Bangladesh,Forest area (% of land area),2016,14.4687716063609,South Asia,Lower middle income,IDA,90.4113,23.7055
3290,BB,Barbados,Forest area (% of land area),2025,,Latin America & Caribbean ,High income,IBRD,-59.6105,13.0935
3291,BB,Barbados,Forest area (% of land area),2024,,Latin America & Caribbean ,High income,IBRD,-59.6105,13.0935
3292,BB,Barbados,Forest area (% of land area),2023,14.6511627906977,Latin America & Caribbean ,High income,IBRD,-59.6105,13.0935
3293,BB,Barbados,Forest area (% of land area),2022,14.6511627906977,Latin America & Caribbean ,High income,IBRD,-59.6105,13.0935
3294,BB,Barbados,Forest area (% of land area),2021,14.6511627906977,Latin America & Caribbean ,High income,IBRD,-59.6105,13.0935
3295,BB,Barbados,Forest area (% of land area),2020,14.6511627906977,Latin America & Caribbean ,High income,IBRD,-59.6105,13.0935
3296,BB,Barbados,Forest area (% of land area),2019,14.6511627906977,Latin America & Caribbean ,High income,IBRD,-59.6105,13.0935
3297,BB,Barbados,Forest area (% of land area),2018,14.6511627906977,Latin America & Caribbean ,High income,IBRD,-59.6105,13.0935
3298,BB,Barbados,Forest area (% of land area),2017,14.6511627906977,Latin America & Caribbean ,High income,IBRD,-59.6105,13.0935
3299,BB,Barbados,Forest area (% of land area),2016,14.6511627906977,Latin America & Caribbean ,High income,IBRD,-59.6105,13.0935
3300,BY,Belarus,Forest area (% of land area),2025,,Europe & Central Asia,Upper middle income,IBRD,27.5766,53.9678
3301,BY,Belarus,Forest area (% of land area),2024,,Europe & Central Asia,Upper middle income,IBRD,27.5766,53.9678
3302,BY,Belarus,Forest area (% of land area),2023,43.4080686559958,Europe & Central Asia,Upper middle income,IBRD,27.5766,53.9678
3303,BY,Belarus,Forest area (% of land area),2022,43.3351396620523,Europe & Central Asia,Upper middle income,IBRD,27.5766,53.9678
3304,BY,Belarus,Forest area (% of land area),2021,43.2722345405272,Europe & Central Asia,Upper middle income,IBRD,27.5766,53.9678
3305,BY,Belarus,Forest area (% of land area),2020,43.1944033894965,Europe & Central Asia,Upper middle income,IBRD,27.5766,53.9678
3306,BY,Belarus,Forest area (% of land area),2019,43.1261547557461,Europe & Central Asia,Upper middle income,IBRD,27.5766,53.9678
3307,BY,Belarus,Forest area (% of land area),2018,43.0515321706572,Europe & Central Asia,Upper middle income,IBRD,27.5766,53.9678
3308,BY,Belarus,Forest area (% of land area),2017,42.9784026641969,Europe & Central Asia,Upper middle income,IBRD,27.5766,53.9678
3309,BY,Belarus,Forest area (% of land area),2016,42.9069698701401,Europe & Central Asia,Upper middle income,IBRD,27.5766,53.9678
3310,BE,Belgium,Forest area (% of land area),2025,,Europe & Central Asia,High income,Not classified,4.36761,50.8371
3311,BE,Belgium,Forest area (% of land area),2024,,Europe & Central Asia,High income,Not classified,4.36761,50.8371
3312,BE,Belgium,Forest area (% of land area),2023,22.604446776415,Europe & Central Asia,High income,Not classified,4.36761,50.8371
3313,BE,Belgium,Forest area (% of land area),2022,22.604446776415,Europe & Central Asia,High income,Not classified,4.36761,50.8371
3314,BE,Belgium,Forest area (% of land area),2021,22.604446776415,Europe & Central Asia,High income,Not classified,4.36761,50.8371
3315,BE,Belgium,Forest area (% of land area),2020,22.604446776415,Europe & Central Asia,High income,Not classified,4.36761,50.8371
3316,BE,Belgium,Forest area (% of land area),2019,22.604446776415,Europe & Central Asia,High income,Not classified,4.36761,50.8371
3317,BE,Belgium,Forest area (% of land area),2018,22.6051880759519,Europe & Central Asia,High income,Not classified,4.36761,50.8371
3318,BE,Belgium,Forest area (% of land area),2017,22.7244255431378,Europe & Central Asia,High income,Not classified,4.36761,50.8371
3319,BE,Belgium,Forest area (% of land area),2016,22.7244255431378,Europe & Central Asia,High income,Not classified,4.36761,50.8371
3320,BZ,Belize,Forest area (% of land area),2025,,Latin America & Caribbean ,Upper middle income,Blend,-88.7713,17.2534
3321,BZ,Belize,Forest area (% of land area),2024,,Latin America & Caribbean ,Upper middle income,Blend,-88.7713,17.2534
3322,BZ,Belize,Forest area (% of land area),2023,54.5186321788689,Latin America & Caribbean ,Upper middle income,Blend,-88.7713,17.2534
3323,BZ,Belize,Forest area (% of land area),2022,55.0078912757563,Latin America & Caribbean ,Upper middle income,Blend,-88.7713,17.2534
3324,BZ,Belize,Forest area (% of land area),2021,55.4971503726436,Latin America & Caribbean ,Upper middle income,Blend,-88.7713,17.2534
3325,BZ,Belize,Forest area (% of land area),2020,55.9864094695309,Latin America & Caribbean ,Upper middle income,Blend,-88.7713,17.2534
3326,BZ,Belize,Forest area (% of land area),2019,56.4756685664182,Latin America & Caribbean ,Upper middle income,Blend,-88.7713,17.2534
3327,BZ,Belize,Forest area (% of land area),2018,56.9649276633056,Latin America & Caribbean ,Upper middle income,Blend,-88.7713,17.2534
3328,BZ,Belize,Forest area (% of land area),2017,57.4537483559842,Latin America & Caribbean ,Upper middle income,Blend,-88.7713,17.2534
3329,BZ,Belize,Forest area (% of land area),2016,57.9430074528715,Latin America & Caribbean ,Upper middle income,Blend,-88.7713,17.2534
3330,BJ,Benin,Forest area (% of land area),2025,,Sub-Saharan Africa ,Lower middle income,IDA,2.6323,6.4779
3331,BJ,Benin,Forest area (% of land area),2024,,Sub-Saharan Africa ,Lower middle income,IDA,2.6323,6.4779
3332,BJ,Benin,Forest area (% of land area),2023,26.4734835047889,Sub-Saharan Africa ,Lower middle income,IDA,2.6323,6.4779
3333,BJ,Benin,Forest area (% of land area),2022,26.9169031571479,Sub-Saharan Africa ,Lower middle income,IDA,2.6323,6.4779
3334,BJ,Benin,Forest area (% of land area),2021,27.3603228095069,Sub-Saharan Africa ,Lower middle income,IDA,2.6323,6.4779
3335,BJ,Benin,Forest area (% of land area),2020,27.8037424618659,Sub-Saharan Africa ,Lower middle income,IDA,2.6323,6.4779
3336,BJ,Benin,Forest area (% of land area),2019,28.2471621142249,Sub-Saharan Africa ,Lower middle income,IDA,2.6323,6.4779
3337,BJ,Benin,Forest area (% of land area),2018,28.6905817665839,Sub-Saharan Africa ,Lower middle income,IDA,2.6323,6.4779
3338,BJ,Benin,Forest area (% of land area),2017,29.1340014189429,Sub-Saharan Africa ,Lower middle income,IDA,2.6323,6.4779
3339,BJ,Benin,Forest area (% of land area),2016,29.5774210713019,Sub-Saharan Africa ,Lower middle income,IDA,2.6323,6.4779
3340,BM,Bermuda,Forest area (% of land area),2025,,North America,High income,Not classified,-64.706,32.3293
3341,BM,Bermuda,Forest area (% of land area),2024,,North America,High income,Not classified,-64.706,32.3293
3342,BM,Bermuda,Forest area (% of land area),2023,18.5185185185185,North America,High income,Not classified,-64.706,32.3293
3343,BM,Bermuda,Forest area (% of land area),2022,18.5185185185185,North America,High income,Not classified,-64.706,32.3293
3344,BM,Bermuda,Forest area (% of land area),2021,18.5185185185185,North America,High income,Not classified,-64.706,32.3293
3345,BM,Bermuda,Forest area (% of land area),2020,18.5185185185185,North America,High income,Not classified,-64.706,32.3293
3346,BM,Bermuda,Forest area (% of land area),2019,18.5185185185185,North America,High income,Not classified,-64.706,32.3293
3347,BM,Bermuda,Forest area (% of land area),2018,18.5185185185185,North America,High income,Not classified,-64.706,32.3293
3348,BM,Bermuda,Forest area (% of land area),2017,18.5185185185185,North America,High income,Not classified,-64.706,32.3293
3349,BM,Bermuda,Forest area (% of land area),2016,18.5185185185185,North America,High income,Not classified,-64.706,32.3293
3350,BT,Bhutan,Forest area (% of land area),2025,,South Asia,Lower middle income,IDA,89.6177,27.5768
3351,BT,Bhutan,Forest area (% of land area),2024,,South Asia,Lower middle income,IDA,89.6177,27.5768
3352,BT,Bhutan,Forest area (% of land area),2023,71.60513896172,South Asia,Lower middle income,IDA,89.6177,27.5768
3353,BT,Bhutan,Forest area (% of land area),2022,71.5521761929733,South Asia,Lower middle income,IDA,89.6177,27.5768
3354,BT,Bhutan,Forest area (% of land area),2021,71.4997378080755,South Asia,Lower middle income,IDA,89.6177,27.5768
3355,BT,Bhutan,Forest area (% of land area),2020,71.4472994231778,South Asia,Lower middle income,IDA,89.6177,27.5768
3356,BT,Bhutan,Forest area (% of land area),2019,71.39486103828,South Asia,Lower middle income,IDA,89.6177,27.5768
3357,BT,Bhutan,Forest area (% of land area),2018,71.3455689564761,South Asia,Lower middle income,IDA,89.6177,27.5768
3358,BT,Bhutan,Forest area (% of land area),2017,71.2861786912752,South Asia,Lower middle income,IDA,89.6177,27.5768
3359,BT,Bhutan,Forest area (% of land area),2016,71.2342701342282,South Asia,Lower middle income,IDA,89.6177,27.5768
3360,BO,Bolivia,Forest area (% of land area),2025,,Latin America & Caribbean ,Lower middle income,IBRD,-66.1936,-13.9908
3361,BO,Bolivia,Forest area (% of land area),2024,,Latin America & Caribbean ,Lower middle income,IBRD,-66.1936,-13.9908
3362,BO,Bolivia,Forest area (% of land area),2023,46.3457431920982,Latin America & Caribbean ,Lower middle income,IBRD,-66.1936,-13.9908
3363,BO,Bolivia,Forest area (% of land area),2022,46.5396883596418,Latin America & Caribbean ,Lower middle income,IBRD,-66.1936,-13.9908
3364,BO,Bolivia,Forest area (% of land area),2021,46.7283054555525,Latin America & Caribbean ,Lower middle income,IBRD,-66.1936,-13.9908
3365,BO,Bolivia,Forest area (% of land area),2020,46.9249146127573,Latin America & Caribbean ,Lower middle income,IBRD,-66.1936,-13.9908
3366,BO,Bolivia,Forest area (% of land area),2019,47.1095356780209,Latin America & Caribbean ,Lower middle income,IBRD,-66.1936,-13.9908
3367,BO,Bolivia,Forest area (% of land area),2018,47.3121388350411,Latin America & Caribbean ,Lower middle income,IBRD,-66.1936,-13.9908
3368,BO,Bolivia,Forest area (% of land area),2017,47.5327425459245,Latin America & Caribbean ,Lower middle income,IBRD,-66.1936,-13.9908
3369,BO,Bolivia,Forest area (% of land area),2016,47.7713283485646,Latin America & Caribbean ,Lower middle income,IBRD,-66.1936,-13.9908
3370,BA,Bosnia and Herzegovina,Forest area (% of land area),2025,,Europe & Central Asia,Upper middle income,IBRD,18.4214,43.8607
3371,BA,Bosnia and Herzegovina,Forest area (% of land area),2024,,Europe & Central Asia,Upper middle income,IBRD,18.4214,43.8607
3372,BA,Bosnia and Herzegovina,Forest area (% of land area),2023,42.7326171875,Europe & Central Asia,Upper middle income,IBRD,18.4214,43.8607
3373,BA,Bosnia and Herzegovina,Forest area (% of land area),2022,42.7326171875,Europe & Central Asia,Upper middle income,IBRD,18.4214,43.8607
3374,BA,Bosnia and Herzegovina,Forest area (% of land area),2021,42.7326171875,Europe & Central Asia,Upper middle income,IBRD,18.4214,43.8607
3375,BA,Bosnia and Herzegovina,Forest area (% of land area),2020,42.7326171875,Europe & Central Asia,Upper middle income,IBRD,18.4214,43.8607
3376,BA,Bosnia and Herzegovina,Forest area (% of land area),2019,42.7326171875,Europe & Central Asia,Upper middle income,IBRD,18.4214,43.8607
3377,BA,Bosnia and Herzegovina,Forest area (% of land area),2018,42.7326171875,Europe & Central Asia,Upper middle income,IBRD,18.4214,43.8607
3378,BA,Bosnia and Herzegovina,Forest area (% of land area),2017,42.7326171875,Europe & Central Asia,Upper middle income,IBRD,18.4214,43.8607
3379,BA,Bosnia and Herzegovina,Forest area (% of land area),2016,42.5099609375,Europe & Central Asia,Upper middle income,IBRD,18.4214,43.8607
3380,BW,Botswana,Forest area (% of land area),2025,,Sub-Saharan Africa ,Upper middle income,IBRD,25.9201,-24.6544
3381,BW,Botswana,Forest area (% of land area),2024,,Sub-Saharan Africa ,Upper middle income,IBRD,25.9201,-24.6544
3382,BW,Botswana,Forest area (% of land area),2023,26.2908263194114,Sub-Saharan Africa ,Upper middle income,IBRD,25.9201,-24.6544
3383,BW,Botswana,Forest area (% of land area),2022,26.4995676953752,Sub-Saharan Africa ,Upper middle income,IBRD,25.9201,-24.6544
3384,BW,Botswana,Forest area (% of land area),2021,26.7083090713391,Sub-Saharan Africa ,Upper middle income,IBRD,25.9201,-24.6544
3385,BW,Botswana,Forest area (% of land area),2020,26.9170504473029,Sub-Saharan Africa ,Upper middle income,IBRD,25.9201,-24.6544
3386,BW,Botswana,Forest area (% of land area),2019,27.1257918232668,Sub-Saharan Africa ,Upper middle income,IBRD,25.9201,-24.6544
3387,BW,Botswana,Forest area (% of land area),2018,27.3345331992307,Sub-Saharan Africa ,Upper middle income,IBRD,25.9201,-24.6544
3388,BW,Botswana,Forest area (% of land area),2017,27.5432745751945,Sub-Saharan Africa ,Upper middle income,IBRD,25.9201,-24.6544
3389,BW,Botswana,Forest area (% of land area),2016,27.7520159511584,Sub-Saharan Africa ,Upper middle income,IBRD,25.9201,-24.6544
3390,BR,Brazil,Forest area (% of land area),2025,,Latin America & Caribbean ,Upper middle income,IBRD,-47.9292,-15.7801
3391,BR,Brazil,Forest area (% of land area),2024,,Latin America & Caribbean ,Upper middle income,IBRD,-47.9292,-15.7801
3392,BR,Brazil,Forest area (% of land area),2023,58.9818729765235,Latin America & Caribbean ,Upper middle income,IBRD,-47.9292,-15.7801
3393,BR,Brazil,Forest area (% of land area),2022,59.1275092305226,Latin America & Caribbean ,Upper middle income,IBRD,-47.9292,-15.7801
3394,BR,Brazil,Forest area (% of land area),2021,59.2704836243471,Latin America & Caribbean ,Upper middle income,IBRD,-47.9292,-15.7801
3395,BR,Brazil,Forest area (% of land area),2020,59.4174780513368,Latin America & Caribbean ,Upper middle income,IBRD,-47.9292,-15.7801
3396,BR,Brazil,Forest area (% of land area),2019,59.5585860011916,Latin America & Caribbean ,Upper middle income,IBRD,-47.9292,-15.7801
3397,BR,Brazil,Forest area (% of land area),2018,59.7083800941358,Latin America & Caribbean ,Upper middle income,IBRD,-47.9292,-15.7801
3398,BR,Brazil,Forest area (% of land area),2017,59.8329293359527,Latin America & Caribbean ,Upper middle income,IBRD,-47.9292,-15.7801
3399,BR,Brazil,Forest area (% of land area),2016,60.0710205859198,Latin America & Caribbean ,Upper middle income,IBRD,-47.9292,-15.7801
3400,VG,British Virgin Islands,Forest area (% of land area),2025,,Latin America & Caribbean ,High income,Not classified,-64.623056,18.431389
3401,VG,British Virgin Islands,Forest area (% of land area),2024,,Latin America & Caribbean ,High income,Not classified,-64.623056,18.431389
3402,VG,British Virgin Islands,Forest area (% of land area),2023,24.1333333333333,Latin America & Caribbean ,High income,Not classified,-64.623056,18.431389
3403,VG,British Virgin Islands,Forest area (% of land area),2022,24.1333333333333,Latin America & Caribbean ,High income,Not classified,-64.623056,18.431389
3404,VG,British Virgin Islands,Forest area (% of land area),2021,24.1333333333333,Latin America & Caribbean ,High income,Not classified,-64.623056,18.431389
3405,VG,British Virgin Islands,Forest area (% of land area),2020,24.1333333333333,Latin America & Caribbean ,High income,Not classified,-64.623056,18.431389
3406,VG,British Virgin Islands,Forest area (% of land area),2019,24.1333333333333,Latin America & Caribbean ,High income,Not classified,-64.623056,18.431389
3407,VG,British Virgin Islands,Forest area (% of land area),2018,24.1333333333333,Latin America & Caribbean ,High income,Not classified,-64.623056,18.431389
3408,VG,British Virgin Islands,Forest area (% of land area),2017,24.1333333333333,Latin America & Caribbean ,High income,Not classified,-64.623056,18.431389
3409,VG,British Virgin Islands,Forest area (% of land area),2016,24.1333333333333,Latin America & Caribbean ,High income,Not classified,-64.623056,18.431389
3410,BN,Brunei Darussalam,Forest area (% of land area),2025,,East Asia & Pacific,High income,Not classified,114.946,4.94199
3411,BN,Brunei Darussalam,Forest area (% of land area),2024,,East Asia & Pacific,High income,Not classified,114.946,4.94199
3412,BN,Brunei Darussalam,Forest area (% of land area),2023,72.1062618595825,East Asia & Pacific,High income,Not classified,114.946,4.94199
3413,BN,Brunei Darussalam,Forest area (% of land area),2022,72.1062618595825,East Asia & Pacific,High income,Not classified,114.946,4.94199
3414,BN,Brunei Darussalam,Forest area (% of land area),2021,72.1062618595825,East Asia & Pacific,High income,Not classified,114.946,4.94199
3415,BN,Brunei Darussalam,Forest area (% of land area),2020,72.1062618595825,East Asia & Pacific,High income,Not classified,114.946,4.94199
3416,BN,Brunei Darussalam,Forest area (% of land area),2019,72.1062618595825,East Asia & Pacific,High income,Not classified,114.946,4.94199
3417,BN,Brunei Darussalam,Forest area (% of land area),2018,72.1062618595825,East Asia & Pacific,High income,Not classified,114.946,4.94199
3418,BN,Brunei Darussalam,Forest area (% of land area),2017,72.1062618595825,East Asia & Pacific,High income,Not classified,114.946,4.94199
3419,BN,Brunei Darussalam,Forest area (% of land area),2016,72.1062618595825,East Asia & Pacific,High income,Not classified,114.946,4.94199
3420,BG,Bulgaria,Forest area (% of land area),2025,,Europe & Central Asia,High income,IBRD,23.3238,42.7105
3421,BG,Bulgaria,Forest area (% of land area),2024,,Europe & Central Asia,High income,IBRD,23.3238,42.7105
3422,BG,Bulgaria,Forest area (% of land area),2023,36.2196020633751,Europe & Central Asia,High income,IBRD,23.3238,42.7105
3423,BG,Bulgaria,Forest area (% of land area),2022,36.0998526160649,Europe & Central Asia,High income,IBRD,23.3238,42.7105
3424,BG,Bulgaria,Forest area (% of land area),2021,35.9801031687546,Europe & Central Asia,High income,IBRD,23.3238,42.7105
3425,BG,Bulgaria,Forest area (% of land area),2020,35.8603537214444,Europe & Central Asia,High income,IBRD,23.3238,42.7105
3426,BG,Bulgaria,Forest area (% of land area),2019,35.7406042741341,Europe & Central Asia,High income,IBRD,23.3238,42.7105
3427,BG,Bulgaria,Forest area (% of land area),2018,35.6208548268239,Europe & Central Asia,High income,IBRD,23.3238,42.7105
3428,BG,Bulgaria,Forest area (% of land area),2017,35.5011053795136,Europe & Central Asia,High income,IBRD,23.3238,42.7105
3429,BG,Bulgaria,Forest area (% of land area),2016,35.3813559322034,Europe & Central Asia,High income,IBRD,23.3238,42.7105
3430,BF,Burkina Faso,Forest area (% of land area),2025,,Sub-Saharan Africa ,Low income,IDA,-1.53395,12.3605
3431,BF,Burkina Faso,Forest area (% of land area),2024,,Sub-Saharan Africa ,Low income,IDA,-1.53395,12.3605
3432,BF,Burkina Faso,Forest area (% of land area),2023,22.172514619883,Sub-Saharan Africa ,Low income,IDA,-1.53395,12.3605
3433,BF,Burkina Faso,Forest area (% of land area),2022,22.3552631578947,Sub-Saharan Africa ,Low income,IDA,-1.53395,12.3605
3434,BF,Burkina Faso,Forest area (% of land area),2021,22.5380116959064,Sub-Saharan Africa ,Low income,IDA,-1.53395,12.3605
3435,BF,Burkina Faso,Forest area (% of land area),2020,22.7207602339181,Sub-Saharan Africa ,Low income,IDA,-1.53395,12.3605
3436,BF,Burkina Faso,Forest area (% of land area),2019,22.9035087719298,Sub-Saharan Africa ,Low income,IDA,-1.53395,12.3605
3437,BF,Burkina Faso,Forest area (% of land area),2018,23.0862573099415,Sub-Saharan Africa ,Low income,IDA,-1.53395,12.3605
3438,BF,Burkina Faso,Forest area (% of land area),2017,23.2690058479532,Sub-Saharan Africa ,Low income,IDA,-1.53395,12.3605
3439,BF,Burkina Faso,Forest area (% of land area),2016,23.4517543859649,Sub-Saharan Africa ,Low income,IDA,-1.53395,12.3605
3440,BI,Burundi,Forest area (% of land area),2025,,Sub-Saharan Africa ,Low income,IDA,29.3639,-3.3784
3441,BI,Burundi,Forest area (% of land area),2024,,Sub-Saharan Africa ,Low income,IDA,29.3639,-3.3784
3442,BI,Burundi,Forest area (% of land area),2023,10.8894080996885,Sub-Saharan Africa ,Low income,IDA,29.3639,-3.3784
3443,BI,Burundi,Forest area (% of land area),2022,10.8894080996885,Sub-Saharan Africa ,Low income,IDA,29.3639,-3.3784
3444,BI,Burundi,Forest area (% of land area),2021,10.8894080996885,Sub-Saharan Africa ,Low income,IDA,29.3639,-3.3784
3445,BI,Burundi,Forest area (% of land area),2020,10.8894080996885,Sub-Saharan Africa ,Low income,IDA,29.3639,-3.3784
3446,BI,Burundi,Forest area (% of land area),2019,10.8894080996885,Sub-Saharan Africa ,Low income,IDA,29.3639,-3.3784
3447,BI,Burundi,Forest area (% of land area),2018,10.8894080996885,Sub-Saharan Africa ,Low income,IDA,29.3639,-3.3784
3448,BI,Burundi,Forest area (% of land area),2017,10.8894080996885,Sub-Saharan Africa ,Low income,IDA,29.3639,-3.3784
3449,BI,Burundi,Forest area (% of land area),2016,10.8894080996885,Sub-Saharan Africa ,Low income,IDA,29.3639,-3.3784
3450,CV,Cabo Verde,Forest area (% of land area),2025,,Sub-Saharan Africa ,Upper middle income,Blend,-23.5087,14.9218
3451,CV,Cabo Verde,Forest area (% of land area),2024,,Sub-Saharan Africa ,Upper middle income,Blend,-23.5087,14.9218
3452,CV,Cabo Verde,Forest area (% of land area),2023,11.5682382133995,Sub-Saharan Africa ,Upper middle income,Blend,-23.5087,14.9218
3453,CV,Cabo Verde,Forest area (% of land area),2022,11.4937965260546,Sub-Saharan Africa ,Upper middle income,Blend,-23.5087,14.9218
3454,CV,Cabo Verde,Forest area (% of land area),2021,11.4193548387097,Sub-Saharan Africa ,Upper middle income,Blend,-23.5087,14.9218
3455,CV,Cabo Verde,Forest area (% of land area),2020,11.3449131513648,Sub-Saharan Africa ,Upper middle income,Blend,-23.5087,14.9218
3456,CV,Cabo Verde,Forest area (% of land area),2019,11.2704714640199,Sub-Saharan Africa ,Upper middle income,Blend,-23.5087,14.9218
3457,CV,Cabo Verde,Forest area (% of land area),2018,11.1960297766749,Sub-Saharan Africa ,Upper middle income,Blend,-23.5087,14.9218
3458,CV,Cabo Verde,Forest area (% of land area),2017,11.12158808933,Sub-Saharan Africa ,Upper middle income,Blend,-23.5087,14.9218
3459,CV,Cabo Verde,Forest area (% of land area),2016,11.0471464019851,Sub-Saharan Africa ,Upper middle income,Blend,-23.5087,14.9218
3460,KH,Cambodia,Forest area (% of land area),2025,,East Asia & Pacific,Lower middle income,IDA,104.874,11.5556
3461,KH,Cambodia,Forest area (% of land area),2024,,East Asia & Pacific,Lower middle income,IDA,104.874,11.5556
3462,KH,Cambodia,Forest area (% of land area),2023,43.0619759800589,East Asia & Pacific,Lower middle income,IDA,104.874,11.5556
3463,KH,Cambodia,Forest area (% of land area),2022,43.9439723544074,East Asia & Pacific,Lower middle income,IDA,104.874,11.5556
3464,KH,Cambodia,Forest area (% of land area),2021,44.825968728756,East Asia & Pacific,Lower middle income,IDA,104.874,11.5556
3465,KH,Cambodia,Forest area (% of land area),2020,45.7079651031045,East Asia & Pacific,Lower middle income,IDA,104.874,11.5556
3466,KH,Cambodia,Forest area (% of land area),2019,46.589961477453,East Asia & Pacific,Lower middle income,IDA,104.874,11.5556
3467,KH,Cambodia,Forest area (% of land area),2018,47.4719578518015,East Asia & Pacific,Lower middle income,IDA,104.874,11.5556
3468,KH,Cambodia,Forest area (% of land area),2017,48.35395422615,East Asia & Pacific,Lower middle income,IDA,104.874,11.5556
3469,KH,Cambodia,Forest area (% of land area),2016,49.2359506004985,East Asia & Pacific,Lower middle income,IDA,104.874,11.5556
3470,CM,Cameroon,Forest area (% of land area),2025,,Sub-Saharan Africa ,Lower middle income,Blend,11.5174,3.8721
3471,CM,Cameroon,Forest area (% of land area),2024,,Sub-Saharan Africa ,Lower middle income,Blend,11.5174,3.8721
3472,CM,Cameroon,Forest area (% of land area),2023,42.6741130925938,Sub-Saharan Africa ,Lower middle income,Blend,11.5174,3.8721
3473,CM,Cameroon,Forest area (% of land area),2022,42.7925789596158,Sub-Saharan Africa ,Lower middle income,Blend,11.5174,3.8721
3474,CM,Cameroon,Forest area (% of land area),2021,42.9110448266379,Sub-Saharan Africa ,Lower middle income,Blend,11.5174,3.8721
3475,CM,Cameroon,Forest area (% of land area),2020,43.02951069366,Sub-Saharan Africa ,Lower middle income,Blend,11.5174,3.8721
3476,CM,Cameroon,Forest area (% of land area),2019,43.147976560682,Sub-Saharan Africa ,Lower middle income,Blend,11.5174,3.8721
3477,CM,Cameroon,Forest area (% of land area),2018,43.2664424277041,Sub-Saharan Africa ,Lower middle income,Blend,11.5174,3.8721
3478,CM,Cameroon,Forest area (% of land area),2017,43.3849082947262,Sub-Saharan Africa ,Lower middle income,Blend,11.5174,3.8721
3479,CM,Cameroon,Forest area (% of land area),2016,43.5033741617482,Sub-Saharan Africa ,Lower middle income,Blend,11.5174,3.8721
3480,CA,Canada,Forest area (% of land area),2025,,North America,High income,Not classified,-75.6919,45.4215
3481,CA,Canada,Forest area (% of land area),2024,,North America,High income,Not classified,-75.6919,45.4215
3482,CA,Canada,Forest area (% of land area),2023,39.4617117321106,North America,High income,Not classified,-75.6919,45.4215
3483,CA,Canada,Forest area (% of land area),2022,39.4659199995449,North America,High income,Not classified,-75.6919,45.4215
3484,CA,Canada,Forest area (% of land area),2021,39.4701279256318,North America,High income,Not classified,-75.6919,45.4215
3485,CA,Canada,Forest area (% of land area),2020,38.6955125094946,North America,High income,Not classified,-75.6919,45.4215
3486,CA,Canada,Forest area (% of land area),2019,38.6996371683291,North America,High income,Not classified,-75.6919,45.4215
3487,CA,Canada,Forest area (% of land area),2018,38.7037629425392,North America,High income,Not classified,-75.6919,45.4215
3488,CA,Canada,Forest area (% of land area),2017,38.7078876013737,North America,High income,Not classified,-75.6919,45.4215
3489,CA,Canada,Forest area (% of land area),2016,38.7120133755838,North America,High income,Not classified,-75.6919,45.4215
3490,KY,Cayman Islands,Forest area (% of land area),2025,,Latin America & Caribbean ,High income,Not classified,-81.3857,19.3022
3491,KY,Cayman Islands,Forest area (% of land area),2024,,Latin America & Caribbean ,High income,Not classified,-81.3857,19.3022
3492,KY,Cayman Islands,Forest area (% of land area),2023,52.4720833333333,Latin America & Caribbean ,High income,Not classified,-81.3857,19.3022
3493,KY,Cayman Islands,Forest area (% of land area),2022,52.6666666666667,Latin America & Caribbean ,High income,Not classified,-81.3857,19.3022
3494,KY,Cayman Islands,Forest area (% of land area),2021,52.75,Latin America & Caribbean ,High income,Not classified,-81.3857,19.3022
3495,KY,Cayman Islands,Forest area (% of land area),2020,53.0,Latin America & Caribbean ,High income,Not classified,-81.3857,19.3022
3496,KY,Cayman Islands,Forest area (% of land area),2019,53.0,Latin America & Caribbean ,High income,Not classified,-81.3857,19.3022
3497,KY,Cayman Islands,Forest area (% of land area),2018,53.375,Latin America & Caribbean ,High income,Not classified,-81.3857,19.3022
3498,KY,Cayman Islands,Forest area (% of land area),2017,53.0,Latin America & Caribbean ,High income,Not classified,-81.3857,19.3022
3499,KY,Cayman Islands,Forest area (% of land area),2016,53.0,Latin America & Caribbean ,High income,Not classified,-81.3857,19.3022
3500,CF,Central African Republic,Forest area (% of land area),2025,,Sub-Saharan Africa ,Low income,IDA,21.6407,5.63056
3501,CF,Central African Republic,Forest area (% of land area),2024,,Sub-Saharan Africa ,Low income,IDA,21.6407,5.63056
3502,CF,Central African Republic,Forest area (% of land area),2023,35.6560403223217,Sub-Saharan Africa ,Low income,IDA,21.6407,5.63056
3503,CF,Central African Republic,Forest area (% of land area),2022,35.7041959613471,Sub-Saharan Africa ,Low income,IDA,21.6407,5.63056
3504,CF,Central African Republic,Forest area (% of land area),2021,35.7523516003724,Sub-Saharan Africa ,Low income,IDA,21.6407,5.63056
3505,CF,Central African Republic,Forest area (% of land area),2020,35.8005072393977,Sub-Saharan Africa ,Low income,IDA,21.6407,5.63056
3506,CF,Central African Republic,Forest area (% of land area),2019,35.8486628784231,Sub-Saharan Africa ,Low income,IDA,21.6407,5.63056
3507,CF,Central African Republic,Forest area (% of land area),2018,35.8968185174484,Sub-Saharan Africa ,Low income,IDA,21.6407,5.63056
3508,CF,Central African Republic,Forest area (% of land area),2017,35.9449741564737,Sub-Saharan Africa ,Low income,IDA,21.6407,5.63056
3509,CF,Central African Republic,Forest area (% of land area),2016,35.9931297954991,Sub-Saharan Africa ,Low income,IDA,21.6407,5.63056
3510,TD,Chad,Forest area (% of land area),2025,,Sub-Saharan Africa ,Low income,IDA,15.0445,12.1048
3511,TD,Chad,Forest area (% of land area),2024,,Sub-Saharan Africa ,Low income,IDA,15.0445,12.1048
3512,TD,Chad,Forest area (% of land area),2023,3.16103105146125,Sub-Saharan Africa ,Low income,IDA,15.0445,12.1048
3513,TD,Chad,Forest area (% of land area),2022,3.24924110546379,Sub-Saharan Africa ,Low income,IDA,15.0445,12.1048
3514,TD,Chad,Forest area (% of land area),2021,3.33650992693774,Sub-Saharan Africa ,Low income,IDA,15.0445,12.1048
3515,TD,Chad,Forest area (% of land area),2020,3.42519059720457,Sub-Saharan Africa ,Low income,IDA,15.0445,12.1048
3516,TD,Chad,Forest area (% of land area),2019,3.51175349428208,Sub-Saharan Africa ,Low income,IDA,15.0445,12.1048
3517,TD,Chad,Forest area (% of land area),2018,3.60149301143583,Sub-Saharan Africa ,Low income,IDA,15.0445,12.1048
3518,TD,Chad,Forest area (% of land area),2017,3.69361499364676,Sub-Saharan Africa ,Low income,IDA,15.0445,12.1048
3519,TD,Chad,Forest area (% of land area),2016,3.78732528589581,Sub-Saharan Africa ,Low income,IDA,15.0445,12.1048
3520,JG,Channel Islands,Forest area (% of land area),2025,,Europe & Central Asia,High income,Not classified,,
3521,JG,Channel Islands,Forest area (% of land area),2024,,Europe & Central Asia,High income,Not classified,,
3522,JG,Channel Islands,Forest area (% of land area),2023,,Europe & Central Asia,High income,Not classified,,
3523,JG,Channel Islands,Forest area (% of land area),2022,,Europe & Central Asia,High income,Not classified,,
3524,JG,Channel Islands,Forest area (% of land area),2021,5.15151515151515,Europe & Central Asia,High income,Not classified,,
3525,JG,Channel Islands,Forest area (% of land area),2020,5.15151515151515,Europe & Central Asia,High income,Not classified,,
3526,JG,Channel Islands,Forest area (% of land area),2019,5.15151515151515,Europe & Central Asia,High income,Not classified,,
3527,JG,Channel Islands,Forest area (% of land area),2018,5.15151515151515,Europe & Central Asia,High income,Not classified,,
3528,JG,Channel Islands,Forest area (% of land area),2017,5.15151515151515,Europe & Central Asia,High income,Not classified,,
3529,JG,Channel Islands,Forest area (% of land area),2016,5.15151515151515,Europe & Central Asia,High income,Not classified,,
3530,CL,Chile,Forest area (% of land area),2025,,Latin America & Caribbean ,High income,IBRD,-70.6475,-33.475
3531,CL,Chile,Forest area (% of land area),2024,,Latin America & Caribbean ,High income,IBRD,-70.6475,-33.475
3532,CL,Chile,Forest area (% of land area),2023,25.0116461113584,Latin America & Caribbean ,High income,IBRD,-70.6475,-33.475
3533,CL,Chile,Forest area (% of land area),2022,24.8461772576085,Latin America & Caribbean ,High income,IBRD,-70.6475,-33.475
3534,CL,Chile,Forest area (% of land area),2021,24.6807203850391,Latin America & Caribbean ,High income,IBRD,-70.6475,-33.475
3535,CL,Chile,Forest area (% of land area),2020,24.5152454733888,Latin America & Caribbean ,High income,IBRD,-70.6475,-33.475
3536,CL,Chile,Forest area (% of land area),2019,24.3497974857398,Latin America & Caribbean ,High income,IBRD,-70.6475,-33.475
3537,CL,Chile,Forest area (% of land area),2018,24.2020617476728,Latin America & Caribbean ,High income,IBRD,-70.6475,-33.475
3538,CL,Chile,Forest area (% of land area),2017,24.0364518962995,Latin America & Caribbean ,High income,IBRD,-70.6475,-33.475
3539,CL,Chile,Forest area (% of land area),2016,23.8708420449261,Latin America & Caribbean ,High income,IBRD,-70.6475,-33.475
3540,CN,China,Forest area (% of land area),2025,,East Asia & Pacific,Upper middle income,IBRD,116.286,40.0495
3541,CN,China,Forest area (% of land area),2024,,East Asia & Pacific,Upper middle income,IBRD,116.286,40.0495
3542,CN,China,Forest area (% of land area),2023,24.0319389958256,East Asia & Pacific,Upper middle income,IBRD,116.286,40.0495
3543,CN,China,Forest area (% of land area),2022,23.8316995465589,East Asia & Pacific,Upper middle income,IBRD,116.286,40.0495
3544,CN,China,Forest area (% of land area),2021,23.6315548970464,East Asia & Pacific,Upper middle income,IBRD,116.286,40.0495
3545,CN,China,Forest area (% of land area),2020,23.4313037309562,East Asia & Pacific,Upper middle income,IBRD,116.286,40.0495
3546,CN,China,Forest area (% of land area),2019,23.2311590814436,East Asia & Pacific,Upper middle income,IBRD,116.286,40.0495
3547,CN,China,Forest area (% of land area),2018,23.0309079153534,East Asia & Pacific,Upper middle income,IBRD,116.286,40.0495
3548,CN,China,Forest area (% of land area),2017,22.8306567492632,East Asia & Pacific,Upper middle income,IBRD,116.286,40.0495
3549,CN,China,Forest area (% of land area),2016,22.6305120997506,East Asia & Pacific,Upper middle income,IBRD,116.286,40.0495
3550,CO,Colombia,Forest area (% of land area),2025,,Latin America & Caribbean ,Upper middle income,IBRD,-74.082,4.60987
3551,CO,Colombia,Forest area (% of land area),2024,,Latin America & Caribbean ,Upper middle income,IBRD,-74.082,4.60987
3552,CO,Colombia,Forest area (% of land area),2023,52.7661596214511,Latin America & Caribbean ,Upper middle income,IBRD,-74.082,4.60987
3553,CO,Colombia,Forest area (% of land area),2022,52.9457763857593,Latin America & Caribbean ,Upper middle income,IBRD,-74.082,4.60987
3554,CO,Colombia,Forest area (% of land area),2021,53.1253958539883,Latin America & Caribbean ,Upper middle income,IBRD,-74.082,4.60987
3555,CO,Colombia,Forest area (% of land area),2020,53.3050112663362,Latin America & Caribbean ,Upper middle income,IBRD,-74.082,4.60987
3556,CO,Colombia,Forest area (% of land area),2019,53.4846327174403,Latin America & Caribbean ,Upper middle income,IBRD,-74.082,4.60987
3557,CO,Colombia,Forest area (% of land area),2018,53.6642451554754,Latin America & Caribbean ,Upper middle income,IBRD,-74.082,4.60987
3558,CO,Colombia,Forest area (% of land area),2017,53.8438666065795,Latin America & Caribbean ,Upper middle income,IBRD,-74.082,4.60987
3559,CO,Colombia,Forest area (% of land area),2016,54.0419017575485,Latin America & Caribbean ,Upper middle income,IBRD,-74.082,4.60987
3560,KM,Comoros,Forest area (% of land area),2025,,Sub-Saharan Africa ,Lower middle income,IDA,43.2418,-11.6986
3561,KM,Comoros,Forest area (% of land area),2024,,Sub-Saharan Africa ,Lower middle income,IDA,43.2418,-11.6986
3562,KM,Comoros,Forest area (% of land area),2023,16.9801182160129,Sub-Saharan Africa ,Lower middle income,IDA,43.2418,-11.6986
3563,KM,Comoros,Forest area (% of land area),2022,17.2165502418055,Sub-Saharan Africa ,Lower middle income,IDA,43.2418,-11.6986
3564,KM,Comoros,Forest area (% of land area),2021,17.4529822675981,Sub-Saharan Africa ,Lower middle income,IDA,43.2418,-11.6986
3565,KM,Comoros,Forest area (% of land area),2020,17.6894142933906,Sub-Saharan Africa ,Lower middle income,IDA,43.2418,-11.6986
3566,KM,Comoros,Forest area (% of land area),2019,17.9258463191832,Sub-Saharan Africa ,Lower middle income,IDA,43.2418,-11.6986
3567,KM,Comoros,Forest area (% of land area),2018,18.1622783449758,Sub-Saharan Africa ,Lower middle income,IDA,43.2418,-11.6986
3568,KM,Comoros,Forest area (% of land area),2017,18.3933369156368,Sub-Saharan Africa ,Lower middle income,IDA,43.2418,-11.6986
3569,KM,Comoros,Forest area (% of land area),2016,18.6297689414293,Sub-Saharan Africa ,Lower middle income,IDA,43.2418,-11.6986
3570,CD,"Congo, Dem. Rep.",Forest area (% of land area),2025,,Sub-Saharan Africa ,Low income,IDA,15.3222,-4.325
3571,CD,"Congo, Dem. Rep.",Forest area (% of land area),2024,,Sub-Saharan Africa ,Low income,IDA,15.3222,-4.325
3572,CD,"Congo, Dem. Rep.",Forest area (% of land area),2023,54.1898572594341,Sub-Saharan Africa ,Low income,IDA,15.3222,-4.325
3573,CD,"Congo, Dem. Rep.",Forest area (% of land area),2022,54.6754592973247,Sub-Saharan Africa ,Low income,IDA,15.3222,-4.325
3574,CD,"Congo, Dem. Rep.",Forest area (% of land area),2021,55.1615535607949,Sub-Saharan Africa ,Low income,IDA,15.3222,-4.325
3575,CD,"Congo, Dem. Rep.",Forest area (% of land area),2020,55.6472067223925,Sub-Saharan Africa ,Low income,IDA,15.3222,-4.325
3576,CD,"Congo, Dem. Rep.",Forest area (% of land area),2019,56.1333009858627,Sub-Saharan Africa ,Low income,IDA,15.3222,-4.325
3577,CD,"Congo, Dem. Rep.",Forest area (% of land area),2018,56.6189541474604,Sub-Saharan Africa ,Low income,IDA,15.3222,-4.325
3578,CD,"Congo, Dem. Rep.",Forest area (% of land area),2017,57.1047705167508,Sub-Saharan Africa ,Low income,IDA,15.3222,-4.325
3579,CD,"Congo, Dem. Rep.",Forest area (% of land area),2016,57.5905868860413,Sub-Saharan Africa ,Low income,IDA,15.3222,-4.325
3580,CG,"Congo, Rep.",Forest area (% of land area),2025,,Sub-Saharan Africa ,Lower middle income,Blend,15.2662,-4.2767
3581,CG,"Congo, Rep.",Forest area (% of land area),2024,,Sub-Saharan Africa ,Lower middle income,Blend,15.2662,-4.2767
3582,CG,"Congo, Rep.",Forest area (% of land area),2023,64.1317715959004,Sub-Saharan Africa ,Lower middle income,Blend,15.2662,-4.2767
3583,CG,"Congo, Rep.",Forest area (% of land area),2022,64.1756954612006,Sub-Saharan Africa ,Lower middle income,Blend,15.2662,-4.2767
3584,CG,"Congo, Rep.",Forest area (% of land area),2021,64.2196193265007,Sub-Saharan Africa ,Lower middle income,Blend,15.2662,-4.2767
3585,CG,"Congo, Rep.",Forest area (% of land area),2020,64.2635431918009,Sub-Saharan Africa ,Lower middle income,Blend,15.2662,-4.2767
3586,CG,"Congo, Rep.",Forest area (% of land area),2019,64.307467057101,Sub-Saharan Africa ,Lower middle income,Blend,15.2662,-4.2767
3587,CG,"Congo, Rep.",Forest area (% of land area),2018,64.3513909224012,Sub-Saharan Africa ,Lower middle income,Blend,15.2662,-4.2767
3588,CG,"Congo, Rep.",Forest area (% of land area),2017,64.3953147877013,Sub-Saharan Africa ,Lower middle income,Blend,15.2662,-4.2767
3589,CG,"Congo, Rep.",Forest area (% of land area),2016,64.4304538799414,Sub-Saharan Africa ,Lower middle income,Blend,15.2662,-4.2767
3590,CR,Costa Rica,Forest area (% of land area),2025,,Latin America & Caribbean ,High income,IBRD,-84.0089,9.63701
3591,CR,Costa Rica,Forest area (% of land area),2024,,Latin America & Caribbean ,High income,IBRD,-84.0089,9.63701
3592,CR,Costa Rica,Forest area (% of land area),2023,60.3991382687035,Latin America & Caribbean ,High income,IBRD,-84.0089,9.63701
3593,CR,Costa Rica,Forest area (% of land area),2022,60.0785350567959,Latin America & Caribbean ,High income,IBRD,-84.0089,9.63701
3594,CR,Costa Rica,Forest area (% of land area),2021,59.7579318448884,Latin America & Caribbean ,High income,IBRD,-84.0089,9.63701
3595,CR,Costa Rica,Forest area (% of land area),2020,59.4373286329808,Latin America & Caribbean ,High income,IBRD,-84.0089,9.63701
3596,CR,Costa Rica,Forest area (% of land area),2019,59.1167254210732,Latin America & Caribbean ,High income,IBRD,-84.0089,9.63701
3597,CR,Costa Rica,Forest area (% of land area),2018,58.7961222091657,Latin America & Caribbean ,High income,IBRD,-84.0089,9.63701
3598,CR,Costa Rica,Forest area (% of land area),2017,58.4757148452801,Latin America & Caribbean ,High income,IBRD,-84.0089,9.63701
3599,CR,Costa Rica,Forest area (% of land area),2016,58.1551116333725,Latin America & Caribbean ,High income,IBRD,-84.0089,9.63701
3600,CI,Cote d'Ivoire,Forest area (% of land area),2025,,Sub-Saharan Africa ,Lower middle income,Blend,-4.0305,5.332
3601,CI,Cote d'Ivoire,Forest area (% of land area),2024,,Sub-Saharan Africa ,Lower middle income,Blend,-4.0305,5.332
3602,CI,Cote d'Ivoire,Forest area (% of land area),2023,7.85551603773585,Sub-Saharan Africa ,Lower middle income,Blend,-4.0305,5.332
3603,CI,Cote d'Ivoire,Forest area (% of land area),2022,8.21049968553459,Sub-Saharan Africa ,Lower middle income,Blend,-4.0305,5.332
3604,CI,Cote d'Ivoire,Forest area (% of land area),2021,8.5654927672956,Sub-Saharan Africa ,Lower middle income,Blend,-4.0305,5.332
3605,CI,Cote d'Ivoire,Forest area (% of land area),2020,8.92047169811321,Sub-Saharan Africa ,Lower middle income,Blend,-4.0305,5.332
3606,CI,Cote d'Ivoire,Forest area (% of land area),2019,9.27547169811321,Sub-Saharan Africa ,Lower middle income,Blend,-4.0305,5.332
3607,CI,Cote d'Ivoire,Forest area (% of land area),2018,9.63044025157233,Sub-Saharan Africa ,Lower middle income,Blend,-4.0305,5.332
3608,CI,Cote d'Ivoire,Forest area (% of land area),2017,9.98544025157233,Sub-Saharan Africa ,Lower middle income,Blend,-4.0305,5.332
3609,CI,Cote d'Ivoire,Forest area (% of land area),2016,10.3404402515723,Sub-Saharan Africa ,Lower middle income,Blend,-4.0305,5.332
3610,HR,Croatia,Forest area (% of land area),2025,,Europe & Central Asia,High income,IBRD,15.9614,45.8069
3611,HR,Croatia,Forest area (% of land area),2024,,Europe & Central Asia,High income,IBRD,15.9614,45.8069
3612,HR,Croatia,Forest area (% of land area),2023,34.785739814153,Europe & Central Asia,High income,IBRD,15.9614,45.8069
3613,HR,Croatia,Forest area (% of land area),2022,34.7410650464618,Europe & Central Asia,High income,IBRD,15.9614,45.8069
3614,HR,Croatia,Forest area (% of land area),2021,34.6963902787706,Europe & Central Asia,High income,IBRD,15.9614,45.8069
3615,HR,Croatia,Forest area (% of land area),2020,34.6517155110793,Europe & Central Asia,High income,IBRD,15.9614,45.8069
3616,HR,Croatia,Forest area (% of land area),2019,34.6045672217854,Europe & Central Asia,High income,IBRD,15.9614,45.8069
3617,HR,Croatia,Forest area (% of land area),2018,34.5598956472018,Europe & Central Asia,High income,IBRD,15.9614,45.8069
3618,HR,Croatia,Forest area (% of land area),2017,34.5151954828104,Europe & Central Asia,High income,IBRD,15.9614,45.8069
3619,HR,Croatia,Forest area (% of land area),2016,34.3813916088914,Europe & Central Asia,High income,IBRD,15.9614,45.8069
3620,CU,Cuba,Forest area (% of land area),2025,,Latin America & Caribbean ,Upper middle income,Not classified,-82.3667,23.1333
3621,CU,Cuba,Forest area (% of land area),2024,,Latin America & Caribbean ,Upper middle income,Not classified,-82.3667,23.1333
3622,CU,Cuba,Forest area (% of land area),2023,31.233140655106,Latin America & Caribbean ,Upper middle income,Not classified,-82.3667,23.1333
3623,CU,Cuba,Forest area (% of land area),2022,31.233140655106,Latin America & Caribbean ,Upper middle income,Not classified,-82.3667,23.1333
3624,CU,Cuba,Forest area (% of land area),2021,31.233140655106,Latin America & Caribbean ,Upper middle income,Not classified,-82.3667,23.1333
3625,CU,Cuba,Forest area (% of land area),2020,31.233140655106,Latin America & Caribbean ,Upper middle income,Not classified,-82.3667,23.1333
3626,CU,Cuba,Forest area (% of land area),2019,31.233140655106,Latin America & Caribbean ,Upper middle income,Not classified,-82.3667,23.1333
3627,CU,Cuba,Forest area (% of land area),2018,31.233140655106,Latin America & Caribbean ,Upper middle income,Not classified,-82.3667,23.1333
3628,CU,Cuba,Forest area (% of land area),2017,31.233140655106,Latin America & Caribbean ,Upper middle income,Not classified,-82.3667,23.1333
3629,CU,Cuba,Forest area (% of land area),2016,31.1514801999231,Latin America & Caribbean ,Upper middle income,Not classified,-82.3667,23.1333
3630,CW,Curacao,Forest area (% of land area),2025,,Latin America & Caribbean ,High income,Not classified,,
3631,CW,Curacao,Forest area (% of land area),2024,,Latin America & Caribbean ,High income,Not classified,,
3632,CW,Curacao,Forest area (% of land area),2023,0.157657657657658,Latin America & Caribbean ,High income,Not classified,,
3633,CW,Curacao,Forest area (% of land area),2022,0.157657657657658,Latin America & Caribbean ,High income,Not classified,,
3634,CW,Curacao,Forest area (% of land area),2021,0.157657657657658,Latin America & Caribbean ,High income,Not classified,,
3635,CW,Curacao,Forest area (% of land area),2020,0.157657657657658,Latin America & Caribbean ,High income,Not classified,,
3636,CW,Curacao,Forest area (% of land area),2019,0.157657657657658,Latin America & Caribbean ,High income,Not classified,,
3637,CW,Curacao,Forest area (% of land area),2018,0.157657657657658,Latin America & Caribbean ,High income,Not classified,,
3638,CW,Curacao,Forest area (% of land area),2017,0.157657657657658,Latin America & Caribbean ,High income,Not classified,,
3639,CW,Curacao,Forest area (% of land area),2016,0.157657657657658,Latin America & Caribbean ,High income,Not classified,,
3640,CY,Cyprus,Forest area (% of land area),2025,,Europe & Central Asia,High income,Not classified,33.3736,35.1676
3641,CY,Cyprus,Forest area (% of land area),2024,,Europe & Central Asia,High income,Not classified,33.3736,35.1676
3642,CY,Cyprus,Forest area (% of land area),2023,18.6655844155844,Europe & Central Asia,High income,Not classified,33.3736,35.1676
3643,CY,Cyprus,Forest area (% of land area),2022,18.6677489177489,Europe & Central Asia,High income,Not classified,33.3736,35.1676
3644,CY,Cyprus,Forest area (% of land area),2021,18.6699134199134,Europe & Central Asia,High income,Not classified,33.3736,35.1676
3645,CY,Cyprus,Forest area (% of land area),2020,18.6720779220779,Europe & Central Asia,High income,Not classified,33.3736,35.1676
3646,CY,Cyprus,Forest area (% of land area),2019,18.6742424242424,Europe & Central Asia,High income,Not classified,33.3736,35.1676
3647,CY,Cyprus,Forest area (% of land area),2018,18.6764069264069,Europe & Central Asia,High income,Not classified,33.3736,35.1676
3648,CY,Cyprus,Forest area (% of land area),2017,18.6785714285714,Europe & Central Asia,High income,Not classified,33.3736,35.1676
3649,CY,Cyprus,Forest area (% of land area),2016,18.6807359307359,Europe & Central Asia,High income,Not classified,33.3736,35.1676
3650,CZ,Czechia,Forest area (% of land area),2025,,Europe & Central Asia,High income,Not classified,14.4205,50.0878
3651,CZ,Czechia,Forest area (% of land area),2024,,Europe & Central Asia,High income,Not classified,14.4205,50.0878
3652,CZ,Czechia,Forest area (% of land area),2023,34.7623883740408,Europe & Central Asia,High income,Not classified,14.4205,50.0878
3653,CZ,Czechia,Forest area (% of land area),2022,34.7369431785448,Europe & Central Asia,High income,Not classified,14.4205,50.0878
3654,CZ,Czechia,Forest area (% of land area),2021,34.7066980208929,Europe & Central Asia,High income,Not classified,14.4205,50.0878
3655,CZ,Czechia,Forest area (% of land area),2020,34.6779919254939,Europe & Central Asia,High income,Not classified,14.4205,50.0878
3656,CZ,Czechia,Forest area (% of land area),2019,34.6514173213048,Europe & Central Asia,High income,Not classified,14.4205,50.0878
3657,CZ,Czechia,Forest area (% of land area),2018,34.6259551871519,Europe & Central Asia,High income,Not classified,14.4205,50.0878
3658,CZ,Czechia,Forest area (% of land area),2017,34.6025126278979,Europe & Central Asia,High income,Not classified,14.4205,50.0878
3659,CZ,Czechia,Forest area (% of land area),2016,34.579070068644,Europe & Central Asia,High income,Not classified,14.4205,50.0878
3660,DK,Denmark,Forest area (% of land area),2025,,Europe & Central Asia,High income,Not classified,12.5681,55.6763
3661,DK,Denmark,Forest area (% of land area),2024,,Europe & Central Asia,High income,Not classified,12.5681,55.6763
3662,DK,Denmark,Forest area (% of land area),2023,15.7815,Europe & Central Asia,High income,Not classified,12.5681,55.6763
3663,DK,Denmark,Forest area (% of land area),2022,15.758,Europe & Central Asia,High income,Not classified,12.5681,55.6763
3664,DK,Denmark,Forest area (% of land area),2021,15.7345,Europe & Central Asia,High income,Not classified,12.5681,55.6763
3665,DK,Denmark,Forest area (% of land area),2020,15.711,Europe & Central Asia,High income,Not classified,12.5681,55.6763
3666,DK,Denmark,Forest area (% of land area),2019,15.6875,Europe & Central Asia,High income,Not classified,12.5681,55.6763
3667,DK,Denmark,Forest area (% of land area),2018,15.664,Europe & Central Asia,High income,Not classified,12.5681,55.6763
3668,DK,Denmark,Forest area (% of land area),2017,15.64,Europe & Central Asia,High income,Not classified,12.5681,55.6763
3669,DK,Denmark,Forest area (% of land area),2016,15.6165,Europe & Central Asia,High income,Not classified,12.5681,55.6763
3670,DJ,Djibouti,Forest area (% of land area),2025,,"Middle East, North Africa, Afghanistan & Pakistan",Lower middle income,IDA,43.1425,11.5806
3671,DJ,Djibouti,Forest area (% of land area),2024,,"Middle East, North Africa, Afghanistan & Pakistan",Lower middle income,IDA,43.1425,11.5806
3672,DJ,Djibouti,Forest area (% of land area),2023,0.260724762726488,"Middle East, North Africa, Afghanistan & Pakistan",Lower middle income,IDA,43.1425,11.5806
3673,DJ,Djibouti,Forest area (% of land area),2022,0.257308024158758,"Middle East, North Africa, Afghanistan & Pakistan",Lower middle income,IDA,43.1425,11.5806
3674,DJ,Djibouti,Forest area (% of land area),2021,0.253377911993098,"Middle East, North Africa, Afghanistan & Pakistan",Lower middle income,IDA,43.1425,11.5806
3675,DJ,Djibouti,Forest area (% of land area),2020,0.250215703192407,"Middle East, North Africa, Afghanistan & Pakistan",Lower middle income,IDA,43.1425,11.5806
3676,DJ,Djibouti,Forest area (% of land area),2019,0.245901639344262,"Middle East, North Africa, Afghanistan & Pakistan",Lower middle income,IDA,43.1425,11.5806
3677,DJ,Djibouti,Forest area (% of land area),2018,0.243313201035375,"Middle East, North Africa, Afghanistan & Pakistan",Lower middle income,IDA,43.1425,11.5806
3678,DJ,Djibouti,Forest area (% of land area),2017,0.242018981880932,"Middle East, North Africa, Afghanistan & Pakistan",Lower middle income,IDA,43.1425,11.5806
3679,DJ,Djibouti,Forest area (% of land area),2016,0.241587575496117,"Middle East, North Africa, Afghanistan & Pakistan",Lower middle income,IDA,43.1425,11.5806
3680,DM,Dominica,Forest area (% of land area),2025,,Latin America & Caribbean ,Upper middle income,Blend,-61.39,15.2976
3681,DM,Dominica,Forest area (% of land area),2024,,Latin America & Caribbean ,Upper middle income,Blend,-61.39,15.2976
3682,DM,Dominica,Forest area (% of land area),2023,63.8266666666667,Latin America & Caribbean ,Upper middle income,Blend,-61.39,15.2976
3683,DM,Dominica,Forest area (% of land area),2022,63.8266666666667,Latin America & Caribbean ,Upper middle income,Blend,-61.39,15.2976
3684,DM,Dominica,Forest area (% of land area),2021,63.8266666666667,Latin America & Caribbean ,Upper middle income,Blend,-61.39,15.2976
3685,DM,Dominica,Forest area (% of land area),2020,63.8266666666667,Latin America & Caribbean ,Upper middle income,Blend,-61.39,15.2976
3686,DM,Dominica,Forest area (% of land area),2019,63.8266666666667,Latin America & Caribbean ,Upper middle income,Blend,-61.39,15.2976
3687,DM,Dominica,Forest area (% of land area),2018,63.8266666666667,Latin America & Caribbean ,Upper middle income,Blend,-61.39,15.2976
3688,DM,Dominica,Forest area (% of land area),2017,63.8266666666667,Latin America & Caribbean ,Upper middle income,Blend,-61.39,15.2976
3689,DM,Dominica,Forest area (% of land area),2016,63.8266666666667,Latin America & Caribbean ,Upper middle income,Blend,-61.39,15.2976
3690,DO,Dominican Republic,Forest area (% of land area),2025,,Latin America & Caribbean ,Upper middle income,IBRD,-69.8908,18.479
3691,DO,Dominican Republic,Forest area (% of land area),2024,,Latin America & Caribbean ,Upper middle income,IBRD,-69.8908,18.479
3692,DO,Dominican Republic,Forest area (% of land area),2023,44.9887775472934,Latin America & Caribbean ,Upper middle income,IBRD,-69.8908,18.479
3693,DO,Dominican Republic,Forest area (% of land area),2022,44.8209283285911,Latin America & Caribbean ,Upper middle income,IBRD,-69.8908,18.479
3694,DO,Dominican Republic,Forest area (% of land area),2021,44.6530791098888,Latin America & Caribbean ,Upper middle income,IBRD,-69.8908,18.479
3695,DO,Dominican Republic,Forest area (% of land area),2020,44.4852298911864,Latin America & Caribbean ,Upper middle income,IBRD,-69.8908,18.479
3696,DO,Dominican Republic,Forest area (% of land area),2019,44.3173806724841,Latin America & Caribbean ,Upper middle income,IBRD,-69.8908,18.479
3697,DO,Dominican Republic,Forest area (% of land area),2018,44.0471951976816,Latin America & Caribbean ,Upper middle income,IBRD,-69.8908,18.479
3698,DO,Dominican Republic,Forest area (% of land area),2017,43.8797350445042,Latin America & Caribbean ,Upper middle income,IBRD,-69.8908,18.479
3699,DO,Dominican Republic,Forest area (% of land area),2016,43.7122748913268,Latin America & Caribbean ,Upper middle income,IBRD,-69.8908,18.479
3700,EC,Ecuador,Forest area (% of land area),2025,,Latin America & Caribbean ,Upper middle income,IBRD,-78.5243,-0.229498
3701,EC,Ecuador,Forest area (% of land area),2024,,Latin America & Caribbean ,Upper middle income,IBRD,-78.5243,-0.229498
3702,EC,Ecuador,Forest area (% of land area),2023,49.5450958286359,Latin America & Caribbean ,Upper middle income,IBRD,-78.5243,-0.229498
3703,EC,Ecuador,Forest area (% of land area),2022,49.8038734095668,Latin America & Caribbean ,Upper middle income,IBRD,-78.5243,-0.229498
3704,EC,Ecuador,Forest area (% of land area),2021,50.0626509904977,Latin America & Caribbean ,Upper middle income,IBRD,-78.5243,-0.229498
3705,EC,Ecuador,Forest area (% of land area),2020,50.3214285714286,Latin America & Caribbean ,Upper middle income,IBRD,-78.5243,-0.229498
3706,EC,Ecuador,Forest area (% of land area),2019,50.5802061523595,Latin America & Caribbean ,Upper middle income,IBRD,-78.5243,-0.229498
3707,EC,Ecuador,Forest area (% of land area),2018,50.8389837332904,Latin America & Caribbean ,Upper middle income,IBRD,-78.5243,-0.229498
3708,EC,Ecuador,Forest area (% of land area),2017,51.0977613142213,Latin America & Caribbean ,Upper middle income,IBRD,-78.5243,-0.229498
3709,EC,Ecuador,Forest area (% of land area),2016,51.3565388951522,Latin America & Caribbean ,Upper middle income,IBRD,-78.5243,-0.229498
3710,EG,"Egypt, Arab Rep.",Forest area (% of land area),2025,,"Middle East, North Africa, Afghanistan & Pakistan",Lower middle income,IBRD,31.2461,30.0982
3711,EG,"Egypt, Arab Rep.",Forest area (% of land area),2024,,"Middle East, North Africa, Afghanistan & Pakistan",Lower middle income,IBRD,31.2461,30.0982
3712,EG,"Egypt, Arab Rep.",Forest area (% of land area),2023,0.0451855944547692,"Middle East, North Africa, Afghanistan & Pakistan",Lower middle income,IBRD,31.2461,30.0982
3713,EG,"Egypt, Arab Rep.",Forest area (% of land area),2022,0.0451855944547692,"Middle East, North Africa, Afghanistan & Pakistan",Lower middle income,IBRD,31.2461,30.0982
3714,EG,"Egypt, Arab Rep.",Forest area (% of land area),2021,0.0451855944547692,"Middle East, North Africa, Afghanistan & Pakistan",Lower middle income,IBRD,31.2461,30.0982
3715,EG,"Egypt, Arab Rep.",Forest area (% of land area),2020,0.0451855944547692,"Middle East, North Africa, Afghanistan & Pakistan",Lower middle income,IBRD,31.2461,30.0982
3716,EG,"Egypt, Arab Rep.",Forest area (% of land area),2019,0.0451855944547692,"Middle East, North Africa, Afghanistan & Pakistan",Lower middle income,IBRD,31.2461,30.0982
3717,EG,"Egypt, Arab Rep.",Forest area (% of land area),2018,0.0451855944547692,"Middle East, North Africa, Afghanistan & Pakistan",Lower middle income,IBRD,31.2461,30.0982
3718,EG,"Egypt, Arab Rep.",Forest area (% of land area),2017,0.0451855944547692,"Middle East, North Africa, Afghanistan & Pakistan",Lower middle income,IBRD,31.2461,30.0982
3719,EG,"Egypt, Arab Rep.",Forest area (% of land area),2016,0.0451855944547692,"Middle East, North Africa, Afghanistan & Pakistan",Lower middle income,IBRD,31.2461,30.0982
3720,SV,El Salvador,Forest area (% of land area),2025,,Latin America & Caribbean ,Upper middle income,IBRD,-89.2073,13.7034
3721,SV,El Salvador,Forest area (% of land area),2024,,Latin America & Caribbean ,Upper middle income,IBRD,-89.2073,13.7034
3722,SV,El Salvador,Forest area (% of land area),2023,27.5279922779923,Latin America & Caribbean ,Upper middle income,IBRD,-89.2073,13.7034
3723,SV,El Salvador,Forest area (% of land area),2022,27.7451737451737,Latin America & Caribbean ,Upper middle income,IBRD,-89.2073,13.7034
3724,SV,El Salvador,Forest area (% of land area),2021,27.9623552123552,Latin America & Caribbean ,Upper middle income,IBRD,-89.2073,13.7034
3725,SV,El Salvador,Forest area (% of land area),2020,28.1795366795367,Latin America & Caribbean ,Upper middle income,IBRD,-89.2073,13.7034
3726,SV,El Salvador,Forest area (% of land area),2019,28.3967181467181,Latin America & Caribbean ,Upper middle income,IBRD,-89.2073,13.7034
3727,SV,El Salvador,Forest area (% of land area),2018,28.6138996138996,Latin America & Caribbean ,Upper middle income,IBRD,-89.2073,13.7034
3728,SV,El Salvador,Forest area (% of land area),2017,28.8310810810811,Latin America & Caribbean ,Upper middle income,IBRD,-89.2073,13.7034
3729,SV,El Salvador,Forest area (% of land area),2016,29.0482625482625,Latin America & Caribbean ,Upper middle income,IBRD,-89.2073,13.7034
3730,GQ,Equatorial Guinea,Forest area (% of land area),2025,,Sub-Saharan Africa ,Upper middle income,IBRD,8.7741,3.7523
3731,GQ,Equatorial Guinea,Forest area (% of land area),2024,,Sub-Saharan Africa ,Upper middle income,IBRD,8.7741,3.7523
3732,GQ,Equatorial Guinea,Forest area (% of land area),2023,86.3935828877005,Sub-Saharan Africa ,Upper middle income,IBRD,8.7741,3.7523
3733,GQ,Equatorial Guinea,Forest area (% of land area),2022,86.6916221033868,Sub-Saharan Africa ,Upper middle income,IBRD,8.7741,3.7523
3734,GQ,Equatorial Guinea,Forest area (% of land area),2021,86.9896613190731,Sub-Saharan Africa ,Upper middle income,IBRD,8.7741,3.7523
3735,GQ,Equatorial Guinea,Forest area (% of land area),2020,87.2877005347594,Sub-Saharan Africa ,Upper middle income,IBRD,8.7741,3.7523
3736,GQ,Equatorial Guinea,Forest area (% of land area),2019,87.5857397504456,Sub-Saharan Africa ,Upper middle income,IBRD,8.7741,3.7523
3737,GQ,Equatorial Guinea,Forest area (% of land area),2018,87.8837789661319,Sub-Saharan Africa ,Upper middle income,IBRD,8.7741,3.7523
3738,GQ,Equatorial Guinea,Forest area (% of land area),2017,88.1818181818182,Sub-Saharan Africa ,Upper middle income,IBRD,8.7741,3.7523
3739,GQ,Equatorial Guinea,Forest area (% of land area),2016,88.4798573975044,Sub-Saharan Africa ,Upper middle income,IBRD,8.7741,3.7523
3740,ER,Eritrea,Forest area (% of land area),2025,,Sub-Saharan Africa ,Low income,IDA,38.9183,15.3315
3741,ER,Eritrea,Forest area (% of land area),2024,,Sub-Saharan Africa ,Low income,IDA,38.9183,15.3315
3742,ER,Eritrea,Forest area (% of land area),2023,8.63010013352237,Sub-Saharan Africa ,Low income,IDA,38.9183,15.3315
3743,ER,Eritrea,Forest area (% of land area),2022,8.65617743125414,Sub-Saharan Africa ,Low income,IDA,38.9183,15.3315
3744,ER,Eritrea,Forest area (% of land area),2021,8.68225472898591,Sub-Saharan Africa ,Low income,IDA,38.9183,15.3315
3745,ER,Eritrea,Forest area (% of land area),2020,8.71821523958664,Sub-Saharan Africa ,Low income,IDA,38.9183,15.3315
3746,ER,Eritrea,Forest area (% of land area),2019,8.74145380877288,Sub-Saharan Africa ,Low income,IDA,38.9183,15.3315
3747,ER,Eritrea,Forest area (% of land area),2018,8.76775721087697,Sub-Saharan Africa ,Low income,IDA,38.9183,15.3315
3748,ER,Eritrea,Forest area (% of land area),2017,8.79432689018704,Sub-Saharan Africa ,Low income,IDA,38.9183,15.3315
3749,ER,Eritrea,Forest area (% of land area),2016,8.81997366660957,Sub-Saharan Africa ,Low income,IDA,38.9183,15.3315
3750,EE,Estonia,Forest area (% of land area),2025,,Europe & Central Asia,High income,Not classified,24.7586,59.4392
3751,EE,Estonia,Forest area (% of land area),2024,,Europe & Central Asia,High income,Not classified,24.7586,59.4392
3752,EE,Estonia,Forest area (% of land area),2023,57.0652937046572,Europe & Central Asia,High income,Not classified,24.7586,59.4392
3753,EE,Estonia,Forest area (% of land area),2022,57.0652937046572,Europe & Central Asia,High income,Not classified,24.7586,59.4392
3754,EE,Estonia,Forest area (% of land area),2021,57.0385964912281,Europe & Central Asia,High income,Not classified,24.7586,59.4392
3755,EE,Estonia,Forest area (% of land area),2020,57.0385964912281,Europe & Central Asia,High income,Not classified,24.7586,59.4392
3756,EE,Estonia,Forest area (% of land area),2019,57.0385964912281,Europe & Central Asia,High income,Not classified,24.7586,59.4392
3757,EE,Estonia,Forest area (% of land area),2018,57.0385964912281,Europe & Central Asia,High income,Not classified,24.7586,59.4392
3758,EE,Estonia,Forest area (% of land area),2017,57.0385964912281,Europe & Central Asia,High income,Not classified,24.7586,59.4392
3759,EE,Estonia,Forest area (% of land area),2016,55.6993328732459,Europe & Central Asia,High income,Not classified,24.7586,59.4392
3760,SZ,Eswatini,Forest area (% of land area),2025,,Sub-Saharan Africa ,Lower middle income,Blend,31.4659,-26.5225
3761,SZ,Eswatini,Forest area (% of land area),2024,,Sub-Saharan Africa ,Lower middle income,Blend,31.4659,-26.5225
3762,SZ,Eswatini,Forest area (% of land area),2023,29.1389534883721,Sub-Saharan Africa ,Lower middle income,Blend,31.4659,-26.5225
3763,SZ,Eswatini,Forest area (% of land area),2022,29.0686046511628,Sub-Saharan Africa ,Lower middle income,Blend,31.4659,-26.5225
3764,SZ,Eswatini,Forest area (% of land area),2021,28.9982558139535,Sub-Saharan Africa ,Lower middle income,Blend,31.4659,-26.5225
3765,SZ,Eswatini,Forest area (% of land area),2020,28.9279069767442,Sub-Saharan Africa ,Lower middle income,Blend,31.4659,-26.5225
3766,SZ,Eswatini,Forest area (% of land area),2019,28.8575581395349,Sub-Saharan Africa ,Lower middle income,Blend,31.4659,-26.5225
3767,SZ,Eswatini,Forest area (% of land area),2018,28.7872093023256,Sub-Saharan Africa ,Lower middle income,Blend,31.4659,-26.5225
3768,SZ,Eswatini,Forest area (% of land area),2017,28.7168604651163,Sub-Saharan Africa ,Lower middle income,Blend,31.4659,-26.5225
3769,SZ,Eswatini,Forest area (% of land area),2016,28.646511627907,Sub-Saharan Africa ,Lower middle income,Blend,31.4659,-26.5225
3770,ET,Ethiopia,Forest area (% of land area),2025,,Sub-Saharan Africa ,Low income,IDA,38.7468,9.02274
3771,ET,Ethiopia,Forest area (% of land area),2024,,Sub-Saharan Africa ,Low income,IDA,38.7468,9.02274
3772,ET,Ethiopia,Forest area (% of land area),2023,14.9308975782695,Sub-Saharan Africa ,Low income,IDA,38.7468,9.02274
3773,ET,Ethiopia,Forest area (% of land area),2022,14.9955852855138,Sub-Saharan Africa ,Low income,IDA,38.7468,9.02274
3774,ET,Ethiopia,Forest area (% of land area),2021,15.0601822445542,Sub-Saharan Africa ,Low income,IDA,38.7468,9.02274
3775,ET,Ethiopia,Forest area (% of land area),2020,15.1239877246579,Sub-Saharan Africa ,Low income,IDA,38.7468,9.02274
3776,ET,Ethiopia,Forest area (% of land area),2019,15.1886779997606,Sub-Saharan Africa ,Low income,IDA,38.7468,9.02274
3777,ET,Ethiopia,Forest area (% of land area),2018,15.2534899740501,Sub-Saharan Africa ,Low income,IDA,38.7468,9.02274
3778,ET,Ethiopia,Forest area (% of land area),2017,15.3182908234333,Sub-Saharan Africa ,Low income,IDA,38.7468,9.02274
3779,ET,Ethiopia,Forest area (% of land area),2016,15.3828977407906,Sub-Saharan Africa ,Low income,IDA,38.7468,9.02274
3780,FO,Faroe Islands,Forest area (% of land area),2025,,Europe & Central Asia,High income,Not classified,-6.91181,61.8926
3781,FO,Faroe Islands,Forest area (% of land area),2024,,Europe & Central Asia,High income,Not classified,-6.91181,61.8926
3782,FO,Faroe Islands,Forest area (% of land area),2023,0.0583941605839416,Europe & Central Asia,High income,Not classified,-6.91181,61.8926
3783,FO,Faroe Islands,Forest area (% of land area),2022,0.0583941605839416,Europe & Central Asia,High income,Not classified,-6.91181,61.8926
3784,FO,Faroe Islands,Forest area (% of land area),2021,0.0583941605839416,Europe & Central Asia,High income,Not classified,-6.91181,61.8926
3785,FO,Faroe Islands,Forest area (% of land area),2020,0.0585651537335286,Europe & Central Asia,High income,Not classified,-6.91181,61.8926
3786,FO,Faroe Islands,Forest area (% of land area),2019,0.0573065902578797,Europe & Central Asia,High income,Not classified,-6.91181,61.8926
3787,FO,Faroe Islands,Forest area (% of land area),2018,0.0573065902578797,Europe & Central Asia,High income,Not classified,-6.91181,61.8926
3788,FO,Faroe Islands,Forest area (% of land area),2017,0.0573065902578797,Europe & Central Asia,High income,Not classified,-6.91181,61.8926
3789,FO,Faroe Islands,Forest area (% of land area),2016,0.0573065902578797,Europe & Central Asia,High income,Not classified,-6.91181,61.8926
3790,FJ,Fiji,Forest area (% of land area),2025,,East Asia & Pacific,Upper middle income,Blend,178.399,-18.1149
3791,FJ,Fiji,Forest area (% of land area),2024,,East Asia & Pacific,Upper middle income,Blend,178.399,-18.1149
3792,FJ,Fiji,Forest area (% of land area),2023,63.4953475643131,East Asia & Pacific,Upper middle income,Blend,178.399,-18.1149
3793,FJ,Fiji,Forest area (% of land area),2022,63.1297208538588,East Asia & Pacific,Upper middle income,Blend,178.399,-18.1149
3794,FJ,Fiji,Forest area (% of land area),2021,62.7640941434045,East Asia & Pacific,Upper middle income,Blend,178.399,-18.1149
3795,FJ,Fiji,Forest area (% of land area),2020,62.3984674329502,East Asia & Pacific,Upper middle income,Blend,178.399,-18.1149
3796,FJ,Fiji,Forest area (% of land area),2019,62.0328407224959,East Asia & Pacific,Upper middle income,Blend,178.399,-18.1149
3797,FJ,Fiji,Forest area (% of land area),2018,61.6672140120416,East Asia & Pacific,Upper middle income,Blend,178.399,-18.1149
3798,FJ,Fiji,Forest area (% of land area),2017,61.3015873015873,East Asia & Pacific,Upper middle income,Blend,178.399,-18.1149
3799,FJ,Fiji,Forest area (% of land area),2016,60.935960591133,East Asia & Pacific,Upper middle income,Blend,178.399,-18.1149
3800,FI,Finland,Forest area (% of land area),2025,,Europe & Central Asia,High income,Not classified,24.9525,60.1608
3801,FI,Finland,Forest area (% of land area),2024,,Europe & Central Asia,High income,Not classified,24.9525,60.1608
3802,FI,Finland,Forest area (% of land area),2023,73.7235162521384,Europe & Central Asia,High income,Not classified,24.9525,60.1608
3803,FI,Finland,Forest area (% of land area),2022,73.7264996576714,Europe & Central Asia,High income,Not classified,24.9525,60.1608
3804,FI,Finland,Forest area (% of land area),2021,73.7264996576714,Europe & Central Asia,High income,Not classified,24.9525,60.1608
3805,FI,Finland,Forest area (% of land area),2020,73.7283674409423,Europe & Central Asia,High income,Not classified,24.9525,60.1608
3806,FI,Finland,Forest area (% of land area),2019,73.7307932747672,Europe & Central Asia,High income,Not classified,24.9525,60.1608
3807,FI,Finland,Forest area (% of land area),2018,73.7332192682285,Europe & Central Asia,High income,Not classified,24.9525,60.1608
3808,FI,Finland,Forest area (% of land area),2017,73.7332192682285,Europe & Central Asia,High income,Not classified,24.9525,60.1608
3809,FI,Finland,Forest area (% of land area),2016,73.7356454213418,Europe & Central Asia,High income,Not classified,24.9525,60.1608
3810,FR,France,Forest area (% of land area),2025,,Europe & Central Asia,High income,Not classified,2.35097,48.8566
3811,FR,France,Forest area (% of land area),2024,,Europe & Central Asia,High income,Not classified,2.35097,48.8566
3812,FR,France,Forest area (% of land area),2023,32.4764820484275,Europe & Central Asia,High income,Not classified,2.35097,48.8566
3813,FR,France,Forest area (% of land area),2022,32.32173671027,Europe & Central Asia,High income,Not classified,2.35097,48.8566
3814,FR,France,Forest area (% of land area),2021,32.1669913721124,Europe & Central Asia,High income,Not classified,2.35097,48.8566
3815,FR,France,Forest area (% of land area),2020,32.0122460339549,Europe & Central Asia,High income,Not classified,2.35097,48.8566
3816,FR,France,Forest area (% of land area),2019,31.8575006957974,Europe & Central Asia,High income,Not classified,2.35097,48.8566
3817,FR,France,Forest area (% of land area),2018,31.7027553576399,Europe & Central Asia,High income,Not classified,2.35097,48.8566
3818,FR,France,Forest area (% of land area),2017,31.5480100194823,Europe & Central Asia,High income,Not classified,2.35097,48.8566
3819,FR,France,Forest area (% of land area),2016,31.3932646813248,Europe & Central Asia,High income,Not classified,2.35097,48.8566
3820,PF,French Polynesia,Forest area (% of land area),2025,,East Asia & Pacific,High income,Not classified,-149.57,-17.535
3821,PF,French Polynesia,Forest area (% of land area),2024,,East Asia & Pacific,High income,Not classified,-149.57,-17.535
3822,PF,French Polynesia,Forest area (% of land area),2023,43.0596369922213,East Asia & Pacific,High income,Not classified,-149.57,-17.535
3823,PF,French Polynesia,Forest area (% of land area),2022,43.0596369922213,East Asia & Pacific,High income,Not classified,-149.57,-17.535
3824,PF,French Polynesia,Forest area (% of land area),2021,43.0596369922213,East Asia & Pacific,High income,Not classified,-149.57,-17.535
3825,PF,French Polynesia,Forest area (% of land area),2020,43.0596369922213,East Asia & Pacific,High income,Not classified,-149.57,-17.535
3826,PF,French Polynesia,Forest area (% of land area),2019,43.0596369922213,East Asia & Pacific,High income,Not classified,-149.57,-17.535
3827,PF,French Polynesia,Forest area (% of land area),2018,43.0596369922213,East Asia & Pacific,High income,Not classified,-149.57,-17.535
3828,PF,French Polynesia,Forest area (% of land area),2017,43.0596369922213,East Asia & Pacific,High income,Not classified,-149.57,-17.535
3829,PF,French Polynesia,Forest area (% of land area),2016,43.0596369922213,East Asia & Pacific,High income,Not classified,-149.57,-17.535
3830,GA,Gabon,Forest area (% of land area),2025,,Sub-Saharan Africa ,Upper middle income,IBRD,9.45162,0.38832
3831,GA,Gabon,Forest area (% of land area),2024,,Sub-Saharan Africa ,Upper middle income,IBRD,9.45162,0.38832
3832,GA,Gabon,Forest area (% of land area),2023,91.1823650405558,Sub-Saharan Africa ,Upper middle income,IBRD,9.45162,0.38832
3833,GA,Gabon,Forest area (% of land area),2022,91.228470524314,Sub-Saharan Africa ,Upper middle income,IBRD,9.45162,0.38832
3834,GA,Gabon,Forest area (% of land area),2021,91.2745760080723,Sub-Saharan Africa ,Upper middle income,IBRD,9.45162,0.38832
3835,GA,Gabon,Forest area (% of land area),2020,91.3206814918306,Sub-Saharan Africa ,Upper middle income,IBRD,9.45162,0.38832
3836,GA,Gabon,Forest area (% of land area),2019,91.3667869755889,Sub-Saharan Africa ,Upper middle income,IBRD,9.45162,0.38832
3837,GA,Gabon,Forest area (% of land area),2018,91.4128924593472,Sub-Saharan Africa ,Upper middle income,IBRD,9.45162,0.38832
3838,GA,Gabon,Forest area (% of land area),2017,91.4589979431055,Sub-Saharan Africa ,Upper middle income,IBRD,9.45162,0.38832
3839,GA,Gabon,Forest area (% of land area),2016,91.5051034268638,Sub-Saharan Africa ,Upper middle income,IBRD,9.45162,0.38832
3840,GM,"Gambia, The",Forest area (% of land area),2025,,Sub-Saharan Africa ,Low income,IDA,-16.5885,13.4495
3841,GM,"Gambia, The",Forest area (% of land area),2024,,Sub-Saharan Africa ,Low income,IDA,-16.5885,13.4495
3842,GM,"Gambia, The",Forest area (% of land area),2023,22.2792391304348,Sub-Saharan Africa ,Low income,IDA,-16.5885,13.4495
3843,GM,"Gambia, The",Forest area (% of land area),2022,22.8459584980237,Sub-Saharan Africa ,Low income,IDA,-16.5885,13.4495
3844,GM,"Gambia, The",Forest area (% of land area),2021,23.4123814229249,Sub-Saharan Africa ,Low income,IDA,-16.5885,13.4495
3845,GM,"Gambia, The",Forest area (% of land area),2020,23.9792490118577,Sub-Saharan Africa ,Low income,IDA,-16.5885,13.4495
3846,GM,"Gambia, The",Forest area (% of land area),2019,24.5454545454545,Sub-Saharan Africa ,Low income,IDA,-16.5885,13.4495
3847,GM,"Gambia, The",Forest area (% of land area),2018,25.1126482213439,Sub-Saharan Africa ,Low income,IDA,-16.5885,13.4495
3848,GM,"Gambia, The",Forest area (% of land area),2017,25.6788537549407,Sub-Saharan Africa ,Low income,IDA,-16.5885,13.4495
3849,GM,"Gambia, The",Forest area (% of land area),2016,26.2450592885375,Sub-Saharan Africa ,Low income,IDA,-16.5885,13.4495
3850,GE,Georgia,Forest area (% of land area),2025,,Europe & Central Asia,Upper middle income,IBRD,44.793,41.71
3851,GE,Georgia,Forest area (% of land area),2024,,Europe & Central Asia,Upper middle income,IBRD,44.793,41.71
3852,GE,Georgia,Forest area (% of land area),2023,40.6159159591308,Europe & Central Asia,Upper middle income,IBRD,44.793,41.71
3853,GE,Georgia,Forest area (% of land area),2022,40.6159159591308,Europe & Central Asia,Upper middle income,IBRD,44.793,41.71
3854,GE,Georgia,Forest area (% of land area),2021,40.6159159591308,Europe & Central Asia,Upper middle income,IBRD,44.793,41.71
3855,GE,Georgia,Forest area (% of land area),2020,40.6159159591308,Europe & Central Asia,Upper middle income,IBRD,44.793,41.71
3856,GE,Georgia,Forest area (% of land area),2019,40.6159159591308,Europe & Central Asia,Upper middle income,IBRD,44.793,41.71
3857,GE,Georgia,Forest area (% of land area),2018,40.6159159591308,Europe & Central Asia,Upper middle income,IBRD,44.793,41.71
3858,GE,Georgia,Forest area (% of land area),2017,40.6159159591308,Europe & Central Asia,Upper middle income,IBRD,44.793,41.71
3859,GE,Georgia,Forest area (% of land area),2016,40.6159159591308,Europe & Central Asia,Upper middle income,IBRD,44.793,41.71
3860,DE,Germany,Forest area (% of land area),2025,,Europe & Central Asia,High income,Not classified,13.4115,52.5235
3861,DE,Germany,Forest area (% of land area),2024,,Europe & Central Asia,High income,Not classified,13.4115,52.5235
3862,DE,Germany,Forest area (% of land area),2023,32.6789342643734,Europe & Central Asia,High income,Not classified,13.4115,52.5235
3863,DE,Germany,Forest area (% of land area),2022,32.685482024273,Europe & Central Asia,High income,Not classified,13.4115,52.5235
3864,DE,Germany,Forest area (% of land area),2021,32.6826755201923,Europe & Central Asia,High income,Not classified,13.4115,52.5235
3865,DE,Germany,Forest area (% of land area),2020,32.6826755201923,Europe & Central Asia,High income,Not classified,13.4115,52.5235
3866,DE,Germany,Forest area (% of land area),2019,32.6826755201923,Europe & Central Asia,High income,Not classified,13.4115,52.5235
3867,DE,Germany,Forest area (% of land area),2018,32.6836109680005,Europe & Central Asia,High income,Not classified,13.4115,52.5235
3868,DE,Germany,Forest area (% of land area),2017,32.6845464693591,Europe & Central Asia,High income,Not classified,13.4115,52.5235
3869,DE,Germany,Forest area (% of land area),2016,32.685482024273,Europe & Central Asia,High income,Not classified,13.4115,52.5235
3870,GH,Ghana,Forest area (% of land area),2025,,Sub-Saharan Africa ,Lower middle income,IDA,-0.20795,5.57045
3871,GH,Ghana,Forest area (% of land area),2024,,Sub-Saharan Africa ,Lower middle income,IDA,-0.20795,5.57045
3872,GH,Ghana,Forest area (% of land area),2023,35.1921958573042,Sub-Saharan Africa ,Lower middle income,IDA,-0.20795,5.57045
3873,GH,Ghana,Forest area (% of land area),2022,35.1604431005612,Sub-Saharan Africa ,Lower middle income,IDA,-0.20795,5.57045
3874,GH,Ghana,Forest area (% of land area),2021,35.1286771589176,Sub-Saharan Africa ,Lower middle income,IDA,-0.20795,5.57045
3875,GH,Ghana,Forest area (% of land area),2020,35.0973937502747,Sub-Saharan Africa ,Lower middle income,IDA,-0.20795,5.57045
3876,GH,Ghana,Forest area (% of land area),2019,35.0651553840542,Sub-Saharan Africa ,Lower middle income,IDA,-0.20795,5.57045
3877,GH,Ghana,Forest area (% of land area),2018,35.0323459611497,Sub-Saharan Africa ,Lower middle income,IDA,-0.20795,5.57045
3878,GH,Ghana,Forest area (% of land area),2017,35.0006152764349,Sub-Saharan Africa ,Lower middle income,IDA,-0.20795,5.57045
3879,GH,Ghana,Forest area (% of land area),2016,34.8169113122967,Sub-Saharan Africa ,Lower middle income,IDA,-0.20795,5.57045
3880,GI,Gibraltar,Forest area (% of land area),2025,,Europe & Central Asia,High income,Not classified,,
3881,GI,Gibraltar,Forest area (% of land area),2024,,Europe & Central Asia,High income,Not classified,,
3882,GI,Gibraltar,Forest area (% of land area),2023,0.0,Europe & Central Asia,High income,Not classified,,
3883,GI,Gibraltar,Forest area (% of land area),2022,0.0,Europe & Central Asia,High income,Not classified,,
3884,GI,Gibraltar,Forest area (% of land area),2021,0.0,Europe & Central Asia,High income,Not classified,,
3885,GI,Gibraltar,Forest area (% of land area),2020,0.0,Europe & Central Asia,High income,Not classified,,
3886,GI,Gibraltar,Forest area (% of land area),2019,0.0,Europe & Central Asia,High income,Not classified,,
3887,GI,Gibraltar,Forest area (% of land area),2018,0.0,Europe & Central Asia,High income,Not classified,,
3888,GI,Gibraltar,Forest area (% of land area),2017,0.0,Europe & Central Asia,High income,Not classified,,
3889,GI,Gibraltar,Forest area (% of land area),2016,0.0,Europe & Central Asia,High income,Not classified,,
3890,GR,Greece,Forest area (% of land area),2025,,Europe & Central Asia,High income,Not classified,23.7166,37.9792
3891,GR,Greece,Forest area (% of land area),2024,,Europe & Central Asia,High income,Not classified,23.7166,37.9792
3892,GR,Greece,Forest area (% of land area),2023,30.2699767261443,Europe & Central Asia,High income,Not classified,23.7166,37.9792
3893,GR,Greece,Forest area (% of land area),2022,30.2699767261443,Europe & Central Asia,High income,Not classified,23.7166,37.9792
3894,GR,Greece,Forest area (% of land area),2021,30.2699767261443,Europe & Central Asia,High income,Not classified,23.7166,37.9792
3895,GR,Greece,Forest area (% of land area),2020,30.2699767261443,Europe & Central Asia,High income,Not classified,23.7166,37.9792
3896,GR,Greece,Forest area (% of land area),2019,30.2699767261443,Europe & Central Asia,High income,Not classified,23.7166,37.9792
3897,GR,Greece,Forest area (% of land area),2018,30.2699767261443,Europe & Central Asia,High income,Not classified,23.7166,37.9792
3898,GR,Greece,Forest area (% of land area),2017,30.2699767261443,Europe & Central Asia,High income,Not classified,23.7166,37.9792
3899,GR,Greece,Forest area (% of land area),2016,30.2699767261443,Europe & Central Asia,High income,Not classified,23.7166,37.9792
3900,GL,Greenland,Forest area (% of land area),2025,,Europe & Central Asia,High income,Not classified,-51.7214,64.1836
3901,GL,Greenland,Forest area (% of land area),2024,,Europe & Central Asia,High income,Not classified,-51.7214,64.1836
3902,GL,Greenland,Forest area (% of land area),2023,0.000535997076379583,Europe & Central Asia,High income,Not classified,-51.7214,64.1836
3903,GL,Greenland,Forest area (% of land area),2022,0.000535997076379583,Europe & Central Asia,High income,Not classified,-51.7214,64.1836
3904,GL,Greenland,Forest area (% of land area),2021,0.000535997076379583,Europe & Central Asia,High income,Not classified,-51.7214,64.1836
3905,GL,Greenland,Forest area (% of land area),2020,0.000535997076379583,Europe & Central Asia,High income,Not classified,-51.7214,64.1836
3906,GL,Greenland,Forest area (% of land area),2019,0.000535997076379583,Europe & Central Asia,High income,Not classified,-51.7214,64.1836
3907,GL,Greenland,Forest area (% of land area),2018,0.000535997076379583,Europe & Central Asia,High income,Not classified,-51.7214,64.1836
3908,GL,Greenland,Forest area (% of land area),2017,0.000535997076379583,Europe & Central Asia,High income,Not classified,-51.7214,64.1836
3909,GL,Greenland,Forest area (% of land area),2016,0.000535997076379583,Europe & Central Asia,High income,Not classified,-51.7214,64.1836
3910,GD,Grenada,Forest area (% of land area),2025,,Latin America & Caribbean ,Upper middle income,Blend,-61.7449,12.0653
3911,GD,Grenada,Forest area (% of land area),2024,,Latin America & Caribbean ,Upper middle income,Blend,-61.7449,12.0653
3912,GD,Grenada,Forest area (% of land area),2023,52.0588235294118,Latin America & Caribbean ,Upper middle income,Blend,-61.7449,12.0653
3913,GD,Grenada,Forest area (% of land area),2022,52.0588235294118,Latin America & Caribbean ,Upper middle income,Blend,-61.7449,12.0653
3914,GD,Grenada,Forest area (% of land area),2021,52.0588235294118,Latin America & Caribbean ,Upper middle income,Blend,-61.7449,12.0653
3915,GD,Grenada,Forest area (% of land area),2020,52.0588235294118,Latin America & Caribbean ,Upper middle income,Blend,-61.7449,12.0653
3916,GD,Grenada,Forest area (% of land area),2019,52.0588235294118,Latin America & Caribbean ,Upper middle income,Blend,-61.7449,12.0653
3917,GD,Grenada,Forest area (% of land area),2018,52.0588235294118,Latin America & Caribbean ,Upper middle income,Blend,-61.7449,12.0653
3918,GD,Grenada,Forest area (% of land area),2017,52.0588235294118,Latin America & Caribbean ,Upper middle income,Blend,-61.7449,12.0653
3919,GD,Grenada,Forest area (% of land area),2016,52.0588235294118,Latin America & Caribbean ,Upper middle income,Blend,-61.7449,12.0653
3920,GU,Guam,Forest area (% of land area),2025,,East Asia & Pacific,High income,Not classified,144.794,13.4443
3921,GU,Guam,Forest area (% of land area),2024,,East Asia & Pacific,High income,Not classified,144.794,13.4443
3922,GU,Guam,Forest area (% of land area),2023,51.8518518518518,East Asia & Pacific,High income,Not classified,144.794,13.4443
3923,GU,Guam,Forest area (% of land area),2022,51.8518518518518,East Asia & Pacific,High income,Not classified,144.794,13.4443
3924,GU,Guam,Forest area (% of land area),2021,51.8518518518518,East Asia & Pacific,High income,Not classified,144.794,13.4443
3925,GU,Guam,Forest area (% of land area),2020,51.8518518518518,East Asia & Pacific,High income,Not classified,144.794,13.4443
3926,GU,Guam,Forest area (% of land area),2019,51.8518518518518,East Asia & Pacific,High income,Not classified,144.794,13.4443
3927,GU,Guam,Forest area (% of land area),2018,51.8518518518518,East Asia & Pacific,High income,Not classified,144.794,13.4443
3928,GU,Guam,Forest area (% of land area),2017,51.8518518518518,East Asia & Pacific,High income,Not classified,144.794,13.4443
3929,GU,Guam,Forest area (% of land area),2016,51.8518518518518,East Asia & Pacific,High income,Not classified,144.794,13.4443
3930,GT,Guatemala,Forest area (% of land area),2025,,Latin America & Caribbean ,Upper middle income,IBRD,-90.5328,14.6248
3931,GT,Guatemala,Forest area (% of land area),2024,,Latin America & Caribbean ,Upper middle income,IBRD,-90.5328,14.6248
3932,GT,Guatemala,Forest area (% of land area),2023,32.5961179544606,Latin America & Caribbean ,Upper middle income,IBRD,-90.5328,14.6248
3933,GT,Guatemala,Forest area (% of land area),2022,32.7043673012318,Latin America & Caribbean ,Upper middle income,IBRD,-90.5328,14.6248
3934,GT,Guatemala,Forest area (% of land area),2021,32.812616648003,Latin America & Caribbean ,Upper middle income,IBRD,-90.5328,14.6248
3935,GT,Guatemala,Forest area (% of land area),2020,32.9208659947742,Latin America & Caribbean ,Upper middle income,IBRD,-90.5328,14.6248
3936,GT,Guatemala,Forest area (% of land area),2019,33.0291153415453,Latin America & Caribbean ,Upper middle income,IBRD,-90.5328,14.6248
3937,GT,Guatemala,Forest area (% of land area),2018,33.1373646883165,Latin America & Caribbean ,Upper middle income,IBRD,-90.5328,14.6248
3938,GT,Guatemala,Forest area (% of land area),2017,33.2456140350877,Latin America & Caribbean ,Upper middle income,IBRD,-90.5328,14.6248
3939,GT,Guatemala,Forest area (% of land area),2016,33.3538633818589,Latin America & Caribbean ,Upper middle income,IBRD,-90.5328,14.6248
3940,GN,Guinea,Forest area (% of land area),2025,,Sub-Saharan Africa ,Lower middle income,IDA,-13.7,9.51667
3941,GN,Guinea,Forest area (% of land area),2024,,Sub-Saharan Africa ,Lower middle income,IDA,-13.7,9.51667
3942,GN,Guinea,Forest area (% of land area),2023,24.6988442129253,Sub-Saharan Africa ,Lower middle income,IDA,-13.7,9.51667
3943,GN,Guinea,Forest area (% of land area),2022,24.8616311248576,Sub-Saharan Africa ,Lower middle income,IDA,-13.7,9.51667
3944,GN,Guinea,Forest area (% of land area),2021,25.0244180367898,Sub-Saharan Africa ,Lower middle income,IDA,-13.7,9.51667
3945,GN,Guinea,Forest area (% of land area),2020,25.1872049487221,Sub-Saharan Africa ,Lower middle income,IDA,-13.7,9.51667
3946,GN,Guinea,Forest area (% of land area),2019,25.3499918606544,Sub-Saharan Africa ,Lower middle income,IDA,-13.7,9.51667
3947,GN,Guinea,Forest area (% of land area),2018,25.5127787725867,Sub-Saharan Africa ,Lower middle income,IDA,-13.7,9.51667
3948,GN,Guinea,Forest area (% of land area),2017,25.675565684519,Sub-Saharan Africa ,Lower middle income,IDA,-13.7,9.51667
3949,GN,Guinea,Forest area (% of land area),2016,25.8383525964512,Sub-Saharan Africa ,Lower middle income,IDA,-13.7,9.51667
3950,GW,Guinea-Bissau,Forest area (% of land area),2025,,Sub-Saharan Africa ,Low income,IDA,-15.1804,11.8037
3951,GW,Guinea-Bissau,Forest area (% of land area),2024,,Sub-Saharan Africa ,Low income,IDA,-15.1804,11.8037
3952,GW,Guinea-Bissau,Forest area (% of land area),2023,69.5124466571835,Sub-Saharan Africa ,Low income,IDA,-15.1804,11.8037
3953,GW,Guinea-Bissau,Forest area (% of land area),2022,69.8125889046942,Sub-Saharan Africa ,Low income,IDA,-15.1804,11.8037
3954,GW,Guinea-Bissau,Forest area (% of land area),2021,70.1127311522048,Sub-Saharan Africa ,Low income,IDA,-15.1804,11.8037
3955,GW,Guinea-Bissau,Forest area (% of land area),2020,70.4128733997155,Sub-Saharan Africa ,Low income,IDA,-15.1804,11.8037
3956,GW,Guinea-Bissau,Forest area (% of land area),2019,70.7130156472262,Sub-Saharan Africa ,Low income,IDA,-15.1804,11.8037
3957,GW,Guinea-Bissau,Forest area (% of land area),2018,71.0131578947368,Sub-Saharan Africa ,Low income,IDA,-15.1804,11.8037
3958,GW,Guinea-Bissau,Forest area (% of land area),2017,71.3133001422475,Sub-Saharan Africa ,Low income,IDA,-15.1804,11.8037
3959,GW,Guinea-Bissau,Forest area (% of land area),2016,71.6134423897582,Sub-Saharan Africa ,Low income,IDA,-15.1804,11.8037
3960,GY,Guyana,Forest area (% of land area),2025,,Latin America & Caribbean ,High income,IDA,-58.1548,6.80461
3961,GY,Guyana,Forest area (% of land area),2024,,Latin America & Caribbean ,High income,IDA,-58.1548,6.80461
3962,GY,Guyana,Forest area (% of land area),2023,87.0878369802027,Latin America & Caribbean ,High income,IDA,-58.1548,6.80461
3963,GY,Guyana,Forest area (% of land area),2022,87.1314345931609,Latin America & Caribbean ,High income,IDA,-58.1548,6.80461
3964,GY,Guyana,Forest area (% of land area),2021,87.1750179975372,Latin America & Caribbean ,High income,IDA,-58.1548,6.80461
3965,GY,Guyana,Forest area (% of land area),2020,87.2186227147864,Latin America & Caribbean ,High income,IDA,-58.1548,6.80461
3966,GY,Guyana,Forest area (% of land area),2019,93.5968503937008,Latin America & Caribbean ,High income,IDA,-58.1548,6.80461
3967,GY,Guyana,Forest area (% of land area),2018,93.6436372872746,Latin America & Caribbean ,High income,IDA,-58.1548,6.80461
3968,GY,Guyana,Forest area (% of land area),2017,93.6903733807468,Latin America & Caribbean ,High income,IDA,-58.1548,6.80461
3969,GY,Guyana,Forest area (% of land area),2016,93.7371602743206,Latin America & Caribbean ,High income,IDA,-58.1548,6.80461
3970,HT,Haiti,Forest area (% of land area),2025,,Latin America & Caribbean ,Lower middle income,IDA,-72.3288,18.5392
3971,HT,Haiti,Forest area (% of land area),2024,,Latin America & Caribbean ,Lower middle income,IDA,-72.3288,18.5392
3972,HT,Haiti,Forest area (% of land area),2023,12.2630624092888,Latin America & Caribbean ,Lower middle income,IDA,-72.3288,18.5392
3973,HT,Haiti,Forest area (% of land area),2022,12.3759071117562,Latin America & Caribbean ,Lower middle income,IDA,-72.3288,18.5392
3974,HT,Haiti,Forest area (% of land area),2021,12.4887518142235,Latin America & Caribbean ,Lower middle income,IDA,-72.3288,18.5392
3975,HT,Haiti,Forest area (% of land area),2020,12.6015965166909,Latin America & Caribbean ,Lower middle income,IDA,-72.3288,18.5392
3976,HT,Haiti,Forest area (% of land area),2019,12.7144412191582,Latin America & Caribbean ,Lower middle income,IDA,-72.3288,18.5392
3977,HT,Haiti,Forest area (% of land area),2018,12.8272859216255,Latin America & Caribbean ,Lower middle income,IDA,-72.3288,18.5392
3978,HT,Haiti,Forest area (% of land area),2017,12.9401306240929,Latin America & Caribbean ,Lower middle income,IDA,-72.3288,18.5392
3979,HT,Haiti,Forest area (% of land area),2016,13.0529753265602,Latin America & Caribbean ,Lower middle income,IDA,-72.3288,18.5392
3980,HN,Honduras,Forest area (% of land area),2025,,Latin America & Caribbean ,Lower middle income,IDA,-87.4667,15.1333
3981,HN,Honduras,Forest area (% of land area),2024,,Latin America & Caribbean ,Lower middle income,IDA,-87.4667,15.1333
3982,HN,Honduras,Forest area (% of land area),2023,56.2732147645008,Latin America & Caribbean ,Lower middle income,IDA,-87.4667,15.1333
3983,HN,Honduras,Forest area (% of land area),2022,56.4604522298686,Latin America & Caribbean ,Lower middle income,IDA,-87.4667,15.1333
3984,HN,Honduras,Forest area (% of land area),2021,56.6476896952364,Latin America & Caribbean ,Lower middle income,IDA,-87.4667,15.1333
3985,HN,Honduras,Forest area (% of land area),2020,56.8349271606042,Latin America & Caribbean ,Lower middle income,IDA,-87.4667,15.1333
3986,HN,Honduras,Forest area (% of land area),2019,57.0221646259719,Latin America & Caribbean ,Lower middle income,IDA,-87.4667,15.1333
3987,HN,Honduras,Forest area (% of land area),2018,57.2094020913397,Latin America & Caribbean ,Lower middle income,IDA,-87.4667,15.1333
3988,HN,Honduras,Forest area (% of land area),2017,57.3966395567075,Latin America & Caribbean ,Lower middle income,IDA,-87.4667,15.1333
3989,HN,Honduras,Forest area (% of land area),2016,57.5837876485834,Latin America & Caribbean ,Lower middle income,IDA,-87.4667,15.1333
3990,HK,"Hong Kong SAR, China",Forest area (% of land area),2025,,East Asia & Pacific,High income,Not classified,114.109,22.3964
3991,HK,"Hong Kong SAR, China",Forest area (% of land area),2024,,East Asia & Pacific,High income,Not classified,114.109,22.3964
3992,HK,"Hong Kong SAR, China",Forest area (% of land area),2023,,East Asia & Pacific,High income,Not classified,114.109,22.3964
3993,HK,"Hong Kong SAR, China",Forest area (% of land area),2022,,East Asia & Pacific,High income,Not classified,114.109,22.3964
3994,HK,"Hong Kong SAR, China",Forest area (% of land area),2021,,East Asia & Pacific,High income,Not classified,114.109,22.3964
3995,HK,"Hong Kong SAR, China",Forest area (% of land area),2020,,East Asia & Pacific,High income,Not classified,114.109,22.3964
3996,HK,"Hong Kong SAR, China",Forest area (% of land area),2019,,East Asia & Pacific,High income,Not classified,114.109,22.3964
3997,HK,"Hong Kong SAR, China",Forest area (% of land area),2018,,East Asia & Pacific,High income,Not classified,114.109,22.3964
3998,HK,"Hong Kong SAR, China",Forest area (% of land area),2017,,East Asia & Pacific,High income,Not classified,114.109,22.3964
3999,HK,"Hong Kong SAR, China",Forest area (% of land area),2016,,East Asia & Pacific,High income,Not classified,114.109,22.3964
4000,HU,Hungary,Forest area (% of land area),2025,,Europe & Central Asia,High income,Not classified,19.0408,47.4984
4001,HU,Hungary,Forest area (% of land area),2024,,Europe & Central Asia,High income,Not classified,19.0408,47.4984
4002,HU,Hungary,Forest area (% of land area),2023,22.4484341442034,Europe & Central Asia,High income,Not classified,19.0408,47.4984
4003,HU,Hungary,Forest area (% of land area),2022,22.4643754109139,Europe & Central Asia,High income,Not classified,19.0408,47.4984
4004,HU,Hungary,Forest area (% of land area),2021,22.4803495507342,Europe & Central Asia,High income,Not classified,19.0408,47.4984
4005,HU,Hungary,Forest area (% of land area),2020,22.4962743808898,Europe & Central Asia,High income,Not classified,19.0408,47.4984
4006,HU,Hungary,Forest area (% of land area),2019,22.5122726276572,Europe & Central Asia,High income,Not classified,19.0408,47.4984
4007,HU,Hungary,Forest area (% of land area),2018,22.5281612973921,Europe & Central Asia,High income,Not classified,19.0408,47.4984
4008,HU,Hungary,Forest area (% of land area),2017,22.5429541968004,Europe & Central Asia,High income,Not classified,19.0408,47.4984
4009,HU,Hungary,Forest area (% of land area),2016,22.5589524435678,Europe & Central Asia,High income,Not classified,19.0408,47.4984
4010,IS,Iceland,Forest area (% of land area),2025,,Europe & Central Asia,High income,Not classified,-21.8952,64.1353
4011,IS,Iceland,Forest area (% of land area),2024,,Europe & Central Asia,High income,Not classified,-21.8952,64.1353
4012,IS,Iceland,Forest area (% of land area),2023,0.528744421303184,Europe & Central Asia,High income,Not classified,-21.8952,64.1353
4013,IS,Iceland,Forest area (% of land area),2022,0.522265198849549,Europe & Central Asia,High income,Not classified,-21.8952,64.1353
4014,IS,Iceland,Forest area (% of land area),2021,0.515719527918278,Europe & Central Asia,High income,Not classified,-21.8952,64.1353
4015,IS,Iceland,Forest area (% of land area),2020,0.5092730338193,Europe & Central Asia,High income,Not classified,-21.8952,64.1353
4016,IS,Iceland,Forest area (% of land area),2019,0.502727362888029,Europe & Central Asia,High income,Not classified,-21.8952,64.1353
4017,IS,Iceland,Forest area (% of land area),2018,0.496280868789051,Europe & Central Asia,High income,Not classified,-21.8952,64.1353
4018,IS,Iceland,Forest area (% of land area),2017,0.492568578553616,Europe & Central Asia,High income,Not classified,-21.8952,64.1353
4019,IS,Iceland,Forest area (% of land area),2016,0.485386533665835,Europe & Central Asia,High income,Not classified,-21.8952,64.1353
4020,IN,India,Forest area (% of land area),2025,,South Asia,Lower middle income,IBRD,77.225,28.6353
4021,IN,India,Forest area (% of land area),2024,,South Asia,Lower middle income,IBRD,77.225,28.6353
4022,IN,India,Forest area (% of land area),2023,24.5390304689576,South Asia,Lower middle income,IBRD,77.225,28.6353
4023,IN,India,Forest area (% of land area),2022,24.4494970049005,South Asia,Lower middle income,IBRD,77.225,28.6353
4024,IN,India,Forest area (% of land area),2021,24.3596944695764,South Asia,Lower middle income,IBRD,77.225,28.6353
4025,IN,India,Forest area (% of land area),2020,24.270228273336,South Asia,Lower middle income,IBRD,77.225,28.6353
4026,IN,India,Forest area (% of land area),2019,24.1807620770956,South Asia,Lower middle income,IBRD,77.225,28.6353
4027,IN,India,Forest area (% of land area),2018,24.0909595417716,South Asia,Lower middle income,IBRD,77.225,28.6353
4028,IN,India,Forest area (% of land area),2017,24.0014933455312,South Asia,Lower middle income,IBRD,77.225,28.6353
4029,IN,India,Forest area (% of land area),2016,23.9116908102072,South Asia,Lower middle income,IBRD,77.225,28.6353
4030,ID,Indonesia,Forest area (% of land area),2025,,East Asia & Pacific,Upper middle income,IBRD,106.83,-6.19752
4031,ID,Indonesia,Forest area (% of land area),2024,,East Asia & Pacific,Upper middle income,IBRD,106.83,-6.19752
4032,ID,Indonesia,Forest area (% of land area),2023,47.7220336902463,East Asia & Pacific,Upper middle income,IBRD,106.83,-6.19752
4033,ID,Indonesia,Forest area (% of land area),2022,48.0419900717626,East Asia & Pacific,Upper middle income,IBRD,106.83,-6.19752
4034,ID,Indonesia,Forest area (% of land area),2021,48.3619448681206,East Asia & Pacific,Upper middle income,IBRD,106.83,-6.19752
4035,ID,Indonesia,Forest area (% of land area),2020,49.0717803654717,East Asia & Pacific,Upper middle income,IBRD,106.83,-6.19752
4036,ID,Indonesia,Forest area (% of land area),2019,49.3942964092507,East Asia & Pacific,Upper middle income,IBRD,106.83,-6.19752
4037,ID,Indonesia,Forest area (% of land area),2018,49.7168177792076,East Asia & Pacific,Upper middle income,IBRD,106.83,-6.19752
4038,ID,Indonesia,Forest area (% of land area),2017,50.0393338229866,East Asia & Pacific,Upper middle income,IBRD,106.83,-6.19752
4039,ID,Indonesia,Forest area (% of land area),2016,50.7434545269582,East Asia & Pacific,Upper middle income,IBRD,106.83,-6.19752
4040,IR,"Iran, Islamic Rep.",Forest area (% of land area),2025,,"Middle East, North Africa, Afghanistan & Pakistan",Upper middle income,IBRD,51.4447,35.6878
4041,IR,"Iran, Islamic Rep.",Forest area (% of land area),2024,,"Middle East, North Africa, Afghanistan & Pakistan",Upper middle income,IBRD,51.4447,35.6878
4042,IR,"Iran, Islamic Rep.",Forest area (% of land area),2023,6.64923611710324,"Middle East, North Africa, Afghanistan & Pakistan",Upper middle income,IBRD,51.4447,35.6878
4043,IR,"Iran, Islamic Rep.",Forest area (% of land area),2022,6.64160246533128,"Middle East, North Africa, Afghanistan & Pakistan",Upper middle income,IBRD,51.4447,35.6878
4044,IR,"Iran, Islamic Rep.",Forest area (% of land area),2021,6.63543913713405,"Middle East, North Africa, Afghanistan & Pakistan",Upper middle income,IBRD,51.4447,35.6878
4045,IR,"Iran, Islamic Rep.",Forest area (% of land area),2020,6.62681047765794,"Middle East, North Africa, Afghanistan & Pakistan",Upper middle income,IBRD,51.4447,35.6878
4046,IR,"Iran, Islamic Rep.",Forest area (% of land area),2019,6.62126348228043,"Middle East, North Africa, Afghanistan & Pakistan",Upper middle income,IBRD,51.4447,35.6878
4047,IR,"Iran, Islamic Rep.",Forest area (% of land area),2018,6.61140215716487,"Middle East, North Africa, Afghanistan & Pakistan",Upper middle income,IBRD,51.4447,35.6878
4048,IR,"Iran, Islamic Rep.",Forest area (% of land area),2017,6.60154083204931,"Middle East, North Africa, Afghanistan & Pakistan",Upper middle income,IBRD,51.4447,35.6878
4049,IR,"Iran, Islamic Rep.",Forest area (% of land area),2016,6.57064269751222,"Middle East, North Africa, Afghanistan & Pakistan",Upper middle income,IBRD,51.4447,35.6878
4050,IQ,Iraq,Forest area (% of land area),2025,,"Middle East, North Africa, Afghanistan & Pakistan",Upper middle income,IBRD,44.394,33.3302
4051,IQ,Iraq,Forest area (% of land area),2024,,"Middle East, North Africa, Afghanistan & Pakistan",Upper middle income,IBRD,44.394,33.3302
4052,IQ,Iraq,Forest area (% of land area),2023,1.90035242899592,"Middle East, North Africa, Afghanistan & Pakistan",Upper middle income,IBRD,44.394,33.3302
4053,IQ,Iraq,Forest area (% of land area),2022,1.90035242899592,"Middle East, North Africa, Afghanistan & Pakistan",Upper middle income,IBRD,44.394,33.3302
4054,IQ,Iraq,Forest area (% of land area),2021,1.90035242899592,"Middle East, North Africa, Afghanistan & Pakistan",Upper middle income,IBRD,44.394,33.3302
4055,IQ,Iraq,Forest area (% of land area),2020,1.90035242899592,"Middle East, North Africa, Afghanistan & Pakistan",Upper middle income,IBRD,44.394,33.3302
4056,IQ,Iraq,Forest area (% of land area),2019,1.90035242899592,"Middle East, North Africa, Afghanistan & Pakistan",Upper middle income,IBRD,44.394,33.3302
4057,IQ,Iraq,Forest area (% of land area),2018,1.90036118379833,"Middle East, North Africa, Afghanistan & Pakistan",Upper middle income,IBRD,44.394,33.3302
4058,IQ,Iraq,Forest area (% of land area),2017,1.90036118379833,"Middle East, North Africa, Afghanistan & Pakistan",Upper middle income,IBRD,44.394,33.3302
4059,IQ,Iraq,Forest area (% of land area),2016,1.90036118379833,"Middle East, North Africa, Afghanistan & Pakistan",Upper middle income,IBRD,44.394,33.3302
4060,IE,Ireland,Forest area (% of land area),2025,,Europe & Central Asia,High income,Not classified,-6.26749,53.3441
4061,IE,Ireland,Forest area (% of land area),2024,,Europe & Central Asia,High income,Not classified,-6.26749,53.3441
4062,IE,Ireland,Forest area (% of land area),2023,11.5259108724053,Europe & Central Asia,High income,Not classified,-6.26749,53.3441
4063,IE,Ireland,Forest area (% of land area),2022,11.4678472927856,Europe & Central Asia,High income,Not classified,-6.26749,53.3441
4064,IE,Ireland,Forest area (% of land area),2021,11.4097837131659,Europe & Central Asia,High income,Not classified,-6.26749,53.3441
4065,IE,Ireland,Forest area (% of land area),2020,11.3517201335462,Europe & Central Asia,High income,Not classified,-6.26749,53.3441
4066,IE,Ireland,Forest area (% of land area),2019,11.2936565539265,Europe & Central Asia,High income,Not classified,-6.26749,53.3441
4067,IE,Ireland,Forest area (% of land area),2018,11.2355929743069,Europe & Central Asia,High income,Not classified,-6.26749,53.3441
4068,IE,Ireland,Forest area (% of land area),2017,11.1775293946872,Europe & Central Asia,High income,Not classified,-6.26749,53.3441
4069,IE,Ireland,Forest area (% of land area),2016,11.0661924807664,Europe & Central Asia,High income,Not classified,-6.26749,53.3441
4070,IM,Isle of Man,Forest area (% of land area),2025,,Europe & Central Asia,High income,Not classified,-4.47928,54.1509
4071,IM,Isle of Man,Forest area (% of land area),2024,,Europe & Central Asia,High income,Not classified,-4.47928,54.1509
4072,IM,Isle of Man,Forest area (% of land area),2023,6.07017543859649,Europe & Central Asia,High income,Not classified,-4.47928,54.1509
4073,IM,Isle of Man,Forest area (% of land area),2022,6.07017543859649,Europe & Central Asia,High income,Not classified,-4.47928,54.1509
4074,IM,Isle of Man,Forest area (% of land area),2021,6.07017543859649,Europe & Central Asia,High income,Not classified,-4.47928,54.1509
4075,IM,Isle of Man,Forest area (% of land area),2020,6.07017543859649,Europe & Central Asia,High income,Not classified,-4.47928,54.1509
4076,IM,Isle of Man,Forest area (% of land area),2019,6.07017543859649,Europe & Central Asia,High income,Not classified,-4.47928,54.1509
4077,IM,Isle of Man,Forest area (% of land area),2018,6.07017543859649,Europe & Central Asia,High income,Not classified,-4.47928,54.1509
4078,IM,Isle of Man,Forest area (% of land area),2017,6.07017543859649,Europe & Central Asia,High income,Not classified,-4.47928,54.1509
4079,IM,Isle of Man,Forest area (% of land area),2016,6.07017543859649,Europe & Central Asia,High income,Not classified,-4.47928,54.1509
4080,IL,Israel,Forest area (% of land area),2025,,"Middle East, North Africa, Afghanistan & Pakistan",High income,Not classified,35.2035,31.7717
4081,IL,Israel,Forest area (% of land area),2024,,"Middle East, North Africa, Afghanistan & Pakistan",High income,Not classified,35.2035,31.7717
4082,IL,Israel,Forest area (% of land area),2023,6.46950092421442,"Middle East, North Africa, Afghanistan & Pakistan",High income,Not classified,35.2035,31.7717
4083,IL,Israel,Forest area (% of land area),2022,6.46950092421442,"Middle East, North Africa, Afghanistan & Pakistan",High income,Not classified,35.2035,31.7717
4084,IL,Israel,Forest area (% of land area),2021,6.46950092421442,"Middle East, North Africa, Afghanistan & Pakistan",High income,Not classified,35.2035,31.7717
4085,IL,Israel,Forest area (% of land area),2020,6.46950092421442,"Middle East, North Africa, Afghanistan & Pakistan",High income,Not classified,35.2035,31.7717
4086,IL,Israel,Forest area (% of land area),2019,6.46950092421442,"Middle East, North Africa, Afghanistan & Pakistan",High income,Not classified,35.2035,31.7717
4087,IL,Israel,Forest area (% of land area),2018,6.46950092421442,"Middle East, North Africa, Afghanistan & Pakistan",High income,Not classified,35.2035,31.7717
4088,IL,Israel,Forest area (% of land area),2017,6.46950092421442,"Middle East, North Africa, Afghanistan & Pakistan",High income,Not classified,35.2035,31.7717
4089,IL,Israel,Forest area (% of land area),2016,6.46950092421442,"Middle East, North Africa, Afghanistan & Pakistan",High income,Not classified,35.2035,31.7717
4090,IT,Italy,Forest area (% of land area),2025,,Europe & Central Asia,High income,Not classified,12.4823,41.8955
4091,IT,Italy,Forest area (% of land area),2024,,Europe & Central Asia,High income,Not classified,12.4823,41.8955
4092,IT,Italy,Forest area (% of land area),2023,32.8944947923712,Europe & Central Asia,High income,Not classified,12.4823,41.8955
4093,IT,Italy,Forest area (% of land area),2022,32.7125321249831,Europe & Central Asia,High income,Not classified,12.4823,41.8955
4094,IT,Italy,Forest area (% of land area),2021,32.5308994748357,Europe & Central Asia,High income,Not classified,12.4823,41.8955
4095,IT,Italy,Forest area (% of land area),2020,32.3489349614665,Europe & Central Asia,High income,Not classified,12.4823,41.8955
4096,IT,Italy,Forest area (% of land area),2019,32.1669704480973,Europe & Central Asia,High income,Not classified,12.4823,41.8955
4097,IT,Italy,Forest area (% of land area),2018,31.9848977742309,Europe & Central Asia,High income,Not classified,12.4823,41.8955
4098,IT,Italy,Forest area (% of land area),2017,31.8029338761929,Europe & Central Asia,High income,Not classified,12.4823,41.8955
4099,IT,Italy,Forest area (% of land area),2016,31.6209699781549,Europe & Central Asia,High income,Not classified,12.4823,41.8955
4100,JM,Jamaica,Forest area (% of land area),2025,,Latin America & Caribbean ,Upper middle income,IBRD,-76.792,17.9927
4101,JM,Jamaica,Forest area (% of land area),2024,,Latin America & Caribbean ,Upper middle income,IBRD,-76.792,17.9927
4102,JM,Jamaica,Forest area (% of land area),2023,56.190757156048,Latin America & Caribbean ,Upper middle income,IBRD,-76.792,17.9927
4103,JM,Jamaica,Forest area (% of land area),2022,55.8320498614958,Latin America & Caribbean ,Upper middle income,IBRD,-76.792,17.9927
4104,JM,Jamaica,Forest area (% of land area),2021,55.4730655586334,Latin America & Caribbean ,Upper middle income,IBRD,-76.792,17.9927
4105,JM,Jamaica,Forest area (% of land area),2020,55.1144967682364,Latin America & Caribbean ,Upper middle income,IBRD,-76.792,17.9927
4106,JM,Jamaica,Forest area (% of land area),2019,54.7553093259464,Latin America & Caribbean ,Upper middle income,IBRD,-76.792,17.9927
4107,JM,Jamaica,Forest area (% of land area),2018,54.3970452446907,Latin America & Caribbean ,Upper middle income,IBRD,-76.792,17.9927
4108,JM,Jamaica,Forest area (% of land area),2017,54.0378578024007,Latin America & Caribbean ,Upper middle income,IBRD,-76.792,17.9927
4109,JM,Jamaica,Forest area (% of land area),2016,53.6786703601108,Latin America & Caribbean ,Upper middle income,IBRD,-76.792,17.9927
4110,JP,Japan,Forest area (% of land area),2025,,East Asia & Pacific,High income,Not classified,139.77,35.67
4111,JP,Japan,Forest area (% of land area),2024,,East Asia & Pacific,High income,Not classified,139.77,35.67
4112,JP,Japan,Forest area (% of land area),2023,68.3957811364628,East Asia & Pacific,High income,Not classified,139.77,35.67
4113,JP,Japan,Forest area (% of land area),2022,68.4087791495199,East Asia & Pacific,High income,Not classified,139.77,35.67
4114,JP,Japan,Forest area (% of land area),2021,68.4087791495199,East Asia & Pacific,High income,Not classified,139.77,35.67
4115,JP,Japan,Forest area (% of land area),2020,68.4087791495199,East Asia & Pacific,High income,Not classified,139.77,35.67
4116,JP,Japan,Forest area (% of land area),2019,68.4087791495199,East Asia & Pacific,High income,Not classified,139.77,35.67
4117,JP,Japan,Forest area (% of land area),2018,68.4087791495199,East Asia & Pacific,High income,Not classified,139.77,35.67
4118,JP,Japan,Forest area (% of land area),2017,68.4087791495199,East Asia & Pacific,High income,Not classified,139.77,35.67
4119,JP,Japan,Forest area (% of land area),2016,68.4224965706447,East Asia & Pacific,High income,Not classified,139.77,35.67
4120,JO,Jordan,Forest area (% of land area),2025,,"Middle East, North Africa, Afghanistan & Pakistan",Upper middle income,IBRD,35.9263,31.9497
4121,JO,Jordan,Forest area (% of land area),2024,,"Middle East, North Africa, Afghanistan & Pakistan",Upper middle income,IBRD,35.9263,31.9497
4122,JO,Jordan,Forest area (% of land area),2023,1.09804716534901,"Middle East, North Africa, Afghanistan & Pakistan",Upper middle income,IBRD,35.9263,31.9497
4123,JO,Jordan,Forest area (% of land area),2022,1.09804716534901,"Middle East, North Africa, Afghanistan & Pakistan",Upper middle income,IBRD,35.9263,31.9497
4124,JO,Jordan,Forest area (% of land area),2021,1.09804716534901,"Middle East, North Africa, Afghanistan & Pakistan",Upper middle income,IBRD,35.9263,31.9497
4125,JO,Jordan,Forest area (% of land area),2020,1.09804716534901,"Middle East, North Africa, Afghanistan & Pakistan",Upper middle income,IBRD,35.9263,31.9497
4126,JO,Jordan,Forest area (% of land area),2019,1.09804716534901,"Middle East, North Africa, Afghanistan & Pakistan",Upper middle income,IBRD,35.9263,31.9497
4127,JO,Jordan,Forest area (% of land area),2018,1.09822031989187,"Middle East, North Africa, Afghanistan & Pakistan",Upper middle income,IBRD,35.9263,31.9497
4128,JO,Jordan,Forest area (% of land area),2017,1.09822031989187,"Middle East, North Africa, Afghanistan & Pakistan",Upper middle income,IBRD,35.9263,31.9497
4129,JO,Jordan,Forest area (% of land area),2016,1.09822031989187,"Middle East, North Africa, Afghanistan & Pakistan",Upper middle income,IBRD,35.9263,31.9497
4130,KZ,Kazakhstan,Forest area (% of land area),2025,,Europe & Central Asia,Upper middle income,IBRD,71.4382,51.1879
4131,KZ,Kazakhstan,Forest area (% of land area),2024,,Europe & Central Asia,Upper middle income,IBRD,71.4382,51.1879
4132,KZ,Kazakhstan,Forest area (% of land area),2023,1.31214516427751,Europe & Central Asia,Upper middle income,IBRD,71.4382,51.1879
4133,KZ,Kazakhstan,Forest area (% of land area),2022,1.3013145534689,Europe & Central Asia,Upper middle income,IBRD,71.4382,51.1879
4134,KZ,Kazakhstan,Forest area (% of land area),2021,1.29048383153684,Europe & Central Asia,Upper middle income,IBRD,71.4382,51.1879
4135,KZ,Kazakhstan,Forest area (% of land area),2020,1.27965329481053,Europe & Central Asia,Upper middle income,IBRD,71.4382,51.1879
4136,KZ,Kazakhstan,Forest area (% of land area),2019,1.26882246175501,Europe & Central Asia,Upper middle income,IBRD,71.4382,51.1879
4137,KZ,Kazakhstan,Forest area (% of land area),2018,1.25799207319332,Europe & Central Asia,Upper middle income,IBRD,71.4382,51.1879
4138,KZ,Kazakhstan,Forest area (% of land area),2017,1.24716079564396,Europe & Central Asia,Upper middle income,IBRD,71.4382,51.1879
4139,KZ,Kazakhstan,Forest area (% of land area),2016,1.23632625847316,Europe & Central Asia,Upper middle income,IBRD,71.4382,51.1879
4140,KE,Kenya,Forest area (% of land area),2025,,Sub-Saharan Africa ,Lower middle income,Blend,36.8126,-1.27975
4141,KE,Kenya,Forest area (% of land area),2024,,Sub-Saharan Africa ,Lower middle income,Blend,36.8126,-1.27975
4142,KE,Kenya,Forest area (% of land area),2023,6.21662477880402,Sub-Saharan Africa ,Lower middle income,Blend,36.8126,-1.27975
4143,KE,Kenya,Forest area (% of land area),2022,6.21662477880402,Sub-Saharan Africa ,Lower middle income,Blend,36.8126,-1.27975
4144,KE,Kenya,Forest area (% of land area),2021,6.21662477880402,Sub-Saharan Africa ,Lower middle income,Blend,36.8126,-1.27975
4145,KE,Kenya,Forest area (% of land area),2020,6.21662477880402,Sub-Saharan Africa ,Lower middle income,Blend,36.8126,-1.27975
4146,KE,Kenya,Forest area (% of land area),2019,6.23762944896123,Sub-Saharan Africa ,Lower middle income,Blend,36.8126,-1.27975
4147,KE,Kenya,Forest area (% of land area),2018,6.25877654107482,Sub-Saharan Africa ,Lower middle income,Blend,36.8126,-1.27975
4148,KE,Kenya,Forest area (% of land area),2017,6.22865954160824,Sub-Saharan Africa ,Lower middle income,Blend,36.8126,-1.27975
4149,KE,Kenya,Forest area (% of land area),2016,6.19833694004437,Sub-Saharan Africa ,Lower middle income,Blend,36.8126,-1.27975
4150,KI,Kiribati,Forest area (% of land area),2025,,East Asia & Pacific,Lower middle income,IDA,172.979,1.32905
4151,KI,Kiribati,Forest area (% of land area),2024,,East Asia & Pacific,Lower middle income,IDA,172.979,1.32905
4152,KI,Kiribati,Forest area (% of land area),2023,1.45679012345679,East Asia & Pacific,Lower middle income,IDA,172.979,1.32905
4153,KI,Kiribati,Forest area (% of land area),2022,1.45679012345679,East Asia & Pacific,Lower middle income,IDA,172.979,1.32905
4154,KI,Kiribati,Forest area (% of land area),2021,1.45679012345679,East Asia & Pacific,Lower middle income,IDA,172.979,1.32905
4155,KI,Kiribati,Forest area (% of land area),2020,1.45679012345679,East Asia & Pacific,Lower middle income,IDA,172.979,1.32905
4156,KI,Kiribati,Forest area (% of land area),2019,1.45679012345679,East Asia & Pacific,Lower middle income,IDA,172.979,1.32905
4157,KI,Kiribati,Forest area (% of land area),2018,1.45679012345679,East Asia & Pacific,Lower middle income,IDA,172.979,1.32905
4158,KI,Kiribati,Forest area (% of land area),2017,1.45679012345679,East Asia & Pacific,Lower middle income,IDA,172.979,1.32905
4159,KI,Kiribati,Forest area (% of land area),2016,1.45679012345679,East Asia & Pacific,Lower middle income,IDA,172.979,1.32905
4160,KP,"Korea, Dem. People's Rep.",Forest area (% of land area),2025,,East Asia & Pacific,Low income,Not classified,125.754,39.0319
4161,KP,"Korea, Dem. People's Rep.",Forest area (% of land area),2024,,East Asia & Pacific,Low income,Not classified,125.754,39.0319
4162,KP,"Korea, Dem. People's Rep.",Forest area (% of land area),2023,49.5507017689561,East Asia & Pacific,Low income,Not classified,125.754,39.0319
4163,KP,"Korea, Dem. People's Rep.",Forest area (% of land area),2022,49.7300888630512,East Asia & Pacific,Low income,Not classified,125.754,39.0319
4164,KP,"Korea, Dem. People's Rep.",Forest area (% of land area),2021,49.9044929823104,East Asia & Pacific,Low income,Not classified,125.754,39.0319
4165,KP,"Korea, Dem. People's Rep.",Forest area (% of land area),2020,50.0788971015696,East Asia & Pacific,Low income,Not classified,125.754,39.0319
4166,KP,"Korea, Dem. People's Rep.",Forest area (% of land area),2019,50.2533012208288,East Asia & Pacific,Low income,Not classified,125.754,39.0319
4167,KP,"Korea, Dem. People's Rep.",Forest area (% of land area),2018,50.436010298148,East Asia & Pacific,Low income,Not classified,125.754,39.0319
4168,KP,"Korea, Dem. People's Rep.",Forest area (% of land area),2017,50.6104144174072,East Asia & Pacific,Low income,Not classified,125.754,39.0319
4169,KP,"Korea, Dem. People's Rep.",Forest area (% of land area),2016,50.7848185366664,East Asia & Pacific,Low income,Not classified,125.754,39.0319
4170,KR,"Korea, Rep.",Forest area (% of land area),2025,,East Asia & Pacific,High income,Not classified,126.957,37.5323
4171,KR,"Korea, Rep.",Forest area (% of land area),2024,,East Asia & Pacific,High income,Not classified,126.957,37.5323
4172,KR,"Korea, Rep.",Forest area (% of land area),2023,64.108606557377,East Asia & Pacific,High income,Not classified,126.957,37.5323
4173,KR,"Korea, Rep.",Forest area (% of land area),2022,64.2110655737705,East Asia & Pacific,High income,Not classified,126.957,37.5323
4174,KR,"Korea, Rep.",Forest area (% of land area),2021,64.3135245901639,East Asia & Pacific,High income,Not classified,126.957,37.5323
4175,KR,"Korea, Rep.",Forest area (% of land area),2020,64.4159836065574,East Asia & Pacific,High income,Not classified,126.957,37.5323
4176,KR,"Korea, Rep.",Forest area (% of land area),2019,64.5184426229508,East Asia & Pacific,High income,Not classified,126.957,37.5323
4177,KR,"Korea, Rep.",Forest area (% of land area),2018,64.6739130434783,East Asia & Pacific,High income,Not classified,126.957,37.5323
4178,KR,"Korea, Rep.",Forest area (% of land area),2017,64.783099169316,East Asia & Pacific,High income,Not classified,126.957,37.5323
4179,KR,"Korea, Rep.",Forest area (% of land area),2016,64.8791145667716,East Asia & Pacific,High income,Not classified,126.957,37.5323
4180,XK,Kosovo,Forest area (% of land area),2025,,Europe & Central Asia,Upper middle income,IDA,20.926,42.565
4181,XK,Kosovo,Forest area (% of land area),2024,,Europe & Central Asia,Upper middle income,IDA,20.926,42.565
4182,XK,Kosovo,Forest area (% of land area),2023,,Europe & Central Asia,Upper middle income,IDA,20.926,42.565
4183,XK,Kosovo,Forest area (% of land area),2022,,Europe & Central Asia,Upper middle income,IDA,20.926,42.565
4184,XK,Kosovo,Forest area (% of land area),2021,,Europe & Central Asia,Upper middle income,IDA,20.926,42.565
4185,XK,Kosovo,Forest area (% of land area),2020,,Europe & Central Asia,Upper middle income,IDA,20.926,42.565
4186,XK,Kosovo,Forest area (% of land area),2019,,Europe & Central Asia,Upper middle income,IDA,20.926,42.565
4187,XK,Kosovo,Forest area (% of land area),2018,,Europe & Central Asia,Upper middle income,IDA,20.926,42.565
4188,XK,Kosovo,Forest area (% of land area),2017,,Europe & Central Asia,Upper middle income,IDA,20.926,42.565
4189,XK,Kosovo,Forest area (% of land area),2016,,Europe & Central Asia,Upper middle income,IDA,20.926,42.565
4190,KW,Kuwait,Forest area (% of land area),2025,,"Middle East, North Africa, Afghanistan & Pakistan",High income,Not classified,47.9824,29.3721
4191,KW,Kuwait,Forest area (% of land area),2024,,"Middle East, North Africa, Afghanistan & Pakistan",High income,Not classified,47.9824,29.3721
4192,KW,Kuwait,Forest area (% of land area),2023,0.350729517396184,"Middle East, North Africa, Afghanistan & Pakistan",High income,Not classified,47.9824,29.3721
4193,KW,Kuwait,Forest area (% of land area),2022,0.350729517396184,"Middle East, North Africa, Afghanistan & Pakistan",High income,Not classified,47.9824,29.3721
4194,KW,Kuwait,Forest area (% of land area),2021,0.350729517396184,"Middle East, North Africa, Afghanistan & Pakistan",High income,Not classified,47.9824,29.3721
4195,KW,Kuwait,Forest area (% of land area),2020,0.350729517396184,"Middle East, North Africa, Afghanistan & Pakistan",High income,Not classified,47.9824,29.3721
4196,KW,Kuwait,Forest area (% of land area),2019,0.350729517396184,"Middle East, North Africa, Afghanistan & Pakistan",High income,Not classified,47.9824,29.3721
4197,KW,Kuwait,Forest area (% of land area),2018,0.350729517396184,"Middle East, North Africa, Afghanistan & Pakistan",High income,Not classified,47.9824,29.3721
4198,KW,Kuwait,Forest area (% of land area),2017,0.350729517396184,"Middle East, North Africa, Afghanistan & Pakistan",High income,Not classified,47.9824,29.3721
4199,KW,Kuwait,Forest area (% of land area),2016,0.350729517396184,"Middle East, North Africa, Afghanistan & Pakistan",High income,Not classified,47.9824,29.3721
4200,KG,Kyrgyz Republic,Forest area (% of land area),2025,,Europe & Central Asia,Lower middle income,IDA,74.6057,42.8851
4201,KG,Kyrgyz Republic,Forest area (% of land area),2024,,Europe & Central Asia,Lower middle income,IDA,74.6057,42.8851
4202,KG,Kyrgyz Republic,Forest area (% of land area),2023,7.14337851929093,Europe & Central Asia,Lower middle income,IDA,74.6057,42.8851
4203,KG,Kyrgyz Republic,Forest area (% of land area),2022,7.04827945776851,Europe & Central Asia,Lower middle income,IDA,74.6057,42.8851
4204,KG,Kyrgyz Republic,Forest area (% of land area),2021,6.95318039624609,Europe & Central Asia,Lower middle income,IDA,74.6057,42.8851
4205,KG,Kyrgyz Republic,Forest area (% of land area),2020,6.85808133472367,Europe & Central Asia,Lower middle income,IDA,74.6057,42.8851
4206,KG,Kyrgyz Republic,Forest area (% of land area),2019,6.76298227320125,Europe & Central Asia,Lower middle income,IDA,74.6057,42.8851
4207,KG,Kyrgyz Republic,Forest area (% of land area),2018,6.66788321167883,Europe & Central Asia,Lower middle income,IDA,74.6057,42.8851
4208,KG,Kyrgyz Republic,Forest area (% of land area),2017,6.57280604796663,Europe & Central Asia,Lower middle income,IDA,74.6057,42.8851
4209,KG,Kyrgyz Republic,Forest area (% of land area),2016,6.54973931178311,Europe & Central Asia,Lower middle income,IDA,74.6057,42.8851
4210,LA,Lao PDR,Forest area (% of land area),2025,,East Asia & Pacific,Lower middle income,IDA,102.177,18.5826
4211,LA,Lao PDR,Forest area (% of land area),2024,,East Asia & Pacific,Lower middle income,IDA,102.177,18.5826
4212,LA,Lao PDR,Forest area (% of land area),2023,71.4558058925477,East Asia & Pacific,Lower middle income,IDA,102.177,18.5826
4213,LA,Lao PDR,Forest area (% of land area),2022,71.6052859618717,East Asia & Pacific,Lower middle income,IDA,102.177,18.5826
4214,LA,Lao PDR,Forest area (% of land area),2021,71.7547660311958,East Asia & Pacific,Lower middle income,IDA,102.177,18.5826
4215,LA,Lao PDR,Forest area (% of land area),2020,71.9042461005199,East Asia & Pacific,Lower middle income,IDA,102.177,18.5826
4216,LA,Lao PDR,Forest area (% of land area),2019,72.053726169844,East Asia & Pacific,Lower middle income,IDA,102.177,18.5826
4217,LA,Lao PDR,Forest area (% of land area),2018,72.2032062391681,East Asia & Pacific,Lower middle income,IDA,102.177,18.5826
4218,LA,Lao PDR,Forest area (% of land area),2017,72.3526863084922,East Asia & Pacific,Lower middle income,IDA,102.177,18.5826
4219,LA,Lao PDR,Forest area (% of land area),2016,72.5021663778163,East Asia & Pacific,Lower middle income,IDA,102.177,18.5826
4220,LV,Latvia,Forest area (% of land area),2025,,Europe & Central Asia,High income,Not classified,24.1048,56.9465
4221,LV,Latvia,Forest area (% of land area),2024,,Europe & Central Asia,High income,Not classified,24.1048,56.9465
4222,LV,Latvia,Forest area (% of land area),2023,54.9959826450265,Europe & Central Asia,High income,Not classified,24.1048,56.9465
4223,LV,Latvia,Forest area (% of land area),2022,54.933793990037,Europe & Central Asia,High income,Not classified,24.1048,56.9465
4224,LV,Latvia,Forest area (% of land area),2021,54.8716053350474,Europe & Central Asia,High income,Not classified,24.1048,56.9465
4225,LV,Latvia,Forest area (% of land area),2020,54.8094166800579,Europe & Central Asia,High income,Not classified,24.1048,56.9465
4226,LV,Latvia,Forest area (% of land area),2019,54.7498674208945,Europe & Central Asia,High income,Not classified,24.1048,56.9465
4227,LV,Latvia,Forest area (% of land area),2018,54.6876757677536,Europe & Central Asia,High income,Not classified,24.1048,56.9465
4228,LV,Latvia,Forest area (% of land area),2017,54.6254841146126,Europe & Central Asia,High income,Not classified,24.1048,56.9465
4229,LV,Latvia,Forest area (% of land area),2016,54.5632924614717,Europe & Central Asia,High income,Not classified,24.1048,56.9465
4230,LB,Lebanon,Forest area (% of land area),2025,,"Middle East, North Africa, Afghanistan & Pakistan",Lower middle income,IBRD,35.5134,33.8872
4231,LB,Lebanon,Forest area (% of land area),2024,,"Middle East, North Africa, Afghanistan & Pakistan",Lower middle income,IBRD,35.5134,33.8872
4232,LB,Lebanon,Forest area (% of land area),2023,14.1867057673509,"Middle East, North Africa, Afghanistan & Pakistan",Lower middle income,IBRD,35.5134,33.8872
4233,LB,Lebanon,Forest area (% of land area),2022,14.128054740958,"Middle East, North Africa, Afghanistan & Pakistan",Lower middle income,IBRD,35.5134,33.8872
4234,LB,Lebanon,Forest area (% of land area),2021,14.069403714565,"Middle East, North Africa, Afghanistan & Pakistan",Lower middle income,IBRD,35.5134,33.8872
4235,LB,Lebanon,Forest area (% of land area),2020,14.010752688172,"Middle East, North Africa, Afghanistan & Pakistan",Lower middle income,IBRD,35.5134,33.8872
4236,LB,Lebanon,Forest area (% of land area),2019,13.9521016617791,"Middle East, North Africa, Afghanistan & Pakistan",Lower middle income,IBRD,35.5134,33.8872
4237,LB,Lebanon,Forest area (% of land area),2018,13.8934506353861,"Middle East, North Africa, Afghanistan & Pakistan",Lower middle income,IBRD,35.5134,33.8872
4238,LB,Lebanon,Forest area (% of land area),2017,13.8347996089932,"Middle East, North Africa, Afghanistan & Pakistan",Lower middle income,IBRD,35.5134,33.8872
4239,LB,Lebanon,Forest area (% of land area),2016,13.7761485826002,"Middle East, North Africa, Afghanistan & Pakistan",Lower middle income,IBRD,35.5134,33.8872
4240,LS,Lesotho,Forest area (% of land area),2025,,Sub-Saharan Africa ,Lower middle income,IDA,27.7167,-29.5208
4241,LS,Lesotho,Forest area (% of land area),2024,,Sub-Saharan Africa ,Lower middle income,IDA,27.7167,-29.5208
4242,LS,Lesotho,Forest area (% of land area),2023,1.13702239789196,Sub-Saharan Africa ,Lower middle income,IDA,27.7167,-29.5208
4243,LS,Lesotho,Forest area (% of land area),2022,1.13702239789196,Sub-Saharan Africa ,Lower middle income,IDA,27.7167,-29.5208
4244,LS,Lesotho,Forest area (% of land area),2021,1.13702239789196,Sub-Saharan Africa ,Lower middle income,IDA,27.7167,-29.5208
4245,LS,Lesotho,Forest area (% of land area),2020,1.13702239789196,Sub-Saharan Africa ,Lower middle income,IDA,27.7167,-29.5208
4246,LS,Lesotho,Forest area (% of land area),2019,1.13702239789196,Sub-Saharan Africa ,Lower middle income,IDA,27.7167,-29.5208
4247,LS,Lesotho,Forest area (% of land area),2018,1.13702239789196,Sub-Saharan Africa ,Lower middle income,IDA,27.7167,-29.5208
4248,LS,Lesotho,Forest area (% of land area),2017,1.13702239789196,Sub-Saharan Africa ,Lower middle income,IDA,27.7167,-29.5208
4249,LS,Lesotho,Forest area (% of land area),2016,1.13702239789196,Sub-Saharan Africa ,Lower middle income,IDA,27.7167,-29.5208
4250,LR,Liberia,Forest area (% of land area),2025,,Sub-Saharan Africa ,Low income,IDA,-10.7957,6.30039
4251,LR,Liberia,Forest area (% of land area),2024,,Sub-Saharan Africa ,Low income,IDA,-10.7957,6.30039
4252,LR,Liberia,Forest area (% of land area),2023,78.1422342192691,Sub-Saharan Africa ,Low income,IDA,-10.7957,6.30039
4253,LR,Liberia,Forest area (% of land area),2022,78.4563953488372,Sub-Saharan Africa ,Low income,IDA,-10.7957,6.30039
4254,LR,Liberia,Forest area (% of land area),2021,78.7705564784053,Sub-Saharan Africa ,Low income,IDA,-10.7957,6.30039
4255,LR,Liberia,Forest area (% of land area),2020,79.0847176079734,Sub-Saharan Africa ,Low income,IDA,-10.7957,6.30039
4256,LR,Liberia,Forest area (% of land area),2019,79.3988787375415,Sub-Saharan Africa ,Low income,IDA,-10.7957,6.30039
4257,LR,Liberia,Forest area (% of land area),2018,79.7130398671096,Sub-Saharan Africa ,Low income,IDA,-10.7957,6.30039
4258,LR,Liberia,Forest area (% of land area),2017,80.0272009966777,Sub-Saharan Africa ,Low income,IDA,-10.7957,6.30039
4259,LR,Liberia,Forest area (% of land area),2016,80.3413621262459,Sub-Saharan Africa ,Low income,IDA,-10.7957,6.30039
4260,LY,Libya,Forest area (% of land area),2025,,"Middle East, North Africa, Afghanistan & Pakistan",Upper middle income,IBRD,13.1072,32.8578
4261,LY,Libya,Forest area (% of land area),2024,,"Middle East, North Africa, Afghanistan & Pakistan",Upper middle income,IBRD,13.1072,32.8578
4262,LY,Libya,Forest area (% of land area),2023,0.123327687918433,"Middle East, North Africa, Afghanistan & Pakistan",Upper middle income,IBRD,13.1072,32.8578
4263,LY,Libya,Forest area (% of land area),2022,0.123327687918433,"Middle East, North Africa, Afghanistan & Pakistan",Upper middle income,IBRD,13.1072,32.8578
4264,LY,Libya,Forest area (% of land area),2021,0.123327687918433,"Middle East, North Africa, Afghanistan & Pakistan",Upper middle income,IBRD,13.1072,32.8578
4265,LY,Libya,Forest area (% of land area),2020,0.123327687918433,"Middle East, North Africa, Afghanistan & Pakistan",Upper middle income,IBRD,13.1072,32.8578
4266,LY,Libya,Forest area (% of land area),2019,0.123327687918433,"Middle East, North Africa, Afghanistan & Pakistan",Upper middle income,IBRD,13.1072,32.8578
4267,LY,Libya,Forest area (% of land area),2018,0.123327687918433,"Middle East, North Africa, Afghanistan & Pakistan",Upper middle income,IBRD,13.1072,32.8578
4268,LY,Libya,Forest area (% of land area),2017,0.123327687918433,"Middle East, North Africa, Afghanistan & Pakistan",Upper middle income,IBRD,13.1072,32.8578
4269,LY,Libya,Forest area (% of land area),2016,0.123327687918433,"Middle East, North Africa, Afghanistan & Pakistan",Upper middle income,IBRD,13.1072,32.8578
4270,LI,Liechtenstein,Forest area (% of land area),2025,,Europe & Central Asia,High income,Not classified,9.52148,47.1411
4271,LI,Liechtenstein,Forest area (% of land area),2024,,Europe & Central Asia,High income,Not classified,9.52148,47.1411
4272,LI,Liechtenstein,Forest area (% of land area),2023,41.875,Europe & Central Asia,High income,Not classified,9.52148,47.1411
4273,LI,Liechtenstein,Forest area (% of land area),2022,41.875,Europe & Central Asia,High income,Not classified,9.52148,47.1411
4274,LI,Liechtenstein,Forest area (% of land area),2021,41.875,Europe & Central Asia,High income,Not classified,9.52148,47.1411
4275,LI,Liechtenstein,Forest area (% of land area),2020,41.875,Europe & Central Asia,High income,Not classified,9.52148,47.1411
4276,LI,Liechtenstein,Forest area (% of land area),2019,41.875,Europe & Central Asia,High income,Not classified,9.52148,47.1411
4277,LI,Liechtenstein,Forest area (% of land area),2018,41.875,Europe & Central Asia,High income,Not classified,9.52148,47.1411
4278,LI,Liechtenstein,Forest area (% of land area),2017,41.875,Europe & Central Asia,High income,Not classified,9.52148,47.1411
4279,LI,Liechtenstein,Forest area (% of land area),2016,41.875,Europe & Central Asia,High income,Not classified,9.52148,47.1411
4280,LT,Lithuania,Forest area (% of land area),2025,,Europe & Central Asia,High income,Not classified,25.2799,54.6896
4281,LT,Lithuania,Forest area (% of land area),2024,,Europe & Central Asia,High income,Not classified,25.2799,54.6896
4282,LT,Lithuania,Forest area (% of land area),2023,35.2301501597444,Europe & Central Asia,High income,Not classified,25.2799,54.6896
4283,LT,Lithuania,Forest area (% of land area),2022,35.2036435371542,Europe & Central Asia,High income,Not classified,25.2799,54.6896
4284,LT,Lithuania,Forest area (% of land area),2021,35.1807490816164,Europe & Central Asia,High income,Not classified,25.2799,54.6896
4285,LT,Lithuania,Forest area (% of land area),2020,35.1485148514851,Europe & Central Asia,High income,Not classified,25.2799,54.6896
4286,LT,Lithuania,Forest area (% of land area),2019,35.1325455126158,Europe & Central Asia,High income,Not classified,25.2799,54.6896
4287,LT,Lithuania,Forest area (% of land area),2018,35.0950023950184,Europe & Central Asia,High income,Not classified,25.2799,54.6896
4288,LT,Lithuania,Forest area (% of land area),2017,35.0569116074137,Europe & Central Asia,High income,Not classified,25.2799,54.6896
4289,LT,Lithuania,Forest area (% of land area),2016,34.9605695859008,Europe & Central Asia,High income,Not classified,25.2799,54.6896
4290,LU,Luxembourg,Forest area (% of land area),2025,,Europe & Central Asia,High income,Not classified,6.1296,49.61
4291,LU,Luxembourg,Forest area (% of land area),2024,,Europe & Central Asia,High income,Not classified,6.1296,49.61
4292,LU,Luxembourg,Forest area (% of land area),2023,34.4538272103664,Europe & Central Asia,High income,Not classified,6.1296,49.61
4293,LU,Luxembourg,Forest area (% of land area),2022,34.4538272103664,Europe & Central Asia,High income,Not classified,6.1296,49.61
4294,LU,Luxembourg,Forest area (% of land area),2021,34.4538272103664,Europe & Central Asia,High income,Not classified,6.1296,49.61
4295,LU,Luxembourg,Forest area (% of land area),2020,34.4538272103664,Europe & Central Asia,High income,Not classified,6.1296,49.61
4296,LU,Luxembourg,Forest area (% of land area),2019,34.4538272103664,Europe & Central Asia,High income,Not classified,6.1296,49.61
4297,LU,Luxembourg,Forest area (% of land area),2018,34.4538272103664,Europe & Central Asia,High income,Not classified,6.1296,49.61
4298,LU,Luxembourg,Forest area (% of land area),2017,34.4538272103664,Europe & Central Asia,High income,Not classified,6.1296,49.61
4299,LU,Luxembourg,Forest area (% of land area),2016,34.4538272103664,Europe & Central Asia,High income,Not classified,6.1296,49.61
4300,MO,"Macao SAR, China",Forest area (% of land area),2025,,East Asia & Pacific,High income,Not classified,113.55,22.1667
4301,MO,"Macao SAR, China",Forest area (% of land area),2024,,East Asia & Pacific,High income,Not classified,113.55,22.1667
4302,MO,"Macao SAR, China",Forest area (% of land area),2023,,East Asia & Pacific,High income,Not classified,113.55,22.1667
4303,MO,"Macao SAR, China",Forest area (% of land area),2022,,East Asia & Pacific,High income,Not classified,113.55,22.1667
4304,MO,"Macao SAR, China",Forest area (% of land area),2021,,East Asia & Pacific,High income,Not classified,113.55,22.1667
4305,MO,"Macao SAR, China",Forest area (% of land area),2020,,East Asia & Pacific,High income,Not classified,113.55,22.1667
4306,MO,"Macao SAR, China",Forest area (% of land area),2019,,East Asia & Pacific,High income,Not classified,113.55,22.1667
4307,MO,"Macao SAR, China",Forest area (% of land area),2018,,East Asia & Pacific,High income,Not classified,113.55,22.1667
4308,MO,"Macao SAR, China",Forest area (% of land area),2017,,East Asia & Pacific,High income,Not classified,113.55,22.1667
4309,MO,"Macao SAR, China",Forest area (% of land area),2016,,East Asia & Pacific,High income,Not classified,113.55,22.1667
4310,MG,Madagascar,Forest area (% of land area),2025,,Sub-Saharan Africa ,Low income,IDA,45.7167,-20.4667
4311,MG,Madagascar,Forest area (% of land area),2024,,Sub-Saharan Africa ,Low income,IDA,45.7167,-20.4667
4312,MG,Madagascar,Forest area (% of land area),2023,21.2962600550017,Sub-Saharan Africa ,Low income,IDA,45.7167,-20.4667
4313,MG,Madagascar,Forest area (% of land area),2022,21.3189737023032,Sub-Saharan Africa ,Low income,IDA,45.7167,-20.4667
4314,MG,Madagascar,Forest area (% of land area),2021,21.3416925060158,Sub-Saharan Africa ,Low income,IDA,45.7167,-20.4667
4315,MG,Madagascar,Forest area (% of land area),2020,21.3644035751117,Sub-Saharan Africa ,Low income,IDA,45.7167,-20.4667
4316,MG,Madagascar,Forest area (% of land area),2019,21.3871261601925,Sub-Saharan Africa ,Low income,IDA,45.7167,-20.4667
4317,MG,Madagascar,Forest area (% of land area),2018,21.4098315572362,Sub-Saharan Africa ,Low income,IDA,45.7167,-20.4667
4318,MG,Madagascar,Forest area (% of land area),2017,21.4325541423169,Sub-Saharan Africa ,Low income,IDA,45.7167,-20.4667
4319,MG,Madagascar,Forest area (% of land area),2016,21.4552767273977,Sub-Saharan Africa ,Low income,IDA,45.7167,-20.4667
4320,MW,Malawi,Forest area (% of land area),2025,,Sub-Saharan Africa ,Low income,IDA,33.7703,-13.9899
4321,MW,Malawi,Forest area (% of land area),2024,,Sub-Saharan Africa ,Low income,IDA,33.7703,-13.9899
4322,MW,Malawi,Forest area (% of land area),2023,22.4406024607552,Sub-Saharan Africa ,Low income,IDA,33.7703,-13.9899
4323,MW,Malawi,Forest area (% of land area),2022,22.8860840050912,Sub-Saharan Africa ,Low income,IDA,33.7703,-13.9899
4324,MW,Malawi,Forest area (% of land area),2021,23.3315655494272,Sub-Saharan Africa ,Low income,IDA,33.7703,-13.9899
4325,MW,Malawi,Forest area (% of land area),2020,23.7770470937633,Sub-Saharan Africa ,Low income,IDA,33.7703,-13.9899
4326,MW,Malawi,Forest area (% of land area),2019,24.2225286380993,Sub-Saharan Africa ,Low income,IDA,33.7703,-13.9899
4327,MW,Malawi,Forest area (% of land area),2018,24.6680101824353,Sub-Saharan Africa ,Low income,IDA,33.7703,-13.9899
4328,MW,Malawi,Forest area (% of land area),2017,25.1134917267713,Sub-Saharan Africa ,Low income,IDA,33.7703,-13.9899
4329,MW,Malawi,Forest area (% of land area),2016,25.5589732711073,Sub-Saharan Africa ,Low income,IDA,33.7703,-13.9899
4330,MY,Malaysia,Forest area (% of land area),2025,,East Asia & Pacific,Upper middle income,IBRD,101.684,3.12433
4331,MY,Malaysia,Forest area (% of land area),2024,,East Asia & Pacific,Upper middle income,IBRD,101.684,3.12433
4332,MY,Malaysia,Forest area (% of land area),2023,57.7190381981434,East Asia & Pacific,Upper middle income,IBRD,101.684,3.12433
4333,MY,Malaysia,Forest area (% of land area),2022,57.871678587734,East Asia & Pacific,Upper middle income,IBRD,101.684,3.12433
4334,MY,Malaysia,Forest area (% of land area),2021,58.0243189773246,East Asia & Pacific,Upper middle income,IBRD,101.684,3.12433
4335,MY,Malaysia,Forest area (% of land area),2020,58.1769593669152,East Asia & Pacific,Upper middle income,IBRD,101.684,3.12433
4336,MY,Malaysia,Forest area (% of land area),2019,58.3295997565059,East Asia & Pacific,Upper middle income,IBRD,101.684,3.12433
4337,MY,Malaysia,Forest area (% of land area),2018,58.4822401460965,East Asia & Pacific,Upper middle income,IBRD,101.684,3.12433
4338,MY,Malaysia,Forest area (% of land area),2017,58.6348805356871,East Asia & Pacific,Upper middle income,IBRD,101.684,3.12433
4339,MY,Malaysia,Forest area (% of land area),2016,58.7875209252777,East Asia & Pacific,Upper middle income,IBRD,101.684,3.12433
4340,MV,Maldives,Forest area (% of land area),2025,,South Asia,Upper middle income,IDA,73.5109,4.1742
4341,MV,Maldives,Forest area (% of land area),2024,,South Asia,Upper middle income,IDA,73.5109,4.1742
4342,MV,Maldives,Forest area (% of land area),2023,2.75167785234899,South Asia,Upper middle income,IDA,73.5109,4.1742
4343,MV,Maldives,Forest area (% of land area),2022,2.73333333333333,South Asia,Upper middle income,IDA,73.5109,4.1742
4344,MV,Maldives,Forest area (% of land area),2021,2.73333333333333,South Asia,Upper middle income,IDA,73.5109,4.1742
4345,MV,Maldives,Forest area (% of land area),2020,2.73333333333333,South Asia,Upper middle income,IDA,73.5109,4.1742
4346,MV,Maldives,Forest area (% of land area),2019,2.73333333333333,South Asia,Upper middle income,IDA,73.5109,4.1742
4347,MV,Maldives,Forest area (% of land area),2018,2.73333333333333,South Asia,Upper middle income,IDA,73.5109,4.1742
4348,MV,Maldives,Forest area (% of land area),2017,2.73333333333333,South Asia,Upper middle income,IDA,73.5109,4.1742
4349,MV,Maldives,Forest area (% of land area),2016,2.73333333333333,South Asia,Upper middle income,IDA,73.5109,4.1742
4350,ML,Mali,Forest area (% of land area),2025,,Sub-Saharan Africa ,Low income,IDA,-7.50034,13.5667
4351,ML,Mali,Forest area (% of land area),2024,,Sub-Saharan Africa ,Low income,IDA,-7.50034,13.5667
4352,ML,Mali,Forest area (% of land area),2023,10.896663634352,Sub-Saharan Africa ,Low income,IDA,-7.50034,13.5667
4353,ML,Mali,Forest area (% of land area),2022,10.896663634352,Sub-Saharan Africa ,Low income,IDA,-7.50034,13.5667
4354,ML,Mali,Forest area (% of land area),2021,10.896663634352,Sub-Saharan Africa ,Low income,IDA,-7.50034,13.5667
4355,ML,Mali,Forest area (% of land area),2020,10.896663634352,Sub-Saharan Africa ,Low income,IDA,-7.50034,13.5667
4356,ML,Mali,Forest area (% of land area),2019,10.896663634352,Sub-Saharan Africa ,Low income,IDA,-7.50034,13.5667
4357,ML,Mali,Forest area (% of land area),2018,10.896663634352,Sub-Saharan Africa ,Low income,IDA,-7.50034,13.5667
4358,ML,Mali,Forest area (% of land area),2017,10.896663634352,Sub-Saharan Africa ,Low income,IDA,-7.50034,13.5667
4359,ML,Mali,Forest area (% of land area),2016,10.896663634352,Sub-Saharan Africa ,Low income,IDA,-7.50034,13.5667
4360,MT,Malta,Forest area (% of land area),2025,,"Middle East, North Africa, Afghanistan & Pakistan",High income,Not classified,14.5189,35.9042
4361,MT,Malta,Forest area (% of land area),2024,,"Middle East, North Africa, Afghanistan & Pakistan",High income,Not classified,14.5189,35.9042
4362,MT,Malta,Forest area (% of land area),2023,1.4375,"Middle East, North Africa, Afghanistan & Pakistan",High income,Not classified,14.5189,35.9042
4363,MT,Malta,Forest area (% of land area),2022,1.4375,"Middle East, North Africa, Afghanistan & Pakistan",High income,Not classified,14.5189,35.9042
4364,MT,Malta,Forest area (% of land area),2021,1.4375,"Middle East, North Africa, Afghanistan & Pakistan",High income,Not classified,14.5189,35.9042
4365,MT,Malta,Forest area (% of land area),2020,1.4375,"Middle East, North Africa, Afghanistan & Pakistan",High income,Not classified,14.5189,35.9042
4366,MT,Malta,Forest area (% of land area),2019,1.4375,"Middle East, North Africa, Afghanistan & Pakistan",High income,Not classified,14.5189,35.9042
4367,MT,Malta,Forest area (% of land area),2018,1.4375,"Middle East, North Africa, Afghanistan & Pakistan",High income,Not classified,14.5189,35.9042
4368,MT,Malta,Forest area (% of land area),2017,1.3125,"Middle East, North Africa, Afghanistan & Pakistan",High income,Not classified,14.5189,35.9042
4369,MT,Malta,Forest area (% of land area),2016,1.1875,"Middle East, North Africa, Afghanistan & Pakistan",High income,Not classified,14.5189,35.9042
4370,MH,Marshall Islands,Forest area (% of land area),2025,,East Asia & Pacific,Upper middle income,IDA,171.135,7.11046
4371,MH,Marshall Islands,Forest area (% of land area),2024,,East Asia & Pacific,Upper middle income,IDA,171.135,7.11046
4372,MH,Marshall Islands,Forest area (% of land area),2023,52.2222222222222,East Asia & Pacific,Upper middle income,IDA,171.135,7.11046
4373,MH,Marshall Islands,Forest area (% of land area),2022,52.2222222222222,East Asia & Pacific,Upper middle income,IDA,171.135,7.11046
4374,MH,Marshall Islands,Forest area (% of land area),2021,52.2222222222222,East Asia & Pacific,Upper middle income,IDA,171.135,7.11046
4375,MH,Marshall Islands,Forest area (% of land area),2020,52.2222222222222,East Asia & Pacific,Upper middle income,IDA,171.135,7.11046
4376,MH,Marshall Islands,Forest area (% of land area),2019,52.2222222222222,East Asia & Pacific,Upper middle income,IDA,171.135,7.11046
4377,MH,Marshall Islands,Forest area (% of land area),2018,52.2222222222222,East Asia & Pacific,Upper middle income,IDA,171.135,7.11046
4378,MH,Marshall Islands,Forest area (% of land area),2017,52.2222222222222,East Asia & Pacific,Upper middle income,IDA,171.135,7.11046
4379,MH,Marshall Islands,Forest area (% of land area),2016,52.2222222222222,East Asia & Pacific,Upper middle income,IDA,171.135,7.11046
4380,MR,Mauritania,Forest area (% of land area),2025,,Sub-Saharan Africa ,Lower middle income,IDA,-15.9824,18.2367
4381,MR,Mauritania,Forest area (% of land area),2024,,Sub-Saharan Africa ,Lower middle income,IDA,-15.9824,18.2367
4382,MR,Mauritania,Forest area (% of land area),2023,0.287611138061512,Sub-Saharan Africa ,Lower middle income,IDA,-15.9824,18.2367
4383,MR,Mauritania,Forest area (% of land area),2022,0.292896963228874,Sub-Saharan Africa ,Lower middle income,IDA,-15.9824,18.2367
4384,MR,Mauritania,Forest area (% of land area),2021,0.298211603764432,Sub-Saharan Africa ,Lower middle income,IDA,-15.9824,18.2367
4385,MR,Mauritania,Forest area (% of land area),2020,0.303483069758417,Sub-Saharan Africa ,Lower middle income,IDA,-15.9824,18.2367
4386,MR,Mauritania,Forest area (% of land area),2019,0.308819249054041,Sub-Saharan Africa ,Lower middle income,IDA,-15.9824,18.2367
4387,MR,Mauritania,Forest area (% of land area),2018,0.314058406907927,Sub-Saharan Africa ,Lower middle income,IDA,-15.9824,18.2367
4388,MR,Mauritania,Forest area (% of land area),2017,0.319394586203551,Sub-Saharan Africa ,Lower middle income,IDA,-15.9824,18.2367
4389,MR,Mauritania,Forest area (% of land area),2016,0.324633744057437,Sub-Saharan Africa ,Lower middle income,IDA,-15.9824,18.2367
4390,MU,Mauritius,Forest area (% of land area),2025,,Sub-Saharan Africa ,Upper middle income,IBRD,57.4977,-20.1605
4391,MU,Mauritius,Forest area (% of land area),2024,,Sub-Saharan Africa ,Upper middle income,IBRD,57.4977,-20.1605
4392,MU,Mauritius,Forest area (% of land area),2023,19.4742113169755,Sub-Saharan Africa ,Upper middle income,IBRD,57.4977,-20.1605
4393,MU,Mauritius,Forest area (% of land area),2022,19.4541812719079,Sub-Saharan Africa ,Upper middle income,IBRD,57.4977,-20.1605
4394,MU,Mauritius,Forest area (% of land area),2021,19.4341512268403,Sub-Saharan Africa ,Upper middle income,IBRD,57.4977,-20.1605
4395,MU,Mauritius,Forest area (% of land area),2020,19.4141211817727,Sub-Saharan Africa ,Upper middle income,IBRD,57.4977,-20.1605
4396,MU,Mauritius,Forest area (% of land area),2019,19.3940911367051,Sub-Saharan Africa ,Upper middle income,IBRD,57.4977,-20.1605
4397,MU,Mauritius,Forest area (% of land area),2018,19.3740610916375,Sub-Saharan Africa ,Upper middle income,IBRD,57.4977,-20.1605
4398,MU,Mauritius,Forest area (% of land area),2017,19.3540310465699,Sub-Saharan Africa ,Upper middle income,IBRD,57.4977,-20.1605
4399,MU,Mauritius,Forest area (% of land area),2016,19.1737606409614,Sub-Saharan Africa ,Upper middle income,IBRD,57.4977,-20.1605
4400,MX,Mexico,Forest area (% of land area),2025,,Latin America & Caribbean ,Upper middle income,IBRD,-99.1276,19.427
4401,MX,Mexico,Forest area (% of land area),2024,,Latin America & Caribbean ,Upper middle income,IBRD,-99.1276,19.427
4402,MX,Mexico,Forest area (% of land area),2023,33.5959176419147,Latin America & Caribbean ,Upper middle income,IBRD,-99.1276,19.427
4403,MX,Mexico,Forest area (% of land area),2022,33.6618740193935,Latin America & Caribbean ,Upper middle income,IBRD,-99.1276,19.427
4404,MX,Mexico,Forest area (% of land area),2021,33.727204917822,Latin America & Caribbean ,Upper middle income,IBRD,-99.1276,19.427
4405,MX,Mexico,Forest area (% of land area),2020,33.7930502327735,Latin America & Caribbean ,Upper middle income,IBRD,-99.1276,19.427
4406,MX,Mexico,Forest area (% of land area),2019,33.858895547725,Latin America & Caribbean ,Upper middle income,IBRD,-99.1276,19.427
4407,MX,Mexico,Forest area (% of land area),2018,33.9247408626765,Latin America & Caribbean ,Upper middle income,IBRD,-99.1276,19.427
4408,MX,Mexico,Forest area (% of land area),2017,33.9902672393837,Latin America & Caribbean ,Upper middle income,IBRD,-99.1276,19.427
4409,MX,Mexico,Forest area (% of land area),2016,34.0559942385349,Latin America & Caribbean ,Upper middle income,IBRD,-99.1276,19.427
4410,FM,"Micronesia, Fed. Sts.",Forest area (% of land area),2025,,East Asia & Pacific,Upper middle income,IDA,158.185,6.91771
4411,FM,"Micronesia, Fed. Sts.",Forest area (% of land area),2024,,East Asia & Pacific,Upper middle income,IDA,158.185,6.91771
4412,FM,"Micronesia, Fed. Sts.",Forest area (% of land area),2023,92.1571428571429,East Asia & Pacific,Upper middle income,IDA,158.185,6.91771
4413,FM,"Micronesia, Fed. Sts.",Forest area (% of land area),2022,92.1142857142857,East Asia & Pacific,Upper middle income,IDA,158.185,6.91771
4414,FM,"Micronesia, Fed. Sts.",Forest area (% of land area),2021,92.0714285714286,East Asia & Pacific,Upper middle income,IDA,158.185,6.91771
4415,FM,"Micronesia, Fed. Sts.",Forest area (% of land area),2020,92.0285714285714,East Asia & Pacific,Upper middle income,IDA,158.185,6.91771
4416,FM,"Micronesia, Fed. Sts.",Forest area (% of land area),2019,91.9857142857143,East Asia & Pacific,Upper middle income,IDA,158.185,6.91771
4417,FM,"Micronesia, Fed. Sts.",Forest area (% of land area),2018,91.9428571428572,East Asia & Pacific,Upper middle income,IDA,158.185,6.91771
4418,FM,"Micronesia, Fed. Sts.",Forest area (% of land area),2017,91.9,East Asia & Pacific,Upper middle income,IDA,158.185,6.91771
4419,FM,"Micronesia, Fed. Sts.",Forest area (% of land area),2016,91.8571428571429,East Asia & Pacific,Upper middle income,IDA,158.185,6.91771
4420,MD,Moldova,Forest area (% of land area),2025,,Europe & Central Asia,Upper middle income,IBRD,28.8497,47.0167
4421,MD,Moldova,Forest area (% of land area),2024,,Europe & Central Asia,Upper middle income,IBRD,28.8497,47.0167
4422,MD,Moldova,Forest area (% of land area),2023,11.7370179167932,Europe & Central Asia,Upper middle income,IBRD,28.8497,47.0167
4423,MD,Moldova,Forest area (% of land area),2022,11.7548661800487,Europe & Central Asia,Upper middle income,IBRD,28.8497,47.0167
4424,MD,Moldova,Forest area (% of land area),2021,11.7512921860748,Europe & Central Asia,Upper middle income,IBRD,28.8497,47.0167
4425,MD,Moldova,Forest area (% of land area),2020,11.7532218728523,Europe & Central Asia,Upper middle income,IBRD,28.8497,47.0167
4426,MD,Moldova,Forest area (% of land area),2019,11.7527572607105,Europe & Central Asia,Upper middle income,IBRD,28.8497,47.0167
4427,MD,Moldova,Forest area (% of land area),2018,11.7529716925191,Europe & Central Asia,Upper middle income,IBRD,28.8497,47.0167
4428,MD,Moldova,Forest area (% of land area),2017,11.7512921860748,Europe & Central Asia,Upper middle income,IBRD,28.8497,47.0167
4429,MD,Moldova,Forest area (% of land area),2016,11.7548661800487,Europe & Central Asia,Upper middle income,IBRD,28.8497,47.0167
4430,MC,Monaco,Forest area (% of land area),2025,,Europe & Central Asia,High income,Not classified,7.41891,43.7325
4431,MC,Monaco,Forest area (% of land area),2024,,Europe & Central Asia,High income,Not classified,7.41891,43.7325
4432,MC,Monaco,Forest area (% of land area),2023,0.0,Europe & Central Asia,High income,Not classified,7.41891,43.7325
4433,MC,Monaco,Forest area (% of land area),2022,0.0,Europe & Central Asia,High income,Not classified,7.41891,43.7325
4434,MC,Monaco,Forest area (% of land area),2021,0.0,Europe & Central Asia,High income,Not classified,7.41891,43.7325
4435,MC,Monaco,Forest area (% of land area),2020,0.0,Europe & Central Asia,High income,Not classified,7.41891,43.7325
4436,MC,Monaco,Forest area (% of land area),2019,0.0,Europe & Central Asia,High income,Not classified,7.41891,43.7325
4437,MC,Monaco,Forest area (% of land area),2018,0.0,Europe & Central Asia,High income,Not classified,7.41891,43.7325
4438,MC,Monaco,Forest area (% of land area),2017,0.0,Europe & Central Asia,High income,Not classified,7.41891,43.7325
4439,MC,Monaco,Forest area (% of land area),2016,0.0,Europe & Central Asia,High income,Not classified,7.41891,43.7325
4440,MN,Mongolia,Forest area (% of land area),2025,,East Asia & Pacific,Upper middle income,IBRD,106.937,47.9129
4441,MN,Mongolia,Forest area (% of land area),2024,,East Asia & Pacific,Upper middle income,IBRD,106.937,47.9129
4442,MN,Mongolia,Forest area (% of land area),2023,9.09172405879304,East Asia & Pacific,Upper middle income,IBRD,106.937,47.9129
4443,MN,Mongolia,Forest area (% of land area),2022,9.09849695989111,East Asia & Pacific,Upper middle income,IBRD,106.937,47.9129
4444,MN,Mongolia,Forest area (% of land area),2021,9.09894465963877,East Asia & Pacific,Upper middle income,IBRD,106.937,47.9129
4445,MN,Mongolia,Forest area (% of land area),2020,9.09965848797644,East Asia & Pacific,Upper middle income,IBRD,106.937,47.9129
4446,MN,Mongolia,Forest area (% of land area),2019,9.10182513109581,East Asia & Pacific,Upper middle income,IBRD,106.937,47.9129
4447,MN,Mongolia,Forest area (% of land area),2018,9.10255545816196,East Asia & Pacific,Upper middle income,IBRD,106.937,47.9129
4448,MN,Mongolia,Forest area (% of land area),2017,9.10326591257927,East Asia & Pacific,Upper middle income,IBRD,106.937,47.9129
4449,MN,Mongolia,Forest area (% of land area),2016,9.10397870509873,East Asia & Pacific,Upper middle income,IBRD,106.937,47.9129
4450,ME,Montenegro,Forest area (% of land area),2025,,Europe & Central Asia,Upper middle income,IBRD,19.2595,42.4602
4451,ME,Montenegro,Forest area (% of land area),2024,,Europe & Central Asia,Upper middle income,IBRD,19.2595,42.4602
4452,ME,Montenegro,Forest area (% of land area),2023,61.4869888475836,Europe & Central Asia,Upper middle income,IBRD,19.2595,42.4602
4453,ME,Montenegro,Forest area (% of land area),2022,61.4869888475836,Europe & Central Asia,Upper middle income,IBRD,19.2595,42.4602
4454,ME,Montenegro,Forest area (% of land area),2021,61.4869888475836,Europe & Central Asia,Upper middle income,IBRD,19.2595,42.4602
4455,ME,Montenegro,Forest area (% of land area),2020,61.4869888475836,Europe & Central Asia,Upper middle income,IBRD,19.2595,42.4602
4456,ME,Montenegro,Forest area (% of land area),2019,61.4869888475836,Europe & Central Asia,Upper middle income,IBRD,19.2595,42.4602
4457,ME,Montenegro,Forest area (% of land area),2018,61.4869888475836,Europe & Central Asia,Upper middle income,IBRD,19.2595,42.4602
4458,ME,Montenegro,Forest area (% of land area),2017,61.4869888475836,Europe & Central Asia,Upper middle income,IBRD,19.2595,42.4602
4459,ME,Montenegro,Forest area (% of land area),2016,61.4869888475836,Europe & Central Asia,Upper middle income,IBRD,19.2595,42.4602
4460,MA,Morocco,Forest area (% of land area),2025,,"Middle East, North Africa, Afghanistan & Pakistan",Lower middle income,IBRD,-6.8704,33.9905
4461,MA,Morocco,Forest area (% of land area),2024,,"Middle East, North Africa, Afghanistan & Pakistan",Lower middle income,IBRD,-6.8704,33.9905
4462,MA,Morocco,Forest area (% of land area),2023,12.9371068787811,"Middle East, North Africa, Afghanistan & Pakistan",Lower middle income,IBRD,-6.8704,33.9905
4463,MA,Morocco,Forest area (% of land area),2022,12.9136878781089,"Middle East, North Africa, Afghanistan & Pakistan",Lower middle income,IBRD,-6.8704,33.9905
4464,MA,Morocco,Forest area (% of land area),2021,12.8903354246023,"Middle East, North Africa, Afghanistan & Pakistan",Lower middle income,IBRD,-6.8704,33.9905
4465,MA,Morocco,Forest area (% of land area),2020,12.8668832623796,"Middle East, North Africa, Afghanistan & Pakistan",Lower middle income,IBRD,-6.8704,33.9905
4466,MA,Morocco,Forest area (% of land area),2019,12.8435805511987,"Middle East, North Africa, Afghanistan & Pakistan",Lower middle income,IBRD,-6.8704,33.9905
4467,MA,Morocco,Forest area (% of land area),2018,12.8200537754873,"Middle East, North Africa, Afghanistan & Pakistan",Lower middle income,IBRD,-6.8704,33.9905
4468,MA,Morocco,Forest area (% of land area),2017,12.7976473224289,"Middle East, North Africa, Afghanistan & Pakistan",Lower middle income,IBRD,-6.8704,33.9905
4469,MA,Morocco,Forest area (% of land area),2016,12.7712077078199,"Middle East, North Africa, Afghanistan & Pakistan",Lower middle income,IBRD,-6.8704,33.9905
4470,MZ,Mozambique,Forest area (% of land area),2025,,Sub-Saharan Africa ,Low income,IDA,32.5713,-25.9664
4471,MZ,Mozambique,Forest area (% of land area),2024,,Sub-Saharan Africa ,Low income,IDA,32.5713,-25.9664
4472,MZ,Mozambique,Forest area (% of land area),2023,45.8130349195046,Sub-Saharan Africa ,Low income,IDA,32.5713,-25.9664
4473,MZ,Mozambique,Forest area (% of land area),2022,46.1193311121849,Sub-Saharan Africa ,Low income,IDA,32.5713,-25.9664
4474,MZ,Mozambique,Forest area (% of land area),2021,46.412173122409,Sub-Saharan Africa ,Low income,IDA,32.5713,-25.9664
4475,MZ,Mozambique,Forest area (% of land area),2020,46.7251964699,Sub-Saharan Africa ,Low income,IDA,32.5713,-25.9664
4476,MZ,Mozambique,Forest area (% of land area),2019,47.0079478114906,Sub-Saharan Africa ,Low income,IDA,32.5713,-25.9664
4477,MZ,Mozambique,Forest area (% of land area),2018,47.3361072255144,Sub-Saharan Africa ,Low income,IDA,32.5713,-25.9664
4478,MZ,Mozambique,Forest area (% of land area),2017,47.5680968488517,Sub-Saharan Africa ,Low income,IDA,32.5713,-25.9664
4479,MZ,Mozambique,Forest area (% of land area),2016,47.8500089015489,Sub-Saharan Africa ,Low income,IDA,32.5713,-25.9664
4480,MM,Myanmar,Forest area (% of land area),2025,,East Asia & Pacific,Lower middle income,IDA,95.9562,21.914
4481,MM,Myanmar,Forest area (% of land area),2024,,East Asia & Pacific,Lower middle income,IDA,95.9562,21.914
4482,MM,Myanmar,Forest area (% of land area),2023,42.4023779245254,East Asia & Pacific,Lower middle income,IDA,95.9562,21.914
4483,MM,Myanmar,Forest area (% of land area),2022,42.846262276495,East Asia & Pacific,Lower middle income,IDA,95.9562,21.914
4484,MM,Myanmar,Forest area (% of land area),2021,43.2901466284646,East Asia & Pacific,Lower middle income,IDA,95.9562,21.914
4485,MM,Myanmar,Forest area (% of land area),2020,43.7340309804342,East Asia & Pacific,Lower middle income,IDA,95.9562,21.914
4486,MM,Myanmar,Forest area (% of land area),2019,44.1758847862724,East Asia & Pacific,Lower middle income,IDA,95.9562,21.914
4487,MM,Myanmar,Forest area (% of land area),2018,44.6197487360196,East Asia & Pacific,Lower middle income,IDA,95.9562,21.914
4488,MM,Myanmar,Forest area (% of land area),2017,45.0601608579088,East Asia & Pacific,Lower middle income,IDA,95.9562,21.914
4489,MM,Myanmar,Forest area (% of land area),2016,45.5018995680015,East Asia & Pacific,Lower middle income,IDA,95.9562,21.914
4490,NA,Namibia,Forest area (% of land area),2025,,Sub-Saharan Africa ,Lower middle income,IBRD,17.0931,-22.5648
4491,NA,Namibia,Forest area (% of land area),2024,,Sub-Saharan Africa ,Lower middle income,IBRD,17.0931,-22.5648
4492,NA,Namibia,Forest area (% of land area),2023,7.80511120018463,Sub-Saharan Africa ,Lower middle income,IBRD,17.0931,-22.5648
4493,NA,Namibia,Forest area (% of land area),2022,7.89136270330017,Sub-Saharan Africa ,Lower middle income,IBRD,17.0931,-22.5648
4494,NA,Namibia,Forest area (% of land area),2021,7.97761420641572,Sub-Saharan Africa ,Lower middle income,IBRD,17.0931,-22.5648
4495,NA,Namibia,Forest area (% of land area),2020,8.06386570953127,Sub-Saharan Africa ,Lower middle income,IBRD,17.0931,-22.5648
4496,NA,Namibia,Forest area (% of land area),2019,8.15011721264682,Sub-Saharan Africa ,Lower middle income,IBRD,17.0931,-22.5648
4497,NA,Namibia,Forest area (% of land area),2018,8.23636871576237,Sub-Saharan Africa ,Lower middle income,IBRD,17.0931,-22.5648
4498,NA,Namibia,Forest area (% of land area),2017,8.32262021887792,Sub-Saharan Africa ,Lower middle income,IBRD,17.0931,-22.5648
4499,NA,Namibia,Forest area (% of land area),2016,8.40887172199347,Sub-Saharan Africa ,Lower middle income,IBRD,17.0931,-22.5648
4500,NR,Naoero,Forest area (% of land area),2025,,East Asia & Pacific,High income,IBRD,166.920867,-0.5477
4501,NR,Naoero,Forest area (% of land area),2024,,East Asia & Pacific,High income,IBRD,166.920867,-0.5477
4502,NR,Naoero,Forest area (% of land area),2023,0.0,East Asia & Pacific,High income,IBRD,166.920867,-0.5477
4503,NR,Naoero,Forest area (% of land area),2022,0.0,East Asia & Pacific,High income,IBRD,166.920867,-0.5477
4504,NR,Naoero,Forest area (% of land area),2021,0.0,East Asia & Pacific,High income,IBRD,166.920867,-0.5477
4505,NR,Naoero,Forest area (% of land area),2020,0.0,East Asia & Pacific,High income,IBRD,166.920867,-0.5477
4506,NR,Naoero,Forest area (% of land area),2019,0.0,East Asia & Pacific,High income,IBRD,166.920867,-0.5477
4507,NR,Naoero,Forest area (% of land area),2018,0.0,East Asia & Pacific,High income,IBRD,166.920867,-0.5477
4508,NR,Naoero,Forest area (% of land area),2017,0.0,East Asia & Pacific,High income,IBRD,166.920867,-0.5477
4509,NR,Naoero,Forest area (% of land area),2016,0.0,East Asia & Pacific,High income,IBRD,166.920867,-0.5477
4510,NP,Nepal,Forest area (% of land area),2025,,South Asia,Lower middle income,IDA,85.3157,27.6939
4511,NP,Nepal,Forest area (% of land area),2024,,South Asia,Lower middle income,IDA,85.3157,27.6939
4512,NP,Nepal,Forest area (% of land area),2023,41.5907220090687,South Asia,Lower middle income,IDA,85.3157,27.6939
4513,NP,Nepal,Forest area (% of land area),2022,41.5907220090687,South Asia,Lower middle income,IDA,85.3157,27.6939
4514,NP,Nepal,Forest area (% of land area),2021,41.5907220090687,South Asia,Lower middle income,IDA,85.3157,27.6939
4515,NP,Nepal,Forest area (% of land area),2020,41.5907220090687,South Asia,Lower middle income,IDA,85.3157,27.6939
4516,NP,Nepal,Forest area (% of land area),2019,41.5907220090687,South Asia,Lower middle income,IDA,85.3157,27.6939
4517,NP,Nepal,Forest area (% of land area),2018,41.5907220090687,South Asia,Lower middle income,IDA,85.3157,27.6939
4518,NP,Nepal,Forest area (% of land area),2017,41.5907220090687,South Asia,Lower middle income,IDA,85.3157,27.6939
4519,NP,Nepal,Forest area (% of land area),2016,41.5907220090687,South Asia,Lower middle income,IDA,85.3157,27.6939
4520,NL,Netherlands,Forest area (% of land area),2025,,Europe & Central Asia,High income,Not classified,4.89095,52.3738
4521,NL,Netherlands,Forest area (% of land area),2024,,Europe & Central Asia,High income,Not classified,4.89095,52.3738
4522,NL,Netherlands,Forest area (% of land area),2023,11.0574428274428,Europe & Central Asia,High income,Not classified,4.89095,52.3738
4523,NL,Netherlands,Forest area (% of land area),2022,11.0296673596674,Europe & Central Asia,High income,Not classified,4.89095,52.3738
4524,NL,Netherlands,Forest area (% of land area),2021,11.001980991981,Europe & Central Asia,High income,Not classified,4.89095,52.3738
4525,NL,Netherlands,Forest area (% of land area),2020,10.974160974161,Europe & Central Asia,High income,Not classified,4.89095,52.3738
4526,NL,Netherlands,Forest area (% of land area),2019,10.9465399465399,Europe & Central Asia,High income,Not classified,4.89095,52.3738
4527,NL,Netherlands,Forest area (% of land area),2018,10.9186219186219,Europe & Central Asia,High income,Not classified,4.89095,52.3738
4528,NL,Netherlands,Forest area (% of land area),2017,10.8910008910009,Europe & Central Asia,High income,Not classified,4.89095,52.3738
4529,NL,Netherlands,Forest area (% of land area),2016,10.8630828630829,Europe & Central Asia,High income,Not classified,4.89095,52.3738
4530,NC,New Caledonia,Forest area (% of land area),2025,,East Asia & Pacific,High income,Not classified,166.464,-22.2677
4531,NC,New Caledonia,Forest area (% of land area),2024,,East Asia & Pacific,High income,Not classified,166.464,-22.2677
4532,NC,New Caledonia,Forest area (% of land area),2023,45.8271334792123,East Asia & Pacific,High income,Not classified,166.464,-22.2677
4533,NC,New Caledonia,Forest area (% of land area),2022,45.8326039387309,East Asia & Pacific,High income,Not classified,166.464,-22.2677
4534,NC,New Caledonia,Forest area (% of land area),2021,45.8380743982495,East Asia & Pacific,High income,Not classified,166.464,-22.2677
4535,NC,New Caledonia,Forest area (% of land area),2020,45.8435448577681,East Asia & Pacific,High income,Not classified,166.464,-22.2677
4536,NC,New Caledonia,Forest area (% of land area),2019,45.8490153172867,East Asia & Pacific,High income,Not classified,166.464,-22.2677
4537,NC,New Caledonia,Forest area (% of land area),2018,45.8544857768053,East Asia & Pacific,High income,Not classified,166.464,-22.2677
4538,NC,New Caledonia,Forest area (% of land area),2017,45.8599562363239,East Asia & Pacific,High income,Not classified,166.464,-22.2677
4539,NC,New Caledonia,Forest area (% of land area),2016,45.8654266958425,East Asia & Pacific,High income,Not classified,166.464,-22.2677
4540,NZ,New Zealand,Forest area (% of land area),2025,,East Asia & Pacific,High income,Not classified,174.776,-41.2865
4541,NZ,New Zealand,Forest area (% of land area),2024,,East Asia & Pacific,High income,Not classified,174.776,-41.2865
4542,NZ,New Zealand,Forest area (% of land area),2023,37.7892841137822,East Asia & Pacific,High income,Not classified,174.776,-41.2865
4543,NZ,New Zealand,Forest area (% of land area),2022,37.719363487904,East Asia & Pacific,High income,Not classified,174.776,-41.2865
4544,NZ,New Zealand,Forest area (% of land area),2021,37.6306509437545,East Asia & Pacific,High income,Not classified,174.776,-41.2865
4545,NZ,New Zealand,Forest area (% of land area),2020,37.5701264669021,East Asia & Pacific,High income,Not classified,174.776,-41.2865
4546,NZ,New Zealand,Forest area (% of land area),2019,37.4673198891041,East Asia & Pacific,High income,Not classified,174.776,-41.2865
4547,NZ,New Zealand,Forest area (% of land area),2018,37.4279366526148,East Asia & Pacific,High income,Not classified,174.776,-41.2865
4548,NZ,New Zealand,Forest area (% of land area),2017,37.411606091679,East Asia & Pacific,High income,Not classified,174.776,-41.2865
4549,NZ,New Zealand,Forest area (% of land area),2016,37.396035091717,East Asia & Pacific,High income,Not classified,174.776,-41.2865
4550,NI,Nicaragua,Forest area (% of land area),2025,,Latin America & Caribbean ,Lower middle income,IDA,-86.2734,12.1475
4551,NI,Nicaragua,Forest area (% of land area),2024,,Latin America & Caribbean ,Lower middle income,IDA,-86.2734,12.1475
4552,NI,Nicaragua,Forest area (% of land area),2023,25.8229183978727,Latin America & Caribbean ,Lower middle income,IDA,-86.2734,12.1475
4553,NI,Nicaragua,Forest area (% of land area),2022,26.6538972910088,Latin America & Caribbean ,Lower middle income,IDA,-86.2734,12.1475
4554,NI,Nicaragua,Forest area (% of land area),2021,27.4848761841449,Latin America & Caribbean ,Lower middle income,IDA,-86.2734,12.1475
4555,NI,Nicaragua,Forest area (% of land area),2020,28.315855077281,Latin America & Caribbean ,Lower middle income,IDA,-86.2734,12.1475
4556,NI,Nicaragua,Forest area (% of land area),2019,29.1468339704172,Latin America & Caribbean ,Lower middle income,IDA,-86.2734,12.1475
4557,NI,Nicaragua,Forest area (% of land area),2018,29.9778128635533,Latin America & Caribbean ,Lower middle income,IDA,-86.2734,12.1475
4558,NI,Nicaragua,Forest area (% of land area),2017,30.8087917566894,Latin America & Caribbean ,Lower middle income,IDA,-86.2734,12.1475
4559,NI,Nicaragua,Forest area (% of land area),2016,31.6397706498255,Latin America & Caribbean ,Lower middle income,IDA,-86.2734,12.1475
4560,NE,Niger,Forest area (% of land area),2025,,Sub-Saharan Africa ,Low income,IDA,2.1073,13.514
4561,NE,Niger,Forest area (% of land area),2024,,Sub-Saharan Africa ,Low income,IDA,2.1073,13.514
4562,NE,Niger,Forest area (% of land area),2023,0.822957290597616,Sub-Saharan Africa ,Low income,IDA,2.1073,13.514
4563,NE,Niger,Forest area (% of land area),2022,0.83276229572906,Sub-Saharan Africa ,Low income,IDA,2.1073,13.514
4564,NE,Niger,Forest area (% of land area),2021,0.842567300860504,Sub-Saharan Africa ,Low income,IDA,2.1073,13.514
4565,NE,Niger,Forest area (% of land area),2020,0.852372305991948,Sub-Saharan Africa ,Low income,IDA,2.1073,13.514
4566,NE,Niger,Forest area (% of land area),2019,0.862177311123392,Sub-Saharan Africa ,Low income,IDA,2.1073,13.514
4567,NE,Niger,Forest area (% of land area),2018,0.871982316254835,Sub-Saharan Africa ,Low income,IDA,2.1073,13.514
4568,NE,Niger,Forest area (% of land area),2017,0.881787321386279,Sub-Saharan Africa ,Low income,IDA,2.1073,13.514
4569,NE,Niger,Forest area (% of land area),2016,0.891592326517723,Sub-Saharan Africa ,Low income,IDA,2.1073,13.514
4570,NG,Nigeria,Forest area (% of land area),2025,,Sub-Saharan Africa ,Lower middle income,Blend,7.48906,9.05804
4571,NG,Nigeria,Forest area (% of land area),2024,,Sub-Saharan Africa ,Lower middle income,Blend,7.48906,9.05804
4572,NG,Nigeria,Forest area (% of land area),2023,23.2078900271199,Sub-Saharan Africa ,Lower middle income,Blend,7.48906,9.05804
4573,NG,Nigeria,Forest area (% of land area),2022,23.3871888621716,Sub-Saharan Africa ,Lower middle income,Blend,7.48906,9.05804
4574,NG,Nigeria,Forest area (% of land area),2021,23.5664876972232,Sub-Saharan Africa ,Lower middle income,Blend,7.48906,9.05804
4575,NG,Nigeria,Forest area (% of land area),2020,23.7457865322749,Sub-Saharan Africa ,Lower middle income,Blend,7.48906,9.05804
4576,NG,Nigeria,Forest area (% of land area),2019,23.9250853673265,Sub-Saharan Africa ,Lower middle income,Blend,7.48906,9.05804
4577,NG,Nigeria,Forest area (% of land area),2018,24.1043842023782,Sub-Saharan Africa ,Lower middle income,Blend,7.48906,9.05804
4578,NG,Nigeria,Forest area (% of land area),2017,24.2836830374299,Sub-Saharan Africa ,Lower middle income,Blend,7.48906,9.05804
4579,NG,Nigeria,Forest area (% of land area),2016,24.4629795667402,Sub-Saharan Africa ,Lower middle income,Blend,7.48906,9.05804
4580,MK,North Macedonia,Forest area (% of land area),2025,,Europe & Central Asia,Upper middle income,IBRD,21.4361,42.0024
4581,MK,North Macedonia,Forest area (% of land area),2024,,Europe & Central Asia,Upper middle income,IBRD,21.4361,42.0024
4582,MK,North Macedonia,Forest area (% of land area),2023,39.7101506740682,Europe & Central Asia,Upper middle income,IBRD,21.4361,42.0024
4583,MK,North Macedonia,Forest area (% of land area),2022,39.7101506740682,Europe & Central Asia,Upper middle income,IBRD,21.4361,42.0024
4584,MK,North Macedonia,Forest area (% of land area),2021,39.7101506740682,Europe & Central Asia,Upper middle income,IBRD,21.4361,42.0024
4585,MK,North Macedonia,Forest area (% of land area),2020,39.7101506740682,Europe & Central Asia,Upper middle income,IBRD,21.4361,42.0024
4586,MK,North Macedonia,Forest area (% of land area),2019,39.7101506740682,Europe & Central Asia,Upper middle income,IBRD,21.4361,42.0024
4587,MK,North Macedonia,Forest area (% of land area),2018,39.7101506740682,Europe & Central Asia,Upper middle income,IBRD,21.4361,42.0024
4588,MK,North Macedonia,Forest area (% of land area),2017,39.7101506740682,Europe & Central Asia,Upper middle income,IBRD,21.4361,42.0024
4589,MK,North Macedonia,Forest area (% of land area),2016,39.7172878667724,Europe & Central Asia,Upper middle income,IBRD,21.4361,42.0024
4590,MP,Northern Mariana Islands,Forest area (% of land area),2025,,East Asia & Pacific,High income,Not classified,145.765,15.1935
4591,MP,Northern Mariana Islands,Forest area (% of land area),2024,,East Asia & Pacific,High income,Not classified,145.765,15.1935
4592,MP,Northern Mariana Islands,Forest area (% of land area),2023,52.9565217391304,East Asia & Pacific,High income,Not classified,145.765,15.1935
4593,MP,Northern Mariana Islands,Forest area (% of land area),2022,52.9565217391304,East Asia & Pacific,High income,Not classified,145.765,15.1935
4594,MP,Northern Mariana Islands,Forest area (% of land area),2021,52.9565217391304,East Asia & Pacific,High income,Not classified,145.765,15.1935
4595,MP,Northern Mariana Islands,Forest area (% of land area),2020,52.9565217391304,East Asia & Pacific,High income,Not classified,145.765,15.1935
4596,MP,Northern Mariana Islands,Forest area (% of land area),2019,52.9565217391304,East Asia & Pacific,High income,Not classified,145.765,15.1935
4597,MP,Northern Mariana Islands,Forest area (% of land area),2018,52.9565217391304,East Asia & Pacific,High income,Not classified,145.765,15.1935
4598,MP,Northern Mariana Islands,Forest area (% of land area),2017,52.9565217391304,East Asia & Pacific,High income,Not classified,145.765,15.1935
4599,MP,Northern Mariana Islands,Forest area (% of land area),2016,52.9565217391304,East Asia & Pacific,High income,Not classified,145.765,15.1935
4600,NO,Norway,Forest area (% of land area),2025,,Europe & Central Asia,High income,Not classified,10.7387,59.9138
4601,NO,Norway,Forest area (% of land area),2024,,Europe & Central Asia,High income,Not classified,10.7387,59.9138
4602,NO,Norway,Forest area (% of land area),2023,33.5009745518434,Europe & Central Asia,High income,Not classified,10.7387,59.9138
4603,NO,Norway,Forest area (% of land area),2022,33.4795618634529,Europe & Central Asia,High income,Not classified,10.7387,59.9138
4604,NO,Norway,Forest area (% of land area),2021,33.4581491750625,Europe & Central Asia,High income,Not classified,10.7387,59.9138
4605,NO,Norway,Forest area (% of land area),2020,33.4353596771758,Europe & Central Asia,High income,Not classified,10.7387,59.9138
4606,NO,Norway,Forest area (% of land area),2019,33.3399069828592,Europe & Central Asia,High income,Not classified,10.7387,59.9138
4607,NO,Norway,Forest area (% of land area),2018,33.3172650284299,Europe & Central Asia,High income,Not classified,10.7387,59.9138
4608,NO,Norway,Forest area (% of land area),2017,33.2945336229161,Europe & Central Asia,High income,Not classified,10.7387,59.9138
4609,NO,Norway,Forest area (% of land area),2016,33.271099733249,Europe & Central Asia,High income,Not classified,10.7387,59.9138
4610,OM,Oman,Forest area (% of land area),2025,,"Middle East, North Africa, Afghanistan & Pakistan",High income,Not classified,58.5874,23.6105
4611,OM,Oman,Forest area (% of land area),2024,,"Middle East, North Africa, Afghanistan & Pakistan",High income,Not classified,58.5874,23.6105
4612,OM,Oman,Forest area (% of land area),2023,0.00762261712439418,"Middle East, North Africa, Afghanistan & Pakistan",High income,Not classified,58.5874,23.6105
4613,OM,Oman,Forest area (% of land area),2022,0.00779030694668821,"Middle East, North Africa, Afghanistan & Pakistan",High income,Not classified,58.5874,23.6105
4614,OM,Oman,Forest area (% of land area),2021,0.00786203554119548,"Middle East, North Africa, Afghanistan & Pakistan",High income,Not classified,58.5874,23.6105
4615,OM,Oman,Forest area (% of land area),2020,0.00807754442649435,"Middle East, North Africa, Afghanistan & Pakistan",High income,Not classified,58.5874,23.6105
4616,OM,Oman,Forest area (% of land area),2019,0.00807754442649435,"Middle East, North Africa, Afghanistan & Pakistan",High income,Not classified,58.5874,23.6105
4617,OM,Oman,Forest area (% of land area),2018,0.00840064620355412,"Middle East, North Africa, Afghanistan & Pakistan",High income,Not classified,58.5874,23.6105
4618,OM,Oman,Forest area (% of land area),2017,0.00872374798061389,"Middle East, North Africa, Afghanistan & Pakistan",High income,Not classified,58.5874,23.6105
4619,OM,Oman,Forest area (% of land area),2016,0.00904684975767367,"Middle East, North Africa, Afghanistan & Pakistan",High income,Not classified,58.5874,23.6105
4620,PK,Pakistan,Forest area (% of land area),2025,,"Middle East, North Africa, Afghanistan & Pakistan",Lower middle income,Blend,72.8,30.5167
4621,PK,Pakistan,Forest area (% of land area),2024,,"Middle East, North Africa, Afghanistan & Pakistan",Lower middle income,Blend,72.8,30.5167
4622,PK,Pakistan,Forest area (% of land area),2023,4.67242631797426,"Middle East, North Africa, Afghanistan & Pakistan",Lower middle income,Blend,72.8,30.5167
4623,PK,Pakistan,Forest area (% of land area),2022,4.72605334163553,"Middle East, North Africa, Afghanistan & Pakistan",Lower middle income,Blend,72.8,30.5167
4624,PK,Pakistan,Forest area (% of land area),2021,4.7796803652968,"Middle East, North Africa, Afghanistan & Pakistan",Lower middle income,Blend,72.8,30.5167
4625,PK,Pakistan,Forest area (% of land area),2020,4.83330738895807,"Middle East, North Africa, Afghanistan & Pakistan",Lower middle income,Blend,72.8,30.5167
4626,PK,Pakistan,Forest area (% of land area),2019,4.88693441261934,"Middle East, North Africa, Afghanistan & Pakistan",Lower middle income,Blend,72.8,30.5167
4627,PK,Pakistan,Forest area (% of land area),2018,4.94056143628061,"Middle East, North Africa, Afghanistan & Pakistan",Lower middle income,Blend,72.8,30.5167
4628,PK,Pakistan,Forest area (% of land area),2017,4.99418845994188,"Middle East, North Africa, Afghanistan & Pakistan",Lower middle income,Blend,72.8,30.5167
4629,PK,Pakistan,Forest area (% of land area),2016,5.01795350767954,"Middle East, North Africa, Afghanistan & Pakistan",Lower middle income,Blend,72.8,30.5167
4630,PW,Palau,Forest area (% of land area),2025,,East Asia & Pacific,High income,IBRD,134.479,7.34194
4631,PW,Palau,Forest area (% of land area),2024,,East Asia & Pacific,High income,IBRD,134.479,7.34194
4632,PW,Palau,Forest area (% of land area),2023,90.5434782608696,East Asia & Pacific,High income,IBRD,134.479,7.34194
4633,PW,Palau,Forest area (% of land area),2022,90.3695652173913,East Asia & Pacific,High income,IBRD,134.479,7.34194
4634,PW,Palau,Forest area (% of land area),2021,90.195652173913,East Asia & Pacific,High income,IBRD,134.479,7.34194
4635,PW,Palau,Forest area (% of land area),2020,90.0217391304348,East Asia & Pacific,High income,IBRD,134.479,7.34194
4636,PW,Palau,Forest area (% of land area),2019,89.8478260869565,East Asia & Pacific,High income,IBRD,134.479,7.34194
4637,PW,Palau,Forest area (% of land area),2018,89.6739130434783,East Asia & Pacific,High income,IBRD,134.479,7.34194
4638,PW,Palau,Forest area (% of land area),2017,89.4782608695652,East Asia & Pacific,High income,IBRD,134.479,7.34194
4639,PW,Palau,Forest area (% of land area),2016,89.304347826087,East Asia & Pacific,High income,IBRD,134.479,7.34194
4640,PA,Panama,Forest area (% of land area),2025,,Latin America & Caribbean ,High income,IBRD,-79.5188,8.99427
4641,PA,Panama,Forest area (% of land area),2024,,Latin America & Caribbean ,High income,IBRD,-79.5188,8.99427
4642,PA,Panama,Forest area (% of land area),2023,56.3439727689404,Latin America & Caribbean ,High income,IBRD,-79.5188,8.99427
4643,PA,Panama,Forest area (% of land area),2022,56.4978579131842,Latin America & Caribbean ,High income,IBRD,-79.5188,8.99427
4644,PA,Panama,Forest area (% of land area),2021,56.6517026152602,Latin America & Caribbean ,High income,IBRD,-79.5188,8.99427
4645,PA,Panama,Forest area (% of land area),2020,56.8056079805878,Latin America & Caribbean ,High income,IBRD,-79.5188,8.99427
4646,PA,Panama,Forest area (% of land area),2019,56.9594230250741,Latin America & Caribbean ,High income,IBRD,-79.5188,8.99427
4647,PA,Panama,Forest area (% of land area),2018,57.1133728767862,Latin America & Caribbean ,High income,IBRD,-79.5188,8.99427
4648,PA,Panama,Forest area (% of land area),2017,57.3135456017269,Latin America & Caribbean ,High income,IBRD,-79.5188,8.99427
4649,PA,Panama,Forest area (% of land area),2016,57.4676200755532,Latin America & Caribbean ,High income,IBRD,-79.5188,8.99427
4650,PG,Papua New Guinea,Forest area (% of land area),2025,,East Asia & Pacific,Lower middle income,Blend,147.194,-9.47357
4651,PG,Papua New Guinea,Forest area (% of land area),2024,,East Asia & Pacific,Lower middle income,Blend,147.194,-9.47357
4652,PG,Papua New Guinea,Forest area (% of land area),2023,78.9541359360509,East Asia & Pacific,Lower middle income,Blend,147.194,-9.47357
4653,PG,Papua New Guinea,Forest area (% of land area),2022,79.0281764783818,East Asia & Pacific,Lower middle income,Blend,147.194,-9.47357
4654,PG,Papua New Guinea,Forest area (% of land area),2021,79.1022170207128,East Asia & Pacific,Lower middle income,Blend,147.194,-9.47357
4655,PG,Papua New Guinea,Forest area (% of land area),2020,79.1762575630438,East Asia & Pacific,Lower middle income,Blend,147.194,-9.47357
4656,PG,Papua New Guinea,Forest area (% of land area),2019,79.2502981053747,East Asia & Pacific,Lower middle income,Blend,147.194,-9.47357
4657,PG,Papua New Guinea,Forest area (% of land area),2018,79.3243386477057,East Asia & Pacific,Lower middle income,Blend,147.194,-9.47357
4658,PG,Papua New Guinea,Forest area (% of land area),2017,79.3983791900367,East Asia & Pacific,Lower middle income,Blend,147.194,-9.47357
4659,PG,Papua New Guinea,Forest area (% of land area),2016,79.4724197323676,East Asia & Pacific,Lower middle income,Blend,147.194,-9.47357
4660,PY,Paraguay,Forest area (% of land area),2025,,Latin America & Caribbean ,Upper middle income,IBRD,-57.6362,-25.3005
4661,PY,Paraguay,Forest area (% of land area),2024,,Latin America & Caribbean ,Upper middle income,IBRD,-57.6362,-25.3005
4662,PY,Paraguay,Forest area (% of land area),2023,38.5449252640128,Latin America & Caribbean ,Upper middle income,IBRD,-57.6362,-25.3005
4663,PY,Paraguay,Forest area (% of land area),2022,39.2502935554672,Latin America & Caribbean ,Upper middle income,IBRD,-57.6362,-25.3005
4664,PY,Paraguay,Forest area (% of land area),2021,39.8261432167128,Latin America & Caribbean ,Upper middle income,IBRD,-57.6362,-25.3005
4665,PY,Paraguay,Forest area (% of land area),2020,40.5292222501888,Latin America & Caribbean ,Upper middle income,IBRD,-57.6362,-25.3005
4666,PY,Paraguay,Forest area (% of land area),2019,41.2323181474956,Latin America & Caribbean ,Upper middle income,IBRD,-57.6362,-25.3005
4667,PY,Paraguay,Forest area (% of land area),2018,41.9353888749056,Latin America & Caribbean ,Upper middle income,IBRD,-57.6362,-25.3005
4668,PY,Paraguay,Forest area (% of land area),2017,42.6384847722124,Latin America & Caribbean ,Upper middle income,IBRD,-57.6362,-25.3005
4669,PY,Paraguay,Forest area (% of land area),2016,43.6273093380317,Latin America & Caribbean ,Upper middle income,IBRD,-57.6362,-25.3005
4670,PE,Peru,Forest area (% of land area),2025,,Latin America & Caribbean ,Upper middle income,IBRD,-77.0465,-12.0931
4671,PE,Peru,Forest area (% of land area),2024,,Latin America & Caribbean ,Upper middle income,IBRD,-77.0465,-12.0931
4672,PE,Peru,Forest area (% of land area),2023,56.103020234375,Latin America & Caribbean ,Upper middle income,IBRD,-77.0465,-12.0931
4673,PE,Peru,Forest area (% of land area),2022,56.238047734375,Latin America & Caribbean ,Upper middle income,IBRD,-77.0465,-12.0931
4674,PE,Peru,Forest area (% of land area),2021,56.373072890625,Latin America & Caribbean ,Upper middle income,IBRD,-77.0465,-12.0931
4675,PE,Peru,Forest area (% of land area),2020,56.5081015625,Latin America & Caribbean ,Upper middle income,IBRD,-77.0465,-12.0931
4676,PE,Peru,Forest area (% of land area),2019,56.643125,Latin America & Caribbean ,Upper middle income,IBRD,-77.0465,-12.0931
4677,PE,Peru,Forest area (% of land area),2018,56.77815625,Latin America & Caribbean ,Upper middle income,IBRD,-77.0465,-12.0931
4678,PE,Peru,Forest area (% of land area),2017,56.902171875,Latin America & Caribbean ,Upper middle income,IBRD,-77.0465,-12.0931
4679,PE,Peru,Forest area (% of land area),2016,57.03928125,Latin America & Caribbean ,Upper middle income,IBRD,-77.0465,-12.0931
4680,PH,Philippines,Forest area (% of land area),2025,,East Asia & Pacific,Upper middle income,IBRD,121.035,14.5515
4681,PH,Philippines,Forest area (% of land area),2024,,East Asia & Pacific,Upper middle income,IBRD,121.035,14.5515
4682,PH,Philippines,Forest area (% of land area),2023,24.4600731126539,East Asia & Pacific,Upper middle income,IBRD,121.035,14.5515
4683,PH,Philippines,Forest area (% of land area),2022,24.3430593285709,East Asia & Pacific,Upper middle income,IBRD,121.035,14.5515
4684,PH,Philippines,Forest area (% of land area),2021,24.226045544488,East Asia & Pacific,Upper middle income,IBRD,121.035,14.5515
4685,PH,Philippines,Forest area (% of land area),2020,24.1090317604051,East Asia & Pacific,Upper middle income,IBRD,121.035,14.5515
4686,PH,Philippines,Forest area (% of land area),2019,23.9920179763222,East Asia & Pacific,Upper middle income,IBRD,121.035,14.5515
4687,PH,Philippines,Forest area (% of land area),2018,23.8750041922393,East Asia & Pacific,Upper middle income,IBRD,121.035,14.5515
4688,PH,Philippines,Forest area (% of land area),2017,23.758023946071,East Asia & Pacific,Upper middle income,IBRD,121.035,14.5515
4689,PH,Philippines,Forest area (% of land area),2016,23.6410101619881,East Asia & Pacific,Upper middle income,IBRD,121.035,14.5515
4690,PL,Poland,Forest area (% of land area),2025,,Europe & Central Asia,High income,IBRD,21.02,52.26
4691,PL,Poland,Forest area (% of land area),2024,,Europe & Central Asia,High income,IBRD,21.02,52.26
4692,PL,Poland,Forest area (% of land area),2023,31.0804192379273,Europe & Central Asia,High income,IBRD,21.02,52.26
4693,PL,Poland,Forest area (% of land area),2022,31.0594923061845,Europe & Central Asia,High income,IBRD,21.02,52.26
4694,PL,Poland,Forest area (% of land area),2021,31.0192747468148,Europe & Central Asia,High income,IBRD,21.02,52.26
4695,PL,Poland,Forest area (% of land area),2020,30.9770358997811,Europe & Central Asia,High income,IBRD,21.02,52.26
4696,PL,Poland,Forest area (% of land area),2019,30.939858220901,Europe & Central Asia,High income,IBRD,21.02,52.26
4697,PL,Poland,Forest area (% of land area),2018,30.8946010386387,Europe & Central Asia,High income,IBRD,21.02,52.26
4698,PL,Poland,Forest area (% of land area),2017,30.8533916849015,Europe & Central Asia,High income,IBRD,21.02,52.26
4699,PL,Poland,Forest area (% of land area),2016,30.8142003331265,Europe & Central Asia,High income,IBRD,21.02,52.26
4700,PT,Portugal,Forest area (% of land area),2025,,Europe & Central Asia,High income,Not classified,-9.13552,38.7072
4701,PT,Portugal,Forest area (% of land area),2024,,Europe & Central Asia,High income,Not classified,-9.13552,38.7072
4702,PT,Portugal,Forest area (% of land area),2023,36.154994891142,Europe & Central Asia,High income,Not classified,-9.13552,38.7072
4703,PT,Portugal,Forest area (% of land area),2022,36.154994891142,Europe & Central Asia,High income,Not classified,-9.13552,38.7072
4704,PT,Portugal,Forest area (% of land area),2021,36.154994891142,Europe & Central Asia,High income,Not classified,-9.13552,38.7072
4705,PT,Portugal,Forest area (% of land area),2020,36.154994891142,Europe & Central Asia,High income,Not classified,-9.13552,38.7072
4706,PT,Portugal,Forest area (% of land area),2019,36.154994891142,Europe & Central Asia,High income,Not classified,-9.13552,38.7072
4707,PT,Portugal,Forest area (% of land area),2018,36.154994891142,Europe & Central Asia,High income,Not classified,-9.13552,38.7072
4708,PT,Portugal,Forest area (% of land area),2017,36.154994891142,Europe & Central Asia,High income,Not classified,-9.13552,38.7072
4709,PT,Portugal,Forest area (% of land area),2016,36.154994891142,Europe & Central Asia,High income,Not classified,-9.13552,38.7072
4710,PR,Puerto Rico (US),Forest area (% of land area),2025,,Latin America & Caribbean ,High income,Not classified,-66,18.23
4711,PR,Puerto Rico (US),Forest area (% of land area),2024,,Latin America & Caribbean ,High income,Not classified,-66,18.23
4712,PR,Puerto Rico (US),Forest area (% of land area),2023,56.1217587373168,Latin America & Caribbean ,High income,Not classified,-66,18.23
4713,PR,Puerto Rico (US),Forest area (% of land area),2022,56.0665163472379,Latin America & Caribbean ,High income,Not classified,-66,18.23
4714,PR,Puerto Rico (US),Forest area (% of land area),2021,56.011273957159,Latin America & Caribbean ,High income,Not classified,-66,18.23
4715,PR,Puerto Rico (US),Forest area (% of land area),2020,55.95603156708,Latin America & Caribbean ,High income,Not classified,-66,18.23
4716,PR,Puerto Rico (US),Forest area (% of land area),2019,55.9007891770011,Latin America & Caribbean ,High income,Not classified,-66,18.23
4717,PR,Puerto Rico (US),Forest area (% of land area),2018,55.8455467869222,Latin America & Caribbean ,High income,Not classified,-66,18.23
4718,PR,Puerto Rico (US),Forest area (% of land area),2017,55.7903043968433,Latin America & Caribbean ,High income,Not classified,-66,18.23
4719,PR,Puerto Rico (US),Forest area (% of land area),2016,55.7350620067644,Latin America & Caribbean ,High income,Not classified,-66,18.23
4720,QA,Qatar,Forest area (% of land area),2025,,"Middle East, North Africa, Afghanistan & Pakistan",High income,Not classified,51.5082,25.2948
4721,QA,Qatar,Forest area (% of land area),2024,,"Middle East, North Africa, Afghanistan & Pakistan",High income,Not classified,51.5082,25.2948
4722,QA,Qatar,Forest area (% of land area),2023,0.0,"Middle East, North Africa, Afghanistan & Pakistan",High income,Not classified,51.5082,25.2948
4723,QA,Qatar,Forest area (% of land area),2022,0.0,"Middle East, North Africa, Afghanistan & Pakistan",High income,Not classified,51.5082,25.2948
4724,QA,Qatar,Forest area (% of land area),2021,0.0,"Middle East, North Africa, Afghanistan & Pakistan",High income,Not classified,51.5082,25.2948
4725,QA,Qatar,Forest area (% of land area),2020,0.0,"Middle East, North Africa, Afghanistan & Pakistan",High income,Not classified,51.5082,25.2948
4726,QA,Qatar,Forest area (% of land area),2019,0.0,"Middle East, North Africa, Afghanistan & Pakistan",High income,Not classified,51.5082,25.2948
4727,QA,Qatar,Forest area (% of land area),2018,0.0,"Middle East, North Africa, Afghanistan & Pakistan",High income,Not classified,51.5082,25.2948
4728,QA,Qatar,Forest area (% of land area),2017,0.0,"Middle East, North Africa, Afghanistan & Pakistan",High income,Not classified,51.5082,25.2948
4729,QA,Qatar,Forest area (% of land area),2016,0.0,"Middle East, North Africa, Afghanistan & Pakistan",High income,Not classified,51.5082,25.2948
4730,RO,Romania,Forest area (% of land area),2025,,Europe & Central Asia,High income,IBRD,26.0979,44.4479
4731,RO,Romania,Forest area (% of land area),2024,,Europe & Central Asia,High income,IBRD,26.0979,44.4479
4732,RO,Romania,Forest area (% of land area),2023,30.1158292767733,Europe & Central Asia,High income,IBRD,26.0979,44.4479
4733,RO,Romania,Forest area (% of land area),2022,30.1158292767733,Europe & Central Asia,High income,IBRD,26.0979,44.4479
4734,RO,Romania,Forest area (% of land area),2021,30.1158292767733,Europe & Central Asia,High income,IBRD,26.0979,44.4479
4735,RO,Romania,Forest area (% of land area),2020,30.1158292767733,Europe & Central Asia,High income,IBRD,26.0979,44.4479
4736,RO,Romania,Forest area (% of land area),2019,30.1158292767733,Europe & Central Asia,High income,IBRD,26.0979,44.4479
4737,RO,Romania,Forest area (% of land area),2018,30.1158292767733,Europe & Central Asia,High income,IBRD,26.0979,44.4479
4738,RO,Romania,Forest area (% of land area),2017,30.1158292767733,Europe & Central Asia,High income,IBRD,26.0979,44.4479
4739,RO,Romania,Forest area (% of land area),2016,30.1158292767733,Europe & Central Asia,High income,IBRD,26.0979,44.4479
4740,RU,Russian Federation,Forest area (% of land area),2025,,Europe & Central Asia,High income,IBRD,37.6176,55.7558
4741,RU,Russian Federation,Forest area (% of land area),2024,,Europe & Central Asia,High income,IBRD,37.6176,55.7558
4742,RU,Russian Federation,Forest area (% of land area),2023,49.7843605035639,Europe & Central Asia,High income,IBRD,37.6176,55.7558
4743,RU,Russian Federation,Forest area (% of land area),2022,49.7843605035639,Europe & Central Asia,High income,IBRD,37.6176,55.7558
4744,RU,Russian Federation,Forest area (% of land area),2021,49.7843605035639,Europe & Central Asia,High income,IBRD,37.6176,55.7558
4745,RU,Russian Federation,Forest area (% of land area),2020,49.7843605035639,Europe & Central Asia,High income,IBRD,37.6176,55.7558
4746,RU,Russian Federation,Forest area (% of land area),2019,49.7843605035639,Europe & Central Asia,High income,IBRD,37.6176,55.7558
4747,RU,Russian Federation,Forest area (% of land area),2018,49.7843605035639,Europe & Central Asia,High income,IBRD,37.6176,55.7558
4748,RU,Russian Federation,Forest area (% of land area),2017,49.7843605035639,Europe & Central Asia,High income,IBRD,37.6176,55.7558
4749,RU,Russian Federation,Forest area (% of land area),2016,49.7726977132993,Europe & Central Asia,High income,IBRD,37.6176,55.7558
4750,RW,Rwanda,Forest area (% of land area),2025,,Sub-Saharan Africa ,Low income,IDA,30.0587,-1.95325
4751,RW,Rwanda,Forest area (% of land area),2024,,Sub-Saharan Africa ,Low income,IDA,30.0587,-1.95325
4752,RW,Rwanda,Forest area (% of land area),2023,11.3092825293879,Sub-Saharan Africa ,Low income,IDA,30.0587,-1.95325
4753,RW,Rwanda,Forest area (% of land area),2022,11.2687474665586,Sub-Saharan Africa ,Low income,IDA,30.0587,-1.95325
4754,RW,Rwanda,Forest area (% of land area),2021,11.2282124037292,Sub-Saharan Africa ,Low income,IDA,30.0587,-1.95325
4755,RW,Rwanda,Forest area (% of land area),2020,11.1876773408999,Sub-Saharan Africa ,Low income,IDA,30.0587,-1.95325
4756,RW,Rwanda,Forest area (% of land area),2019,11.1471422780705,Sub-Saharan Africa ,Low income,IDA,30.0587,-1.95325
4757,RW,Rwanda,Forest area (% of land area),2018,11.1066072152412,Sub-Saharan Africa ,Low income,IDA,30.0587,-1.95325
4758,RW,Rwanda,Forest area (% of land area),2017,11.0660721524118,Sub-Saharan Africa ,Low income,IDA,30.0587,-1.95325
4759,RW,Rwanda,Forest area (% of land area),2016,11.0255370895825,Sub-Saharan Africa ,Low income,IDA,30.0587,-1.95325
4760,WS,Samoa,Forest area (% of land area),2025,,East Asia & Pacific,Upper middle income,IDA,-171.752,-13.8314
4761,WS,Samoa,Forest area (% of land area),2024,,East Asia & Pacific,Upper middle income,IDA,-171.752,-13.8314
4762,WS,Samoa,Forest area (% of land area),2023,57.636690647482,East Asia & Pacific,Upper middle income,IDA,-171.752,-13.8314
4763,WS,Samoa,Forest area (% of land area),2022,57.8093525179856,East Asia & Pacific,Upper middle income,IDA,-171.752,-13.8314
4764,WS,Samoa,Forest area (% of land area),2021,57.9820143884892,East Asia & Pacific,Upper middle income,IDA,-171.752,-13.8314
4765,WS,Samoa,Forest area (% of land area),2020,58.1546762589928,East Asia & Pacific,Upper middle income,IDA,-171.752,-13.8314
4766,WS,Samoa,Forest area (% of land area),2019,58.3273381294964,East Asia & Pacific,Upper middle income,IDA,-171.752,-13.8314
4767,WS,Samoa,Forest area (% of land area),2018,58.5,East Asia & Pacific,Upper middle income,IDA,-171.752,-13.8314
4768,WS,Samoa,Forest area (% of land area),2017,58.6726618705036,East Asia & Pacific,Upper middle income,IDA,-171.752,-13.8314
4769,WS,Samoa,Forest area (% of land area),2016,57.8056537102473,East Asia & Pacific,Upper middle income,IDA,-171.752,-13.8314
4770,SM,San Marino,Forest area (% of land area),2025,,Europe & Central Asia,High income,Not classified,12.4486,43.9322
4771,SM,San Marino,Forest area (% of land area),2024,,Europe & Central Asia,High income,Not classified,12.4486,43.9322
4772,SM,San Marino,Forest area (% of land area),2023,16.6666666666667,Europe & Central Asia,High income,Not classified,12.4486,43.9322
4773,SM,San Marino,Forest area (% of land area),2022,16.6666666666667,Europe & Central Asia,High income,Not classified,12.4486,43.9322
4774,SM,San Marino,Forest area (% of land area),2021,16.6666666666667,Europe & Central Asia,High income,Not classified,12.4486,43.9322
4775,SM,San Marino,Forest area (% of land area),2020,16.6666666666667,Europe & Central Asia,High income,Not classified,12.4486,43.9322
4776,SM,San Marino,Forest area (% of land area),2019,16.6666666666667,Europe & Central Asia,High income,Not classified,12.4486,43.9322
4777,SM,San Marino,Forest area (% of land area),2018,16.6666666666667,Europe & Central Asia,High income,Not classified,12.4486,43.9322
4778,SM,San Marino,Forest area (% of land area),2017,16.6666666666667,Europe & Central Asia,High income,Not classified,12.4486,43.9322
4779,SM,San Marino,Forest area (% of land area),2016,16.6666666666667,Europe & Central Asia,High income,Not classified,12.4486,43.9322
4780,ST,Sao Tome and Principe,Forest area (% of land area),2025,,Sub-Saharan Africa ,Lower middle income,IDA,6.6071,0.20618
4781,ST,Sao Tome and Principe,Forest area (% of land area),2024,,Sub-Saharan Africa ,Lower middle income,IDA,6.6071,0.20618
4782,ST,Sao Tome and Principe,Forest area (% of land area),2023,52.125,Sub-Saharan Africa ,Lower middle income,IDA,6.6071,0.20618
4783,ST,Sao Tome and Principe,Forest area (% of land area),2022,52.7708333333333,Sub-Saharan Africa ,Lower middle income,IDA,6.6071,0.20618
4784,ST,Sao Tome and Principe,Forest area (% of land area),2021,53.4166666666667,Sub-Saharan Africa ,Lower middle income,IDA,6.6071,0.20618
4785,ST,Sao Tome and Principe,Forest area (% of land area),2020,54.0625,Sub-Saharan Africa ,Lower middle income,IDA,6.6071,0.20618
4786,ST,Sao Tome and Principe,Forest area (% of land area),2019,54.7083333333333,Sub-Saharan Africa ,Lower middle income,IDA,6.6071,0.20618
4787,ST,Sao Tome and Principe,Forest area (% of land area),2018,55.3541666666667,Sub-Saharan Africa ,Lower middle income,IDA,6.6071,0.20618
4788,ST,Sao Tome and Principe,Forest area (% of land area),2017,56.0,Sub-Saharan Africa ,Lower middle income,IDA,6.6071,0.20618
4789,ST,Sao Tome and Principe,Forest area (% of land area),2016,56.6458333333333,Sub-Saharan Africa ,Lower middle income,IDA,6.6071,0.20618
4790,SA,Saudi Arabia,Forest area (% of land area),2025,,"Middle East, North Africa, Afghanistan & Pakistan",High income,Not classified,46.6977,24.6748
4791,SA,Saudi Arabia,Forest area (% of land area),2024,,"Middle East, North Africa, Afghanistan & Pakistan",High income,Not classified,46.6977,24.6748
4792,SA,Saudi Arabia,Forest area (% of land area),2023,0.454484134921779,"Middle East, North Africa, Afghanistan & Pakistan",High income,Not classified,46.6977,24.6748
4793,SA,Saudi Arabia,Forest area (% of land area),2022,0.454484134921779,"Middle East, North Africa, Afghanistan & Pakistan",High income,Not classified,46.6977,24.6748
4794,SA,Saudi Arabia,Forest area (% of land area),2021,0.454484134921779,"Middle East, North Africa, Afghanistan & Pakistan",High income,Not classified,46.6977,24.6748
4795,SA,Saudi Arabia,Forest area (% of land area),2020,0.454484134921779,"Middle East, North Africa, Afghanistan & Pakistan",High income,Not classified,46.6977,24.6748
4796,SA,Saudi Arabia,Forest area (% of land area),2019,0.454484134921779,"Middle East, North Africa, Afghanistan & Pakistan",High income,Not classified,46.6977,24.6748
4797,SA,Saudi Arabia,Forest area (% of land area),2018,0.454484134921779,"Middle East, North Africa, Afghanistan & Pakistan",High income,Not classified,46.6977,24.6748
4798,SA,Saudi Arabia,Forest area (% of land area),2017,0.454484134921779,"Middle East, North Africa, Afghanistan & Pakistan",High income,Not classified,46.6977,24.6748
4799,SA,Saudi Arabia,Forest area (% of land area),2016,0.454484134921779,"Middle East, North Africa, Afghanistan & Pakistan",High income,Not classified,46.6977,24.6748
4800,SN,Senegal,Forest area (% of land area),2025,,Sub-Saharan Africa ,Lower middle income,IDA,-17.4734,14.7247
4801,SN,Senegal,Forest area (% of land area),2024,,Sub-Saharan Africa ,Lower middle income,IDA,-17.4734,14.7247
4802,SN,Senegal,Forest area (% of land area),2023,41.2827091881785,Sub-Saharan Africa ,Lower middle income,IDA,-17.4734,14.7247
4803,SN,Senegal,Forest area (% of land area),2022,41.4904690178154,Sub-Saharan Africa ,Lower middle income,IDA,-17.4734,14.7247
4804,SN,Senegal,Forest area (% of land area),2021,41.6982288474523,Sub-Saharan Africa ,Lower middle income,IDA,-17.4734,14.7247
4805,SN,Senegal,Forest area (% of land area),2020,41.9059886770893,Sub-Saharan Africa ,Lower middle income,IDA,-17.4734,14.7247
4806,SN,Senegal,Forest area (% of land area),2019,42.1137485067262,Sub-Saharan Africa ,Lower middle income,IDA,-17.4734,14.7247
4807,SN,Senegal,Forest area (% of land area),2018,42.3215083363632,Sub-Saharan Africa ,Lower middle income,IDA,-17.4734,14.7247
4808,SN,Senegal,Forest area (% of land area),2017,42.5292681660001,Sub-Saharan Africa ,Lower middle income,IDA,-17.4734,14.7247
4809,SN,Senegal,Forest area (% of land area),2016,42.737027995637,Sub-Saharan Africa ,Lower middle income,IDA,-17.4734,14.7247
4810,RS,Serbia,Forest area (% of land area),2025,,Europe & Central Asia,Upper middle income,IBRD,20.4656,44.8024
4811,RS,Serbia,Forest area (% of land area),2024,,Europe & Central Asia,Upper middle income,IBRD,20.4656,44.8024
4812,RS,Serbia,Forest area (% of land area),2023,32.3896349149721,Europe & Central Asia,Upper middle income,IBRD,20.4656,44.8024
4813,RS,Serbia,Forest area (% of land area),2022,32.3858163872042,Europe & Central Asia,Upper middle income,IBRD,20.4656,44.8024
4814,RS,Serbia,Forest area (% of land area),2021,32.3812581757641,Europe & Central Asia,Upper middle income,IBRD,20.4656,44.8024
4815,RS,Serbia,Forest area (% of land area),2020,32.3778094898323,Europe & Central Asia,Upper middle income,IBRD,20.4656,44.8024
4816,RS,Serbia,Forest area (% of land area),2019,31.1253144294535,Europe & Central Asia,Upper middle income,IBRD,20.4656,44.8024
4817,RS,Serbia,Forest area (% of land area),2018,31.1227989938258,Europe & Central Asia,Upper middle income,IBRD,20.4656,44.8024
4818,RS,Serbia,Forest area (% of land area),2017,31.1211982620627,Europe & Central Asia,Upper middle income,IBRD,20.4656,44.8024
4819,RS,Serbia,Forest area (% of land area),2016,31.1019894809056,Europe & Central Asia,Upper middle income,IBRD,20.4656,44.8024
4820,SC,Seychelles,Forest area (% of land area),2025,,Sub-Saharan Africa ,High income,IBRD,55.4466,-4.6309
4821,SC,Seychelles,Forest area (% of land area),2024,,Sub-Saharan Africa ,High income,IBRD,55.4466,-4.6309
4822,SC,Seychelles,Forest area (% of land area),2023,73.2608695652174,Sub-Saharan Africa ,High income,IBRD,55.4466,-4.6309
4823,SC,Seychelles,Forest area (% of land area),2022,73.2608695652174,Sub-Saharan Africa ,High income,IBRD,55.4466,-4.6309
4824,SC,Seychelles,Forest area (% of land area),2021,73.2608695652174,Sub-Saharan Africa ,High income,IBRD,55.4466,-4.6309
4825,SC,Seychelles,Forest area (% of land area),2020,73.2608695652174,Sub-Saharan Africa ,High income,IBRD,55.4466,-4.6309
4826,SC,Seychelles,Forest area (% of land area),2019,73.2608695652174,Sub-Saharan Africa ,High income,IBRD,55.4466,-4.6309
4827,SC,Seychelles,Forest area (% of land area),2018,73.2608695652174,Sub-Saharan Africa ,High income,IBRD,55.4466,-4.6309
4828,SC,Seychelles,Forest area (% of land area),2017,73.2608695652174,Sub-Saharan Africa ,High income,IBRD,55.4466,-4.6309
4829,SC,Seychelles,Forest area (% of land area),2016,73.2608695652174,Sub-Saharan Africa ,High income,IBRD,55.4466,-4.6309
4830,SL,Sierra Leone,Forest area (% of land area),2025,,Sub-Saharan Africa ,Low income,IDA,-13.2134,8.4821
4831,SL,Sierra Leone,Forest area (% of land area),2024,,Sub-Saharan Africa ,Low income,IDA,-13.2134,8.4821
4832,SL,Sierra Leone,Forest area (% of land area),2023,34.2988362427265,Sub-Saharan Africa ,Low income,IDA,-13.2134,8.4821
4833,SL,Sierra Leone,Forest area (% of land area),2022,34.5721806594625,Sub-Saharan Africa ,Low income,IDA,-13.2134,8.4821
4834,SL,Sierra Leone,Forest area (% of land area),2021,34.8455250761984,Sub-Saharan Africa ,Low income,IDA,-13.2134,8.4821
4835,SL,Sierra Leone,Forest area (% of land area),2020,35.1188694929343,Sub-Saharan Africa ,Low income,IDA,-13.2134,8.4821
4836,SL,Sierra Leone,Forest area (% of land area),2019,35.3922139096703,Sub-Saharan Africa ,Low income,IDA,-13.2134,8.4821
4837,SL,Sierra Leone,Forest area (% of land area),2018,35.6655583264062,Sub-Saharan Africa ,Low income,IDA,-13.2134,8.4821
4838,SL,Sierra Leone,Forest area (% of land area),2017,35.9389027431422,Sub-Saharan Africa ,Low income,IDA,-13.2134,8.4821
4839,SL,Sierra Leone,Forest area (% of land area),2016,36.2122471598781,Sub-Saharan Africa ,Low income,IDA,-13.2134,8.4821
4840,SG,Singapore,Forest area (% of land area),2025,,East Asia & Pacific,High income,Not classified,103.85,1.28941
4841,SG,Singapore,Forest area (% of land area),2024,,East Asia & Pacific,High income,Not classified,103.85,1.28941
4842,SG,Singapore,Forest area (% of land area),2023,20.933147632312,East Asia & Pacific,High income,Not classified,103.85,1.28941
4843,SG,Singapore,Forest area (% of land area),2022,21.1838440111421,East Asia & Pacific,High income,Not classified,103.85,1.28941
4844,SG,Singapore,Forest area (% of land area),2021,21.4345403899721,East Asia & Pacific,High income,Not classified,103.85,1.28941
4845,SG,Singapore,Forest area (% of land area),2020,21.6852367688022,East Asia & Pacific,High income,Not classified,103.85,1.28941
4846,SG,Singapore,Forest area (% of land area),2019,21.9972067039106,East Asia & Pacific,High income,Not classified,103.85,1.28941
4847,SG,Singapore,Forest area (% of land area),2018,22.3109243697479,East Asia & Pacific,High income,Not classified,103.85,1.28941
4848,SG,Singapore,Forest area (% of land area),2017,22.626404494382,East Asia & Pacific,High income,Not classified,103.85,1.28941
4849,SG,Singapore,Forest area (% of land area),2016,22.9696755994358,East Asia & Pacific,High income,Not classified,103.85,1.28941
4850,SX,Sint Maarten (Dutch part),Forest area (% of land area),2025,,Latin America & Caribbean ,High income,Not classified,,
4851,SX,Sint Maarten (Dutch part),Forest area (% of land area),2024,,Latin America & Caribbean ,High income,Not classified,,
4852,SX,Sint Maarten (Dutch part),Forest area (% of land area),2023,10.8823529411765,Latin America & Caribbean ,High income,Not classified,,
4853,SX,Sint Maarten (Dutch part),Forest area (% of land area),2022,10.8823529411765,Latin America & Caribbean ,High income,Not classified,,
4854,SX,Sint Maarten (Dutch part),Forest area (% of land area),2021,10.8823529411765,Latin America & Caribbean ,High income,Not classified,,
4855,SX,Sint Maarten (Dutch part),Forest area (% of land area),2020,10.8823529411765,Latin America & Caribbean ,High income,Not classified,,
4856,SX,Sint Maarten (Dutch part),Forest area (% of land area),2019,10.8823529411765,Latin America & Caribbean ,High income,Not classified,,
4857,SX,Sint Maarten (Dutch part),Forest area (% of land area),2018,10.8823529411765,Latin America & Caribbean ,High income,Not classified,,
4858,SX,Sint Maarten (Dutch part),Forest area (% of land area),2017,10.8823529411765,Latin America & Caribbean ,High income,Not classified,,
4859,SX,Sint Maarten (Dutch part),Forest area (% of land area),2016,10.8823529411765,Latin America & Caribbean ,High income,Not classified,,
4860,SK,Slovak Republic,Forest area (% of land area),2025,,Europe & Central Asia,High income,Not classified,17.1073,48.1484
4861,SK,Slovak Republic,Forest area (% of land area),2024,,Europe & Central Asia,High income,Not classified,17.1073,48.1484
4862,SK,Slovak Republic,Forest area (% of land area),2023,40.05615640599,Europe & Central Asia,High income,Not classified,17.1073,48.1484
4863,SK,Slovak Republic,Forest area (% of land area),2022,40.05615640599,Europe & Central Asia,High income,Not classified,17.1073,48.1484
4864,SK,Slovak Republic,Forest area (% of land area),2021,40.05615640599,Europe & Central Asia,High income,Not classified,17.1073,48.1484
4865,SK,Slovak Republic,Forest area (% of land area),2020,40.05615640599,Europe & Central Asia,High income,Not classified,17.1073,48.1484
4866,SK,Slovak Republic,Forest area (% of land area),2019,40.05615640599,Europe & Central Asia,High income,Not classified,17.1073,48.1484
4867,SK,Slovak Republic,Forest area (% of land area),2018,40.05615640599,Europe & Central Asia,High income,Not classified,17.1073,48.1484
4868,SK,Slovak Republic,Forest area (% of land area),2017,40.05615640599,Europe & Central Asia,High income,Not classified,17.1073,48.1484
4869,SK,Slovak Republic,Forest area (% of land area),2016,40.0035357737105,Europe & Central Asia,High income,Not classified,17.1073,48.1484
4870,SI,Slovenia,Forest area (% of land area),2025,,Europe & Central Asia,High income,Not classified,14.5044,46.0546
4871,SI,Slovenia,Forest area (% of land area),2024,,Europe & Central Asia,High income,Not classified,14.5044,46.0546
4872,SI,Slovenia,Forest area (% of land area),2023,61.1748938389332,Europe & Central Asia,High income,Not classified,14.5044,46.0546
4873,SI,Slovenia,Forest area (% of land area),2022,61.2701922885918,Europe & Central Asia,High income,Not classified,14.5044,46.0546
4874,SI,Slovenia,Forest area (% of land area),2021,61.3711140025029,Europe & Central Asia,High income,Not classified,14.5044,46.0546
4875,SI,Slovenia,Forest area (% of land area),2020,61.4722591923085,Europe & Central Asia,High income,Not classified,14.5044,46.0546
4876,SI,Slovenia,Forest area (% of land area),2019,61.5730716513379,Europe & Central Asia,High income,Not classified,14.5044,46.0546
4877,SI,Slovenia,Forest area (% of land area),2018,61.674380723466,Europe & Central Asia,High income,Not classified,14.5044,46.0546
4878,SI,Slovenia,Forest area (% of land area),2017,61.7699782998396,Europe & Central Asia,High income,Not classified,14.5044,46.0546
4879,SI,Slovenia,Forest area (% of land area),2016,61.8592989772614,Europe & Central Asia,High income,Not classified,14.5044,46.0546
4880,SB,Solomon Islands,Forest area (% of land area),2025,,East Asia & Pacific,Lower middle income,IDA,159.949,-9.42676
4881,SB,Solomon Islands,Forest area (% of land area),2024,,East Asia & Pacific,Lower middle income,IDA,159.949,-9.42676
4882,SB,Solomon Islands,Forest area (% of land area),2023,90.0600214362272,East Asia & Pacific,Lower middle income,IDA,159.949,-9.42676
4883,SB,Solomon Islands,Forest area (% of land area),2022,90.0861021793498,East Asia & Pacific,Lower middle income,IDA,159.949,-9.42676
4884,SB,Solomon Islands,Forest area (% of land area),2021,90.1121829224723,East Asia & Pacific,Lower middle income,IDA,159.949,-9.42676
4885,SB,Solomon Islands,Forest area (% of land area),2020,90.1382636655948,East Asia & Pacific,Lower middle income,IDA,159.949,-9.42676
4886,SB,Solomon Islands,Forest area (% of land area),2019,90.1643444087174,East Asia & Pacific,Lower middle income,IDA,159.949,-9.42676
4887,SB,Solomon Islands,Forest area (% of land area),2018,90.1904251518399,East Asia & Pacific,Lower middle income,IDA,159.949,-9.42676
4888,SB,Solomon Islands,Forest area (% of land area),2017,90.2165058949625,East Asia & Pacific,Lower middle income,IDA,159.949,-9.42676
4889,SB,Solomon Islands,Forest area (% of land area),2016,90.242586638085,East Asia & Pacific,Lower middle income,IDA,159.949,-9.42676
4890,SO,"Somalia, Fed. Rep.",Forest area (% of land area),2025,,Sub-Saharan Africa ,Low income,IDA,45.3254,2.07515
4891,SO,"Somalia, Fed. Rep.",Forest area (% of land area),2024,,Sub-Saharan Africa ,Low income,IDA,45.3254,2.07515
4892,SO,"Somalia, Fed. Rep.",Forest area (% of land area),2023,9.16528517231485,Sub-Saharan Africa ,Low income,IDA,45.3254,2.07515
4893,SO,"Somalia, Fed. Rep.",Forest area (% of land area),2022,9.28762712404757,Sub-Saharan Africa ,Low income,IDA,45.3254,2.07515
4894,SO,"Somalia, Fed. Rep.",Forest area (% of land area),2021,9.40996907578028,Sub-Saharan Africa ,Low income,IDA,45.3254,2.07515
4895,SO,"Somalia, Fed. Rep.",Forest area (% of land area),2020,9.53231102751299,Sub-Saharan Africa ,Low income,IDA,45.3254,2.07515
4896,SO,"Somalia, Fed. Rep.",Forest area (% of land area),2019,9.6546529792457,Sub-Saharan Africa ,Low income,IDA,45.3254,2.07515
4897,SO,"Somalia, Fed. Rep.",Forest area (% of land area),2018,9.77699493097842,Sub-Saharan Africa ,Low income,IDA,45.3254,2.07515
4898,SO,"Somalia, Fed. Rep.",Forest area (% of land area),2017,9.89933688271113,Sub-Saharan Africa ,Low income,IDA,45.3254,2.07515
4899,SO,"Somalia, Fed. Rep.",Forest area (% of land area),2016,10.0216788344438,Sub-Saharan Africa ,Low income,IDA,45.3254,2.07515
4900,ZA,South Africa,Forest area (% of land area),2025,,Sub-Saharan Africa ,Upper middle income,IBRD,28.1871,-25.746
4901,ZA,South Africa,Forest area (% of land area),2024,,Sub-Saharan Africa ,Upper middle income,IBRD,28.1871,-25.746
4902,ZA,South Africa,Forest area (% of land area),2023,13.965072665672,Sub-Saharan Africa ,Upper middle income,IBRD,28.1871,-25.746
4903,ZA,South Africa,Forest area (% of land area),2022,13.9950786833623,Sub-Saharan Africa ,Upper middle income,IBRD,28.1871,-25.746
4904,ZA,South Africa,Forest area (% of land area),2021,14.0250847010527,Sub-Saharan Africa ,Upper middle income,IBRD,28.1871,-25.746
4905,ZA,South Africa,Forest area (% of land area),2020,14.055090718743,Sub-Saharan Africa ,Upper middle income,IBRD,28.1871,-25.746
4906,ZA,South Africa,Forest area (% of land area),2019,14.0850967364334,Sub-Saharan Africa ,Upper middle income,IBRD,28.1871,-25.746
4907,ZA,South Africa,Forest area (% of land area),2018,14.1151027541238,Sub-Saharan Africa ,Upper middle income,IBRD,28.1871,-25.746
4908,ZA,South Africa,Forest area (% of land area),2017,14.1451087718141,Sub-Saharan Africa ,Upper middle income,IBRD,28.1871,-25.746
4909,ZA,South Africa,Forest area (% of land area),2016,14.1751147895045,Sub-Saharan Africa ,Upper middle income,IBRD,28.1871,-25.746
4910,SS,South Sudan,Forest area (% of land area),2025,,Sub-Saharan Africa ,Low income,IDA,31.6,4.85
4911,SS,South Sudan,Forest area (% of land area),2024,,Sub-Saharan Africa ,Low income,IDA,31.6,4.85
4912,SS,South Sudan,Forest area (% of land area),2023,11.3256215087114,Sub-Saharan Africa ,Low income,IDA,31.6,4.85
4913,SS,South Sudan,Forest area (% of land area),2022,11.3256215087114,Sub-Saharan Africa ,Low income,IDA,31.6,4.85
4914,SS,South Sudan,Forest area (% of land area),2021,11.3256215087114,Sub-Saharan Africa ,Low income,IDA,31.6,4.85
4915,SS,South Sudan,Forest area (% of land area),2020,11.3256215087114,Sub-Saharan Africa ,Low income,IDA,31.6,4.85
4916,SS,South Sudan,Forest area (% of land area),2019,11.3256215087114,Sub-Saharan Africa ,Low income,IDA,31.6,4.85
4917,SS,South Sudan,Forest area (% of land area),2018,11.3256215087114,Sub-Saharan Africa ,Low income,IDA,31.6,4.85
4918,SS,South Sudan,Forest area (% of land area),2017,11.3256215087114,Sub-Saharan Africa ,Low income,IDA,31.6,4.85
4919,SS,South Sudan,Forest area (% of land area),2016,11.3256215087114,Sub-Saharan Africa ,Low income,IDA,31.6,4.85
4920,ES,Spain,Forest area (% of land area),2025,,Europe & Central Asia,High income,Not classified,-3.70327,40.4167
4921,ES,Spain,Forest area (% of land area),2024,,Europe & Central Asia,High income,Not classified,-3.70327,40.4167
4922,ES,Spain,Forest area (% of land area),2023,37.1925889548355,Europe & Central Asia,High income,Not classified,-3.70327,40.4167
4923,ES,Spain,Forest area (% of land area),2022,37.1827922798055,Europe & Central Asia,High income,Not classified,-3.70327,40.4167
4924,ES,Spain,Forest area (% of land area),2021,37.1727521093233,Europe & Central Asia,High income,Not classified,-3.70327,40.4167
4925,ES,Spain,Forest area (% of land area),2020,37.1773054885498,Europe & Central Asia,High income,Not classified,-3.70327,40.4167
4926,ES,Spain,Forest area (% of land area),2019,37.1677215644695,Europe & Central Asia,High income,Not classified,-3.70327,40.4167
4927,ES,Spain,Forest area (% of land area),2018,37.1566467814769,Europe & Central Asia,High income,Not classified,-3.70327,40.4167
4928,ES,Spain,Forest area (% of land area),2017,37.1522339173654,Europe & Central Asia,High income,Not classified,-3.70327,40.4167
4929,ES,Spain,Forest area (% of land area),2016,37.142868581403,Europe & Central Asia,High income,Not classified,-3.70327,40.4167
4930,LK,Sri Lanka,Forest area (% of land area),2025,,South Asia,Upper middle income,IDA,79.8528,6.92148
4931,LK,Sri Lanka,Forest area (% of land area),2024,,South Asia,Upper middle income,IDA,79.8528,6.92148
4932,LK,Sri Lanka,Forest area (% of land area),2023,34.0048496605238,South Asia,Upper middle income,IDA,79.8528,6.92148
4933,LK,Sri Lanka,Forest area (% of land area),2022,34.0559327513741,South Asia,Upper middle income,IDA,79.8528,6.92148
4934,LK,Sri Lanka,Forest area (% of land area),2021,34.1070158422244,South Asia,Upper middle income,IDA,79.8528,6.92148
4935,LK,Sri Lanka,Forest area (% of land area),2020,34.1580989330747,South Asia,Upper middle income,IDA,79.8528,6.92148
4936,LK,Sri Lanka,Forest area (% of land area),2019,34.2067102490331,South Asia,Upper middle income,IDA,79.8528,6.92148
4937,LK,Sri Lanka,Forest area (% of land area),2018,34.2580499159447,South Asia,Upper middle income,IDA,79.8528,6.92148
4938,LK,Sri Lanka,Forest area (% of land area),2017,34.2930541418254,South Asia,Upper middle income,IDA,79.8528,6.92148
4939,LK,Sri Lanka,Forest area (% of land area),2016,34.3441099962839,South Asia,Upper middle income,IDA,79.8528,6.92148
4940,KN,St. Kitts and Nevis,Forest area (% of land area),2025,,Latin America & Caribbean ,High income,IBRD,-62.7309,17.3
4941,KN,St. Kitts and Nevis,Forest area (% of land area),2024,,Latin America & Caribbean ,High income,IBRD,-62.7309,17.3
4942,KN,St. Kitts and Nevis,Forest area (% of land area),2023,42.3076923076923,Latin America & Caribbean ,High income,IBRD,-62.7309,17.3
4943,KN,St. Kitts and Nevis,Forest area (% of land area),2022,42.3076923076923,Latin America & Caribbean ,High income,IBRD,-62.7309,17.3
4944,KN,St. Kitts and Nevis,Forest area (% of land area),2021,42.3076923076923,Latin America & Caribbean ,High income,IBRD,-62.7309,17.3
4945,KN,St. Kitts and Nevis,Forest area (% of land area),2020,42.3076923076923,Latin America & Caribbean ,High income,IBRD,-62.7309,17.3
4946,KN,St. Kitts and Nevis,Forest area (% of land area),2019,42.3076923076923,Latin America & Caribbean ,High income,IBRD,-62.7309,17.3
4947,KN,St. Kitts and Nevis,Forest area (% of land area),2018,42.3076923076923,Latin America & Caribbean ,High income,IBRD,-62.7309,17.3
4948,KN,St. Kitts and Nevis,Forest area (% of land area),2017,42.3076923076923,Latin America & Caribbean ,High income,IBRD,-62.7309,17.3
4949,KN,St. Kitts and Nevis,Forest area (% of land area),2016,42.3076923076923,Latin America & Caribbean ,High income,IBRD,-62.7309,17.3
4950,LC,St. Lucia,Forest area (% of land area),2025,,Latin America & Caribbean ,Upper middle income,Blend,-60.9832,14
4951,LC,St. Lucia,Forest area (% of land area),2024,,Latin America & Caribbean ,Upper middle income,Blend,-60.9832,14
4952,LC,St. Lucia,Forest area (% of land area),2023,34.0491803278688,Latin America & Caribbean ,Upper middle income,Blend,-60.9832,14
4953,LC,St. Lucia,Forest area (% of land area),2022,34.0491803278688,Latin America & Caribbean ,Upper middle income,Blend,-60.9832,14
4954,LC,St. Lucia,Forest area (% of land area),2021,34.0491803278688,Latin America & Caribbean ,Upper middle income,Blend,-60.9832,14
4955,LC,St. Lucia,Forest area (% of land area),2020,34.0491803278688,Latin America & Caribbean ,Upper middle income,Blend,-60.9832,14
4956,LC,St. Lucia,Forest area (% of land area),2019,34.0491803278688,Latin America & Caribbean ,Upper middle income,Blend,-60.9832,14
4957,LC,St. Lucia,Forest area (% of land area),2018,34.0491803278688,Latin America & Caribbean ,Upper middle income,Blend,-60.9832,14
4958,LC,St. Lucia,Forest area (% of land area),2017,34.0491803278688,Latin America & Caribbean ,Upper middle income,Blend,-60.9832,14
4959,LC,St. Lucia,Forest area (% of land area),2016,34.0491803278688,Latin America & Caribbean ,Upper middle income,Blend,-60.9832,14
4960,MF,St. Martin (French part),Forest area (% of land area),2025,,Latin America & Caribbean ,High income,Not classified,,
4961,MF,St. Martin (French part),Forest area (% of land area),2024,,Latin America & Caribbean ,High income,Not classified,,
4962,MF,St. Martin (French part),Forest area (% of land area),2023,24.8,Latin America & Caribbean ,High income,Not classified,,
4963,MF,St. Martin (French part),Forest area (% of land area),2022,24.8,Latin America & Caribbean ,High income,Not classified,,
4964,MF,St. Martin (French part),Forest area (% of land area),2021,24.8,Latin America & Caribbean ,High income,Not classified,,
4965,MF,St. Martin (French part),Forest area (% of land area),2020,24.8,Latin America & Caribbean ,High income,Not classified,,
4966,MF,St. Martin (French part),Forest area (% of land area),2019,24.8,Latin America & Caribbean ,High income,Not classified,,
4967,MF,St. Martin (French part),Forest area (% of land area),2018,24.8,Latin America & Caribbean ,High income,Not classified,,
4968,MF,St. Martin (French part),Forest area (% of land area),2017,24.8,Latin America & Caribbean ,High income,Not classified,,
4969,MF,St. Martin (French part),Forest area (% of land area),2016,24.8,Latin America & Caribbean ,High income,Not classified,,
4970,VC,St. Vincent and the Grenadines,Forest area (% of land area),2025,,Latin America & Caribbean ,Upper middle income,Blend,-61.2653,13.2035
4971,VC,St. Vincent and the Grenadines,Forest area (% of land area),2024,,Latin America & Caribbean ,Upper middle income,Blend,-61.2653,13.2035
4972,VC,St. Vincent and the Grenadines,Forest area (% of land area),2023,73.1794871794872,Latin America & Caribbean ,Upper middle income,Blend,-61.2653,13.2035
4973,VC,St. Vincent and the Grenadines,Forest area (% of land area),2022,73.1794871794872,Latin America & Caribbean ,Upper middle income,Blend,-61.2653,13.2035
4974,VC,St. Vincent and the Grenadines,Forest area (% of land area),2021,73.1794871794872,Latin America & Caribbean ,Upper middle income,Blend,-61.2653,13.2035
4975,VC,St. Vincent and the Grenadines,Forest area (% of land area),2020,73.1794871794872,Latin America & Caribbean ,Upper middle income,Blend,-61.2653,13.2035
4976,VC,St. Vincent and the Grenadines,Forest area (% of land area),2019,73.1794871794872,Latin America & Caribbean ,Upper middle income,Blend,-61.2653,13.2035
4977,VC,St. Vincent and the Grenadines,Forest area (% of land area),2018,73.1794871794872,Latin America & Caribbean ,Upper middle income,Blend,-61.2653,13.2035
4978,VC,St. Vincent and the Grenadines,Forest area (% of land area),2017,73.1794871794872,Latin America & Caribbean ,Upper middle income,Blend,-61.2653,13.2035
4979,VC,St. Vincent and the Grenadines,Forest area (% of land area),2016,73.1794871794872,Latin America & Caribbean ,Upper middle income,Blend,-61.2653,13.2035
4980,SD,Sudan,Forest area (% of land area),2025,,Sub-Saharan Africa ,Low income,IDA,32.5363,15.5932
4981,SD,Sudan,Forest area (% of land area),2024,,Sub-Saharan Africa ,Low income,IDA,32.5363,15.5932
4982,SD,Sudan,Forest area (% of land area),2023,9.55196466809422,Sub-Saharan Africa ,Low income,IDA,32.5363,15.5932
4983,SD,Sudan,Forest area (% of land area),2022,9.64400428265525,Sub-Saharan Africa ,Low income,IDA,32.5363,15.5932
4984,SD,Sudan,Forest area (% of land area),2021,9.73608137044968,Sub-Saharan Africa ,Low income,IDA,32.5363,15.5932
4985,SD,Sudan,Forest area (% of land area),2020,9.82869379014989,Sub-Saharan Africa ,Low income,IDA,32.5363,15.5932
4986,SD,Sudan,Forest area (% of land area),2019,9.92077087794432,Sub-Saharan Africa ,Low income,IDA,32.5363,15.5932
4987,SD,Sudan,Forest area (% of land area),2018,10.0128479657388,Sub-Saharan Africa ,Low income,IDA,32.5363,15.5932
4988,SD,Sudan,Forest area (% of land area),2017,10.1049411134904,Sub-Saharan Africa ,Low income,IDA,32.5363,15.5932
4989,SD,Sudan,Forest area (% of land area),2016,10.1971038543897,Sub-Saharan Africa ,Low income,IDA,32.5363,15.5932
4990,SR,Suriname,Forest area (% of land area),2025,,Latin America & Caribbean ,Upper middle income,Blend,-55.1679,5.8232
4991,SR,Suriname,Forest area (% of land area),2024,,Latin America & Caribbean ,Upper middle income,Blend,-55.1679,5.8232
4992,SR,Suriname,Forest area (% of land area),2023,94.44758351333,Latin America & Caribbean ,Upper middle income,Blend,-55.1679,5.8232
4993,SR,Suriname,Forest area (% of land area),2022,94.5238739770656,Latin America & Caribbean ,Upper middle income,Blend,-55.1679,5.8232
4994,SR,Suriname,Forest area (% of land area),2021,94.6001457500987,Latin America & Caribbean ,Upper middle income,Blend,-55.1679,5.8232
4995,SR,Suriname,Forest area (% of land area),2020,94.6764455591856,Latin America & Caribbean ,Upper middle income,Blend,-55.1679,5.8232
4996,SR,Suriname,Forest area (% of land area),2019,94.7527036257035,Latin America & Caribbean ,Upper middle income,Blend,-55.1679,5.8232
4997,SR,Suriname,Forest area (% of land area),2018,94.8290239945632,Latin America & Caribbean ,Upper middle income,Blend,-55.1679,5.8232
4998,SR,Suriname,Forest area (% of land area),2017,94.9052820610811,Latin America & Caribbean ,Upper middle income,Blend,-55.1679,5.8232
4999,SR,Suriname,Forest area (% of land area),2016,94.9507627706873,Latin America & Caribbean ,Upper middle income,Blend,-55.1679,5.8232
5000,SE,Sweden,Forest area (% of land area),2025,,Europe & Central Asia,High income,Not classified,18.0645,59.3327
5001,SE,Sweden,Forest area (% of land area),2024,,Europe & Central Asia,High income,Not classified,18.0645,59.3327
5002,SE,Sweden,Forest area (% of land area),2023,68.7013529108454,Europe & Central Asia,High income,Not classified,18.0645,59.3327
5003,SE,Sweden,Forest area (% of land area),2022,68.6996660773915,Europe & Central Asia,High income,Not classified,18.0645,59.3327
5004,SE,Sweden,Forest area (% of land area),2021,68.6996660773915,Europe & Central Asia,High income,Not classified,18.0645,59.3327
5005,SE,Sweden,Forest area (% of land area),2020,68.6996660773915,Europe & Central Asia,High income,Not classified,18.0645,59.3327
5006,SE,Sweden,Forest area (% of land area),2019,68.6996660773915,Europe & Central Asia,High income,Not classified,18.0645,59.3327
5007,SE,Sweden,Forest area (% of land area),2018,68.6944981353789,Europe & Central Asia,High income,Not classified,18.0645,59.3327
5008,SE,Sweden,Forest area (% of land area),2017,68.6944981353789,Europe & Central Asia,High income,Not classified,18.0645,59.3327
5009,SE,Sweden,Forest area (% of land area),2016,68.6944981353789,Europe & Central Asia,High income,Not classified,18.0645,59.3327
5010,CH,Switzerland,Forest area (% of land area),2025,,Europe & Central Asia,High income,Not classified,7.44821,46.948
5011,CH,Switzerland,Forest area (% of land area),2024,,Europe & Central Asia,High income,Not classified,7.44821,46.948
5012,CH,Switzerland,Forest area (% of land area),2023,32.3827380818297,Europe & Central Asia,High income,Not classified,7.44821,46.948
5013,CH,Switzerland,Forest area (% of land area),2022,32.2956707010417,Europe & Central Asia,High income,Not classified,7.44821,46.948
5014,CH,Switzerland,Forest area (% of land area),2021,32.2086033202538,Europe & Central Asia,High income,Not classified,7.44821,46.948
5015,CH,Switzerland,Forest area (% of land area),2020,32.1215359394659,Europe & Central Asia,High income,Not classified,7.44821,46.948
5016,CH,Switzerland,Forest area (% of land area),2019,32.034468558678,Europe & Central Asia,High income,Not classified,7.44821,46.948
5017,CH,Switzerland,Forest area (% of land area),2018,31.9474011778901,Europe & Central Asia,High income,Not classified,7.44821,46.948
5018,CH,Switzerland,Forest area (% of land area),2017,31.8603337971021,Europe & Central Asia,High income,Not classified,7.44821,46.948
5019,CH,Switzerland,Forest area (% of land area),2016,31.7732664163142,Europe & Central Asia,High income,Not classified,7.44821,46.948
5020,SY,Syrian Arab Republic,Forest area (% of land area),2025,,"Middle East, North Africa, Afghanistan & Pakistan",Low income,IDA,36.3119,33.5146
5021,SY,Syrian Arab Republic,Forest area (% of land area),2024,,"Middle East, North Africa, Afghanistan & Pakistan",Low income,IDA,36.3119,33.5146
5022,SY,Syrian Arab Republic,Forest area (% of land area),2023,2.84310842454937,"Middle East, North Africa, Afghanistan & Pakistan",Low income,IDA,36.3119,33.5146
5023,SY,Syrian Arab Republic,Forest area (% of land area),2022,2.84267276588793,"Middle East, North Africa, Afghanistan & Pakistan",Low income,IDA,36.3119,33.5146
5024,SY,Syrian Arab Republic,Forest area (% of land area),2021,2.84310842454937,"Middle East, North Africa, Afghanistan & Pakistan",Low income,IDA,36.3119,33.5146
5025,SY,Syrian Arab Republic,Forest area (% of land area),2020,2.84310842454937,"Middle East, North Africa, Afghanistan & Pakistan",Low income,IDA,36.3119,33.5146
5026,SY,Syrian Arab Republic,Forest area (% of land area),2019,2.84310842454937,"Middle East, North Africa, Afghanistan & Pakistan",Low income,IDA,36.3119,33.5146
5027,SY,Syrian Arab Republic,Forest area (% of land area),2018,2.84310842454937,"Middle East, North Africa, Afghanistan & Pakistan",Low income,IDA,36.3119,33.5146
5028,SY,Syrian Arab Republic,Forest area (% of land area),2017,2.84310842454937,"Middle East, North Africa, Afghanistan & Pakistan",Low income,IDA,36.3119,33.5146
5029,SY,Syrian Arab Republic,Forest area (% of land area),2016,2.84310842454937,"Middle East, North Africa, Afghanistan & Pakistan",Low income,IDA,36.3119,33.5146
5030,TJ,Tajikistan,Forest area (% of land area),2025,,Europe & Central Asia,Lower middle income,IDA,68.7864,38.5878
5031,TJ,Tajikistan,Forest area (% of land area),2024,,Europe & Central Asia,Lower middle income,IDA,68.7864,38.5878
5032,TJ,Tajikistan,Forest area (% of land area),2023,3.07514950644859,Europe & Central Asia,Lower middle income,IDA,68.7864,38.5878
5033,TJ,Tajikistan,Forest area (% of land area),2022,3.06794437639599,Europe & Central Asia,Lower middle income,IDA,68.7864,38.5878
5034,TJ,Tajikistan,Forest area (% of land area),2021,3.0607392463434,Europe & Central Asia,Lower middle income,IDA,68.7864,38.5878
5035,TJ,Tajikistan,Forest area (% of land area),2020,3.0535341162908,Europe & Central Asia,Lower middle income,IDA,68.7864,38.5878
5036,TJ,Tajikistan,Forest area (% of land area),2019,3.0463289862382,Europe & Central Asia,Lower middle income,IDA,68.7864,38.5878
5037,TJ,Tajikistan,Forest area (% of land area),2018,3.0391238561856,Europe & Central Asia,Lower middle income,IDA,68.7864,38.5878
5038,TJ,Tajikistan,Forest area (% of land area),2017,3.0391238561856,Europe & Central Asia,Lower middle income,IDA,68.7864,38.5878
5039,TJ,Tajikistan,Forest area (% of land area),2016,3.0391238561856,Europe & Central Asia,Lower middle income,IDA,68.7864,38.5878
5040,TZ,Tanzania,Forest area (% of land area),2025,,Sub-Saharan Africa ,Lower middle income,IDA,35.7382,-6.17486
5041,TZ,Tanzania,Forest area (% of land area),2024,,Sub-Saharan Africa ,Lower middle income,IDA,35.7382,-6.17486
5042,TZ,Tanzania,Forest area (% of land area),2023,50.0541883043576,Sub-Saharan Africa ,Lower middle income,IDA,35.7382,-6.17486
5043,TZ,Tanzania,Forest area (% of land area),2022,50.5836531948521,Sub-Saharan Africa ,Lower middle income,IDA,35.7382,-6.17486
5044,TZ,Tanzania,Forest area (% of land area),2021,51.1131180853466,Sub-Saharan Africa ,Lower middle income,IDA,35.7382,-6.17486
5045,TZ,Tanzania,Forest area (% of land area),2020,51.642582975841,Sub-Saharan Africa ,Lower middle income,IDA,35.7382,-6.17486
5046,TZ,Tanzania,Forest area (% of land area),2019,52.1720478663355,Sub-Saharan Africa ,Lower middle income,IDA,35.7382,-6.17486
5047,TZ,Tanzania,Forest area (% of land area),2018,52.70151275683,Sub-Saharan Africa ,Lower middle income,IDA,35.7382,-6.17486
5048,TZ,Tanzania,Forest area (% of land area),2017,53.2309776473245,Sub-Saharan Africa ,Lower middle income,IDA,35.7382,-6.17486
5049,TZ,Tanzania,Forest area (% of land area),2016,53.7604425378189,Sub-Saharan Africa ,Lower middle income,IDA,35.7382,-6.17486
5050,TH,Thailand,Forest area (% of land area),2025,,East Asia & Pacific,Upper middle income,IBRD,100.521,13.7308
5051,TH,Thailand,Forest area (% of land area),2024,,East Asia & Pacific,Upper middle income,IBRD,100.521,13.7308
5052,TH,Thailand,Forest area (% of land area),2023,38.6873886746658,East Asia & Pacific,Upper middle income,IBRD,100.521,13.7308
5053,TH,Thailand,Forest area (% of land area),2022,38.7578539411615,East Asia & Pacific,Upper middle income,IBRD,100.521,13.7308
5054,TH,Thailand,Forest area (% of land area),2021,38.8283192076572,East Asia & Pacific,Upper middle income,IBRD,100.521,13.7308
5055,TH,Thailand,Forest area (% of land area),2020,38.8987844741529,East Asia & Pacific,Upper middle income,IBRD,100.521,13.7308
5056,TH,Thailand,Forest area (% of land area),2019,38.9692497406487,East Asia & Pacific,Upper middle income,IBRD,100.521,13.7308
5057,TH,Thailand,Forest area (% of land area),2018,39.0397150071444,East Asia & Pacific,Upper middle income,IBRD,100.521,13.7308
5058,TH,Thailand,Forest area (% of land area),2017,39.1101802736401,East Asia & Pacific,Upper middle income,IBRD,100.521,13.7308
5059,TH,Thailand,Forest area (% of land area),2016,39.1806455401358,East Asia & Pacific,Upper middle income,IBRD,100.521,13.7308
5060,TL,Timor-Leste,Forest area (% of land area),2025,,East Asia & Pacific,Lower middle income,Blend,125.567,-8.56667
5061,TL,Timor-Leste,Forest area (% of land area),2024,,East Asia & Pacific,Lower middle income,Blend,125.567,-8.56667
5062,TL,Timor-Leste,Forest area (% of land area),2023,61.6610625420309,East Asia & Pacific,Lower middle income,Blend,125.567,-8.56667
5063,TL,Timor-Leste,Forest area (% of land area),2022,61.7552118359112,East Asia & Pacific,Lower middle income,Blend,125.567,-8.56667
5064,TL,Timor-Leste,Forest area (% of land area),2021,61.8493611297915,East Asia & Pacific,Lower middle income,Blend,125.567,-8.56667
5065,TL,Timor-Leste,Forest area (% of land area),2020,61.9435104236718,East Asia & Pacific,Lower middle income,Blend,125.567,-8.56667
5066,TL,Timor-Leste,Forest area (% of land area),2019,62.0376597175521,East Asia & Pacific,Lower middle income,Blend,125.567,-8.56667
5067,TL,Timor-Leste,Forest area (% of land area),2018,62.1318090114324,East Asia & Pacific,Lower middle income,Blend,125.567,-8.56667
5068,TL,Timor-Leste,Forest area (% of land area),2017,62.2461331540013,East Asia & Pacific,Lower middle income,Blend,125.567,-8.56667
5069,TL,Timor-Leste,Forest area (% of land area),2016,62.320107599193,East Asia & Pacific,Lower middle income,Blend,125.567,-8.56667
5070,TG,Togo,Forest area (% of land area),2025,,Sub-Saharan Africa ,Lower middle income,IDA,1.2255,6.1228
5071,TG,Togo,Forest area (% of land area),2024,,Sub-Saharan Africa ,Lower middle income,IDA,1.2255,6.1228
5072,TG,Togo,Forest area (% of land area),2023,22.0700496414782,Sub-Saharan Africa ,Lower middle income,IDA,1.2255,6.1228
5073,TG,Togo,Forest area (% of land area),2022,22.1244714101857,Sub-Saharan Africa ,Lower middle income,IDA,1.2255,6.1228
5074,TG,Togo,Forest area (% of land area),2021,22.1788931788932,Sub-Saharan Africa ,Lower middle income,IDA,1.2255,6.1228
5075,TG,Togo,Forest area (% of land area),2020,22.2333149476007,Sub-Saharan Africa ,Lower middle income,IDA,1.2255,6.1228
5076,TG,Togo,Forest area (% of land area),2019,22.2877367163081,Sub-Saharan Africa ,Lower middle income,IDA,1.2255,6.1228
5077,TG,Togo,Forest area (% of land area),2018,22.3421584850156,Sub-Saharan Africa ,Lower middle income,IDA,1.2255,6.1228
5078,TG,Togo,Forest area (% of land area),2017,22.3965802537231,Sub-Saharan Africa ,Lower middle income,IDA,1.2255,6.1228
5079,TG,Togo,Forest area (% of land area),2016,22.4510020224306,Sub-Saharan Africa ,Lower middle income,IDA,1.2255,6.1228
5080,TO,Tonga,Forest area (% of land area),2025,,East Asia & Pacific,Upper middle income,IDA,-175.216,-21.136
5081,TO,Tonga,Forest area (% of land area),2024,,East Asia & Pacific,Upper middle income,IDA,-175.216,-21.136
5082,TO,Tonga,Forest area (% of land area),2023,12.4305555555556,East Asia & Pacific,Upper middle income,IDA,-175.216,-21.136
5083,TO,Tonga,Forest area (% of land area),2022,12.4305555555556,East Asia & Pacific,Upper middle income,IDA,-175.216,-21.136
5084,TO,Tonga,Forest area (% of land area),2021,12.4305555555556,East Asia & Pacific,Upper middle income,IDA,-175.216,-21.136
5085,TO,Tonga,Forest area (% of land area),2020,12.4305555555556,East Asia & Pacific,Upper middle income,IDA,-175.216,-21.136
5086,TO,Tonga,Forest area (% of land area),2019,12.4305555555556,East Asia & Pacific,Upper middle income,IDA,-175.216,-21.136
5087,TO,Tonga,Forest area (% of land area),2018,12.4305555555556,East Asia & Pacific,Upper middle income,IDA,-175.216,-21.136
5088,TO,Tonga,Forest area (% of land area),2017,12.4305555555556,East Asia & Pacific,Upper middle income,IDA,-175.216,-21.136
5089,TO,Tonga,Forest area (% of land area),2016,12.4305555555556,East Asia & Pacific,Upper middle income,IDA,-175.216,-21.136
5090,TT,Trinidad and Tobago,Forest area (% of land area),2025,,Latin America & Caribbean ,High income,IBRD,-61.4789,10.6596
5091,TT,Trinidad and Tobago,Forest area (% of land area),2024,,Latin America & Caribbean ,High income,IBRD,-61.4789,10.6596
5092,TT,Trinidad and Tobago,Forest area (% of land area),2023,44.2358674463938,Latin America & Caribbean ,High income,IBRD,-61.4789,10.6596
5093,TT,Trinidad and Tobago,Forest area (% of land area),2022,44.317738791423,Latin America & Caribbean ,High income,IBRD,-61.4789,10.6596
5094,TT,Trinidad and Tobago,Forest area (% of land area),2021,44.3996101364522,Latin America & Caribbean ,High income,IBRD,-61.4789,10.6596
5095,TT,Trinidad and Tobago,Forest area (% of land area),2020,44.4814814814815,Latin America & Caribbean ,High income,IBRD,-61.4789,10.6596
5096,TT,Trinidad and Tobago,Forest area (% of land area),2019,44.5633528265107,Latin America & Caribbean ,High income,IBRD,-61.4789,10.6596
5097,TT,Trinidad and Tobago,Forest area (% of land area),2018,44.64522417154,Latin America & Caribbean ,High income,IBRD,-61.4789,10.6596
5098,TT,Trinidad and Tobago,Forest area (% of land area),2017,44.7270955165692,Latin America & Caribbean ,High income,IBRD,-61.4789,10.6596
5099,TT,Trinidad and Tobago,Forest area (% of land area),2016,44.8089668615984,Latin America & Caribbean ,High income,IBRD,-61.4789,10.6596
5100,TN,Tunisia,Forest area (% of land area),2025,,"Middle East, North Africa, Afghanistan & Pakistan",Lower middle income,IBRD,10.21,36.7899
5101,TN,Tunisia,Forest area (% of land area),2024,,"Middle East, North Africa, Afghanistan & Pakistan",Lower middle income,IBRD,10.21,36.7899
5102,TN,Tunisia,Forest area (% of land area),2023,4.55278063851699,"Middle East, North Africa, Afghanistan & Pakistan",Lower middle income,IBRD,10.21,36.7899
5103,TN,Tunisia,Forest area (% of land area),2022,4.54293254376931,"Middle East, North Africa, Afghanistan & Pakistan",Lower middle income,IBRD,10.21,36.7899
5104,TN,Tunisia,Forest area (% of land area),2021,4.53308444902163,"Middle East, North Africa, Afghanistan & Pakistan",Lower middle income,IBRD,10.21,36.7899
5105,TN,Tunisia,Forest area (% of land area),2020,4.52323635427395,"Middle East, North Africa, Afghanistan & Pakistan",Lower middle income,IBRD,10.21,36.7899
5106,TN,Tunisia,Forest area (% of land area),2019,4.51338825952626,"Middle East, North Africa, Afghanistan & Pakistan",Lower middle income,IBRD,10.21,36.7899
5107,TN,Tunisia,Forest area (% of land area),2018,4.50354016477858,"Middle East, North Africa, Afghanistan & Pakistan",Lower middle income,IBRD,10.21,36.7899
5108,TN,Tunisia,Forest area (% of land area),2017,4.4936920700309,"Middle East, North Africa, Afghanistan & Pakistan",Lower middle income,IBRD,10.21,36.7899
5109,TN,Tunisia,Forest area (% of land area),2016,4.48384397528321,"Middle East, North Africa, Afghanistan & Pakistan",Lower middle income,IBRD,10.21,36.7899
5110,TR,Turkiye,Forest area (% of land area),2025,,Europe & Central Asia,Upper middle income,IBRD,32.3606,39.7153
5111,TR,Turkiye,Forest area (% of land area),2024,,Europe & Central Asia,Upper middle income,IBRD,32.3606,39.7153
5112,TR,Turkiye,Forest area (% of land area),2023,29.4795681041539,Europe & Central Asia,Upper middle income,IBRD,32.3606,39.7153
5113,TR,Turkiye,Forest area (% of land area),2022,29.2768733027559,Europe & Central Asia,Upper middle income,IBRD,32.3606,39.7153
5114,TR,Turkiye,Forest area (% of land area),2021,29.0741785013578,Europe & Central Asia,Upper middle income,IBRD,32.3606,39.7153
5115,TR,Turkiye,Forest area (% of land area),2020,28.8714836999597,Europe & Central Asia,Upper middle income,IBRD,32.3606,39.7153
5116,TR,Turkiye,Forest area (% of land area),2019,28.6687888985616,Europe & Central Asia,Upper middle income,IBRD,32.3606,39.7153
5117,TR,Turkiye,Forest area (% of land area),2018,28.4660940971636,Europe & Central Asia,Upper middle income,IBRD,32.3606,39.7153
5118,TR,Turkiye,Forest area (% of land area),2017,28.2635292283305,Europe & Central Asia,Upper middle income,IBRD,32.3606,39.7153
5119,TR,Turkiye,Forest area (% of land area),2016,28.104803606928,Europe & Central Asia,Upper middle income,IBRD,32.3606,39.7153
5120,TM,Turkmenistan,Forest area (% of land area),2025,,Europe & Central Asia,Upper middle income,IBRD,58.3794,37.9509
5121,TM,Turkmenistan,Forest area (% of land area),2024,,Europe & Central Asia,Upper middle income,IBRD,58.3794,37.9509
5122,TM,Turkmenistan,Forest area (% of land area),2023,8.78215904496414,Europe & Central Asia,Upper middle income,IBRD,58.3794,37.9509
5123,TM,Turkmenistan,Forest area (% of land area),2022,8.78215904496414,Europe & Central Asia,Upper middle income,IBRD,58.3794,37.9509
5124,TM,Turkmenistan,Forest area (% of land area),2021,8.78215904496414,Europe & Central Asia,Upper middle income,IBRD,58.3794,37.9509
5125,TM,Turkmenistan,Forest area (% of land area),2020,8.78215904496414,Europe & Central Asia,Upper middle income,IBRD,58.3794,37.9509
5126,TM,Turkmenistan,Forest area (% of land area),2019,8.78215904496414,Europe & Central Asia,Upper middle income,IBRD,58.3794,37.9509
5127,TM,Turkmenistan,Forest area (% of land area),2018,8.78215904496414,Europe & Central Asia,Upper middle income,IBRD,58.3794,37.9509
5128,TM,Turkmenistan,Forest area (% of land area),2017,8.78215904496414,Europe & Central Asia,Upper middle income,IBRD,58.3794,37.9509
5129,TM,Turkmenistan,Forest area (% of land area),2016,8.78215904496414,Europe & Central Asia,Upper middle income,IBRD,58.3794,37.9509
5130,TC,Turks and Caicos Islands,Forest area (% of land area),2025,,Latin America & Caribbean ,High income,Not classified,-71.141389,21.4602778
5131,TC,Turks and Caicos Islands,Forest area (% of land area),2024,,Latin America & Caribbean ,High income,Not classified,-71.141389,21.4602778
5132,TC,Turks and Caicos Islands,Forest area (% of land area),2023,11.0736842105263,Latin America & Caribbean ,High income,Not classified,-71.141389,21.4602778
5133,TC,Turks and Caicos Islands,Forest area (% of land area),2022,11.0736842105263,Latin America & Caribbean ,High income,Not classified,-71.141389,21.4602778
5134,TC,Turks and Caicos Islands,Forest area (% of land area),2021,11.0736842105263,Latin America & Caribbean ,High income,Not classified,-71.141389,21.4602778
5135,TC,Turks and Caicos Islands,Forest area (% of land area),2020,11.0736842105263,Latin America & Caribbean ,High income,Not classified,-71.141389,21.4602778
5136,TC,Turks and Caicos Islands,Forest area (% of land area),2019,11.0736842105263,Latin America & Caribbean ,High income,Not classified,-71.141389,21.4602778
5137,TC,Turks and Caicos Islands,Forest area (% of land area),2018,11.0736842105263,Latin America & Caribbean ,High income,Not classified,-71.141389,21.4602778
5138,TC,Turks and Caicos Islands,Forest area (% of land area),2017,11.0736842105263,Latin America & Caribbean ,High income,Not classified,-71.141389,21.4602778
5139,TC,Turks and Caicos Islands,Forest area (% of land area),2016,11.0736842105263,Latin America & Caribbean ,High income,Not classified,-71.141389,21.4602778
5140,TV,Tuvalu,Forest area (% of land area),2025,,East Asia & Pacific,Upper middle income,IDA,179.089567,-8.6314877
5141,TV,Tuvalu,Forest area (% of land area),2024,,East Asia & Pacific,Upper middle income,IDA,179.089567,-8.6314877
5142,TV,Tuvalu,Forest area (% of land area),2023,33.3333333333333,East Asia & Pacific,Upper middle income,IDA,179.089567,-8.6314877
5143,TV,Tuvalu,Forest area (% of land area),2022,33.3333333333333,East Asia & Pacific,Upper middle income,IDA,179.089567,-8.6314877
5144,TV,Tuvalu,Forest area (% of land area),2021,33.3333333333333,East Asia & Pacific,Upper middle income,IDA,179.089567,-8.6314877
5145,TV,Tuvalu,Forest area (% of land area),2020,33.3333333333333,East Asia & Pacific,Upper middle income,IDA,179.089567,-8.6314877
5146,TV,Tuvalu,Forest area (% of land area),2019,33.3333333333333,East Asia & Pacific,Upper middle income,IDA,179.089567,-8.6314877
5147,TV,Tuvalu,Forest area (% of land area),2018,33.3333333333333,East Asia & Pacific,Upper middle income,IDA,179.089567,-8.6314877
5148,TV,Tuvalu,Forest area (% of land area),2017,33.3333333333333,East Asia & Pacific,Upper middle income,IDA,179.089567,-8.6314877
5149,TV,Tuvalu,Forest area (% of land area),2016,33.3333333333333,East Asia & Pacific,Upper middle income,IDA,179.089567,-8.6314877
5150,UG,Uganda,Forest area (% of land area),2025,,Sub-Saharan Africa ,Low income,IDA,32.5729,0.314269
5151,UG,Uganda,Forest area (% of land area),2024,,Sub-Saharan Africa ,Low income,IDA,32.5729,0.314269
5152,UG,Uganda,Forest area (% of land area),2023,11.0419703770197,Sub-Saharan Africa ,Low income,IDA,32.5729,0.314269
5153,UG,Uganda,Forest area (% of land area),2022,11.2477114502294,Sub-Saharan Africa ,Low income,IDA,32.5729,0.314269
5154,UG,Uganda,Forest area (% of land area),2021,11.4534375623379,Sub-Saharan Africa ,Low income,IDA,32.5729,0.314269
5155,UG,Uganda,Forest area (% of land area),2020,11.6591861160981,Sub-Saharan Africa ,Low income,IDA,32.5729,0.314269
5156,UG,Uganda,Forest area (% of land area),2019,11.8649012567325,Sub-Saharan Africa ,Low income,IDA,32.5729,0.314269
5157,UG,Uganda,Forest area (% of land area),2018,12.070666267704,Sub-Saharan Africa ,Low income,IDA,32.5729,0.314269
5158,UG,Uganda,Forest area (% of land area),2017,12.2763814083383,Sub-Saharan Africa ,Low income,IDA,32.5729,0.314269
5159,UG,Uganda,Forest area (% of land area),2016,12.4820965489727,Sub-Saharan Africa ,Low income,IDA,32.5729,0.314269
5160,UA,Ukraine,Forest area (% of land area),2025,,Europe & Central Asia,Upper middle income,IBRD,30.5038,50.4536
5161,UA,Ukraine,Forest area (% of land area),2024,,Europe & Central Asia,Upper middle income,IBRD,30.5038,50.4536
5162,UA,Ukraine,Forest area (% of land area),2023,16.7552640662755,Europe & Central Asia,Upper middle income,IBRD,30.5038,50.4536
5163,UA,Ukraine,Forest area (% of land area),2022,16.7449085260614,Europe & Central Asia,Upper middle income,IBRD,30.5038,50.4536
5164,UA,Ukraine,Forest area (% of land area),2021,16.7345529858474,Europe & Central Asia,Upper middle income,IBRD,30.5038,50.4536
5165,UA,Ukraine,Forest area (% of land area),2020,16.7241974456334,Europe & Central Asia,Upper middle income,IBRD,30.5038,50.4536
5166,UA,Ukraine,Forest area (% of land area),2019,16.7138419054194,Europe & Central Asia,Upper middle income,IBRD,30.5038,50.4536
5167,UA,Ukraine,Forest area (% of land area),2018,16.7034863652054,Europe & Central Asia,Upper middle income,IBRD,30.5038,50.4536
5168,UA,Ukraine,Forest area (% of land area),2017,16.6942862074918,Europe & Central Asia,Upper middle income,IBRD,30.5038,50.4536
5169,UA,Ukraine,Forest area (% of land area),2016,16.6824906350878,Europe & Central Asia,Upper middle income,IBRD,30.5038,50.4536
5170,AE,United Arab Emirates,Forest area (% of land area),2025,,"Middle East, North Africa, Afghanistan & Pakistan",High income,Not classified,54.3705,24.4764
5171,AE,United Arab Emirates,Forest area (% of land area),2024,,"Middle East, North Africa, Afghanistan & Pakistan",High income,Not classified,54.3705,24.4764
5172,AE,United Arab Emirates,Forest area (% of land area),2023,4.46775556181357,"Middle East, North Africa, Afghanistan & Pakistan",High income,Not classified,54.3705,24.4764
5173,AE,United Arab Emirates,Forest area (% of land area),2022,4.46775556181357,"Middle East, North Africa, Afghanistan & Pakistan",High income,Not classified,54.3705,24.4764
5174,AE,United Arab Emirates,Forest area (% of land area),2021,4.46775556181357,"Middle East, North Africa, Afghanistan & Pakistan",High income,Not classified,54.3705,24.4764
5175,AE,United Arab Emirates,Forest area (% of land area),2020,4.46775556181357,"Middle East, North Africa, Afghanistan & Pakistan",High income,Not classified,54.3705,24.4764
5176,AE,United Arab Emirates,Forest area (% of land area),2019,4.46775556181357,"Middle East, North Africa, Afghanistan & Pakistan",High income,Not classified,54.3705,24.4764
5177,AE,United Arab Emirates,Forest area (% of land area),2018,4.46775556181357,"Middle East, North Africa, Afghanistan & Pakistan",High income,Not classified,54.3705,24.4764
5178,AE,United Arab Emirates,Forest area (% of land area),2017,4.46775556181357,"Middle East, North Africa, Afghanistan & Pakistan",High income,Not classified,54.3705,24.4764
5179,AE,United Arab Emirates,Forest area (% of land area),2016,4.46775556181357,"Middle East, North Africa, Afghanistan & Pakistan",High income,Not classified,54.3705,24.4764
5180,GB,United Kingdom,Forest area (% of land area),2025,,Europe & Central Asia,High income,Not classified,-0.126236,51.5002
5181,GB,United Kingdom,Forest area (% of land area),2024,,Europe & Central Asia,High income,Not classified,-0.126236,51.5002
5182,GB,United Kingdom,Forest area (% of land area),2023,13.2907130161617,Europe & Central Asia,High income,Not classified,-0.126236,51.5002
5183,GB,United Kingdom,Forest area (% of land area),2022,13.2554871243748,Europe & Central Asia,High income,Not classified,-0.126236,51.5002
5184,GB,United Kingdom,Forest area (% of land area),2021,13.2214553796553,Europe & Central Asia,High income,Not classified,-0.126236,51.5002
5185,GB,United Kingdom,Forest area (% of land area),2020,13.1856322076634,Europe & Central Asia,High income,Not classified,-0.126236,51.5002
5186,GB,United Kingdom,Forest area (% of land area),2019,13.1525647914686,Europe & Central Asia,High income,Not classified,-0.126236,51.5002
5187,GB,United Kingdom,Forest area (% of land area),2018,13.1153639482495,Europe & Central Asia,High income,Not classified,-0.126236,51.5002
5188,GB,United Kingdom,Forest area (% of land area),2017,13.0781631050304,Europe & Central Asia,High income,Not classified,-0.126236,51.5002
5189,GB,United Kingdom,Forest area (% of land area),2016,13.0574959699087,Europe & Central Asia,High income,Not classified,-0.126236,51.5002
5190,US,United States,Forest area (% of land area),2025,,North America,High income,Not classified,-77.032,38.8895
5191,US,United States,Forest area (% of land area),2024,,North America,High income,Not classified,-77.032,38.8895
5192,US,United States,Forest area (% of land area),2023,33.8669264120375,North America,High income,Not classified,-77.032,38.8895
5193,US,United States,Forest area (% of land area),2022,33.8669264120375,North America,High income,Not classified,-77.032,38.8895
5194,US,United States,Forest area (% of land area),2021,33.8669264120375,North America,High income,Not classified,-77.032,38.8895
5195,US,United States,Forest area (% of land area),2020,33.8669264120375,North America,High income,Not classified,-77.032,38.8895
5196,US,United States,Forest area (% of land area),2019,33.8669264120375,North America,High income,Not classified,-77.032,38.8895
5197,US,United States,Forest area (% of land area),2018,33.8669264120375,North America,High income,Not classified,-77.032,38.8895
5198,US,United States,Forest area (% of land area),2017,33.8669264120375,North America,High income,Not classified,-77.032,38.8895
5199,US,United States,Forest area (% of land area),2016,33.8997225447175,North America,High income,Not classified,-77.032,38.8895
5200,UY,Uruguay,Forest area (% of land area),2025,,Latin America & Caribbean ,High income,IBRD,-56.0675,-34.8941
5201,UY,Uruguay,Forest area (% of land area),2024,,Latin America & Caribbean ,High income,IBRD,-56.0675,-34.8941
5202,UY,Uruguay,Forest area (% of land area),2023,11.9643469317792,Latin America & Caribbean ,High income,IBRD,-56.0675,-34.8941
5203,UY,Uruguay,Forest area (% of land area),2022,11.8443606444978,Latin America & Caribbean ,High income,IBRD,-56.0675,-34.8941
5204,UY,Uruguay,Forest area (% of land area),2021,11.7243743572163,Latin America & Caribbean ,High income,IBRD,-56.0675,-34.8941
5205,UY,Uruguay,Forest area (% of land area),2020,11.6043880699349,Latin America & Caribbean ,High income,IBRD,-56.0675,-34.8941
5206,UY,Uruguay,Forest area (% of land area),2019,11.4844017826534,Latin America & Caribbean ,High income,IBRD,-56.0675,-34.8941
5207,UY,Uruguay,Forest area (% of land area),2018,11.364415495372,Latin America & Caribbean ,High income,IBRD,-56.0675,-34.8941
5208,UY,Uruguay,Forest area (% of land area),2017,11.2444292080905,Latin America & Caribbean ,High income,IBRD,-56.0675,-34.8941
5209,UY,Uruguay,Forest area (% of land area),2016,11.1244429208091,Latin America & Caribbean ,High income,IBRD,-56.0675,-34.8941
5210,UZ,Uzbekistan,Forest area (% of land area),2025,,Europe & Central Asia,Lower middle income,Blend,69.269,41.3052
5211,UZ,Uzbekistan,Forest area (% of land area),2024,,Europe & Central Asia,Lower middle income,Blend,69.269,41.3052
5212,UZ,Uzbekistan,Forest area (% of land area),2023,8.54914331101781,Europe & Central Asia,Lower middle income,Blend,69.269,41.3052
5213,UZ,Uzbekistan,Forest area (% of land area),2022,8.49046413042492,Europe & Central Asia,Lower middle income,Blend,69.269,41.3052
5214,UZ,Uzbekistan,Forest area (% of land area),2021,8.43180461723851,Europe & Central Asia,Lower middle income,Blend,69.269,41.3052
5215,UZ,Uzbekistan,Forest area (% of land area),2020,8.37322137751049,Europe & Central Asia,Lower middle income,Blend,69.269,41.3052
5216,UZ,Uzbekistan,Forest area (% of land area),2019,8.31637366503615,Europe & Central Asia,Lower middle income,Blend,69.269,41.3052
5217,UZ,Uzbekistan,Forest area (% of land area),2018,8.25712061408984,Europe & Central Asia,Lower middle income,Blend,69.269,41.3052
5218,UZ,Uzbekistan,Forest area (% of land area),2017,8.19844389770035,Europe & Central Asia,Lower middle income,Blend,69.269,41.3052
5219,UZ,Uzbekistan,Forest area (% of land area),2016,8.1397486557828,Europe & Central Asia,Lower middle income,Blend,69.269,41.3052
5220,VU,Vanuatu,Forest area (% of land area),2025,,East Asia & Pacific,Lower middle income,IDA,168.321,-17.7404
5221,VU,Vanuatu,Forest area (% of land area),2024,,East Asia & Pacific,Lower middle income,IDA,168.321,-17.7404
5222,VU,Vanuatu,Forest area (% of land area),2023,36.2838392124692,East Asia & Pacific,Lower middle income,IDA,168.321,-17.7404
5223,VU,Vanuatu,Forest area (% of land area),2022,36.2838392124692,East Asia & Pacific,Lower middle income,IDA,168.321,-17.7404
5224,VU,Vanuatu,Forest area (% of land area),2021,36.2838392124692,East Asia & Pacific,Lower middle income,IDA,168.321,-17.7404
5225,VU,Vanuatu,Forest area (% of land area),2020,36.2838392124692,East Asia & Pacific,Lower middle income,IDA,168.321,-17.7404
5226,VU,Vanuatu,Forest area (% of land area),2019,36.2838392124692,East Asia & Pacific,Lower middle income,IDA,168.321,-17.7404
5227,VU,Vanuatu,Forest area (% of land area),2018,36.2838392124692,East Asia & Pacific,Lower middle income,IDA,168.321,-17.7404
5228,VU,Vanuatu,Forest area (% of land area),2017,36.2838392124692,East Asia & Pacific,Lower middle income,IDA,168.321,-17.7404
5229,VU,Vanuatu,Forest area (% of land area),2016,36.2838392124692,East Asia & Pacific,Lower middle income,IDA,168.321,-17.7404
5230,VE,"Venezuela, RB",Forest area (% of land area),2025,,Latin America & Caribbean ,Lower middle income,IBRD,-69.8371,9.08165
5231,VE,"Venezuela, RB",Forest area (% of land area),2024,,Latin America & Caribbean ,Lower middle income,IBRD,-69.8371,9.08165
5232,VE,"Venezuela, RB",Forest area (% of land area),2023,52.2338793719177,Latin America & Caribbean ,Lower middle income,IBRD,-69.8371,9.08165
5233,VE,"Venezuela, RB",Forest area (% of land area),2022,52.2949719403662,Latin America & Caribbean ,Lower middle income,IBRD,-69.8371,9.08165
5234,VE,"Venezuela, RB",Forest area (% of land area),2021,52.3477807380534,Latin America & Caribbean ,Lower middle income,IBRD,-69.8371,9.08165
5235,VE,"Venezuela, RB",Forest area (% of land area),2020,52.4130151351964,Latin America & Caribbean ,Lower middle income,IBRD,-69.8371,9.08165
5236,VE,"Venezuela, RB",Forest area (% of land area),2019,52.4596111331557,Latin America & Caribbean ,Lower middle income,IBRD,-69.8371,9.08165
5237,VE,"Venezuela, RB",Forest area (% of land area),2018,52.5341647298906,Latin America & Caribbean ,Lower middle income,IBRD,-69.8371,9.08165
5238,VE,"Venezuela, RB",Forest area (% of land area),2017,52.6366759254011,Latin America & Caribbean ,Lower middle income,IBRD,-69.8371,9.08165
5239,VE,"Venezuela, RB",Forest area (% of land area),2016,52.7671447196871,Latin America & Caribbean ,Lower middle income,IBRD,-69.8371,9.08165
5240,VN,Viet Nam,Forest area (% of land area),2025,,East Asia & Pacific,Upper middle income,IBRD,105.825,21.0069
5241,VN,Viet Nam,Forest area (% of land area),2024,,East Asia & Pacific,Upper middle income,IBRD,105.825,21.0069
5242,VN,Viet Nam,Forest area (% of land area),2023,47.4454820708996,East Asia & Pacific,Upper middle income,IBRD,105.825,21.0069
5243,VN,Viet Nam,Forest area (% of land area),2022,47.203321964464,East Asia & Pacific,Upper middle income,IBRD,105.825,21.0069
5244,VN,Viet Nam,Forest area (% of land area),2021,46.9611618580284,East Asia & Pacific,Upper middle income,IBRD,105.825,21.0069
5245,VN,Viet Nam,Forest area (% of land area),2020,46.7190017515929,East Asia & Pacific,Upper middle income,IBRD,105.825,21.0069
5246,VN,Viet Nam,Forest area (% of land area),2019,46.4768416451573,East Asia & Pacific,Upper middle income,IBRD,105.825,21.0069
5247,VN,Viet Nam,Forest area (% of land area),2018,46.2346815387217,East Asia & Pacific,Upper middle income,IBRD,105.825,21.0069
5248,VN,Viet Nam,Forest area (% of land area),2017,45.9963369846492,East Asia & Pacific,Upper middle income,IBRD,105.825,21.0069
5249,VN,Viet Nam,Forest area (% of land area),2016,45.8783548775157,East Asia & Pacific,Upper middle income,IBRD,105.825,21.0069
5250,VI,Virgin Islands (U.S.),Forest area (% of land area),2025,,Latin America & Caribbean ,High income,Not classified,-64.8963,18.3358
5251,VI,Virgin Islands (U.S.),Forest area (% of land area),2024,,Latin America & Caribbean ,High income,Not classified,-64.8963,18.3358
5252,VI,Virgin Islands (U.S.),Forest area (% of land area),2023,58.1714285714286,Latin America & Caribbean ,High income,Not classified,-64.8963,18.3358
5253,VI,Virgin Islands (U.S.),Forest area (% of land area),2022,57.7428571428571,Latin America & Caribbean ,High income,Not classified,-64.8963,18.3358
5254,VI,Virgin Islands (U.S.),Forest area (% of land area),2021,57.3142857142857,Latin America & Caribbean ,High income,Not classified,-64.8963,18.3358
5255,VI,Virgin Islands (U.S.),Forest area (% of land area),2020,56.8857142857143,Latin America & Caribbean ,High income,Not classified,-64.8963,18.3358
5256,VI,Virgin Islands (U.S.),Forest area (% of land area),2019,56.4571428571428,Latin America & Caribbean ,High income,Not classified,-64.8963,18.3358
5257,VI,Virgin Islands (U.S.),Forest area (% of land area),2018,56.0285714285714,Latin America & Caribbean ,High income,Not classified,-64.8963,18.3358
5258,VI,Virgin Islands (U.S.),Forest area (% of land area),2017,55.6,Latin America & Caribbean ,High income,Not classified,-64.8963,18.3358
5259,VI,Virgin Islands (U.S.),Forest area (% of land area),2016,55.1714285714286,Latin America & Caribbean ,High income,Not classified,-64.8963,18.3358
5260,PS,West Bank and Gaza,Forest area (% of land area),2025,,"Middle East, North Africa, Afghanistan & Pakistan",Lower middle income,Not classified,,
5261,PS,West Bank and Gaza,Forest area (% of land area),2024,,"Middle East, North Africa, Afghanistan & Pakistan",Lower middle income,Not classified,,
5262,PS,West Bank and Gaza,Forest area (% of land area),2023,1.68298755186722,"Middle East, North Africa, Afghanistan & Pakistan",Lower middle income,Not classified,,
5263,PS,West Bank and Gaza,Forest area (% of land area),2022,1.68298755186722,"Middle East, North Africa, Afghanistan & Pakistan",Lower middle income,Not classified,,
5264,PS,West Bank and Gaza,Forest area (% of land area),2021,1.68298755186722,"Middle East, North Africa, Afghanistan & Pakistan",Lower middle income,Not classified,,
5265,PS,West Bank and Gaza,Forest area (% of land area),2020,1.6843853820598,"Middle East, North Africa, Afghanistan & Pakistan",Lower middle income,Not classified,,
5266,PS,West Bank and Gaza,Forest area (% of land area),2019,1.6843853820598,"Middle East, North Africa, Afghanistan & Pakistan",Lower middle income,Not classified,,
5267,PS,West Bank and Gaza,Forest area (% of land area),2018,1.6843853820598,"Middle East, North Africa, Afghanistan & Pakistan",Lower middle income,Not classified,,
5268,PS,West Bank and Gaza,Forest area (% of land area),2017,1.6843853820598,"Middle East, North Africa, Afghanistan & Pakistan",Lower middle income,Not classified,,
5269,PS,West Bank and Gaza,Forest area (% of land area),2016,1.6843853820598,"Middle East, North Africa, Afghanistan & Pakistan",Lower middle income,Not classified,,
5270,YE,"Yemen, Rep.",Forest area (% of land area),2025,,"Middle East, North Africa, Afghanistan & Pakistan",Low income,IDA,44.2075,15.352
5271,YE,"Yemen, Rep.",Forest area (% of land area),2024,,"Middle East, North Africa, Afghanistan & Pakistan",Low income,IDA,44.2075,15.352
5272,YE,"Yemen, Rep.",Forest area (% of land area),2023,1.03983180862549,"Middle East, North Africa, Afghanistan & Pakistan",Low income,IDA,44.2075,15.352
5273,YE,"Yemen, Rep.",Forest area (% of land area),2022,1.03983180862549,"Middle East, North Africa, Afghanistan & Pakistan",Low income,IDA,44.2075,15.352
5274,YE,"Yemen, Rep.",Forest area (% of land area),2021,1.03983180862549,"Middle East, North Africa, Afghanistan & Pakistan",Low income,IDA,44.2075,15.352
5275,YE,"Yemen, Rep.",Forest area (% of land area),2020,1.03983180862549,"Middle East, North Africa, Afghanistan & Pakistan",Low income,IDA,44.2075,15.352
5276,YE,"Yemen, Rep.",Forest area (% of land area),2019,1.03983180862549,"Middle East, North Africa, Afghanistan & Pakistan",Low income,IDA,44.2075,15.352
5277,YE,"Yemen, Rep.",Forest area (% of land area),2018,1.03983180862549,"Middle East, North Africa, Afghanistan & Pakistan",Low income,IDA,44.2075,15.352
5278,YE,"Yemen, Rep.",Forest area (% of land area),2017,1.03983180862549,"Middle East, North Africa, Afghanistan & Pakistan",Low income,IDA,44.2075,15.352
5279,YE,"Yemen, Rep.",Forest area (% of land area),2016,1.03983180862549,"Middle East, North Africa, Afghanistan & Pakistan",Low income,IDA,44.2075,15.352
5280,ZM,Zambia,Forest area (% of land area),2025,,Sub-Saharan Africa ,Lower middle income,IDA,28.2937,-15.3982
5281,ZM,Zambia,Forest area (% of land area),2024,,Sub-Saharan Africa ,Lower middle income,IDA,28.2937,-15.3982
5282,ZM,Zambia,Forest area (% of land area),2023,59.523784150984,Sub-Saharan Africa ,Lower middle income,IDA,28.2937,-15.3982
5283,ZM,Zambia,Forest area (% of land area),2022,59.7769691548178,Sub-Saharan Africa ,Lower middle income,IDA,28.2937,-15.3982
5284,ZM,Zambia,Forest area (% of land area),2021,60.0301501230848,Sub-Saharan Africa ,Lower middle income,IDA,28.2937,-15.3982
5285,ZM,Zambia,Forest area (% of land area),2020,60.283337144702,Sub-Saharan Africa ,Lower middle income,IDA,28.2937,-15.3982
5286,ZM,Zambia,Forest area (% of land area),2019,60.5365151535533,Sub-Saharan Africa ,Lower middle income,IDA,28.2937,-15.3982
5287,ZM,Zambia,Forest area (% of land area),2018,60.789706614294,Sub-Saharan Africa ,Lower middle income,IDA,28.2937,-15.3982
5288,ZM,Zambia,Forest area (% of land area),2017,61.0428846231453,Sub-Saharan Africa ,Lower middle income,IDA,28.2937,-15.3982
5289,ZM,Zambia,Forest area (% of land area),2016,61.2959550168821,Sub-Saharan Africa ,Lower middle income,IDA,28.2937,-15.3982
5290,ZW,Zimbabwe,Forest area (% of land area),2025,,Sub-Saharan Africa ,Lower middle income,Blend,31.0672,-17.8312
5291,ZW,Zimbabwe,Forest area (% of land area),2024,,Sub-Saharan Africa ,Lower middle income,Blend,31.0672,-17.8312
5292,ZW,Zimbabwe,Forest area (% of land area),2023,44.7366421093447,Sub-Saharan Africa ,Lower middle income,Blend,31.0672,-17.8312
5293,ZW,Zimbabwe,Forest area (% of land area),2022,44.8557321959416,Sub-Saharan Africa ,Lower middle income,Blend,31.0672,-17.8312
5294,ZW,Zimbabwe,Forest area (% of land area),2021,44.9748222825385,Sub-Saharan Africa ,Lower middle income,Blend,31.0672,-17.8312
5295,ZW,Zimbabwe,Forest area (% of land area),2020,45.0939123691353,Sub-Saharan Africa ,Lower middle income,Blend,31.0672,-17.8312
5296,ZW,Zimbabwe,Forest area (% of land area),2019,45.2130024557322,Sub-Saharan Africa ,Lower middle income,Blend,31.0672,-17.8312
5297,ZW,Zimbabwe,Forest area (% of land area),2018,45.3320925423291,Sub-Saharan Africa ,Lower middle income,Blend,31.0672,-17.8312
5298,ZW,Zimbabwe,Forest area (% of land area),2017,45.4511826289259,Sub-Saharan Africa ,Lower middle income,Blend,31.0672,-17.8312
5299,ZW,Zimbabwe,Forest area (% of land area),2016,45.5702727155228,Sub-Saharan Africa ,Lower middle income,Blend,31.0672,-17.8312
