,country_id,country_value,indicator_name,year,value,region,incomeLevel,lendingType,longitude,latitude
0,ZH,Africa Eastern and Southern,Poverty headcount ratio at national poverty lines (% of population),2025,,Aggregates,Aggregates,Aggregates,,
1,ZH,Africa Eastern and Southern,Poverty headcount ratio at national poverty lines (% of population),2024,,Aggregates,Aggregates,Aggregates,,
2,ZH,Africa Eastern and Southern,Poverty headcount ratio at national poverty lines (% of population),2023,,Aggregates,Aggregates,Aggregates,,
3,ZH,Africa Eastern and Southern,Poverty headcount ratio at national poverty lines (% of population),2022,,Aggregates,Aggregates,Aggregates,,
4,ZH,Africa Eastern and Southern,Poverty headcount ratio at national poverty lines (% of population),2021,,Aggregates,Aggregates,Aggregates,,
5,ZH,Africa Eastern and Southern,Poverty headcount ratio at national poverty lines (% of population),2020,,Aggregates,Aggregates,Aggregates,,
6,ZH,Africa Eastern and Southern,Poverty headcount ratio at national poverty lines (% of population),2019,,Aggregates,Aggregates,Aggregates,,
7,ZH,Africa Eastern and Southern,Poverty headcount ratio at national poverty lines (% of population),2018,,Aggregates,Aggregates,Aggregates,,
8,ZH,Africa Eastern and Southern,Poverty headcount ratio at national poverty lines (% of population),2017,,Aggregates,Aggregates,Aggregates,,
9,ZH,Africa Eastern and Southern,Poverty headcount ratio at national poverty lines (% of population),2016,,Aggregates,Aggregates,Aggregates,,
10,ZI,Africa Western and Central,Poverty headcount ratio at national poverty lines (% of population),2025,,Aggregates,Aggregates,Aggregates,,
11,ZI,Africa Western and Central,Poverty headcount ratio at national poverty lines (% of population),2024,,Aggregates,Aggregates,Aggregates,,
12,ZI,Africa Western and Central,Poverty headcount ratio at national poverty lines (% of population),2023,,Aggregates,Aggregates,Aggregates,,
13,ZI,Africa Western and Central,Poverty headcount ratio at national poverty lines (% of population),2022,,Aggregates,Aggregates,Aggregates,,
14,ZI,Africa Western and Central,Poverty headcount ratio at national poverty lines (% of population),2021,,Aggregates,Aggregates,Aggregates,,
15,ZI,Africa Western and Central,Poverty headcount ratio at national poverty lines (% of population),2020,,Aggregates,Aggregates,Aggregates,,
16,ZI,Africa Western and Central,Poverty headcount ratio at national poverty lines (% of population),2019,,Aggregates,Aggregates,Aggregates,,
17,ZI,Africa Western and Central,Poverty headcount ratio at national poverty lines (% of population),2018,,Aggregates,Aggregates,Aggregates,,
18,ZI,Africa Western and Central,Poverty headcount ratio at national poverty lines (% of population),2017,,Aggregates,Aggregates,Aggregates,,
19,ZI,Africa Western and Central,Poverty headcount ratio at national poverty lines (% of population),2016,,Aggregates,Aggregates,Aggregates,,
20,1A,Arab World,Poverty headcount ratio at national poverty lines (% of population),2025,,Aggregates,Aggregates,Aggregates,,
21,1A,Arab World,Poverty headcount ratio at national poverty lines (% of population),2024,,Aggregates,Aggregates,Aggregates,,
22,1A,Arab World,Poverty headcount ratio at national poverty lines (% of population),2023,,Aggregates,Aggregates,Aggregates,,
23,1A,Arab World,Poverty headcount ratio at national poverty lines (% of population),2022,,Aggregates,Aggregates,Aggregates,,
24,1A,Arab World,Poverty headcount ratio at national poverty lines (% of population),2021,,Aggregates,Aggregates,Aggregates,,
25,1A,Arab World,Poverty headcount ratio at national poverty lines (% of population),2020,,Aggregates,Aggregates,Aggregates,,
26,1A,Arab World,Poverty headcount ratio at national poverty lines (% of population),2019,,Aggregates,Aggregates,Aggregates,,
27,1A,Arab World,Poverty headcount ratio at national poverty lines (% of population),2018,,Aggregates,Aggregates,Aggregates,,
28,1A,Arab World,Poverty headcount ratio at national poverty lines (% of population),2017,,Aggregates,Aggregates,Aggregates,,
29,1A,Arab World,Poverty headcount ratio at national poverty lines (% of population),2016,,Aggregates,Aggregates,Aggregates,,
30,S3,Caribbean small states,Poverty headcount ratio at national poverty lines (% of population),2025,,Aggregates,Aggregates,Aggregates,,
31,S3,Caribbean small states,Poverty headcount ratio at national poverty lines (% of population),2024,,Aggregates,Aggregates,Aggregates,,
32,S3,Caribbean small states,Poverty headcount ratio at national poverty lines (% of population),2023,,Aggregates,Aggregates,Aggregates,,
33,S3,Caribbean small states,Poverty headcount ratio at national poverty lines (% of population),2022,,Aggregates,Aggregates,Aggregates,,
34,S3,Caribbean small states,Poverty headcount ratio at national poverty lines (% of population),2021,,Aggregates,Aggregates,Aggregates,,
35,S3,Caribbean small states,Poverty headcount ratio at national poverty lines (% of population),2020,,Aggregates,Aggregates,Aggregates,,
36,S3,Caribbean small states,Poverty headcount ratio at national poverty lines (% of population),2019,,Aggregates,Aggregates,Aggregates,,
37,S3,Caribbean small states,Poverty headcount ratio at national poverty lines (% of population),2018,,Aggregates,Aggregates,Aggregates,,
38,S3,Caribbean small states,Poverty headcount ratio at national poverty lines (% of population),2017,,Aggregates,Aggregates,Aggregates,,
39,S3,Caribbean small states,Poverty headcount ratio at national poverty lines (% of population),2016,,Aggregates,Aggregates,Aggregates,,
40,B8,Central Europe and the Baltics,Poverty headcount ratio at national poverty lines (% of population),2025,,Aggregates,Aggregates,Aggregates,,
41,B8,Central Europe and the Baltics,Poverty headcount ratio at national poverty lines (% of population),2024,,Aggregates,Aggregates,Aggregates,,
42,B8,Central Europe and the Baltics,Poverty headcount ratio at national poverty lines (% of population),2023,,Aggregates,Aggregates,Aggregates,,
43,B8,Central Europe and the Baltics,Poverty headcount ratio at national poverty lines (% of population),2022,,Aggregates,Aggregates,Aggregates,,
44,B8,Central Europe and the Baltics,Poverty headcount ratio at national poverty lines (% of population),2021,,Aggregates,Aggregates,Aggregates,,
45,B8,Central Europe and the Baltics,Poverty headcount ratio at national poverty lines (% of population),2020,,Aggregates,Aggregates,Aggregates,,
46,B8,Central Europe and the Baltics,Poverty headcount ratio at national poverty lines (% of population),2019,,Aggregates,Aggregates,Aggregates,,
47,B8,Central Europe and the Baltics,Poverty headcount ratio at national poverty lines (% of population),2018,,Aggregates,Aggregates,Aggregates,,
48,B8,Central Europe and the Baltics,Poverty headcount ratio at national poverty lines (% of population),2017,,Aggregates,Aggregates,Aggregates,,
49,B8,Central Europe and the Baltics,Poverty headcount ratio at national poverty lines (% of population),2016,,Aggregates,Aggregates,Aggregates,,
50,V2,Early-demographic dividend,Poverty headcount ratio at national poverty lines (% of population),2025,,Aggregates,Aggregates,Aggregates,,
51,V2,Early-demographic dividend,Poverty headcount ratio at national poverty lines (% of population),2024,,Aggregates,Aggregates,Aggregates,,
52,V2,Early-demographic dividend,Poverty headcount ratio at national poverty lines (% of population),2023,,Aggregates,Aggregates,Aggregates,,
53,V2,Early-demographic dividend,Poverty headcount ratio at national poverty lines (% of population),2022,,Aggregates,Aggregates,Aggregates,,
54,V2,Early-demographic dividend,Poverty headcount ratio at national poverty lines (% of population),2021,,Aggregates,Aggregates,Aggregates,,
55,V2,Early-demographic dividend,Poverty headcount ratio at national poverty lines (% of population),2020,,Aggregates,Aggregates,Aggregates,,
56,V2,Early-demographic dividend,Poverty headcount ratio at national poverty lines (% of population),2019,,Aggregates,Aggregates,Aggregates,,
57,V2,Early-demographic dividend,Poverty headcount ratio at national poverty lines (% of population),2018,,Aggregates,Aggregates,Aggregates,,
58,V2,Early-demographic dividend,Poverty headcount ratio at national poverty lines (% of population),2017,,Aggregates,Aggregates,Aggregates,,
59,V2,Early-demographic dividend,Poverty headcount ratio at national poverty lines (% of population),2016,,Aggregates,Aggregates,Aggregates,,
60,Z4,East Asia & Pacific,Poverty headcount ratio at national poverty lines (% of population),2025,,Aggregates,Aggregates,Aggregates,,
61,Z4,East Asia & Pacific,Poverty headcount ratio at national poverty lines (% of population),2024,,Aggregates,Aggregates,Aggregates,,
62,Z4,East Asia & Pacific,Poverty headcount ratio at national poverty lines (% of population),2023,,Aggregates,Aggregates,Aggregates,,
63,Z4,East Asia & Pacific,Poverty headcount ratio at national poverty lines (% of population),2022,,Aggregates,Aggregates,Aggregates,,
64,Z4,East Asia & Pacific,Poverty headcount ratio at national poverty lines (% of population),2021,,Aggregates,Aggregates,Aggregates,,
65,Z4,East Asia & Pacific,Poverty headcount ratio at national poverty lines (% of population),2020,,Aggregates,Aggregates,Aggregates,,
66,Z4,East Asia & Pacific,Poverty headcount ratio at national poverty lines (% of population),2019,,Aggregates,Aggregates,Aggregates,,
67,Z4,East Asia & Pacific,Poverty headcount ratio at national poverty lines (% of population),2018,,Aggregates,Aggregates,Aggregates,,
68,Z4,East Asia & Pacific,Poverty headcount ratio at national poverty lines (% of population),2017,,Aggregates,Aggregates,Aggregates,,
69,Z4,East Asia & Pacific,Poverty headcount ratio at national poverty lines (% of population),2016,,Aggregates,Aggregates,Aggregates,,
70,4E,East Asia & Pacific (excluding high income),Poverty headcount ratio at national poverty lines (% of population),2025,,Aggregates,Aggregates,Aggregates,,
71,4E,East Asia & Pacific (excluding high income),Poverty headcount ratio at national poverty lines (% of population),2024,,Aggregates,Aggregates,Aggregates,,
72,4E,East Asia & Pacific (excluding high income),Poverty headcount ratio at national poverty lines (% of population),2023,,Aggregates,Aggregates,Aggregates,,
73,4E,East Asia & Pacific (excluding high income),Poverty headcount ratio at national poverty lines (% of population),2022,,Aggregates,Aggregates,Aggregates,,
74,4E,East Asia & Pacific (excluding high income),Poverty headcount ratio at national poverty lines (% of population),2021,,Aggregates,Aggregates,Aggregates,,
75,4E,East Asia & Pacific (excluding high income),Poverty headcount ratio at national poverty lines (% of population),2020,,Aggregates,Aggregates,Aggregates,,
76,4E,East Asia & Pacific (excluding high income),Poverty headcount ratio at national poverty lines (% of population),2019,,Aggregates,Aggregates,Aggregates,,
77,4E,East Asia & Pacific (excluding high income),Poverty headcount ratio at national poverty lines (% of population),2018,,Aggregates,Aggregates,Aggregates,,
78,4E,East Asia & Pacific (excluding high income),Poverty headcount ratio at national poverty lines (% of population),2017,,Aggregates,Aggregates,Aggregates,,
79,4E,East Asia & Pacific (excluding high income),Poverty headcount ratio at national poverty lines (% of population),2016,,Aggregates,Aggregates,Aggregates,,
80,T4,East Asia & Pacific (IDA & IBRD countries),Poverty headcount ratio at national poverty lines (% of population),2025,,Aggregates,Aggregates,Aggregates,,
81,T4,East Asia & Pacific (IDA & IBRD countries),Poverty headcount ratio at national poverty lines (% of population),2024,,Aggregates,Aggregates,Aggregates,,
82,T4,East Asia & Pacific (IDA & IBRD countries),Poverty headcount ratio at national poverty lines (% of population),2023,,Aggregates,Aggregates,Aggregates,,
83,T4,East Asia & Pacific (IDA & IBRD countries),Poverty headcount ratio at national poverty lines (% of population),2022,,Aggregates,Aggregates,Aggregates,,
84,T4,East Asia & Pacific (IDA & IBRD countries),Poverty headcount ratio at national poverty lines (% of population),2021,,Aggregates,Aggregates,Aggregates,,
85,T4,East Asia & Pacific (IDA & IBRD countries),Poverty headcount ratio at national poverty lines (% of population),2020,,Aggregates,Aggregates,Aggregates,,
86,T4,East Asia & Pacific (IDA & IBRD countries),Poverty headcount ratio at national poverty lines (% of population),2019,,Aggregates,Aggregates,Aggregates,,
87,T4,East Asia & Pacific (IDA & IBRD countries),Poverty headcount ratio at national poverty lines (% of population),2018,,Aggregates,Aggregates,Aggregates,,
88,T4,East Asia & Pacific (IDA & IBRD countries),Poverty headcount ratio at national poverty lines (% of population),2017,,Aggregates,Aggregates,Aggregates,,
89,T4,East Asia & Pacific (IDA & IBRD countries),Poverty headcount ratio at national poverty lines (% of population),2016,,Aggregates,Aggregates,Aggregates,,
90,XC,Euro area,Poverty headcount ratio at national poverty lines (% of population),2025,,Aggregates,Aggregates,Aggregates,,
91,XC,Euro area,Poverty headcount ratio at national poverty lines (% of population),2024,,Aggregates,Aggregates,Aggregates,,
92,XC,Euro area,Poverty headcount ratio at national poverty lines (% of population),2023,,Aggregates,Aggregates,Aggregates,,
93,XC,Euro area,Poverty headcount ratio at national poverty lines (% of population),2022,,Aggregates,Aggregates,Aggregates,,
94,XC,Euro area,Poverty headcount ratio at national poverty lines (% of population),2021,,Aggregates,Aggregates,Aggregates,,
95,XC,Euro area,Poverty headcount ratio at national poverty lines (% of population),2020,,Aggregates,Aggregates,Aggregates,,
96,XC,Euro area,Poverty headcount ratio at national poverty lines (% of population),2019,,Aggregates,Aggregates,Aggregates,,
97,XC,Euro area,Poverty headcount ratio at national poverty lines (% of population),2018,,Aggregates,Aggregates,Aggregates,,
98,XC,Euro area,Poverty headcount ratio at national poverty lines (% of population),2017,,Aggregates,Aggregates,Aggregates,,
99,XC,Euro area,Poverty headcount ratio at national poverty lines (% of population),2016,,Aggregates,Aggregates,Aggregates,,
100,Z7,Europe & Central Asia,Poverty headcount ratio at national poverty lines (% of population),2025,,Aggregates,Aggregates,Aggregates,,
101,Z7,Europe & Central Asia,Poverty headcount ratio at national poverty lines (% of population),2024,,Aggregates,Aggregates,Aggregates,,
102,Z7,Europe & Central Asia,Poverty headcount ratio at national poverty lines (% of population),2023,,Aggregates,Aggregates,Aggregates,,
103,Z7,Europe & Central Asia,Poverty headcount ratio at national poverty lines (% of population),2022,,Aggregates,Aggregates,Aggregates,,
104,Z7,Europe & Central Asia,Poverty headcount ratio at national poverty lines (% of population),2021,,Aggregates,Aggregates,Aggregates,,
105,Z7,Europe & Central Asia,Poverty headcount ratio at national poverty lines (% of population),2020,,Aggregates,Aggregates,Aggregates,,
106,Z7,Europe & Central Asia,Poverty headcount ratio at national poverty lines (% of population),2019,,Aggregates,Aggregates,Aggregates,,
107,Z7,Europe & Central Asia,Poverty headcount ratio at national poverty lines (% of population),2018,,Aggregates,Aggregates,Aggregates,,
108,Z7,Europe & Central Asia,Poverty headcount ratio at national poverty lines (% of population),2017,,Aggregates,Aggregates,Aggregates,,
109,Z7,Europe & Central Asia,Poverty headcount ratio at national poverty lines (% of population),2016,,Aggregates,Aggregates,Aggregates,,
110,7E,Europe & Central Asia (excluding high income),Poverty headcount ratio at national poverty lines (% of population),2025,,Aggregates,Aggregates,Aggregates,,
111,7E,Europe & Central Asia (excluding high income),Poverty headcount ratio at national poverty lines (% of population),2024,,Aggregates,Aggregates,Aggregates,,
112,7E,Europe & Central Asia (excluding high income),Poverty headcount ratio at national poverty lines (% of population),2023,,Aggregates,Aggregates,Aggregates,,
113,7E,Europe & Central Asia (excluding high income),Poverty headcount ratio at national poverty lines (% of population),2022,,Aggregates,Aggregates,Aggregates,,
114,7E,Europe & Central Asia (excluding high income),Poverty headcount ratio at national poverty lines (% of population),2021,,Aggregates,Aggregates,Aggregates,,
115,7E,Europe & Central Asia (excluding high income),Poverty headcount ratio at national poverty lines (% of population),2020,,Aggregates,Aggregates,Aggregates,,
116,7E,Europe & Central Asia (excluding high income),Poverty headcount ratio at national poverty lines (% of population),2019,,Aggregates,Aggregates,Aggregates,,
117,7E,Europe & Central Asia (excluding high income),Poverty headcount ratio at national poverty lines (% of population),2018,,Aggregates,Aggregates,Aggregates,,
118,7E,Europe & Central Asia (excluding high income),Poverty headcount ratio at national poverty lines (% of population),2017,,Aggregates,Aggregates,Aggregates,,
119,7E,Europe & Central Asia (excluding high income),Poverty headcount ratio at national poverty lines (% of population),2016,,Aggregates,Aggregates,Aggregates,,
120,T7,Europe & Central Asia (IDA & IBRD countries),Poverty headcount ratio at national poverty lines (% of population),2025,,Aggregates,Aggregates,Aggregates,,
121,T7,Europe & Central Asia (IDA & IBRD countries),Poverty headcount ratio at national poverty lines (% of population),2024,,Aggregates,Aggregates,Aggregates,,
122,T7,Europe & Central Asia (IDA & IBRD countries),Poverty headcount ratio at national poverty lines (% of population),2023,,Aggregates,Aggregates,Aggregates,,
123,T7,Europe & Central Asia (IDA & IBRD countries),Poverty headcount ratio at national poverty lines (% of population),2022,,Aggregates,Aggregates,Aggregates,,
124,T7,Europe & Central Asia (IDA & IBRD countries),Poverty headcount ratio at national poverty lines (% of population),2021,,Aggregates,Aggregates,Aggregates,,
125,T7,Europe & Central Asia (IDA & IBRD countries),Poverty headcount ratio at national poverty lines (% of population),2020,,Aggregates,Aggregates,Aggregates,,
126,T7,Europe & Central Asia (IDA & IBRD countries),Poverty headcount ratio at national poverty lines (% of population),2019,,Aggregates,Aggregates,Aggregates,,
127,T7,Europe & Central Asia (IDA & IBRD countries),Poverty headcount ratio at national poverty lines (% of population),2018,,Aggregates,Aggregates,Aggregates,,
128,T7,Europe & Central Asia (IDA & IBRD countries),Poverty headcount ratio at national poverty lines (% of population),2017,,Aggregates,Aggregates,Aggregates,,
129,T7,Europe & Central Asia (IDA & IBRD countries),Poverty headcount ratio at national poverty lines (% of population),2016,,Aggregates,Aggregates,Aggregates,,
130,EU,European Union,Poverty headcount ratio at national poverty lines (% of population),2025,,Aggregates,Aggregates,Aggregates,,
131,EU,European Union,Poverty headcount ratio at national poverty lines (% of population),2024,,Aggregates,Aggregates,Aggregates,,
132,EU,European Union,Poverty headcount ratio at national poverty lines (% of population),2023,,Aggregates,Aggregates,Aggregates,,
133,EU,European Union,Poverty headcount ratio at national poverty lines (% of population),2022,,Aggregates,Aggregates,Aggregates,,
134,EU,European Union,Poverty headcount ratio at national poverty lines (% of population),2021,,Aggregates,Aggregates,Aggregates,,
135,EU,European Union,Poverty headcount ratio at national poverty lines (% of population),2020,,Aggregates,Aggregates,Aggregates,,
136,EU,European Union,Poverty headcount ratio at national poverty lines (% of population),2019,,Aggregates,Aggregates,Aggregates,,
137,EU,European Union,Poverty headcount ratio at national poverty lines (% of population),2018,,Aggregates,Aggregates,Aggregates,,
138,EU,European Union,Poverty headcount ratio at national poverty lines (% of population),2017,,Aggregates,Aggregates,Aggregates,,
139,EU,European Union,Poverty headcount ratio at national poverty lines (% of population),2016,,Aggregates,Aggregates,Aggregates,,
140,XE,Heavily indebted poor countries (HIPC),Poverty headcount ratio at national poverty lines (% of population),2025,,Aggregates,Aggregates,Aggregates,,
141,XE,Heavily indebted poor countries (HIPC),Poverty headcount ratio at national poverty lines (% of population),2024,,Aggregates,Aggregates,Aggregates,,
142,XE,Heavily indebted poor countries (HIPC),Poverty headcount ratio at national poverty lines (% of population),2023,,Aggregates,Aggregates,Aggregates,,
143,XE,Heavily indebted poor countries (HIPC),Poverty headcount ratio at national poverty lines (% of population),2022,,Aggregates,Aggregates,Aggregates,,
144,XE,Heavily indebted poor countries (HIPC),Poverty headcount ratio at national poverty lines (% of population),2021,,Aggregates,Aggregates,Aggregates,,
145,XE,Heavily indebted poor countries (HIPC),Poverty headcount ratio at national poverty lines (% of population),2020,,Aggregates,Aggregates,Aggregates,,
146,XE,Heavily indebted poor countries (HIPC),Poverty headcount ratio at national poverty lines (% of population),2019,,Aggregates,Aggregates,Aggregates,,
147,XE,Heavily indebted poor countries (HIPC),Poverty headcount ratio at national poverty lines (% of population),2018,,Aggregates,Aggregates,Aggregates,,
148,XE,Heavily indebted poor countries (HIPC),Poverty headcount ratio at national poverty lines (% of population),2017,,Aggregates,Aggregates,Aggregates,,
149,XE,Heavily indebted poor countries (HIPC),Poverty headcount ratio at national poverty lines (% of population),2016,,Aggregates,Aggregates,Aggregates,,
150,XD,High income,Poverty headcount ratio at national poverty lines (% of population),2025,,Aggregates,Aggregates,Aggregates,,
151,XD,High income,Poverty headcount ratio at national poverty lines (% of population),2024,,Aggregates,Aggregates,Aggregates,,
152,XD,High income,Poverty headcount ratio at national poverty lines (% of population),2023,,Aggregates,Aggregates,Aggregates,,
153,XD,High income,Poverty headcount ratio at national poverty lines (% of population),2022,,Aggregates,Aggregates,Aggregates,,
154,XD,High income,Poverty headcount ratio at national poverty lines (% of population),2021,,Aggregates,Aggregates,Aggregates,,
155,XD,High income,Poverty headcount ratio at national poverty lines (% of population),2020,,Aggregates,Aggregates,Aggregates,,
156,XD,High income,Poverty headcount ratio at national poverty lines (% of population),2019,,Aggregates,Aggregates,Aggregates,,
157,XD,High income,Poverty headcount ratio at national poverty lines (% of population),2018,,Aggregates,Aggregates,Aggregates,,
158,XD,High income,Poverty headcount ratio at national poverty lines (% of population),2017,,Aggregates,Aggregates,Aggregates,,
159,XD,High income,Poverty headcount ratio at national poverty lines (% of population),2016,,Aggregates,Aggregates,Aggregates,,
160,XF,IBRD only,Poverty headcount ratio at national poverty lines (% of population),2025,,Aggregates,Aggregates,Aggregates,,
161,XF,IBRD only,Poverty headcount ratio at national poverty lines (% of population),2024,,Aggregates,Aggregates,Aggregates,,
162,XF,IBRD only,Poverty headcount ratio at national poverty lines (% of population),2023,,Aggregates,Aggregates,Aggregates,,
163,XF,IBRD only,Poverty headcount ratio at national poverty lines (% of population),2022,,Aggregates,Aggregates,Aggregates,,
164,XF,IBRD only,Poverty headcount ratio at national poverty lines (% of population),2021,,Aggregates,Aggregates,Aggregates,,
165,XF,IBRD only,Poverty headcount ratio at national poverty lines (% of population),2020,,Aggregates,Aggregates,Aggregates,,
166,XF,IBRD only,Poverty headcount ratio at national poverty lines (% of population),2019,,Aggregates,Aggregates,Aggregates,,
167,XF,IBRD only,Poverty headcount ratio at national poverty lines (% of population),2018,,Aggregates,Aggregates,Aggregates,,
168,XF,IBRD only,Poverty headcount ratio at national poverty lines (% of population),2017,,Aggregates,Aggregates,Aggregates,,
169,XF,IBRD only,Poverty headcount ratio at national poverty lines (% of population),2016,,Aggregates,Aggregates,Aggregates,,
170,ZT,IDA & IBRD total,Poverty headcount ratio at national poverty lines (% of population),2025,,Aggregates,Aggregates,Aggregates,,
171,ZT,IDA & IBRD total,Poverty headcount ratio at national poverty lines (% of population),2024,,Aggregates,Aggregates,Aggregates,,
172,ZT,IDA & IBRD total,Poverty headcount ratio at national poverty lines (% of population),2023,,Aggregates,Aggregates,Aggregates,,
173,ZT,IDA & IBRD total,Poverty headcount ratio at national poverty lines (% of population),2022,,Aggregates,Aggregates,Aggregates,,
174,ZT,IDA & IBRD total,Poverty headcount ratio at national poverty lines (% of population),2021,,Aggregates,Aggregates,Aggregates,,
175,ZT,IDA & IBRD total,Poverty headcount ratio at national poverty lines (% of population),2020,,Aggregates,Aggregates,Aggregates,,
176,ZT,IDA & IBRD total,Poverty headcount ratio at national poverty lines (% of population),2019,,Aggregates,Aggregates,Aggregates,,
177,ZT,IDA & IBRD total,Poverty headcount ratio at national poverty lines (% of population),2018,,Aggregates,Aggregates,Aggregates,,
178,ZT,IDA & IBRD total,Poverty headcount ratio at national poverty lines (% of population),2017,,Aggregates,Aggregates,Aggregates,,
179,ZT,IDA & IBRD total,Poverty headcount ratio at national poverty lines (% of population),2016,,Aggregates,Aggregates,Aggregates,,
180,XH,IDA blend,Poverty headcount ratio at national poverty lines (% of population),2025,,Aggregates,Aggregates,Aggregates,,
181,XH,IDA blend,Poverty headcount ratio at national poverty lines (% of population),2024,,Aggregates,Aggregates,Aggregates,,
182,XH,IDA blend,Poverty headcount ratio at national poverty lines (% of population),2023,,Aggregates,Aggregates,Aggregates,,
183,XH,IDA blend,Poverty headcount ratio at national poverty lines (% of population),2022,,Aggregates,Aggregates,Aggregates,,
184,XH,IDA blend,Poverty headcount ratio at national poverty lines (% of population),2021,,Aggregates,Aggregates,Aggregates,,
185,XH,IDA blend,Poverty headcount ratio at national poverty lines (% of population),2020,,Aggregates,Aggregates,Aggregates,,
186,XH,IDA blend,Poverty headcount ratio at national poverty lines (% of population),2019,,Aggregates,Aggregates,Aggregates,,
187,XH,IDA blend,Poverty headcount ratio at national poverty lines (% of population),2018,,Aggregates,Aggregates,Aggregates,,
188,XH,IDA blend,Poverty headcount ratio at national poverty lines (% of population),2017,,Aggregates,Aggregates,Aggregates,,
189,XH,IDA blend,Poverty headcount ratio at national poverty lines (% of population),2016,,Aggregates,Aggregates,Aggregates,,
190,XI,IDA only,Poverty headcount ratio at national poverty lines (% of population),2025,,Aggregates,Aggregates,Aggregates,,
191,XI,IDA only,Poverty headcount ratio at national poverty lines (% of population),2024,,Aggregates,Aggregates,Aggregates,,
192,XI,IDA only,Poverty headcount ratio at national poverty lines (% of population),2023,,Aggregates,Aggregates,Aggregates,,
193,XI,IDA only,Poverty headcount ratio at national poverty lines (% of population),2022,,Aggregates,Aggregates,Aggregates,,
194,XI,IDA only,Poverty headcount ratio at national poverty lines (% of population),2021,,Aggregates,Aggregates,Aggregates,,
195,XI,IDA only,Poverty headcount ratio at national poverty lines (% of population),2020,,Aggregates,Aggregates,Aggregates,,
196,XI,IDA only,Poverty headcount ratio at national poverty lines (% of population),2019,,Aggregates,Aggregates,Aggregates,,
197,XI,IDA only,Poverty headcount ratio at national poverty lines (% of population),2018,,Aggregates,Aggregates,Aggregates,,
198,XI,IDA only,Poverty headcount ratio at national poverty lines (% of population),2017,,Aggregates,Aggregates,Aggregates,,
199,XI,IDA only,Poverty headcount ratio at national poverty lines (% of population),2016,,Aggregates,Aggregates,Aggregates,,
200,XG,IDA total,Poverty headcount ratio at national poverty lines (% of population),2025,,Aggregates,Aggregates,Aggregates,,
201,XG,IDA total,Poverty headcount ratio at national poverty lines (% of population),2024,,Aggregates,Aggregates,Aggregates,,
202,XG,IDA total,Poverty headcount ratio at national poverty lines (% of population),2023,,Aggregates,Aggregates,Aggregates,,
203,XG,IDA total,Poverty headcount ratio at national poverty lines (% of population),2022,,Aggregates,Aggregates,Aggregates,,
204,XG,IDA total,Poverty headcount ratio at national poverty lines (% of population),2021,,Aggregates,Aggregates,Aggregates,,
205,XG,IDA total,Poverty headcount ratio at national poverty lines (% of population),2020,,Aggregates,Aggregates,Aggregates,,
206,XG,IDA total,Poverty headcount ratio at national poverty lines (% of population),2019,,Aggregates,Aggregates,Aggregates,,
207,XG,IDA total,Poverty headcount ratio at national poverty lines (% of population),2018,,Aggregates,Aggregates,Aggregates,,
208,XG,IDA total,Poverty headcount ratio at national poverty lines (% of population),2017,,Aggregates,Aggregates,Aggregates,,
209,XG,IDA total,Poverty headcount ratio at national poverty lines (% of population),2016,,Aggregates,Aggregates,Aggregates,,
210,V3,Late-demographic dividend,Poverty headcount ratio at national poverty lines (% of population),2025,,Aggregates,Aggregates,Aggregates,,
211,V3,Late-demographic dividend,Poverty headcount ratio at national poverty lines (% of population),2024,,Aggregates,Aggregates,Aggregates,,
212,V3,Late-demographic dividend,Poverty headcount ratio at national poverty lines (% of population),2023,,Aggregates,Aggregates,Aggregates,,
213,V3,Late-demographic dividend,Poverty headcount ratio at national poverty lines (% of population),2022,,Aggregates,Aggregates,Aggregates,,
214,V3,Late-demographic dividend,Poverty headcount ratio at national poverty lines (% of population),2021,,Aggregates,Aggregates,Aggregates,,
215,V3,Late-demographic dividend,Poverty headcount ratio at national poverty lines (% of population),2020,,Aggregates,Aggregates,Aggregates,,
216,V3,Late-demographic dividend,Poverty headcount ratio at national poverty lines (% of population),2019,,Aggregates,Aggregates,Aggregates,,
217,V3,Late-demographic dividend,Poverty headcount ratio at national poverty lines (% of population),2018,,Aggregates,Aggregates,Aggregates,,
218,V3,Late-demographic dividend,Poverty headcount ratio at national poverty lines (% of population),2017,,Aggregates,Aggregates,Aggregates,,
219,V3,Late-demographic dividend,Poverty headcount ratio at national poverty lines (% of population),2016,,Aggregates,Aggregates,Aggregates,,
220,ZJ,Latin America & Caribbean,Poverty headcount ratio at national poverty lines (% of population),2025,,Aggregates,Aggregates,Aggregates,,
221,ZJ,Latin America & Caribbean,Poverty headcount ratio at national poverty lines (% of population),2024,,Aggregates,Aggregates,Aggregates,,
222,ZJ,Latin America & Caribbean,Poverty headcount ratio at national poverty lines (% of population),2023,,Aggregates,Aggregates,Aggregates,,
223,ZJ,Latin America & Caribbean,Poverty headcount ratio at national poverty lines (% of population),2022,,Aggregates,Aggregates,Aggregates,,
224,ZJ,Latin America & Caribbean,Poverty headcount ratio at national poverty lines (% of population),2021,,Aggregates,Aggregates,Aggregates,,
225,ZJ,Latin America & Caribbean,Poverty headcount ratio at national poverty lines (% of population),2020,,Aggregates,Aggregates,Aggregates,,
226,ZJ,Latin America & Caribbean,Poverty headcount ratio at national poverty lines (% of population),2019,,Aggregates,Aggregates,Aggregates,,
227,ZJ,Latin America & Caribbean,Poverty headcount ratio at national poverty lines (% of population),2018,,Aggregates,Aggregates,Aggregates,,
228,ZJ,Latin America & Caribbean,Poverty headcount ratio at national poverty lines (% of population),2017,,Aggregates,Aggregates,Aggregates,,
229,ZJ,Latin America & Caribbean,Poverty headcount ratio at national poverty lines (% of population),2016,,Aggregates,Aggregates,Aggregates,,
230,XJ,Latin America & Caribbean (excluding high income),Poverty headcount ratio at national poverty lines (% of population),2025,,Aggregates,Aggregates,Aggregates,,
231,XJ,Latin America & Caribbean (excluding high income),Poverty headcount ratio at national poverty lines (% of population),2024,,Aggregates,Aggregates,Aggregates,,
232,XJ,Latin America & Caribbean (excluding high income),Poverty headcount ratio at national poverty lines (% of population),2023,,Aggregates,Aggregates,Aggregates,,
233,XJ,Latin America & Caribbean (excluding high income),Poverty headcount ratio at national poverty lines (% of population),2022,,Aggregates,Aggregates,Aggregates,,
234,XJ,Latin America & Caribbean (excluding high income),Poverty headcount ratio at national poverty lines (% of population),2021,,Aggregates,Aggregates,Aggregates,,
235,XJ,Latin America & Caribbean (excluding high income),Poverty headcount ratio at national poverty lines (% of population),2020,,Aggregates,Aggregates,Aggregates,,
236,XJ,Latin America & Caribbean (excluding high income),Poverty headcount ratio at national poverty lines (% of population),2019,,Aggregates,Aggregates,Aggregates,,
237,XJ,Latin America & Caribbean (excluding high income),Poverty headcount ratio at national poverty lines (% of population),2018,,Aggregates,Aggregates,Aggregates,,
238,XJ,Latin America & Caribbean (excluding high income),Poverty headcount ratio at national poverty lines (% of population),2017,,Aggregates,Aggregates,Aggregates,,
239,XJ,Latin America & Caribbean (excluding high income),Poverty headcount ratio at national poverty lines (% of population),2016,,Aggregates,Aggregates,Aggregates,,
240,T2,Latin America & the Caribbean (IDA & IBRD countries),Poverty headcount ratio at national poverty lines (% of population),2025,,Aggregates,Aggregates,Aggregates,,
241,T2,Latin America & the Caribbean (IDA & IBRD countries),Poverty headcount ratio at national poverty lines (% of population),2024,,Aggregates,Aggregates,Aggregates,,
242,T2,Latin America & the Caribbean (IDA & IBRD countries),Poverty headcount ratio at national poverty lines (% of population),2023,,Aggregates,Aggregates,Aggregates,,
243,T2,Latin America & the Caribbean (IDA & IBRD countries),Poverty headcount ratio at national poverty lines (% of population),2022,,Aggregates,Aggregates,Aggregates,,
244,T2,Latin America & the Caribbean (IDA & IBRD countries),Poverty headcount ratio at national poverty lines (% of population),2021,,Aggregates,Aggregates,Aggregates,,
245,T2,Latin America & the Caribbean (IDA & IBRD countries),Poverty headcount ratio at national poverty lines (% of population),2020,,Aggregates,Aggregates,Aggregates,,
246,T2,Latin America & the Caribbean (IDA & IBRD countries),Poverty headcount ratio at national poverty lines (% of population),2019,,Aggregates,Aggregates,Aggregates,,
247,T2,Latin America & the Caribbean (IDA & IBRD countries),Poverty headcount ratio at national poverty lines (% of population),2018,,Aggregates,Aggregates,Aggregates,,
248,T2,Latin America & the Caribbean (IDA & IBRD countries),Poverty headcount ratio at national poverty lines (% of population),2017,,Aggregates,Aggregates,Aggregates,,
249,T2,Latin America & the Caribbean (IDA & IBRD countries),Poverty headcount ratio at national poverty lines (% of population),2016,,Aggregates,Aggregates,Aggregates,,
250,XL,Least developed countries: UN classification,Poverty headcount ratio at national poverty lines (% of population),2025,,Aggregates,Aggregates,Aggregates,,
251,XL,Least developed countries: UN classification,Poverty headcount ratio at national poverty lines (% of population),2024,,Aggregates,Aggregates,Aggregates,,
252,XL,Least developed countries: UN classification,Poverty headcount ratio at national poverty lines (% of population),2023,,Aggregates,Aggregates,Aggregates,,
253,XL,Least developed countries: UN classification,Poverty headcount ratio at national poverty lines (% of population),2022,,Aggregates,Aggregates,Aggregates,,
254,XL,Least developed countries: UN classification,Poverty headcount ratio at national poverty lines (% of population),2021,,Aggregates,Aggregates,Aggregates,,
255,XL,Least developed countries: UN classification,Poverty headcount ratio at national poverty lines (% of population),2020,,Aggregates,Aggregates,Aggregates,,
256,XL,Least developed countries: UN classification,Poverty headcount ratio at national poverty lines (% of population),2019,,Aggregates,Aggregates,Aggregates,,
257,XL,Least developed countries: UN classification,Poverty headcount ratio at national poverty lines (% of population),2018,,Aggregates,Aggregates,Aggregates,,
258,XL,Least developed countries: UN classification,Poverty headcount ratio at national poverty lines (% of population),2017,,Aggregates,Aggregates,Aggregates,,
259,XL,Least developed countries: UN classification,Poverty headcount ratio at national poverty lines (% of population),2016,,Aggregates,Aggregates,Aggregates,,
260,XO,Low & middle income,Poverty headcount ratio at national poverty lines (% of population),2025,,Aggregates,Aggregates,Aggregates,,
261,XO,Low & middle income,Poverty headcount ratio at national poverty lines (% of population),2024,,Aggregates,Aggregates,Aggregates,,
262,XO,Low & middle income,Poverty headcount ratio at national poverty lines (% of population),2023,,Aggregates,Aggregates,Aggregates,,
263,XO,Low & middle income,Poverty headcount ratio at national poverty lines (% of population),2022,,Aggregates,Aggregates,Aggregates,,
264,XO,Low & middle income,Poverty headcount ratio at national poverty lines (% of population),2021,,Aggregates,Aggregates,Aggregates,,
265,XO,Low & middle income,Poverty headcount ratio at national poverty lines (% of population),2020,,Aggregates,Aggregates,Aggregates,,
266,XO,Low & middle income,Poverty headcount ratio at national poverty lines (% of population),2019,,Aggregates,Aggregates,Aggregates,,
267,XO,Low & middle income,Poverty headcount ratio at national poverty lines (% of population),2018,,Aggregates,Aggregates,Aggregates,,
268,XO,Low & middle income,Poverty headcount ratio at national poverty lines (% of population),2017,,Aggregates,Aggregates,Aggregates,,
269,XO,Low & middle income,Poverty headcount ratio at national poverty lines (% of population),2016,,Aggregates,Aggregates,Aggregates,,
270,XM,Low income,Poverty headcount ratio at national poverty lines (% of population),2025,,Aggregates,Aggregates,Aggregates,,
271,XM,Low income,Poverty headcount ratio at national poverty lines (% of population),2024,,Aggregates,Aggregates,Aggregates,,
272,XM,Low income,Poverty headcount ratio at national poverty lines (% of population),2023,,Aggregates,Aggregates,Aggregates,,
273,XM,Low income,Poverty headcount ratio at national poverty lines (% of population),2022,,Aggregates,Aggregates,Aggregates,,
274,XM,Low income,Poverty headcount ratio at national poverty lines (% of population),2021,,Aggregates,Aggregates,Aggregates,,
275,XM,Low income,Poverty headcount ratio at national poverty lines (% of population),2020,,Aggregates,Aggregates,Aggregates,,
276,XM,Low income,Poverty headcount ratio at national poverty lines (% of population),2019,,Aggregates,Aggregates,Aggregates,,
277,XM,Low income,Poverty headcount ratio at national poverty lines (% of population),2018,,Aggregates,Aggregates,Aggregates,,
278,XM,Low income,Poverty headcount ratio at national poverty lines (% of population),2017,,Aggregates,Aggregates,Aggregates,,
279,XM,Low income,Poverty headcount ratio at national poverty lines (% of population),2016,,Aggregates,Aggregates,Aggregates,,
280,XN,Lower middle income,Poverty headcount ratio at national poverty lines (% of population),2025,,Aggregates,Aggregates,Aggregates,,
281,XN,Lower middle income,Poverty headcount ratio at national poverty lines (% of population),2024,,Aggregates,Aggregates,Aggregates,,
282,XN,Lower middle income,Poverty headcount ratio at national poverty lines (% of population),2023,,Aggregates,Aggregates,Aggregates,,
283,XN,Lower middle income,Poverty headcount ratio at national poverty lines (% of population),2022,,Aggregates,Aggregates,Aggregates,,
284,XN,Lower middle income,Poverty headcount ratio at national poverty lines (% of population),2021,,Aggregates,Aggregates,Aggregates,,
285,XN,Lower middle income,Poverty headcount ratio at national poverty lines (% of population),2020,,Aggregates,Aggregates,Aggregates,,
286,XN,Lower middle income,Poverty headcount ratio at national poverty lines (% of population),2019,,Aggregates,Aggregates,Aggregates,,
287,XN,Lower middle income,Poverty headcount ratio at national poverty lines (% of population),2018,,Aggregates,Aggregates,Aggregates,,
288,XN,Lower middle income,Poverty headcount ratio at national poverty lines (% of population),2017,,Aggregates,Aggregates,Aggregates,,
289,XN,Lower middle income,Poverty headcount ratio at national poverty lines (% of population),2016,,Aggregates,Aggregates,Aggregates,,
290,ZQ,"Middle East, North Africa, Afghanistan & Pakistan",Poverty headcount ratio at national poverty lines (% of population),2025,,Aggregates,Aggregates,Aggregates,,
291,ZQ,"Middle East, North Africa, Afghanistan & Pakistan",Poverty headcount ratio at national poverty lines (% of population),2024,,Aggregates,Aggregates,Aggregates,,
292,ZQ,"Middle East, North Africa, Afghanistan & Pakistan",Poverty headcount ratio at national poverty lines (% of population),2023,,Aggregates,Aggregates,Aggregates,,
293,ZQ,"Middle East, North Africa, Afghanistan & Pakistan",Poverty headcount ratio at national poverty lines (% of population),2022,,Aggregates,Aggregates,Aggregates,,
294,ZQ,"Middle East, North Africa, Afghanistan & Pakistan",Poverty headcount ratio at national poverty lines (% of population),2021,,Aggregates,Aggregates,Aggregates,,
295,ZQ,"Middle East, North Africa, Afghanistan & Pakistan",Poverty headcount ratio at national poverty lines (% of population),2020,,Aggregates,Aggregates,Aggregates,,
296,ZQ,"Middle East, North Africa, Afghanistan & Pakistan",Poverty headcount ratio at national poverty lines (% of population),2019,,Aggregates,Aggregates,Aggregates,,
297,ZQ,"Middle East, North Africa, Afghanistan & Pakistan",Poverty headcount ratio at national poverty lines (% of population),2018,,Aggregates,Aggregates,Aggregates,,
298,ZQ,"Middle East, North Africa, Afghanistan & Pakistan",Poverty headcount ratio at national poverty lines (% of population),2017,,Aggregates,Aggregates,Aggregates,,
299,ZQ,"Middle East, North Africa, Afghanistan & Pakistan",Poverty headcount ratio at national poverty lines (% of population),2016,,Aggregates,Aggregates,Aggregates,,
300,XQ,"Middle East, North Africa, Afghanistan & Pakistan (excluding high income)",Poverty headcount ratio at national poverty lines (% of population),2025,,Aggregates,Aggregates,Aggregates,,
301,XQ,"Middle East, North Africa, Afghanistan & Pakistan (excluding high income)",Poverty headcount ratio at national poverty lines (% of population),2024,,Aggregates,Aggregates,Aggregates,,
302,XQ,"Middle East, North Africa, Afghanistan & Pakistan (excluding high income)",Poverty headcount ratio at national poverty lines (% of population),2023,,Aggregates,Aggregates,Aggregates,,
303,XQ,"Middle East, North Africa, Afghanistan & Pakistan (excluding high income)",Poverty headcount ratio at national poverty lines (% of population),2022,,Aggregates,Aggregates,Aggregates,,
304,XQ,"Middle East, North Africa, Afghanistan & Pakistan (excluding high income)",Poverty headcount ratio at national poverty lines (% of population),2021,,Aggregates,Aggregates,Aggregates,,
305,XQ,"Middle East, North Africa, Afghanistan & Pakistan (excluding high income)",Poverty headcount ratio at national poverty lines (% of population),2020,,Aggregates,Aggregates,Aggregates,,
306,XQ,"Middle East, North Africa, Afghanistan & Pakistan (excluding high income)",Poverty headcount ratio at national poverty lines (% of population),2019,,Aggregates,Aggregates,Aggregates,,
307,XQ,"Middle East, North Africa, Afghanistan & Pakistan (excluding high income)",Poverty headcount ratio at national poverty lines (% of population),2018,,Aggregates,Aggregates,Aggregates,,
308,XQ,"Middle East, North Africa, Afghanistan & Pakistan (excluding high income)",Poverty headcount ratio at national poverty lines (% of population),2017,,Aggregates,Aggregates,Aggregates,,
309,XQ,"Middle East, North Africa, Afghanistan & Pakistan (excluding high income)",Poverty headcount ratio at national poverty lines (% of population),2016,,Aggregates,Aggregates,Aggregates,,
310,T3,"Middle East, North Africa, Afghanistan & Pakistan (IDA & IBRD)",Poverty headcount ratio at national poverty lines (% of population),2025,,Aggregates,Aggregates,Aggregates,,
311,T3,"Middle East, North Africa, Afghanistan & Pakistan (IDA & IBRD)",Poverty headcount ratio at national poverty lines (% of population),2024,,Aggregates,Aggregates,Aggregates,,
312,T3,"Middle East, North Africa, Afghanistan & Pakistan (IDA & IBRD)",Poverty headcount ratio at national poverty lines (% of population),2023,,Aggregates,Aggregates,Aggregates,,
313,T3,"Middle East, North Africa, Afghanistan & Pakistan (IDA & IBRD)",Poverty headcount ratio at national poverty lines (% of population),2022,,Aggregates,Aggregates,Aggregates,,
314,T3,"Middle East, North Africa, Afghanistan & Pakistan (IDA & IBRD)",Poverty headcount ratio at national poverty lines (% of population),2021,,Aggregates,Aggregates,Aggregates,,
315,T3,"Middle East, North Africa, Afghanistan & Pakistan (IDA & IBRD)",Poverty headcount ratio at national poverty lines (% of population),2020,,Aggregates,Aggregates,Aggregates,,
316,T3,"Middle East, North Africa, Afghanistan & Pakistan (IDA & IBRD)",Poverty headcount ratio at national poverty lines (% of population),2019,,Aggregates,Aggregates,Aggregates,,
317,T3,"Middle East, North Africa, Afghanistan & Pakistan (IDA & IBRD)",Poverty headcount ratio at national poverty lines (% of population),2018,,Aggregates,Aggregates,Aggregates,,
318,T3,"Middle East, North Africa, Afghanistan & Pakistan (IDA & IBRD)",Poverty headcount ratio at national poverty lines (% of population),2017,,Aggregates,Aggregates,Aggregates,,
319,T3,"Middle East, North Africa, Afghanistan & Pakistan (IDA & IBRD)",Poverty headcount ratio at national poverty lines (% of population),2016,,Aggregates,Aggregates,Aggregates,,
320,XP,Middle income,Poverty headcount ratio at national poverty lines (% of population),2025,,Aggregates,Aggregates,Aggregates,,
321,XP,Middle income,Poverty headcount ratio at national poverty lines (% of population),2024,,Aggregates,Aggregates,Aggregates,,
322,XP,Middle income,Poverty headcount ratio at national poverty lines (% of population),2023,,Aggregates,Aggregates,Aggregates,,
323,XP,Middle income,Poverty headcount ratio at national poverty lines (% of population),2022,,Aggregates,Aggregates,Aggregates,,
324,XP,Middle income,Poverty headcount ratio at national poverty lines (% of population),2021,,Aggregates,Aggregates,Aggregates,,
325,XP,Middle income,Poverty headcount ratio at national poverty lines (% of population),2020,,Aggregates,Aggregates,Aggregates,,
326,XP,Middle income,Poverty headcount ratio at national poverty lines (% of population),2019,,Aggregates,Aggregates,Aggregates,,
327,XP,Middle income,Poverty headcount ratio at national poverty lines (% of population),2018,,Aggregates,Aggregates,Aggregates,,
328,XP,Middle income,Poverty headcount ratio at national poverty lines (% of population),2017,,Aggregates,Aggregates,Aggregates,,
329,XP,Middle income,Poverty headcount ratio at national poverty lines (% of population),2016,,Aggregates,Aggregates,Aggregates,,
330,XU,North America,Poverty headcount ratio at national poverty lines (% of population),2025,,Aggregates,Aggregates,Aggregates,,
331,XU,North America,Poverty headcount ratio at national poverty lines (% of population),2024,,Aggregates,Aggregates,Aggregates,,
332,XU,North America,Poverty headcount ratio at national poverty lines (% of population),2023,,Aggregates,Aggregates,Aggregates,,
333,XU,North America,Poverty headcount ratio at national poverty lines (% of population),2022,,Aggregates,Aggregates,Aggregates,,
334,XU,North America,Poverty headcount ratio at national poverty lines (% of population),2021,,Aggregates,Aggregates,Aggregates,,
335,XU,North America,Poverty headcount ratio at national poverty lines (% of population),2020,,Aggregates,Aggregates,Aggregates,,
336,XU,North America,Poverty headcount ratio at national poverty lines (% of population),2019,,Aggregates,Aggregates,Aggregates,,
337,XU,North America,Poverty headcount ratio at national poverty lines (% of population),2018,,Aggregates,Aggregates,Aggregates,,
338,XU,North America,Poverty headcount ratio at national poverty lines (% of population),2017,,Aggregates,Aggregates,Aggregates,,
339,XU,North America,Poverty headcount ratio at national poverty lines (% of population),2016,,Aggregates,Aggregates,Aggregates,,
340,XY,Not classified,Poverty headcount ratio at national poverty lines (% of population),2025,,Aggregates,Aggregates,Aggregates,,
341,XY,Not classified,Poverty headcount ratio at national poverty lines (% of population),2024,,Aggregates,Aggregates,Aggregates,,
342,XY,Not classified,Poverty headcount ratio at national poverty lines (% of population),2023,,Aggregates,Aggregates,Aggregates,,
343,XY,Not classified,Poverty headcount ratio at national poverty lines (% of population),2022,,Aggregates,Aggregates,Aggregates,,
344,XY,Not classified,Poverty headcount ratio at national poverty lines (% of population),2021,,Aggregates,Aggregates,Aggregates,,
345,XY,Not classified,Poverty headcount ratio at national poverty lines (% of population),2020,,Aggregates,Aggregates,Aggregates,,
346,XY,Not classified,Poverty headcount ratio at national poverty lines (% of population),2019,,Aggregates,Aggregates,Aggregates,,
347,XY,Not classified,Poverty headcount ratio at national poverty lines (% of population),2018,,Aggregates,Aggregates,Aggregates,,
348,XY,Not classified,Poverty headcount ratio at national poverty lines (% of population),2017,,Aggregates,Aggregates,Aggregates,,
349,XY,Not classified,Poverty headcount ratio at national poverty lines (% of population),2016,,Aggregates,Aggregates,Aggregates,,
350,OE,OECD members,Poverty headcount ratio at national poverty lines (% of population),2025,,Aggregates,Aggregates,Aggregates,,
351,OE,OECD members,Poverty headcount ratio at national poverty lines (% of population),2024,,Aggregates,Aggregates,Aggregates,,
352,OE,OECD members,Poverty headcount ratio at national poverty lines (% of population),2023,,Aggregates,Aggregates,Aggregates,,
353,OE,OECD members,Poverty headcount ratio at national poverty lines (% of population),2022,,Aggregates,Aggregates,Aggregates,,
354,OE,OECD members,Poverty headcount ratio at national poverty lines (% of population),2021,,Aggregates,Aggregates,Aggregates,,
355,OE,OECD members,Poverty headcount ratio at national poverty lines (% of population),2020,,Aggregates,Aggregates,Aggregates,,
356,OE,OECD members,Poverty headcount ratio at national poverty lines (% of population),2019,,Aggregates,Aggregates,Aggregates,,
357,OE,OECD members,Poverty headcount ratio at national poverty lines (% of population),2018,,Aggregates,Aggregates,Aggregates,,
358,OE,OECD members,Poverty headcount ratio at national poverty lines (% of population),2017,,Aggregates,Aggregates,Aggregates,,
359,OE,OECD members,Poverty headcount ratio at national poverty lines (% of population),2016,,Aggregates,Aggregates,Aggregates,,
360,S4,Other small states,Poverty headcount ratio at national poverty lines (% of population),2025,,Aggregates,Aggregates,Aggregates,,
361,S4,Other small states,Poverty headcount ratio at national poverty lines (% of population),2024,,Aggregates,Aggregates,Aggregates,,
362,S4,Other small states,Poverty headcount ratio at national poverty lines (% of population),2023,,Aggregates,Aggregates,Aggregates,,
363,S4,Other small states,Poverty headcount ratio at national poverty lines (% of population),2022,,Aggregates,Aggregates,Aggregates,,
364,S4,Other small states,Poverty headcount ratio at national poverty lines (% of population),2021,,Aggregates,Aggregates,Aggregates,,
365,S4,Other small states,Poverty headcount ratio at national poverty lines (% of population),2020,,Aggregates,Aggregates,Aggregates,,
366,S4,Other small states,Poverty headcount ratio at national poverty lines (% of population),2019,,Aggregates,Aggregates,Aggregates,,
367,S4,Other small states,Poverty headcount ratio at national poverty lines (% of population),2018,,Aggregates,Aggregates,Aggregates,,
368,S4,Other small states,Poverty headcount ratio at national poverty lines (% of population),2017,,Aggregates,Aggregates,Aggregates,,
369,S4,Other small states,Poverty headcount ratio at national poverty lines (% of population),2016,,Aggregates,Aggregates,Aggregates,,
370,S2,Pacific island small states,Poverty headcount ratio at national poverty lines (% of population),2025,,Aggregates,Aggregates,Aggregates,,
371,S2,Pacific island small states,Poverty headcount ratio at national poverty lines (% of population),2024,,Aggregates,Aggregates,Aggregates,,
372,S2,Pacific island small states,Poverty headcount ratio at national poverty lines (% of population),2023,,Aggregates,Aggregates,Aggregates,,
373,S2,Pacific island small states,Poverty headcount ratio at national poverty lines (% of population),2022,,Aggregates,Aggregates,Aggregates,,
374,S2,Pacific island small states,Poverty headcount ratio at national poverty lines (% of population),2021,,Aggregates,Aggregates,Aggregates,,
375,S2,Pacific island small states,Poverty headcount ratio at national poverty lines (% of population),2020,,Aggregates,Aggregates,Aggregates,,
376,S2,Pacific island small states,Poverty headcount ratio at national poverty lines (% of population),2019,,Aggregates,Aggregates,Aggregates,,
377,S2,Pacific island small states,Poverty headcount ratio at national poverty lines (% of population),2018,,Aggregates,Aggregates,Aggregates,,
378,S2,Pacific island small states,Poverty headcount ratio at national poverty lines (% of population),2017,,Aggregates,Aggregates,Aggregates,,
379,S2,Pacific island small states,Poverty headcount ratio at national poverty lines (% of population),2016,,Aggregates,Aggregates,Aggregates,,
380,V4,Post-demographic dividend,Poverty headcount ratio at national poverty lines (% of population),2025,,Aggregates,Aggregates,Aggregates,,
381,V4,Post-demographic dividend,Poverty headcount ratio at national poverty lines (% of population),2024,,Aggregates,Aggregates,Aggregates,,
382,V4,Post-demographic dividend,Poverty headcount ratio at national poverty lines (% of population),2023,,Aggregates,Aggregates,Aggregates,,
383,V4,Post-demographic dividend,Poverty headcount ratio at national poverty lines (% of population),2022,,Aggregates,Aggregates,Aggregates,,
384,V4,Post-demographic dividend,Poverty headcount ratio at national poverty lines (% of population),2021,,Aggregates,Aggregates,Aggregates,,
385,V4,Post-demographic dividend,Poverty headcount ratio at national poverty lines (% of population),2020,,Aggregates,Aggregates,Aggregates,,
386,V4,Post-demographic dividend,Poverty headcount ratio at national poverty lines (% of population),2019,,Aggregates,Aggregates,Aggregates,,
387,V4,Post-demographic dividend,Poverty headcount ratio at national poverty lines (% of population),2018,,Aggregates,Aggregates,Aggregates,,
388,V4,Post-demographic dividend,Poverty headcount ratio at national poverty lines (% of population),2017,,Aggregates,Aggregates,Aggregates,,
389,V4,Post-demographic dividend,Poverty headcount ratio at national poverty lines (% of population),2016,,Aggregates,Aggregates,Aggregates,,
390,V1,Pre-demographic dividend,Poverty headcount ratio at national poverty lines (% of population),2025,,Aggregates,Aggregates,Aggregates,,
391,V1,Pre-demographic dividend,Poverty headcount ratio at national poverty lines (% of population),2024,,Aggregates,Aggregates,Aggregates,,
392,V1,Pre-demographic dividend,Poverty headcount ratio at national poverty lines (% of population),2023,,Aggregates,Aggregates,Aggregates,,
393,V1,Pre-demographic dividend,Poverty headcount ratio at national poverty lines (% of population),2022,,Aggregates,Aggregates,Aggregates,,
394,V1,Pre-demographic dividend,Poverty headcount ratio at national poverty lines (% of population),2021,,Aggregates,Aggregates,Aggregates,,
395,V1,Pre-demographic dividend,Poverty headcount ratio at national poverty lines (% of population),2020,,Aggregates,Aggregates,Aggregates,,
396,V1,Pre-demographic dividend,Poverty headcount ratio at national poverty lines (% of population),2019,,Aggregates,Aggregates,Aggregates,,
397,V1,Pre-demographic dividend,Poverty headcount ratio at national poverty lines (% of population),2018,,Aggregates,Aggregates,Aggregates,,
398,V1,Pre-demographic dividend,Poverty headcount ratio at national poverty lines (% of population),2017,,Aggregates,Aggregates,Aggregates,,
399,V1,Pre-demographic dividend,Poverty headcount ratio at national poverty lines (% of population),2016,,Aggregates,Aggregates,Aggregates,,
400,S1,Small states,Poverty headcount ratio at national poverty lines (% of population),2025,,Aggregates,Aggregates,Aggregates,,
401,S1,Small states,Poverty headcount ratio at national poverty lines (% of population),2024,,Aggregates,Aggregates,Aggregates,,
402,S1,Small states,Poverty headcount ratio at national poverty lines (% of population),2023,,Aggregates,Aggregates,Aggregates,,
403,S1,Small states,Poverty headcount ratio at national poverty lines (% of population),2022,,Aggregates,Aggregates,Aggregates,,
404,S1,Small states,Poverty headcount ratio at national poverty lines (% of population),2021,,Aggregates,Aggregates,Aggregates,,
405,S1,Small states,Poverty headcount ratio at national poverty lines (% of population),2020,,Aggregates,Aggregates,Aggregates,,
406,S1,Small states,Poverty headcount ratio at national poverty lines (% of population),2019,,Aggregates,Aggregates,Aggregates,,
407,S1,Small states,Poverty headcount ratio at national poverty lines (% of population),2018,,Aggregates,Aggregates,Aggregates,,
408,S1,Small states,Poverty headcount ratio at national poverty lines (% of population),2017,,Aggregates,Aggregates,Aggregates,,
409,S1,Small states,Poverty headcount ratio at national poverty lines (% of population),2016,,Aggregates,Aggregates,Aggregates,,
410,8S,South Asia,Poverty headcount ratio at national poverty lines (% of population),2025,,Aggregates,Aggregates,Aggregates,,
411,8S,South Asia,Poverty headcount ratio at national poverty lines (% of population),2024,,Aggregates,Aggregates,Aggregates,,
412,8S,South Asia,Poverty headcount ratio at national poverty lines (% of population),2023,,Aggregates,Aggregates,Aggregates,,
413,8S,South Asia,Poverty headcount ratio at national poverty lines (% of population),2022,,Aggregates,Aggregates,Aggregates,,
414,8S,South Asia,Poverty headcount ratio at national poverty lines (% of population),2021,,Aggregates,Aggregates,Aggregates,,
415,8S,South Asia,Poverty headcount ratio at national poverty lines (% of population),2020,,Aggregates,Aggregates,Aggregates,,
416,8S,South Asia,Poverty headcount ratio at national poverty lines (% of population),2019,,Aggregates,Aggregates,Aggregates,,
417,8S,South Asia,Poverty headcount ratio at national poverty lines (% of population),2018,,Aggregates,Aggregates,Aggregates,,
418,8S,South Asia,Poverty headcount ratio at national poverty lines (% of population),2017,,Aggregates,Aggregates,Aggregates,,
419,8S,South Asia,Poverty headcount ratio at national poverty lines (% of population),2016,,Aggregates,Aggregates,Aggregates,,
420,T5,South Asia (IDA & IBRD),Poverty headcount ratio at national poverty lines (% of population),2025,,Aggregates,Aggregates,Aggregates,,
421,T5,South Asia (IDA & IBRD),Poverty headcount ratio at national poverty lines (% of population),2024,,Aggregates,Aggregates,Aggregates,,
422,T5,South Asia (IDA & IBRD),Poverty headcount ratio at national poverty lines (% of population),2023,,Aggregates,Aggregates,Aggregates,,
423,T5,South Asia (IDA & IBRD),Poverty headcount ratio at national poverty lines (% of population),2022,,Aggregates,Aggregates,Aggregates,,
424,T5,South Asia (IDA & IBRD),Poverty headcount ratio at national poverty lines (% of population),2021,,Aggregates,Aggregates,Aggregates,,
425,T5,South Asia (IDA & IBRD),Poverty headcount ratio at national poverty lines (% of population),2020,,Aggregates,Aggregates,Aggregates,,
426,T5,South Asia (IDA & IBRD),Poverty headcount ratio at national poverty lines (% of population),2019,,Aggregates,Aggregates,Aggregates,,
427,T5,South Asia (IDA & IBRD),Poverty headcount ratio at national poverty lines (% of population),2018,,Aggregates,Aggregates,Aggregates,,
428,T5,South Asia (IDA & IBRD),Poverty headcount ratio at national poverty lines (% of population),2017,,Aggregates,Aggregates,Aggregates,,
429,T5,South Asia (IDA & IBRD),Poverty headcount ratio at national poverty lines (% of population),2016,,Aggregates,Aggregates,Aggregates,,
430,ZG,Sub-Saharan Africa,Poverty headcount ratio at national poverty lines (% of population),2025,,Aggregates,Aggregates,Aggregates,,
431,ZG,Sub-Saharan Africa,Poverty headcount ratio at national poverty lines (% of population),2024,,Aggregates,Aggregates,Aggregates,,
432,ZG,Sub-Saharan Africa,Poverty headcount ratio at national poverty lines (% of population),2023,,Aggregates,Aggregates,Aggregates,,
433,ZG,Sub-Saharan Africa,Poverty headcount ratio at national poverty lines (% of population),2022,,Aggregates,Aggregates,Aggregates,,
434,ZG,Sub-Saharan Africa,Poverty headcount ratio at national poverty lines (% of population),2021,,Aggregates,Aggregates,Aggregates,,
435,ZG,Sub-Saharan Africa,Poverty headcount ratio at national poverty lines (% of population),2020,,Aggregates,Aggregates,Aggregates,,
436,ZG,Sub-Saharan Africa,Poverty headcount ratio at national poverty lines (% of population),2019,,Aggregates,Aggregates,Aggregates,,
437,ZG,Sub-Saharan Africa,Poverty headcount ratio at national poverty lines (% of population),2018,,Aggregates,Aggregates,Aggregates,,
438,ZG,Sub-Saharan Africa,Poverty headcount ratio at national poverty lines (% of population),2017,,Aggregates,Aggregates,Aggregates,,
439,ZG,Sub-Saharan Africa,Poverty headcount ratio at national poverty lines (% of population),2016,,Aggregates,Aggregates,Aggregates,,
440,ZF,Sub-Saharan Africa (excluding high income),Poverty headcount ratio at national poverty lines (% of population),2025,,Aggregates,Aggregates,Aggregates,,
441,ZF,Sub-Saharan Africa (excluding high income),Poverty headcount ratio at national poverty lines (% of population),2024,,Aggregates,Aggregates,Aggregates,,
442,ZF,Sub-Saharan Africa (excluding high income),Poverty headcount ratio at national poverty lines (% of population),2023,,Aggregates,Aggregates,Aggregates,,
443,ZF,Sub-Saharan Africa (excluding high income),Poverty headcount ratio at national poverty lines (% of population),2022,,Aggregates,Aggregates,Aggregates,,
444,ZF,Sub-Saharan Africa (excluding high income),Poverty headcount ratio at national poverty lines (% of population),2021,,Aggregates,Aggregates,Aggregates,,
445,ZF,Sub-Saharan Africa (excluding high income),Poverty headcount ratio at national poverty lines (% of population),2020,,Aggregates,Aggregates,Aggregates,,
446,ZF,Sub-Saharan Africa (excluding high income),Poverty headcount ratio at national poverty lines (% of population),2019,,Aggregates,Aggregates,Aggregates,,
447,ZF,Sub-Saharan Africa (excluding high income),Poverty headcount ratio at national poverty lines (% of population),2018,,Aggregates,Aggregates,Aggregates,,
448,ZF,Sub-Saharan Africa (excluding high income),Poverty headcount ratio at national poverty lines (% of population),2017,,Aggregates,Aggregates,Aggregates,,
449,ZF,Sub-Saharan Africa (excluding high income),Poverty headcount ratio at national poverty lines (% of population),2016,,Aggregates,Aggregates,Aggregates,,
450,T6,Sub-Saharan Africa (IDA & IBRD countries),Poverty headcount ratio at national poverty lines (% of population),2025,,Aggregates,Aggregates,Aggregates,,
451,T6,Sub-Saharan Africa (IDA & IBRD countries),Poverty headcount ratio at national poverty lines (% of population),2024,,Aggregates,Aggregates,Aggregates,,
452,T6,Sub-Saharan Africa (IDA & IBRD countries),Poverty headcount ratio at national poverty lines (% of population),2023,,Aggregates,Aggregates,Aggregates,,
453,T6,Sub-Saharan Africa (IDA & IBRD countries),Poverty headcount ratio at national poverty lines (% of population),2022,,Aggregates,Aggregates,Aggregates,,
454,T6,Sub-Saharan Africa (IDA & IBRD countries),Poverty headcount ratio at national poverty lines (% of population),2021,,Aggregates,Aggregates,Aggregates,,
455,T6,Sub-Saharan Africa (IDA & IBRD countries),Poverty headcount ratio at national poverty lines (% of population),2020,,Aggregates,Aggregates,Aggregates,,
456,T6,Sub-Saharan Africa (IDA & IBRD countries),Poverty headcount ratio at national poverty lines (% of population),2019,,Aggregates,Aggregates,Aggregates,,
457,T6,Sub-Saharan Africa (IDA & IBRD countries),Poverty headcount ratio at national poverty lines (% of population),2018,,Aggregates,Aggregates,Aggregates,,
458,T6,Sub-Saharan Africa (IDA & IBRD countries),Poverty headcount ratio at national poverty lines (% of population),2017,,Aggregates,Aggregates,Aggregates,,
459,T6,Sub-Saharan Africa (IDA & IBRD countries),Poverty headcount ratio at national poverty lines (% of population),2016,,Aggregates,Aggregates,Aggregates,,
460,XT,Upper middle income,Poverty headcount ratio at national poverty lines (% of population),2025,,Aggregates,Aggregates,Aggregates,,
461,XT,Upper middle income,Poverty headcount ratio at national poverty lines (% of population),2024,,Aggregates,Aggregates,Aggregates,,
462,XT,Upper middle income,Poverty headcount ratio at national poverty lines (% of population),2023,,Aggregates,Aggregates,Aggregates,,
463,XT,Upper middle income,Poverty headcount ratio at national poverty lines (% of population),2022,,Aggregates,Aggregates,Aggregates,,
464,XT,Upper middle income,Poverty headcount ratio at national poverty lines (% of population),2021,,Aggregates,Aggregates,Aggregates,,
465,XT,Upper middle income,Poverty headcount ratio at national poverty lines (% of population),2020,,Aggregates,Aggregates,Aggregates,,
466,XT,Upper middle income,Poverty headcount ratio at national poverty lines (% of population),2019,,Aggregates,Aggregates,Aggregates,,
467,XT,Upper middle income,Poverty headcount ratio at national poverty lines (% of population),2018,,Aggregates,Aggregates,Aggregates,,
468,XT,Upper middle income,Poverty headcount ratio at national poverty lines (% of population),2017,,Aggregates,Aggregates,Aggregates,,
469,XT,Upper middle income,Poverty headcount ratio at national poverty lines (% of population),2016,,Aggregates,Aggregates,Aggregates,,
470,1W,World,Poverty headcount ratio at national poverty lines (% of population),2025,,Aggregates,Aggregates,Aggregates,,
471,1W,World,Poverty headcount ratio at national poverty lines (% of population),2024,,Aggregates,Aggregates,Aggregates,,
472,1W,World,Poverty headcount ratio at national poverty lines (% of population),2023,,Aggregates,Aggregates,Aggregates,,
473,1W,World,Poverty headcount ratio at national poverty lines (% of population),2022,,Aggregates,Aggregates,Aggregates,,
474,1W,World,Poverty headcount ratio at national poverty lines (% of population),2021,,Aggregates,Aggregates,Aggregates,,
475,1W,World,Poverty headcount ratio at national poverty lines (% of population),2020,,Aggregates,Aggregates,Aggregates,,
476,1W,World,Poverty headcount ratio at national poverty lines (% of population),2019,,Aggregates,Aggregates,Aggregates,,
477,1W,World,Poverty headcount ratio at national poverty lines (% of population),2018,,Aggregates,Aggregates,Aggregates,,
478,1W,World,Poverty headcount ratio at national poverty lines (% of population),2017,,Aggregates,Aggregates,Aggregates,,
479,1W,World,Poverty headcount ratio at national poverty lines (% of population),2016,,Aggregates,Aggregates,Aggregates,,
480,AF,Afghanistan,Poverty headcount ratio at national poverty lines (% of population),2025,,"Middle East, North Africa, Afghanistan & Pakistan",Low income,IDA,69.1761,34.5228
481,AF,Afghanistan,Poverty headcount ratio at national poverty lines (% of population),2024,,"Middle East, North Africa, Afghanistan & Pakistan",Low income,IDA,69.1761,34.5228
482,AF,Afghanistan,Poverty headcount ratio at national poverty lines (% of population),2023,,"Middle East, North Africa, Afghanistan & Pakistan",Low income,IDA,69.1761,34.5228
483,AF,Afghanistan,Poverty headcount ratio at national poverty lines (% of population),2022,,"Middle East, North Africa, Afghanistan & Pakistan",Low income,IDA,69.1761,34.5228
484,AF,Afghanistan,Poverty headcount ratio at national poverty lines (% of population),2021,,"Middle East, North Africa, Afghanistan & Pakistan",Low income,IDA,69.1761,34.5228
485,AF,Afghanistan,Poverty headcount ratio at national poverty lines (% of population),2020,,"Middle East, North Africa, Afghanistan & Pakistan",Low income,IDA,69.1761,34.5228
486,AF,Afghanistan,Poverty headcount ratio at national poverty lines (% of population),2019,47.1,"Middle East, North Africa, Afghanistan & Pakistan",Low income,IDA,69.1761,34.5228
487,AF,Afghanistan,Poverty headcount ratio at national poverty lines (% of population),2018,,"Middle East, North Africa, Afghanistan & Pakistan",Low income,IDA,69.1761,34.5228
488,AF,Afghanistan,Poverty headcount ratio at national poverty lines (% of population),2017,,"Middle East, North Africa, Afghanistan & Pakistan",Low income,IDA,69.1761,34.5228
489,AF,Afghanistan,Poverty headcount ratio at national poverty lines (% of population),2016,54.5,"Middle East, North Africa, Afghanistan & Pakistan",Low income,IDA,69.1761,34.5228
490,AL,Albania,Poverty headcount ratio at national poverty lines (% of population),2025,,Europe & Central Asia,Upper middle income,IBRD,19.8172,41.3317
491,AL,Albania,Poverty headcount ratio at national poverty lines (% of population),2024,,Europe & Central Asia,Upper middle income,IBRD,19.8172,41.3317
492,AL,Albania,Poverty headcount ratio at national poverty lines (% of population),2023,,Europe & Central Asia,Upper middle income,IBRD,19.8172,41.3317
493,AL,Albania,Poverty headcount ratio at national poverty lines (% of population),2022,19.7,Europe & Central Asia,Upper middle income,IBRD,19.8172,41.3317
494,AL,Albania,Poverty headcount ratio at national poverty lines (% of population),2021,20.6,Europe & Central Asia,Upper middle income,IBRD,19.8172,41.3317
495,AL,Albania,Poverty headcount ratio at national poverty lines (% of population),2020,22.0,Europe & Central Asia,Upper middle income,IBRD,19.8172,41.3317
496,AL,Albania,Poverty headcount ratio at national poverty lines (% of population),2019,21.8,Europe & Central Asia,Upper middle income,IBRD,19.8172,41.3317
497,AL,Albania,Poverty headcount ratio at national poverty lines (% of population),2018,23.0,Europe & Central Asia,Upper middle income,IBRD,19.8172,41.3317
498,AL,Albania,Poverty headcount ratio at national poverty lines (% of population),2017,23.4,Europe & Central Asia,Upper middle income,IBRD,19.8172,41.3317
499,AL,Albania,Poverty headcount ratio at national poverty lines (% of population),2016,23.7,Europe & Central Asia,Upper middle income,IBRD,19.8172,41.3317
500,DZ,Algeria,Poverty headcount ratio at national poverty lines (% of population),2025,,"Middle East, North Africa, Afghanistan & Pakistan",Upper middle income,IBRD,3.05097,36.7397
501,DZ,Algeria,Poverty headcount ratio at national poverty lines (% of population),2024,,"Middle East, North Africa, Afghanistan & Pakistan",Upper middle income,IBRD,3.05097,36.7397
502,DZ,Algeria,Poverty headcount ratio at national poverty lines (% of population),2023,,"Middle East, North Africa, Afghanistan & Pakistan",Upper middle income,IBRD,3.05097,36.7397
503,DZ,Algeria,Poverty headcount ratio at national poverty lines (% of population),2022,,"Middle East, North Africa, Afghanistan & Pakistan",Upper middle income,IBRD,3.05097,36.7397
504,DZ,Algeria,Poverty headcount ratio at national poverty lines (% of population),2021,,"Middle East, North Africa, Afghanistan & Pakistan",Upper middle income,IBRD,3.05097,36.7397
505,DZ,Algeria,Poverty headcount ratio at national poverty lines (% of population),2020,,"Middle East, North Africa, Afghanistan & Pakistan",Upper middle income,IBRD,3.05097,36.7397
506,DZ,Algeria,Poverty headcount ratio at national poverty lines (% of population),2019,,"Middle East, North Africa, Afghanistan & Pakistan",Upper middle income,IBRD,3.05097,36.7397
507,DZ,Algeria,Poverty headcount ratio at national poverty lines (% of population),2018,,"Middle East, North Africa, Afghanistan & Pakistan",Upper middle income,IBRD,3.05097,36.7397
508,DZ,Algeria,Poverty headcount ratio at national poverty lines (% of population),2017,,"Middle East, North Africa, Afghanistan & Pakistan",Upper middle income,IBRD,3.05097,36.7397
509,DZ,Algeria,Poverty headcount ratio at national poverty lines (% of population),2016,,"Middle East, North Africa, Afghanistan & Pakistan",Upper middle income,IBRD,3.05097,36.7397
510,AS,American Samoa,Poverty headcount ratio at national poverty lines (% of population),2025,,East Asia & Pacific,High income,Not classified,-170.691,-14.2846
511,AS,American Samoa,Poverty headcount ratio at national poverty lines (% of population),2024,,East Asia & Pacific,High income,Not classified,-170.691,-14.2846
512,AS,American Samoa,Poverty headcount ratio at national poverty lines (% of population),2023,,East Asia & Pacific,High income,Not classified,-170.691,-14.2846
513,AS,American Samoa,Poverty headcount ratio at national poverty lines (% of population),2022,,East Asia & Pacific,High income,Not classified,-170.691,-14.2846
514,AS,American Samoa,Poverty headcount ratio at national poverty lines (% of population),2021,,East Asia & Pacific,High income,Not classified,-170.691,-14.2846
515,AS,American Samoa,Poverty headcount ratio at national poverty lines (% of population),2020,,East Asia & Pacific,High income,Not classified,-170.691,-14.2846
516,AS,American Samoa,Poverty headcount ratio at national poverty lines (% of population),2019,,East Asia & Pacific,High income,Not classified,-170.691,-14.2846
517,AS,American Samoa,Poverty headcount ratio at national poverty lines (% of population),2018,,East Asia & Pacific,High income,Not classified,-170.691,-14.2846
518,AS,American Samoa,Poverty headcount ratio at national poverty lines (% of population),2017,,East Asia & Pacific,High income,Not classified,-170.691,-14.2846
519,AS,American Samoa,Poverty headcount ratio at national poverty lines (% of population),2016,,East Asia & Pacific,High income,Not classified,-170.691,-14.2846
520,AD,Andorra,Poverty headcount ratio at national poverty lines (% of population),2025,,Europe & Central Asia,High income,Not classified,1.5218,42.5075
521,AD,Andorra,Poverty headcount ratio at national poverty lines (% of population),2024,,Europe & Central Asia,High income,Not classified,1.5218,42.5075
522,AD,Andorra,Poverty headcount ratio at national poverty lines (% of population),2023,,Europe & Central Asia,High income,Not classified,1.5218,42.5075
523,AD,Andorra,Poverty headcount ratio at national poverty lines (% of population),2022,,Europe & Central Asia,High income,Not classified,1.5218,42.5075
524,AD,Andorra,Poverty headcount ratio at national poverty lines (% of population),2021,,Europe & Central Asia,High income,Not classified,1.5218,42.5075
525,AD,Andorra,Poverty headcount ratio at national poverty lines (% of population),2020,,Europe & Central Asia,High income,Not classified,1.5218,42.5075
526,AD,Andorra,Poverty headcount ratio at national poverty lines (% of population),2019,,Europe & Central Asia,High income,Not classified,1.5218,42.5075
527,AD,Andorra,Poverty headcount ratio at national poverty lines (% of population),2018,,Europe & Central Asia,High income,Not classified,1.5218,42.5075
528,AD,Andorra,Poverty headcount ratio at national poverty lines (% of population),2017,,Europe & Central Asia,High income,Not classified,1.5218,42.5075
529,AD,Andorra,Poverty headcount ratio at national poverty lines (% of population),2016,,Europe & Central Asia,High income,Not classified,1.5218,42.5075
530,AO,Angola,Poverty headcount ratio at national poverty lines (% of population),2025,,Sub-Saharan Africa ,Lower middle income,IBRD,13.242,-8.81155
531,AO,Angola,Poverty headcount ratio at national poverty lines (% of population),2024,,Sub-Saharan Africa ,Lower middle income,IBRD,13.242,-8.81155
532,AO,Angola,Poverty headcount ratio at national poverty lines (% of population),2023,,Sub-Saharan Africa ,Lower middle income,IBRD,13.242,-8.81155
533,AO,Angola,Poverty headcount ratio at national poverty lines (% of population),2022,,Sub-Saharan Africa ,Lower middle income,IBRD,13.242,-8.81155
534,AO,Angola,Poverty headcount ratio at national poverty lines (% of population),2021,,Sub-Saharan Africa ,Lower middle income,IBRD,13.242,-8.81155
535,AO,Angola,Poverty headcount ratio at national poverty lines (% of population),2020,,Sub-Saharan Africa ,Lower middle income,IBRD,13.242,-8.81155
536,AO,Angola,Poverty headcount ratio at national poverty lines (% of population),2019,,Sub-Saharan Africa ,Lower middle income,IBRD,13.242,-8.81155
537,AO,Angola,Poverty headcount ratio at national poverty lines (% of population),2018,32.3,Sub-Saharan Africa ,Lower middle income,IBRD,13.242,-8.81155
538,AO,Angola,Poverty headcount ratio at national poverty lines (% of population),2017,,Sub-Saharan Africa ,Lower middle income,IBRD,13.242,-8.81155
539,AO,Angola,Poverty headcount ratio at national poverty lines (% of population),2016,,Sub-Saharan Africa ,Lower middle income,IBRD,13.242,-8.81155
540,AG,Antigua and Barbuda,Poverty headcount ratio at national poverty lines (% of population),2025,,Latin America & Caribbean ,High income,IBRD,-61.8456,17.1175
541,AG,Antigua and Barbuda,Poverty headcount ratio at national poverty lines (% of population),2024,,Latin America & Caribbean ,High income,IBRD,-61.8456,17.1175
542,AG,Antigua and Barbuda,Poverty headcount ratio at national poverty lines (% of population),2023,,Latin America & Caribbean ,High income,IBRD,-61.8456,17.1175
543,AG,Antigua and Barbuda,Poverty headcount ratio at national poverty lines (% of population),2022,,Latin America & Caribbean ,High income,IBRD,-61.8456,17.1175
544,AG,Antigua and Barbuda,Poverty headcount ratio at national poverty lines (% of population),2021,,Latin America & Caribbean ,High income,IBRD,-61.8456,17.1175
545,AG,Antigua and Barbuda,Poverty headcount ratio at national poverty lines (% of population),2020,,Latin America & Caribbean ,High income,IBRD,-61.8456,17.1175
546,AG,Antigua and Barbuda,Poverty headcount ratio at national poverty lines (% of population),2019,,Latin America & Caribbean ,High income,IBRD,-61.8456,17.1175
547,AG,Antigua and Barbuda,Poverty headcount ratio at national poverty lines (% of population),2018,,Latin America & Caribbean ,High income,IBRD,-61.8456,17.1175
548,AG,Antigua and Barbuda,Poverty headcount ratio at national poverty lines (% of population),2017,,Latin America & Caribbean ,High income,IBRD,-61.8456,17.1175
549,AG,Antigua and Barbuda,Poverty headcount ratio at national poverty lines (% of population),2016,,Latin America & Caribbean ,High income,IBRD,-61.8456,17.1175
550,AR,Argentina,Poverty headcount ratio at national poverty lines (% of population),2025,,Latin America & Caribbean ,Upper middle income,IBRD,-58.4173,-34.6118
551,AR,Argentina,Poverty headcount ratio at national poverty lines (% of population),2024,38.1,Latin America & Caribbean ,Upper middle income,IBRD,-58.4173,-34.6118
552,AR,Argentina,Poverty headcount ratio at national poverty lines (% of population),2023,41.7,Latin America & Caribbean ,Upper middle income,IBRD,-58.4173,-34.6118
553,AR,Argentina,Poverty headcount ratio at national poverty lines (% of population),2022,39.2,Latin America & Caribbean ,Upper middle income,IBRD,-58.4173,-34.6118
554,AR,Argentina,Poverty headcount ratio at national poverty lines (% of population),2021,37.3,Latin America & Caribbean ,Upper middle income,IBRD,-58.4173,-34.6118
555,AR,Argentina,Poverty headcount ratio at national poverty lines (% of population),2020,42.0,Latin America & Caribbean ,Upper middle income,IBRD,-58.4173,-34.6118
556,AR,Argentina,Poverty headcount ratio at national poverty lines (% of population),2019,35.5,Latin America & Caribbean ,Upper middle income,IBRD,-58.4173,-34.6118
557,AR,Argentina,Poverty headcount ratio at national poverty lines (% of population),2018,32.0,Latin America & Caribbean ,Upper middle income,IBRD,-58.4173,-34.6118
558,AR,Argentina,Poverty headcount ratio at national poverty lines (% of population),2017,25.7,Latin America & Caribbean ,Upper middle income,IBRD,-58.4173,-34.6118
559,AR,Argentina,Poverty headcount ratio at national poverty lines (% of population),2016,30.3,Latin America & Caribbean ,Upper middle income,IBRD,-58.4173,-34.6118
560,AM,Armenia,Poverty headcount ratio at national poverty lines (% of population),2025,,Europe & Central Asia,Upper middle income,IBRD,44.509,40.1596
561,AM,Armenia,Poverty headcount ratio at national poverty lines (% of population),2024,21.7,Europe & Central Asia,Upper middle income,IBRD,44.509,40.1596
562,AM,Armenia,Poverty headcount ratio at national poverty lines (% of population),2023,,Europe & Central Asia,Upper middle income,IBRD,44.509,40.1596
563,AM,Armenia,Poverty headcount ratio at national poverty lines (% of population),2022,,Europe & Central Asia,Upper middle income,IBRD,44.509,40.1596
564,AM,Armenia,Poverty headcount ratio at national poverty lines (% of population),2021,26.5,Europe & Central Asia,Upper middle income,IBRD,44.509,40.1596
565,AM,Armenia,Poverty headcount ratio at national poverty lines (% of population),2020,27.0,Europe & Central Asia,Upper middle income,IBRD,44.509,40.1596
566,AM,Armenia,Poverty headcount ratio at national poverty lines (% of population),2019,26.4,Europe & Central Asia,Upper middle income,IBRD,44.509,40.1596
567,AM,Armenia,Poverty headcount ratio at national poverty lines (% of population),2018,23.5,Europe & Central Asia,Upper middle income,IBRD,44.509,40.1596
568,AM,Armenia,Poverty headcount ratio at national poverty lines (% of population),2017,25.7,Europe & Central Asia,Upper middle income,IBRD,44.509,40.1596
569,AM,Armenia,Poverty headcount ratio at national poverty lines (% of population),2016,29.4,Europe & Central Asia,Upper middle income,IBRD,44.509,40.1596
570,AW,Aruba,Poverty headcount ratio at national poverty lines (% of population),2025,,Latin America & Caribbean ,High income,Not classified,-70.0167,12.5167
571,AW,Aruba,Poverty headcount ratio at national poverty lines (% of population),2024,,Latin America & Caribbean ,High income,Not classified,-70.0167,12.5167
572,AW,Aruba,Poverty headcount ratio at national poverty lines (% of population),2023,,Latin America & Caribbean ,High income,Not classified,-70.0167,12.5167
573,AW,Aruba,Poverty headcount ratio at national poverty lines (% of population),2022,,Latin America & Caribbean ,High income,Not classified,-70.0167,12.5167
574,AW,Aruba,Poverty headcount ratio at national poverty lines (% of population),2021,,Latin America & Caribbean ,High income,Not classified,-70.0167,12.5167
575,AW,Aruba,Poverty headcount ratio at national poverty lines (% of population),2020,,Latin America & Caribbean ,High income,Not classified,-70.0167,12.5167
576,AW,Aruba,Poverty headcount ratio at national poverty lines (% of population),2019,,Latin America & Caribbean ,High income,Not classified,-70.0167,12.5167
577,AW,Aruba,Poverty headcount ratio at national poverty lines (% of population),2018,,Latin America & Caribbean ,High income,Not classified,-70.0167,12.5167
578,AW,Aruba,Poverty headcount ratio at national poverty lines (% of population),2017,,Latin America & Caribbean ,High income,Not classified,-70.0167,12.5167
579,AW,Aruba,Poverty headcount ratio at national poverty lines (% of population),2016,,Latin America & Caribbean ,High income,Not classified,-70.0167,12.5167
580,AU,Australia,Poverty headcount ratio at national poverty lines (% of population),2025,,East Asia & Pacific,High income,Not classified,149.129,-35.282
581,AU,Australia,Poverty headcount ratio at national poverty lines (% of population),2024,,East Asia & Pacific,High income,Not classified,149.129,-35.282
582,AU,Australia,Poverty headcount ratio at national poverty lines (% of population),2023,,East Asia & Pacific,High income,Not classified,149.129,-35.282
583,AU,Australia,Poverty headcount ratio at national poverty lines (% of population),2022,,East Asia & Pacific,High income,Not classified,149.129,-35.282
584,AU,Australia,Poverty headcount ratio at national poverty lines (% of population),2021,,East Asia & Pacific,High income,Not classified,149.129,-35.282
585,AU,Australia,Poverty headcount ratio at national poverty lines (% of population),2020,,East Asia & Pacific,High income,Not classified,149.129,-35.282
586,AU,Australia,Poverty headcount ratio at national poverty lines (% of population),2019,,East Asia & Pacific,High income,Not classified,149.129,-35.282
587,AU,Australia,Poverty headcount ratio at national poverty lines (% of population),2018,,East Asia & Pacific,High income,Not classified,149.129,-35.282
588,AU,Australia,Poverty headcount ratio at national poverty lines (% of population),2017,,East Asia & Pacific,High income,Not classified,149.129,-35.282
589,AU,Australia,Poverty headcount ratio at national poverty lines (% of population),2016,,East Asia & Pacific,High income,Not classified,149.129,-35.282
590,AT,Austria,Poverty headcount ratio at national poverty lines (% of population),2025,,Europe & Central Asia,High income,Not classified,16.3798,48.2201
591,AT,Austria,Poverty headcount ratio at national poverty lines (% of population),2024,,Europe & Central Asia,High income,Not classified,16.3798,48.2201
592,AT,Austria,Poverty headcount ratio at national poverty lines (% of population),2023,,Europe & Central Asia,High income,Not classified,16.3798,48.2201
593,AT,Austria,Poverty headcount ratio at national poverty lines (% of population),2022,,Europe & Central Asia,High income,Not classified,16.3798,48.2201
594,AT,Austria,Poverty headcount ratio at national poverty lines (% of population),2021,14.8,Europe & Central Asia,High income,Not classified,16.3798,48.2201
595,AT,Austria,Poverty headcount ratio at national poverty lines (% of population),2020,14.7,Europe & Central Asia,High income,Not classified,16.3798,48.2201
596,AT,Austria,Poverty headcount ratio at national poverty lines (% of population),2019,13.9,Europe & Central Asia,High income,Not classified,16.3798,48.2201
597,AT,Austria,Poverty headcount ratio at national poverty lines (% of population),2018,13.3,Europe & Central Asia,High income,Not classified,16.3798,48.2201
598,AT,Austria,Poverty headcount ratio at national poverty lines (% of population),2017,14.3,Europe & Central Asia,High income,Not classified,16.3798,48.2201
599,AT,Austria,Poverty headcount ratio at national poverty lines (% of population),2016,14.4,Europe & Central Asia,High income,Not classified,16.3798,48.2201
600,AZ,Azerbaijan,Poverty headcount ratio at national poverty lines (% of population),2025,,Europe & Central Asia,Upper middle income,IBRD,49.8932,40.3834
601,AZ,Azerbaijan,Poverty headcount ratio at national poverty lines (% of population),2024,,Europe & Central Asia,Upper middle income,IBRD,49.8932,40.3834
602,AZ,Azerbaijan,Poverty headcount ratio at national poverty lines (% of population),2023,,Europe & Central Asia,Upper middle income,IBRD,49.8932,40.3834
603,AZ,Azerbaijan,Poverty headcount ratio at national poverty lines (% of population),2022,,Europe & Central Asia,Upper middle income,IBRD,49.8932,40.3834
604,AZ,Azerbaijan,Poverty headcount ratio at national poverty lines (% of population),2021,,Europe & Central Asia,Upper middle income,IBRD,49.8932,40.3834
605,AZ,Azerbaijan,Poverty headcount ratio at national poverty lines (% of population),2020,,Europe & Central Asia,Upper middle income,IBRD,49.8932,40.3834
606,AZ,Azerbaijan,Poverty headcount ratio at national poverty lines (% of population),2019,,Europe & Central Asia,Upper middle income,IBRD,49.8932,40.3834
607,AZ,Azerbaijan,Poverty headcount ratio at national poverty lines (% of population),2018,,Europe & Central Asia,Upper middle income,IBRD,49.8932,40.3834
608,AZ,Azerbaijan,Poverty headcount ratio at national poverty lines (% of population),2017,,Europe & Central Asia,Upper middle income,IBRD,49.8932,40.3834
609,AZ,Azerbaijan,Poverty headcount ratio at national poverty lines (% of population),2016,,Europe & Central Asia,Upper middle income,IBRD,49.8932,40.3834
610,BS,"Bahamas, The",Poverty headcount ratio at national poverty lines (% of population),2025,,Latin America & Caribbean ,High income,Not classified,-77.339,25.0661
611,BS,"Bahamas, The",Poverty headcount ratio at national poverty lines (% of population),2024,,Latin America & Caribbean ,High income,Not classified,-77.339,25.0661
612,BS,"Bahamas, The",Poverty headcount ratio at national poverty lines (% of population),2023,,Latin America & Caribbean ,High income,Not classified,-77.339,25.0661
613,BS,"Bahamas, The",Poverty headcount ratio at national poverty lines (% of population),2022,,Latin America & Caribbean ,High income,Not classified,-77.339,25.0661
614,BS,"Bahamas, The",Poverty headcount ratio at national poverty lines (% of population),2021,,Latin America & Caribbean ,High income,Not classified,-77.339,25.0661
615,BS,"Bahamas, The",Poverty headcount ratio at national poverty lines (% of population),2020,,Latin America & Caribbean ,High income,Not classified,-77.339,25.0661
616,BS,"Bahamas, The",Poverty headcount ratio at national poverty lines (% of population),2019,,Latin America & Caribbean ,High income,Not classified,-77.339,25.0661
617,BS,"Bahamas, The",Poverty headcount ratio at national poverty lines (% of population),2018,,Latin America & Caribbean ,High income,Not classified,-77.339,25.0661
618,BS,"Bahamas, The",Poverty headcount ratio at national poverty lines (% of population),2017,,Latin America & Caribbean ,High income,Not classified,-77.339,25.0661
619,BS,"Bahamas, The",Poverty headcount ratio at national poverty lines (% of population),2016,,Latin America & Caribbean ,High income,Not classified,-77.339,25.0661
620,BH,Bahrain,Poverty headcount ratio at national poverty lines (% of population),2025,,"Middle East, North Africa, Afghanistan & Pakistan",High income,Not classified,50.5354,26.1921
621,BH,Bahrain,Poverty headcount ratio at national poverty lines (% of population),2024,,"Middle East, North Africa, Afghanistan & Pakistan",High income,Not classified,50.5354,26.1921
622,BH,Bahrain,Poverty headcount ratio at national poverty lines (% of population),2023,,"Middle East, North Africa, Afghanistan & Pakistan",High income,Not classified,50.5354,26.1921
623,BH,Bahrain,Poverty headcount ratio at national poverty lines (% of population),2022,,"Middle East, North Africa, Afghanistan & Pakistan",High income,Not classified,50.5354,26.1921
624,BH,Bahrain,Poverty headcount ratio at national poverty lines (% of population),2021,,"Middle East, North Africa, Afghanistan & Pakistan",High income,Not classified,50.5354,26.1921
625,BH,Bahrain,Poverty headcount ratio at national poverty lines (% of population),2020,,"Middle East, North Africa, Afghanistan & Pakistan",High income,Not classified,50.5354,26.1921
626,BH,Bahrain,Poverty headcount ratio at national poverty lines (% of population),2019,,"Middle East, North Africa, Afghanistan & Pakistan",High income,Not classified,50.5354,26.1921
627,BH,Bahrain,Poverty headcount ratio at national poverty lines (% of population),2018,,"Middle East, North Africa, Afghanistan & Pakistan",High income,Not classified,50.5354,26.1921
628,BH,Bahrain,Poverty headcount ratio at national poverty lines (% of population),2017,,"Middle East, North Africa, Afghanistan & Pakistan",High income,Not classified,50.5354,26.1921
629,BH,Bahrain,Poverty headcount ratio at national poverty lines (% of population),2016,,"Middle East, North Africa, Afghanistan & Pakistan",High income,Not classified,50.5354,26.1921
630,BD,Bangladesh,Poverty headcount ratio at national poverty lines (% of population),2025,,South Asia,Lower middle income,IDA,90.4113,23.7055
631,BD,Bangladesh,Poverty headcount ratio at national poverty lines (% of population),2024,,South Asia,Lower middle income,IDA,90.4113,23.7055
632,BD,Bangladesh,Poverty headcount ratio at national poverty lines (% of population),2023,,South Asia,Lower middle income,IDA,90.4113,23.7055
633,BD,Bangladesh,Poverty headcount ratio at national poverty lines (% of population),2022,18.7,South Asia,Lower middle income,IDA,90.4113,23.7055
634,BD,Bangladesh,Poverty headcount ratio at national poverty lines (% of population),2021,,South Asia,Lower middle income,IDA,90.4113,23.7055
635,BD,Bangladesh,Poverty headcount ratio at national poverty lines (% of population),2020,,South Asia,Lower middle income,IDA,90.4113,23.7055
636,BD,Bangladesh,Poverty headcount ratio at national poverty lines (% of population),2019,,South Asia,Lower middle income,IDA,90.4113,23.7055
637,BD,Bangladesh,Poverty headcount ratio at national poverty lines (% of population),2018,,South Asia,Lower middle income,IDA,90.4113,23.7055
638,BD,Bangladesh,Poverty headcount ratio at national poverty lines (% of population),2017,,South Asia,Lower middle income,IDA,90.4113,23.7055
639,BD,Bangladesh,Poverty headcount ratio at national poverty lines (% of population),2016,,South Asia,Lower middle income,IDA,90.4113,23.7055
640,BB,Barbados,Poverty headcount ratio at national poverty lines (% of population),2025,,Latin America & Caribbean ,High income,IBRD,-59.6105,13.0935
641,BB,Barbados,Poverty headcount ratio at national poverty lines (% of population),2024,,Latin America & Caribbean ,High income,IBRD,-59.6105,13.0935
642,BB,Barbados,Poverty headcount ratio at national poverty lines (% of population),2023,,Latin America & Caribbean ,High income,IBRD,-59.6105,13.0935
643,BB,Barbados,Poverty headcount ratio at national poverty lines (% of population),2022,,Latin America & Caribbean ,High income,IBRD,-59.6105,13.0935
644,BB,Barbados,Poverty headcount ratio at national poverty lines (% of population),2021,,Latin America & Caribbean ,High income,IBRD,-59.6105,13.0935
645,BB,Barbados,Poverty headcount ratio at national poverty lines (% of population),2020,,Latin America & Caribbean ,High income,IBRD,-59.6105,13.0935
646,BB,Barbados,Poverty headcount ratio at national poverty lines (% of population),2019,,Latin America & Caribbean ,High income,IBRD,-59.6105,13.0935
647,BB,Barbados,Poverty headcount ratio at national poverty lines (% of population),2018,,Latin America & Caribbean ,High income,IBRD,-59.6105,13.0935
648,BB,Barbados,Poverty headcount ratio at national poverty lines (% of population),2017,,Latin America & Caribbean ,High income,IBRD,-59.6105,13.0935
649,BB,Barbados,Poverty headcount ratio at national poverty lines (% of population),2016,25.7,Latin America & Caribbean ,High income,IBRD,-59.6105,13.0935
650,BY,Belarus,Poverty headcount ratio at national poverty lines (% of population),2025,,Europe & Central Asia,Upper middle income,IBRD,27.5766,53.9678
651,BY,Belarus,Poverty headcount ratio at national poverty lines (% of population),2024,3.5,Europe & Central Asia,Upper middle income,IBRD,27.5766,53.9678
652,BY,Belarus,Poverty headcount ratio at national poverty lines (% of population),2023,3.6,Europe & Central Asia,Upper middle income,IBRD,27.5766,53.9678
653,BY,Belarus,Poverty headcount ratio at national poverty lines (% of population),2022,3.9,Europe & Central Asia,Upper middle income,IBRD,27.5766,53.9678
654,BY,Belarus,Poverty headcount ratio at national poverty lines (% of population),2021,4.1,Europe & Central Asia,Upper middle income,IBRD,27.5766,53.9678
655,BY,Belarus,Poverty headcount ratio at national poverty lines (% of population),2020,4.8,Europe & Central Asia,Upper middle income,IBRD,27.5766,53.9678
656,BY,Belarus,Poverty headcount ratio at national poverty lines (% of population),2019,5.0,Europe & Central Asia,Upper middle income,IBRD,27.5766,53.9678
657,BY,Belarus,Poverty headcount ratio at national poverty lines (% of population),2018,5.6,Europe & Central Asia,Upper middle income,IBRD,27.5766,53.9678
658,BY,Belarus,Poverty headcount ratio at national poverty lines (% of population),2017,5.9,Europe & Central Asia,Upper middle income,IBRD,27.5766,53.9678
659,BY,Belarus,Poverty headcount ratio at national poverty lines (% of population),2016,5.7,Europe & Central Asia,Upper middle income,IBRD,27.5766,53.9678
660,BE,Belgium,Poverty headcount ratio at national poverty lines (% of population),2025,,Europe & Central Asia,High income,Not classified,4.36761,50.8371
661,BE,Belgium,Poverty headcount ratio at national poverty lines (% of population),2024,,Europe & Central Asia,High income,Not classified,4.36761,50.8371
662,BE,Belgium,Poverty headcount ratio at national poverty lines (% of population),2023,,Europe & Central Asia,High income,Not classified,4.36761,50.8371
663,BE,Belgium,Poverty headcount ratio at national poverty lines (% of population),2022,12.3,Europe & Central Asia,High income,Not classified,4.36761,50.8371
664,BE,Belgium,Poverty headcount ratio at national poverty lines (% of population),2021,13.2,Europe & Central Asia,High income,Not classified,4.36761,50.8371
665,BE,Belgium,Poverty headcount ratio at national poverty lines (% of population),2020,12.7,Europe & Central Asia,High income,Not classified,4.36761,50.8371
666,BE,Belgium,Poverty headcount ratio at national poverty lines (% of population),2019,14.1,Europe & Central Asia,High income,Not classified,4.36761,50.8371
667,BE,Belgium,Poverty headcount ratio at national poverty lines (% of population),2018,14.8,Europe & Central Asia,High income,Not classified,4.36761,50.8371
668,BE,Belgium,Poverty headcount ratio at national poverty lines (% of population),2017,,Europe & Central Asia,High income,Not classified,4.36761,50.8371
669,BE,Belgium,Poverty headcount ratio at national poverty lines (% of population),2016,,Europe & Central Asia,High income,Not classified,4.36761,50.8371
670,BZ,Belize,Poverty headcount ratio at national poverty lines (% of population),2025,,Latin America & Caribbean ,Upper middle income,Blend,-88.7713,17.2534
671,BZ,Belize,Poverty headcount ratio at national poverty lines (% of population),2024,,Latin America & Caribbean ,Upper middle income,Blend,-88.7713,17.2534
672,BZ,Belize,Poverty headcount ratio at national poverty lines (% of population),2023,,Latin America & Caribbean ,Upper middle income,Blend,-88.7713,17.2534
673,BZ,Belize,Poverty headcount ratio at national poverty lines (% of population),2022,,Latin America & Caribbean ,Upper middle income,Blend,-88.7713,17.2534
674,BZ,Belize,Poverty headcount ratio at national poverty lines (% of population),2021,,Latin America & Caribbean ,Upper middle income,Blend,-88.7713,17.2534
675,BZ,Belize,Poverty headcount ratio at national poverty lines (% of population),2020,,Latin America & Caribbean ,Upper middle income,Blend,-88.7713,17.2534
676,BZ,Belize,Poverty headcount ratio at national poverty lines (% of population),2019,,Latin America & Caribbean ,Upper middle income,Blend,-88.7713,17.2534
677,BZ,Belize,Poverty headcount ratio at national poverty lines (% of population),2018,52.0,Latin America & Caribbean ,Upper middle income,Blend,-88.7713,17.2534
678,BZ,Belize,Poverty headcount ratio at national poverty lines (% of population),2017,,Latin America & Caribbean ,Upper middle income,Blend,-88.7713,17.2534
679,BZ,Belize,Poverty headcount ratio at national poverty lines (% of population),2016,,Latin America & Caribbean ,Upper middle income,Blend,-88.7713,17.2534
680,BJ,Benin,Poverty headcount ratio at national poverty lines (% of population),2025,,Sub-Saharan Africa ,Lower middle income,IDA,2.6323,6.4779
681,BJ,Benin,Poverty headcount ratio at national poverty lines (% of population),2024,,Sub-Saharan Africa ,Lower middle income,IDA,2.6323,6.4779
682,BJ,Benin,Poverty headcount ratio at national poverty lines (% of population),2023,,Sub-Saharan Africa ,Lower middle income,IDA,2.6323,6.4779
683,BJ,Benin,Poverty headcount ratio at national poverty lines (% of population),2022,,Sub-Saharan Africa ,Lower middle income,IDA,2.6323,6.4779
684,BJ,Benin,Poverty headcount ratio at national poverty lines (% of population),2021,36.2,Sub-Saharan Africa ,Lower middle income,IDA,2.6323,6.4779
685,BJ,Benin,Poverty headcount ratio at national poverty lines (% of population),2020,,Sub-Saharan Africa ,Lower middle income,IDA,2.6323,6.4779
686,BJ,Benin,Poverty headcount ratio at national poverty lines (% of population),2019,,Sub-Saharan Africa ,Lower middle income,IDA,2.6323,6.4779
687,BJ,Benin,Poverty headcount ratio at national poverty lines (% of population),2018,38.5,Sub-Saharan Africa ,Lower middle income,IDA,2.6323,6.4779
688,BJ,Benin,Poverty headcount ratio at national poverty lines (% of population),2017,,Sub-Saharan Africa ,Lower middle income,IDA,2.6323,6.4779
689,BJ,Benin,Poverty headcount ratio at national poverty lines (% of population),2016,,Sub-Saharan Africa ,Lower middle income,IDA,2.6323,6.4779
690,BM,Bermuda,Poverty headcount ratio at national poverty lines (% of population),2025,,North America,High income,Not classified,-64.706,32.3293
691,BM,Bermuda,Poverty headcount ratio at national poverty lines (% of population),2024,,North America,High income,Not classified,-64.706,32.3293
692,BM,Bermuda,Poverty headcount ratio at national poverty lines (% of population),2023,,North America,High income,Not classified,-64.706,32.3293
693,BM,Bermuda,Poverty headcount ratio at national poverty lines (% of population),2022,,North America,High income,Not classified,-64.706,32.3293
694,BM,Bermuda,Poverty headcount ratio at national poverty lines (% of population),2021,,North America,High income,Not classified,-64.706,32.3293
695,BM,Bermuda,Poverty headcount ratio at national poverty lines (% of population),2020,,North America,High income,Not classified,-64.706,32.3293
696,BM,Bermuda,Poverty headcount ratio at national poverty lines (% of population),2019,,North America,High income,Not classified,-64.706,32.3293
697,BM,Bermuda,Poverty headcount ratio at national poverty lines (% of population),2018,,North America,High income,Not classified,-64.706,32.3293
698,BM,Bermuda,Poverty headcount ratio at national poverty lines (% of population),2017,,North America,High income,Not classified,-64.706,32.3293
699,BM,Bermuda,Poverty headcount ratio at national poverty lines (% of population),2016,,North America,High income,Not classified,-64.706,32.3293
700,BT,Bhutan,Poverty headcount ratio at national poverty lines (% of population),2025,,South Asia,Lower middle income,IDA,89.6177,27.5768
701,BT,Bhutan,Poverty headcount ratio at national poverty lines (% of population),2024,,South Asia,Lower middle income,IDA,89.6177,27.5768
702,BT,Bhutan,Poverty headcount ratio at national poverty lines (% of population),2023,,South Asia,Lower middle income,IDA,89.6177,27.5768
703,BT,Bhutan,Poverty headcount ratio at national poverty lines (% of population),2022,12.4,South Asia,Lower middle income,IDA,89.6177,27.5768
704,BT,Bhutan,Poverty headcount ratio at national poverty lines (% of population),2021,,South Asia,Lower middle income,IDA,89.6177,27.5768
705,BT,Bhutan,Poverty headcount ratio at national poverty lines (% of population),2020,,South Asia,Lower middle income,IDA,89.6177,27.5768
706,BT,Bhutan,Poverty headcount ratio at national poverty lines (% of population),2019,,South Asia,Lower middle income,IDA,89.6177,27.5768
707,BT,Bhutan,Poverty headcount ratio at national poverty lines (% of population),2018,,South Asia,Lower middle income,IDA,89.6177,27.5768
708,BT,Bhutan,Poverty headcount ratio at national poverty lines (% of population),2017,,South Asia,Lower middle income,IDA,89.6177,27.5768
709,BT,Bhutan,Poverty headcount ratio at national poverty lines (% of population),2016,,South Asia,Lower middle income,IDA,89.6177,27.5768
710,BO,Bolivia,Poverty headcount ratio at national poverty lines (% of population),2025,,Latin America & Caribbean ,Lower middle income,IBRD,-66.1936,-13.9908
711,BO,Bolivia,Poverty headcount ratio at national poverty lines (% of population),2024,37.7,Latin America & Caribbean ,Lower middle income,IBRD,-66.1936,-13.9908
712,BO,Bolivia,Poverty headcount ratio at national poverty lines (% of population),2023,36.5,Latin America & Caribbean ,Lower middle income,IBRD,-66.1936,-13.9908
713,BO,Bolivia,Poverty headcount ratio at national poverty lines (% of population),2022,37.7,Latin America & Caribbean ,Lower middle income,IBRD,-66.1936,-13.9908
714,BO,Bolivia,Poverty headcount ratio at national poverty lines (% of population),2021,36.4,Latin America & Caribbean ,Lower middle income,IBRD,-66.1936,-13.9908
715,BO,Bolivia,Poverty headcount ratio at national poverty lines (% of population),2020,39.0,Latin America & Caribbean ,Lower middle income,IBRD,-66.1936,-13.9908
716,BO,Bolivia,Poverty headcount ratio at national poverty lines (% of population),2019,37.2,Latin America & Caribbean ,Lower middle income,IBRD,-66.1936,-13.9908
717,BO,Bolivia,Poverty headcount ratio at national poverty lines (% of population),2018,39.9,Latin America & Caribbean ,Lower middle income,IBRD,-66.1936,-13.9908
718,BO,Bolivia,Poverty headcount ratio at national poverty lines (% of population),2017,42.2,Latin America & Caribbean ,Lower middle income,IBRD,-66.1936,-13.9908
719,BO,Bolivia,Poverty headcount ratio at national poverty lines (% of population),2016,43.0,Latin America & Caribbean ,Lower middle income,IBRD,-66.1936,-13.9908
720,BA,Bosnia and Herzegovina,Poverty headcount ratio at national poverty lines (% of population),2025,,Europe & Central Asia,Upper middle income,IBRD,18.4214,43.8607
721,BA,Bosnia and Herzegovina,Poverty headcount ratio at national poverty lines (% of population),2024,,Europe & Central Asia,Upper middle income,IBRD,18.4214,43.8607
722,BA,Bosnia and Herzegovina,Poverty headcount ratio at national poverty lines (% of population),2023,,Europe & Central Asia,Upper middle income,IBRD,18.4214,43.8607
723,BA,Bosnia and Herzegovina,Poverty headcount ratio at national poverty lines (% of population),2022,,Europe & Central Asia,Upper middle income,IBRD,18.4214,43.8607
724,BA,Bosnia and Herzegovina,Poverty headcount ratio at national poverty lines (% of population),2021,,Europe & Central Asia,Upper middle income,IBRD,18.4214,43.8607
725,BA,Bosnia and Herzegovina,Poverty headcount ratio at national poverty lines (% of population),2020,,Europe & Central Asia,Upper middle income,IBRD,18.4214,43.8607
726,BA,Bosnia and Herzegovina,Poverty headcount ratio at national poverty lines (% of population),2019,,Europe & Central Asia,Upper middle income,IBRD,18.4214,43.8607
727,BA,Bosnia and Herzegovina,Poverty headcount ratio at national poverty lines (% of population),2018,,Europe & Central Asia,Upper middle income,IBRD,18.4214,43.8607
728,BA,Bosnia and Herzegovina,Poverty headcount ratio at national poverty lines (% of population),2017,,Europe & Central Asia,Upper middle income,IBRD,18.4214,43.8607
729,BA,Bosnia and Herzegovina,Poverty headcount ratio at national poverty lines (% of population),2016,,Europe & Central Asia,Upper middle income,IBRD,18.4214,43.8607
730,BW,Botswana,Poverty headcount ratio at national poverty lines (% of population),2025,,Sub-Saharan Africa ,Upper middle income,IBRD,25.9201,-24.6544
731,BW,Botswana,Poverty headcount ratio at national poverty lines (% of population),2024,,Sub-Saharan Africa ,Upper middle income,IBRD,25.9201,-24.6544
732,BW,Botswana,Poverty headcount ratio at national poverty lines (% of population),2023,,Sub-Saharan Africa ,Upper middle income,IBRD,25.9201,-24.6544
733,BW,Botswana,Poverty headcount ratio at national poverty lines (% of population),2022,,Sub-Saharan Africa ,Upper middle income,IBRD,25.9201,-24.6544
734,BW,Botswana,Poverty headcount ratio at national poverty lines (% of population),2021,,Sub-Saharan Africa ,Upper middle income,IBRD,25.9201,-24.6544
735,BW,Botswana,Poverty headcount ratio at national poverty lines (% of population),2020,,Sub-Saharan Africa ,Upper middle income,IBRD,25.9201,-24.6544
736,BW,Botswana,Poverty headcount ratio at national poverty lines (% of population),2019,,Sub-Saharan Africa ,Upper middle income,IBRD,25.9201,-24.6544
737,BW,Botswana,Poverty headcount ratio at national poverty lines (% of population),2018,,Sub-Saharan Africa ,Upper middle income,IBRD,25.9201,-24.6544
738,BW,Botswana,Poverty headcount ratio at national poverty lines (% of population),2017,,Sub-Saharan Africa ,Upper middle income,IBRD,25.9201,-24.6544
739,BW,Botswana,Poverty headcount ratio at national poverty lines (% of population),2016,,Sub-Saharan Africa ,Upper middle income,IBRD,25.9201,-24.6544
740,BR,Brazil,Poverty headcount ratio at national poverty lines (% of population),2025,,Latin America & Caribbean ,Upper middle income,IBRD,-47.9292,-15.7801
741,BR,Brazil,Poverty headcount ratio at national poverty lines (% of population),2024,,Latin America & Caribbean ,Upper middle income,IBRD,-47.9292,-15.7801
742,BR,Brazil,Poverty headcount ratio at national poverty lines (% of population),2023,,Latin America & Caribbean ,Upper middle income,IBRD,-47.9292,-15.7801
743,BR,Brazil,Poverty headcount ratio at national poverty lines (% of population),2022,,Latin America & Caribbean ,Upper middle income,IBRD,-47.9292,-15.7801
744,BR,Brazil,Poverty headcount ratio at national poverty lines (% of population),2021,,Latin America & Caribbean ,Upper middle income,IBRD,-47.9292,-15.7801
745,BR,Brazil,Poverty headcount ratio at national poverty lines (% of population),2020,,Latin America & Caribbean ,Upper middle income,IBRD,-47.9292,-15.7801
746,BR,Brazil,Poverty headcount ratio at national poverty lines (% of population),2019,,Latin America & Caribbean ,Upper middle income,IBRD,-47.9292,-15.7801
747,BR,Brazil,Poverty headcount ratio at national poverty lines (% of population),2018,,Latin America & Caribbean ,Upper middle income,IBRD,-47.9292,-15.7801
748,BR,Brazil,Poverty headcount ratio at national poverty lines (% of population),2017,,Latin America & Caribbean ,Upper middle income,IBRD,-47.9292,-15.7801
749,BR,Brazil,Poverty headcount ratio at national poverty lines (% of population),2016,,Latin America & Caribbean ,Upper middle income,IBRD,-47.9292,-15.7801
750,VG,British Virgin Islands,Poverty headcount ratio at national poverty lines (% of population),2025,,Latin America & Caribbean ,High income,Not classified,-64.623056,18.431389
751,VG,British Virgin Islands,Poverty headcount ratio at national poverty lines (% of population),2024,,Latin America & Caribbean ,High income,Not classified,-64.623056,18.431389
752,VG,British Virgin Islands,Poverty headcount ratio at national poverty lines (% of population),2023,,Latin America & Caribbean ,High income,Not classified,-64.623056,18.431389
753,VG,British Virgin Islands,Poverty headcount ratio at national poverty lines (% of population),2022,,Latin America & Caribbean ,High income,Not classified,-64.623056,18.431389
754,VG,British Virgin Islands,Poverty headcount ratio at national poverty lines (% of population),2021,,Latin America & Caribbean ,High income,Not classified,-64.623056,18.431389
755,VG,British Virgin Islands,Poverty headcount ratio at national poverty lines (% of population),2020,,Latin America & Caribbean ,High income,Not classified,-64.623056,18.431389
756,VG,British Virgin Islands,Poverty headcount ratio at national poverty lines (% of population),2019,,Latin America & Caribbean ,High income,Not classified,-64.623056,18.431389
757,VG,British Virgin Islands,Poverty headcount ratio at national poverty lines (% of population),2018,,Latin America & Caribbean ,High income,Not classified,-64.623056,18.431389
758,VG,British Virgin Islands,Poverty headcount ratio at national poverty lines (% of population),2017,,Latin America & Caribbean ,High income,Not classified,-64.623056,18.431389
759,VG,British Virgin Islands,Poverty headcount ratio at national poverty lines (% of population),2016,,Latin America & Caribbean ,High income,Not classified,-64.623056,18.431389
760,BN,Brunei Darussalam,Poverty headcount ratio at national poverty lines (% of population),2025,,East Asia & Pacific,High income,Not classified,114.946,4.94199
761,BN,Brunei Darussalam,Poverty headcount ratio at national poverty lines (% of population),2024,,East Asia & Pacific,High income,Not classified,114.946,4.94199
762,BN,Brunei Darussalam,Poverty headcount ratio at national poverty lines (% of population),2023,,East Asia & Pacific,High income,Not classified,114.946,4.94199
763,BN,Brunei Darussalam,Poverty headcount ratio at national poverty lines (% of population),2022,,East Asia & Pacific,High income,Not classified,114.946,4.94199
764,BN,Brunei Darussalam,Poverty headcount ratio at national poverty lines (% of population),2021,,East Asia & Pacific,High income,Not classified,114.946,4.94199
765,BN,Brunei Darussalam,Poverty headcount ratio at national poverty lines (% of population),2020,,East Asia & Pacific,High income,Not classified,114.946,4.94199
766,BN,Brunei Darussalam,Poverty headcount ratio at national poverty lines (% of population),2019,,East Asia & Pacific,High income,Not classified,114.946,4.94199
767,BN,Brunei Darussalam,Poverty headcount ratio at national poverty lines (% of population),2018,,East Asia & Pacific,High income,Not classified,114.946,4.94199
768,BN,Brunei Darussalam,Poverty headcount ratio at national poverty lines (% of population),2017,,East Asia & Pacific,High income,Not classified,114.946,4.94199
769,BN,Brunei Darussalam,Poverty headcount ratio at national poverty lines (% of population),2016,,East Asia & Pacific,High income,Not classified,114.946,4.94199
770,BG,Bulgaria,Poverty headcount ratio at national poverty lines (% of population),2025,,Europe & Central Asia,High income,IBRD,23.3238,42.7105
771,BG,Bulgaria,Poverty headcount ratio at national poverty lines (% of population),2024,,Europe & Central Asia,High income,IBRD,23.3238,42.7105
772,BG,Bulgaria,Poverty headcount ratio at national poverty lines (% of population),2023,21.7,Europe & Central Asia,High income,IBRD,23.3238,42.7105
773,BG,Bulgaria,Poverty headcount ratio at national poverty lines (% of population),2022,20.6,Europe & Central Asia,High income,IBRD,23.3238,42.7105
774,BG,Bulgaria,Poverty headcount ratio at national poverty lines (% of population),2021,22.9,Europe & Central Asia,High income,IBRD,23.3238,42.7105
775,BG,Bulgaria,Poverty headcount ratio at national poverty lines (% of population),2020,22.1,Europe & Central Asia,High income,IBRD,23.3238,42.7105
776,BG,Bulgaria,Poverty headcount ratio at national poverty lines (% of population),2019,23.8,Europe & Central Asia,High income,IBRD,23.3238,42.7105
777,BG,Bulgaria,Poverty headcount ratio at national poverty lines (% of population),2018,22.6,Europe & Central Asia,High income,IBRD,23.3238,42.7105
778,BG,Bulgaria,Poverty headcount ratio at national poverty lines (% of population),2017,22.0,Europe & Central Asia,High income,IBRD,23.3238,42.7105
779,BG,Bulgaria,Poverty headcount ratio at national poverty lines (% of population),2016,23.4,Europe & Central Asia,High income,IBRD,23.3238,42.7105
780,BF,Burkina Faso,Poverty headcount ratio at national poverty lines (% of population),2025,,Sub-Saharan Africa ,Low income,IDA,-1.53395,12.3605
781,BF,Burkina Faso,Poverty headcount ratio at national poverty lines (% of population),2024,,Sub-Saharan Africa ,Low income,IDA,-1.53395,12.3605
782,BF,Burkina Faso,Poverty headcount ratio at national poverty lines (% of population),2023,,Sub-Saharan Africa ,Low income,IDA,-1.53395,12.3605
783,BF,Burkina Faso,Poverty headcount ratio at national poverty lines (% of population),2022,,Sub-Saharan Africa ,Low income,IDA,-1.53395,12.3605
784,BF,Burkina Faso,Poverty headcount ratio at national poverty lines (% of population),2021,43.2,Sub-Saharan Africa ,Low income,IDA,-1.53395,12.3605
785,BF,Burkina Faso,Poverty headcount ratio at national poverty lines (% of population),2020,,Sub-Saharan Africa ,Low income,IDA,-1.53395,12.3605
786,BF,Burkina Faso,Poverty headcount ratio at national poverty lines (% of population),2019,,Sub-Saharan Africa ,Low income,IDA,-1.53395,12.3605
787,BF,Burkina Faso,Poverty headcount ratio at national poverty lines (% of population),2018,41.4,Sub-Saharan Africa ,Low income,IDA,-1.53395,12.3605
788,BF,Burkina Faso,Poverty headcount ratio at national poverty lines (% of population),2017,,Sub-Saharan Africa ,Low income,IDA,-1.53395,12.3605
789,BF,Burkina Faso,Poverty headcount ratio at national poverty lines (% of population),2016,,Sub-Saharan Africa ,Low income,IDA,-1.53395,12.3605
790,BI,Burundi,Poverty headcount ratio at national poverty lines (% of population),2025,,Sub-Saharan Africa ,Low income,IDA,29.3639,-3.3784
791,BI,Burundi,Poverty headcount ratio at national poverty lines (% of population),2024,,Sub-Saharan Africa ,Low income,IDA,29.3639,-3.3784
792,BI,Burundi,Poverty headcount ratio at national poverty lines (% of population),2023,,Sub-Saharan Africa ,Low income,IDA,29.3639,-3.3784
793,BI,Burundi,Poverty headcount ratio at national poverty lines (% of population),2022,,Sub-Saharan Africa ,Low income,IDA,29.3639,-3.3784
794,BI,Burundi,Poverty headcount ratio at national poverty lines (% of population),2021,,Sub-Saharan Africa ,Low income,IDA,29.3639,-3.3784
795,BI,Burundi,Poverty headcount ratio at national poverty lines (% of population),2020,51.0,Sub-Saharan Africa ,Low income,IDA,29.3639,-3.3784
796,BI,Burundi,Poverty headcount ratio at national poverty lines (% of population),2019,,Sub-Saharan Africa ,Low income,IDA,29.3639,-3.3784
797,BI,Burundi,Poverty headcount ratio at national poverty lines (% of population),2018,,Sub-Saharan Africa ,Low income,IDA,29.3639,-3.3784
798,BI,Burundi,Poverty headcount ratio at national poverty lines (% of population),2017,,Sub-Saharan Africa ,Low income,IDA,29.3639,-3.3784
799,BI,Burundi,Poverty headcount ratio at national poverty lines (% of population),2016,,Sub-Saharan Africa ,Low income,IDA,29.3639,-3.3784
800,CV,Cabo Verde,Poverty headcount ratio at national poverty lines (% of population),2025,,Sub-Saharan Africa ,Upper middle income,Blend,-23.5087,14.9218
801,CV,Cabo Verde,Poverty headcount ratio at national poverty lines (% of population),2024,,Sub-Saharan Africa ,Upper middle income,Blend,-23.5087,14.9218
802,CV,Cabo Verde,Poverty headcount ratio at national poverty lines (% of population),2023,24.8,Sub-Saharan Africa ,Upper middle income,Blend,-23.5087,14.9218
803,CV,Cabo Verde,Poverty headcount ratio at national poverty lines (% of population),2022,,Sub-Saharan Africa ,Upper middle income,Blend,-23.5087,14.9218
804,CV,Cabo Verde,Poverty headcount ratio at national poverty lines (% of population),2021,,Sub-Saharan Africa ,Upper middle income,Blend,-23.5087,14.9218
805,CV,Cabo Verde,Poverty headcount ratio at national poverty lines (% of population),2020,,Sub-Saharan Africa ,Upper middle income,Blend,-23.5087,14.9218
806,CV,Cabo Verde,Poverty headcount ratio at national poverty lines (% of population),2019,,Sub-Saharan Africa ,Upper middle income,Blend,-23.5087,14.9218
807,CV,Cabo Verde,Poverty headcount ratio at national poverty lines (% of population),2018,,Sub-Saharan Africa ,Upper middle income,Blend,-23.5087,14.9218
808,CV,Cabo Verde,Poverty headcount ratio at national poverty lines (% of population),2017,,Sub-Saharan Africa ,Upper middle income,Blend,-23.5087,14.9218
809,CV,Cabo Verde,Poverty headcount ratio at national poverty lines (% of population),2016,,Sub-Saharan Africa ,Upper middle income,Blend,-23.5087,14.9218
810,KH,Cambodia,Poverty headcount ratio at national poverty lines (% of population),2025,,East Asia & Pacific,Lower middle income,IDA,104.874,11.5556
811,KH,Cambodia,Poverty headcount ratio at national poverty lines (% of population),2024,,East Asia & Pacific,Lower middle income,IDA,104.874,11.5556
812,KH,Cambodia,Poverty headcount ratio at national poverty lines (% of population),2023,,East Asia & Pacific,Lower middle income,IDA,104.874,11.5556
813,KH,Cambodia,Poverty headcount ratio at national poverty lines (% of population),2022,,East Asia & Pacific,Lower middle income,IDA,104.874,11.5556
814,KH,Cambodia,Poverty headcount ratio at national poverty lines (% of population),2021,,East Asia & Pacific,Lower middle income,IDA,104.874,11.5556
815,KH,Cambodia,Poverty headcount ratio at national poverty lines (% of population),2020,,East Asia & Pacific,Lower middle income,IDA,104.874,11.5556
816,KH,Cambodia,Poverty headcount ratio at national poverty lines (% of population),2019,,East Asia & Pacific,Lower middle income,IDA,104.874,11.5556
817,KH,Cambodia,Poverty headcount ratio at national poverty lines (% of population),2018,,East Asia & Pacific,Lower middle income,IDA,104.874,11.5556
818,KH,Cambodia,Poverty headcount ratio at national poverty lines (% of population),2017,,East Asia & Pacific,Lower middle income,IDA,104.874,11.5556
819,KH,Cambodia,Poverty headcount ratio at national poverty lines (% of population),2016,,East Asia & Pacific,Lower middle income,IDA,104.874,11.5556
820,CM,Cameroon,Poverty headcount ratio at national poverty lines (% of population),2025,,Sub-Saharan Africa ,Lower middle income,Blend,11.5174,3.8721
821,CM,Cameroon,Poverty headcount ratio at national poverty lines (% of population),2024,,Sub-Saharan Africa ,Lower middle income,Blend,11.5174,3.8721
822,CM,Cameroon,Poverty headcount ratio at national poverty lines (% of population),2023,,Sub-Saharan Africa ,Lower middle income,Blend,11.5174,3.8721
823,CM,Cameroon,Poverty headcount ratio at national poverty lines (% of population),2022,,Sub-Saharan Africa ,Lower middle income,Blend,11.5174,3.8721
824,CM,Cameroon,Poverty headcount ratio at national poverty lines (% of population),2021,37.7,Sub-Saharan Africa ,Lower middle income,Blend,11.5174,3.8721
825,CM,Cameroon,Poverty headcount ratio at national poverty lines (% of population),2020,,Sub-Saharan Africa ,Lower middle income,Blend,11.5174,3.8721
826,CM,Cameroon,Poverty headcount ratio at national poverty lines (% of population),2019,,Sub-Saharan Africa ,Lower middle income,Blend,11.5174,3.8721
827,CM,Cameroon,Poverty headcount ratio at national poverty lines (% of population),2018,,Sub-Saharan Africa ,Lower middle income,Blend,11.5174,3.8721
828,CM,Cameroon,Poverty headcount ratio at national poverty lines (% of population),2017,,Sub-Saharan Africa ,Lower middle income,Blend,11.5174,3.8721
829,CM,Cameroon,Poverty headcount ratio at national poverty lines (% of population),2016,,Sub-Saharan Africa ,Lower middle income,Blend,11.5174,3.8721
830,CA,Canada,Poverty headcount ratio at national poverty lines (% of population),2025,,North America,High income,Not classified,-75.6919,45.4215
831,CA,Canada,Poverty headcount ratio at national poverty lines (% of population),2024,,North America,High income,Not classified,-75.6919,45.4215
832,CA,Canada,Poverty headcount ratio at national poverty lines (% of population),2023,,North America,High income,Not classified,-75.6919,45.4215
833,CA,Canada,Poverty headcount ratio at national poverty lines (% of population),2022,,North America,High income,Not classified,-75.6919,45.4215
834,CA,Canada,Poverty headcount ratio at national poverty lines (% of population),2021,,North America,High income,Not classified,-75.6919,45.4215
835,CA,Canada,Poverty headcount ratio at national poverty lines (% of population),2020,,North America,High income,Not classified,-75.6919,45.4215
836,CA,Canada,Poverty headcount ratio at national poverty lines (% of population),2019,,North America,High income,Not classified,-75.6919,45.4215
837,CA,Canada,Poverty headcount ratio at national poverty lines (% of population),2018,,North America,High income,Not classified,-75.6919,45.4215
838,CA,Canada,Poverty headcount ratio at national poverty lines (% of population),2017,,North America,High income,Not classified,-75.6919,45.4215
839,CA,Canada,Poverty headcount ratio at national poverty lines (% of population),2016,,North America,High income,Not classified,-75.6919,45.4215
840,KY,Cayman Islands,Poverty headcount ratio at national poverty lines (% of population),2025,,Latin America & Caribbean ,High income,Not classified,-81.3857,19.3022
841,KY,Cayman Islands,Poverty headcount ratio at national poverty lines (% of population),2024,,Latin America & Caribbean ,High income,Not classified,-81.3857,19.3022
842,KY,Cayman Islands,Poverty headcount ratio at national poverty lines (% of population),2023,,Latin America & Caribbean ,High income,Not classified,-81.3857,19.3022
843,KY,Cayman Islands,Poverty headcount ratio at national poverty lines (% of population),2022,,Latin America & Caribbean ,High income,Not classified,-81.3857,19.3022
844,KY,Cayman Islands,Poverty headcount ratio at national poverty lines (% of population),2021,,Latin America & Caribbean ,High income,Not classified,-81.3857,19.3022
845,KY,Cayman Islands,Poverty headcount ratio at national poverty lines (% of population),2020,,Latin America & Caribbean ,High income,Not classified,-81.3857,19.3022
846,KY,Cayman Islands,Poverty headcount ratio at national poverty lines (% of population),2019,,Latin America & Caribbean ,High income,Not classified,-81.3857,19.3022
847,KY,Cayman Islands,Poverty headcount ratio at national poverty lines (% of population),2018,,Latin America & Caribbean ,High income,Not classified,-81.3857,19.3022
848,KY,Cayman Islands,Poverty headcount ratio at national poverty lines (% of population),2017,,Latin America & Caribbean ,High income,Not classified,-81.3857,19.3022
849,KY,Cayman Islands,Poverty headcount ratio at national poverty lines (% of population),2016,,Latin America & Caribbean ,High income,Not classified,-81.3857,19.3022
850,CF,Central African Republic,Poverty headcount ratio at national poverty lines (% of population),2025,,Sub-Saharan Africa ,Low income,IDA,21.6407,5.63056
851,CF,Central African Republic,Poverty headcount ratio at national poverty lines (% of population),2024,,Sub-Saharan Africa ,Low income,IDA,21.6407,5.63056
852,CF,Central African Republic,Poverty headcount ratio at national poverty lines (% of population),2023,,Sub-Saharan Africa ,Low income,IDA,21.6407,5.63056
853,CF,Central African Republic,Poverty headcount ratio at national poverty lines (% of population),2022,,Sub-Saharan Africa ,Low income,IDA,21.6407,5.63056
854,CF,Central African Republic,Poverty headcount ratio at national poverty lines (% of population),2021,68.8,Sub-Saharan Africa ,Low income,IDA,21.6407,5.63056
855,CF,Central African Republic,Poverty headcount ratio at national poverty lines (% of population),2020,,Sub-Saharan Africa ,Low income,IDA,21.6407,5.63056
856,CF,Central African Republic,Poverty headcount ratio at national poverty lines (% of population),2019,,Sub-Saharan Africa ,Low income,IDA,21.6407,5.63056
857,CF,Central African Republic,Poverty headcount ratio at national poverty lines (% of population),2018,,Sub-Saharan Africa ,Low income,IDA,21.6407,5.63056
858,CF,Central African Republic,Poverty headcount ratio at national poverty lines (% of population),2017,,Sub-Saharan Africa ,Low income,IDA,21.6407,5.63056
859,CF,Central African Republic,Poverty headcount ratio at national poverty lines (% of population),2016,,Sub-Saharan Africa ,Low income,IDA,21.6407,5.63056
860,TD,Chad,Poverty headcount ratio at national poverty lines (% of population),2025,,Sub-Saharan Africa ,Low income,IDA,15.0445,12.1048
861,TD,Chad,Poverty headcount ratio at national poverty lines (% of population),2024,,Sub-Saharan Africa ,Low income,IDA,15.0445,12.1048
862,TD,Chad,Poverty headcount ratio at national poverty lines (% of population),2023,,Sub-Saharan Africa ,Low income,IDA,15.0445,12.1048
863,TD,Chad,Poverty headcount ratio at national poverty lines (% of population),2022,44.8,Sub-Saharan Africa ,Low income,IDA,15.0445,12.1048
864,TD,Chad,Poverty headcount ratio at national poverty lines (% of population),2021,,Sub-Saharan Africa ,Low income,IDA,15.0445,12.1048
865,TD,Chad,Poverty headcount ratio at national poverty lines (% of population),2020,,Sub-Saharan Africa ,Low income,IDA,15.0445,12.1048
866,TD,Chad,Poverty headcount ratio at national poverty lines (% of population),2019,,Sub-Saharan Africa ,Low income,IDA,15.0445,12.1048
867,TD,Chad,Poverty headcount ratio at national poverty lines (% of population),2018,42.3,Sub-Saharan Africa ,Low income,IDA,15.0445,12.1048
868,TD,Chad,Poverty headcount ratio at national poverty lines (% of population),2017,,Sub-Saharan Africa ,Low income,IDA,15.0445,12.1048
869,TD,Chad,Poverty headcount ratio at national poverty lines (% of population),2016,,Sub-Saharan Africa ,Low income,IDA,15.0445,12.1048
870,JG,Channel Islands,Poverty headcount ratio at national poverty lines (% of population),2025,,Europe & Central Asia,High income,Not classified,,
871,JG,Channel Islands,Poverty headcount ratio at national poverty lines (% of population),2024,,Europe & Central Asia,High income,Not classified,,
872,JG,Channel Islands,Poverty headcount ratio at national poverty lines (% of population),2023,,Europe & Central Asia,High income,Not classified,,
873,JG,Channel Islands,Poverty headcount ratio at national poverty lines (% of population),2022,,Europe & Central Asia,High income,Not classified,,
874,JG,Channel Islands,Poverty headcount ratio at national poverty lines (% of population),2021,,Europe & Central Asia,High income,Not classified,,
875,JG,Channel Islands,Poverty headcount ratio at national poverty lines (% of population),2020,,Europe & Central Asia,High income,Not classified,,
876,JG,Channel Islands,Poverty headcount ratio at national poverty lines (% of population),2019,,Europe & Central Asia,High income,Not classified,,
877,JG,Channel Islands,Poverty headcount ratio at national poverty lines (% of population),2018,,Europe & Central Asia,High income,Not classified,,
878,JG,Channel Islands,Poverty headcount ratio at national poverty lines (% of population),2017,,Europe & Central Asia,High income,Not classified,,
879,JG,Channel Islands,Poverty headcount ratio at national poverty lines (% of population),2016,,Europe & Central Asia,High income,Not classified,,
880,CL,Chile,Poverty headcount ratio at national poverty lines (% of population),2025,,Latin America & Caribbean ,High income,IBRD,-70.6475,-33.475
881,CL,Chile,Poverty headcount ratio at national poverty lines (% of population),2024,,Latin America & Caribbean ,High income,IBRD,-70.6475,-33.475
882,CL,Chile,Poverty headcount ratio at national poverty lines (% of population),2023,,Latin America & Caribbean ,High income,IBRD,-70.6475,-33.475
883,CL,Chile,Poverty headcount ratio at national poverty lines (% of population),2022,6.5,Latin America & Caribbean ,High income,IBRD,-70.6475,-33.475
884,CL,Chile,Poverty headcount ratio at national poverty lines (% of population),2021,,Latin America & Caribbean ,High income,IBRD,-70.6475,-33.475
885,CL,Chile,Poverty headcount ratio at national poverty lines (% of population),2020,10.7,Latin America & Caribbean ,High income,IBRD,-70.6475,-33.475
886,CL,Chile,Poverty headcount ratio at national poverty lines (% of population),2019,,Latin America & Caribbean ,High income,IBRD,-70.6475,-33.475
887,CL,Chile,Poverty headcount ratio at national poverty lines (% of population),2018,,Latin America & Caribbean ,High income,IBRD,-70.6475,-33.475
888,CL,Chile,Poverty headcount ratio at national poverty lines (% of population),2017,8.5,Latin America & Caribbean ,High income,IBRD,-70.6475,-33.475
889,CL,Chile,Poverty headcount ratio at national poverty lines (% of population),2016,,Latin America & Caribbean ,High income,IBRD,-70.6475,-33.475
890,CN,China,Poverty headcount ratio at national poverty lines (% of population),2025,,East Asia & Pacific,Upper middle income,IBRD,116.286,40.0495
891,CN,China,Poverty headcount ratio at national poverty lines (% of population),2024,,East Asia & Pacific,Upper middle income,IBRD,116.286,40.0495
892,CN,China,Poverty headcount ratio at national poverty lines (% of population),2023,,East Asia & Pacific,Upper middle income,IBRD,116.286,40.0495
893,CN,China,Poverty headcount ratio at national poverty lines (% of population),2022,,East Asia & Pacific,Upper middle income,IBRD,116.286,40.0495
894,CN,China,Poverty headcount ratio at national poverty lines (% of population),2021,,East Asia & Pacific,Upper middle income,IBRD,116.286,40.0495
895,CN,China,Poverty headcount ratio at national poverty lines (% of population),2020,0.0,East Asia & Pacific,Upper middle income,IBRD,116.286,40.0495
896,CN,China,Poverty headcount ratio at national poverty lines (% of population),2019,0.6,East Asia & Pacific,Upper middle income,IBRD,116.286,40.0495
897,CN,China,Poverty headcount ratio at national poverty lines (% of population),2018,1.7,East Asia & Pacific,Upper middle income,IBRD,116.286,40.0495
898,CN,China,Poverty headcount ratio at national poverty lines (% of population),2017,3.1,East Asia & Pacific,Upper middle income,IBRD,116.286,40.0495
899,CN,China,Poverty headcount ratio at national poverty lines (% of population),2016,4.5,East Asia & Pacific,Upper middle income,IBRD,116.286,40.0495
900,CO,Colombia,Poverty headcount ratio at national poverty lines (% of population),2025,,Latin America & Caribbean ,Upper middle income,IBRD,-74.082,4.60987
901,CO,Colombia,Poverty headcount ratio at national poverty lines (% of population),2024,31.8,Latin America & Caribbean ,Upper middle income,IBRD,-74.082,4.60987
902,CO,Colombia,Poverty headcount ratio at national poverty lines (% of population),2023,34.6,Latin America & Caribbean ,Upper middle income,IBRD,-74.082,4.60987
903,CO,Colombia,Poverty headcount ratio at national poverty lines (% of population),2022,36.6,Latin America & Caribbean ,Upper middle income,IBRD,-74.082,4.60987
904,CO,Colombia,Poverty headcount ratio at national poverty lines (% of population),2021,39.7,Latin America & Caribbean ,Upper middle income,IBRD,-74.082,4.60987
905,CO,Colombia,Poverty headcount ratio at national poverty lines (% of population),2020,43.1,Latin America & Caribbean ,Upper middle income,IBRD,-74.082,4.60987
906,CO,Colombia,Poverty headcount ratio at national poverty lines (% of population),2019,36.5,Latin America & Caribbean ,Upper middle income,IBRD,-74.082,4.60987
907,CO,Colombia,Poverty headcount ratio at national poverty lines (% of population),2018,35.5,Latin America & Caribbean ,Upper middle income,IBRD,-74.082,4.60987
908,CO,Colombia,Poverty headcount ratio at national poverty lines (% of population),2017,35.9,Latin America & Caribbean ,Upper middle income,IBRD,-74.082,4.60987
909,CO,Colombia,Poverty headcount ratio at national poverty lines (% of population),2016,36.8,Latin America & Caribbean ,Upper middle income,IBRD,-74.082,4.60987
910,KM,Comoros,Poverty headcount ratio at national poverty lines (% of population),2025,,Sub-Saharan Africa ,Lower middle income,IDA,43.2418,-11.6986
911,KM,Comoros,Poverty headcount ratio at national poverty lines (% of population),2024,,Sub-Saharan Africa ,Lower middle income,IDA,43.2418,-11.6986
912,KM,Comoros,Poverty headcount ratio at national poverty lines (% of population),2023,,Sub-Saharan Africa ,Lower middle income,IDA,43.2418,-11.6986
913,KM,Comoros,Poverty headcount ratio at national poverty lines (% of population),2022,,Sub-Saharan Africa ,Lower middle income,IDA,43.2418,-11.6986
914,KM,Comoros,Poverty headcount ratio at national poverty lines (% of population),2021,,Sub-Saharan Africa ,Lower middle income,IDA,43.2418,-11.6986
915,KM,Comoros,Poverty headcount ratio at national poverty lines (% of population),2020,,Sub-Saharan Africa ,Lower middle income,IDA,43.2418,-11.6986
916,KM,Comoros,Poverty headcount ratio at national poverty lines (% of population),2019,,Sub-Saharan Africa ,Lower middle income,IDA,43.2418,-11.6986
917,KM,Comoros,Poverty headcount ratio at national poverty lines (% of population),2018,,Sub-Saharan Africa ,Lower middle income,IDA,43.2418,-11.6986
918,KM,Comoros,Poverty headcount ratio at national poverty lines (% of population),2017,,Sub-Saharan Africa ,Lower middle income,IDA,43.2418,-11.6986
919,KM,Comoros,Poverty headcount ratio at national poverty lines (% of population),2016,,Sub-Saharan Africa ,Lower middle income,IDA,43.2418,-11.6986
920,CD,"Congo, Dem. Rep.",Poverty headcount ratio at national poverty lines (% of population),2025,,Sub-Saharan Africa ,Low income,IDA,15.3222,-4.325
921,CD,"Congo, Dem. Rep.",Poverty headcount ratio at national poverty lines (% of population),2024,,Sub-Saharan Africa ,Low income,IDA,15.3222,-4.325
922,CD,"Congo, Dem. Rep.",Poverty headcount ratio at national poverty lines (% of population),2023,,Sub-Saharan Africa ,Low income,IDA,15.3222,-4.325
923,CD,"Congo, Dem. Rep.",Poverty headcount ratio at national poverty lines (% of population),2022,,Sub-Saharan Africa ,Low income,IDA,15.3222,-4.325
924,CD,"Congo, Dem. Rep.",Poverty headcount ratio at national poverty lines (% of population),2021,,Sub-Saharan Africa ,Low income,IDA,15.3222,-4.325
925,CD,"Congo, Dem. Rep.",Poverty headcount ratio at national poverty lines (% of population),2020,56.2,Sub-Saharan Africa ,Low income,IDA,15.3222,-4.325
926,CD,"Congo, Dem. Rep.",Poverty headcount ratio at national poverty lines (% of population),2019,,Sub-Saharan Africa ,Low income,IDA,15.3222,-4.325
927,CD,"Congo, Dem. Rep.",Poverty headcount ratio at national poverty lines (% of population),2018,,Sub-Saharan Africa ,Low income,IDA,15.3222,-4.325
928,CD,"Congo, Dem. Rep.",Poverty headcount ratio at national poverty lines (% of population),2017,,Sub-Saharan Africa ,Low income,IDA,15.3222,-4.325
929,CD,"Congo, Dem. Rep.",Poverty headcount ratio at national poverty lines (% of population),2016,,Sub-Saharan Africa ,Low income,IDA,15.3222,-4.325
930,CG,"Congo, Rep.",Poverty headcount ratio at national poverty lines (% of population),2025,,Sub-Saharan Africa ,Lower middle income,Blend,15.2662,-4.2767
931,CG,"Congo, Rep.",Poverty headcount ratio at national poverty lines (% of population),2024,,Sub-Saharan Africa ,Lower middle income,Blend,15.2662,-4.2767
932,CG,"Congo, Rep.",Poverty headcount ratio at national poverty lines (% of population),2023,,Sub-Saharan Africa ,Lower middle income,Blend,15.2662,-4.2767
933,CG,"Congo, Rep.",Poverty headcount ratio at national poverty lines (% of population),2022,,Sub-Saharan Africa ,Lower middle income,Blend,15.2662,-4.2767
934,CG,"Congo, Rep.",Poverty headcount ratio at national poverty lines (% of population),2021,,Sub-Saharan Africa ,Lower middle income,Blend,15.2662,-4.2767
935,CG,"Congo, Rep.",Poverty headcount ratio at national poverty lines (% of population),2020,,Sub-Saharan Africa ,Lower middle income,Blend,15.2662,-4.2767
936,CG,"Congo, Rep.",Poverty headcount ratio at national poverty lines (% of population),2019,,Sub-Saharan Africa ,Lower middle income,Blend,15.2662,-4.2767
937,CG,"Congo, Rep.",Poverty headcount ratio at national poverty lines (% of population),2018,,Sub-Saharan Africa ,Lower middle income,Blend,15.2662,-4.2767
938,CG,"Congo, Rep.",Poverty headcount ratio at national poverty lines (% of population),2017,,Sub-Saharan Africa ,Lower middle income,Blend,15.2662,-4.2767
939,CG,"Congo, Rep.",Poverty headcount ratio at national poverty lines (% of population),2016,,Sub-Saharan Africa ,Lower middle income,Blend,15.2662,-4.2767
940,CR,Costa Rica,Poverty headcount ratio at national poverty lines (% of population),2025,17.1,Latin America & Caribbean ,High income,IBRD,-84.0089,9.63701
941,CR,Costa Rica,Poverty headcount ratio at national poverty lines (% of population),2024,20.3,Latin America & Caribbean ,High income,IBRD,-84.0089,9.63701
942,CR,Costa Rica,Poverty headcount ratio at national poverty lines (% of population),2023,24.4,Latin America & Caribbean ,High income,IBRD,-84.0089,9.63701
943,CR,Costa Rica,Poverty headcount ratio at national poverty lines (% of population),2022,25.5,Latin America & Caribbean ,High income,IBRD,-84.0089,9.63701
944,CR,Costa Rica,Poverty headcount ratio at national poverty lines (% of population),2021,26.2,Latin America & Caribbean ,High income,IBRD,-84.0089,9.63701
945,CR,Costa Rica,Poverty headcount ratio at national poverty lines (% of population),2020,30.0,Latin America & Caribbean ,High income,IBRD,-84.0089,9.63701
946,CR,Costa Rica,Poverty headcount ratio at national poverty lines (% of population),2019,23.9,Latin America & Caribbean ,High income,IBRD,-84.0089,9.63701
947,CR,Costa Rica,Poverty headcount ratio at national poverty lines (% of population),2018,22.9,Latin America & Caribbean ,High income,IBRD,-84.0089,9.63701
948,CR,Costa Rica,Poverty headcount ratio at national poverty lines (% of population),2017,22.1,Latin America & Caribbean ,High income,IBRD,-84.0089,9.63701
949,CR,Costa Rica,Poverty headcount ratio at national poverty lines (% of population),2016,22.9,Latin America & Caribbean ,High income,IBRD,-84.0089,9.63701
950,CI,Cote d'Ivoire,Poverty headcount ratio at national poverty lines (% of population),2025,,Sub-Saharan Africa ,Lower middle income,Blend,-4.0305,5.332
951,CI,Cote d'Ivoire,Poverty headcount ratio at national poverty lines (% of population),2024,,Sub-Saharan Africa ,Lower middle income,Blend,-4.0305,5.332
952,CI,Cote d'Ivoire,Poverty headcount ratio at national poverty lines (% of population),2023,,Sub-Saharan Africa ,Lower middle income,Blend,-4.0305,5.332
953,CI,Cote d'Ivoire,Poverty headcount ratio at national poverty lines (% of population),2022,,Sub-Saharan Africa ,Lower middle income,Blend,-4.0305,5.332
954,CI,Cote d'Ivoire,Poverty headcount ratio at national poverty lines (% of population),2021,37.5,Sub-Saharan Africa ,Lower middle income,Blend,-4.0305,5.332
955,CI,Cote d'Ivoire,Poverty headcount ratio at national poverty lines (% of population),2020,,Sub-Saharan Africa ,Lower middle income,Blend,-4.0305,5.332
956,CI,Cote d'Ivoire,Poverty headcount ratio at national poverty lines (% of population),2019,,Sub-Saharan Africa ,Lower middle income,Blend,-4.0305,5.332
957,CI,Cote d'Ivoire,Poverty headcount ratio at national poverty lines (% of population),2018,39.5,Sub-Saharan Africa ,Lower middle income,Blend,-4.0305,5.332
958,CI,Cote d'Ivoire,Poverty headcount ratio at national poverty lines (% of population),2017,,Sub-Saharan Africa ,Lower middle income,Blend,-4.0305,5.332
959,CI,Cote d'Ivoire,Poverty headcount ratio at national poverty lines (% of population),2016,,Sub-Saharan Africa ,Lower middle income,Blend,-4.0305,5.332
960,HR,Croatia,Poverty headcount ratio at national poverty lines (% of population),2025,,Europe & Central Asia,High income,IBRD,15.9614,45.8069
961,HR,Croatia,Poverty headcount ratio at national poverty lines (% of population),2024,20.3,Europe & Central Asia,High income,IBRD,15.9614,45.8069
962,HR,Croatia,Poverty headcount ratio at national poverty lines (% of population),2023,20.3,Europe & Central Asia,High income,IBRD,15.9614,45.8069
963,HR,Croatia,Poverty headcount ratio at national poverty lines (% of population),2022,,Europe & Central Asia,High income,IBRD,15.9614,45.8069
964,HR,Croatia,Poverty headcount ratio at national poverty lines (% of population),2021,,Europe & Central Asia,High income,IBRD,15.9614,45.8069
965,HR,Croatia,Poverty headcount ratio at national poverty lines (% of population),2020,,Europe & Central Asia,High income,IBRD,15.9614,45.8069
966,HR,Croatia,Poverty headcount ratio at national poverty lines (% of population),2019,,Europe & Central Asia,High income,IBRD,15.9614,45.8069
967,HR,Croatia,Poverty headcount ratio at national poverty lines (% of population),2018,,Europe & Central Asia,High income,IBRD,15.9614,45.8069
968,HR,Croatia,Poverty headcount ratio at national poverty lines (% of population),2017,,Europe & Central Asia,High income,IBRD,15.9614,45.8069
969,HR,Croatia,Poverty headcount ratio at national poverty lines (% of population),2016,,Europe & Central Asia,High income,IBRD,15.9614,45.8069
970,CU,Cuba,Poverty headcount ratio at national poverty lines (% of population),2025,,Latin America & Caribbean ,Upper middle income,Not classified,-82.3667,23.1333
971,CU,Cuba,Poverty headcount ratio at national poverty lines (% of population),2024,,Latin America & Caribbean ,Upper middle income,Not classified,-82.3667,23.1333
972,CU,Cuba,Poverty headcount ratio at national poverty lines (% of population),2023,,Latin America & Caribbean ,Upper middle income,Not classified,-82.3667,23.1333
973,CU,Cuba,Poverty headcount ratio at national poverty lines (% of population),2022,,Latin America & Caribbean ,Upper middle income,Not classified,-82.3667,23.1333
974,CU,Cuba,Poverty headcount ratio at national poverty lines (% of population),2021,,Latin America & Caribbean ,Upper middle income,Not classified,-82.3667,23.1333
975,CU,Cuba,Poverty headcount ratio at national poverty lines (% of population),2020,,Latin America & Caribbean ,Upper middle income,Not classified,-82.3667,23.1333
976,CU,Cuba,Poverty headcount ratio at national poverty lines (% of population),2019,,Latin America & Caribbean ,Upper middle income,Not classified,-82.3667,23.1333
977,CU,Cuba,Poverty headcount ratio at national poverty lines (% of population),2018,,Latin America & Caribbean ,Upper middle income,Not classified,-82.3667,23.1333
978,CU,Cuba,Poverty headcount ratio at national poverty lines (% of population),2017,,Latin America & Caribbean ,Upper middle income,Not classified,-82.3667,23.1333
979,CU,Cuba,Poverty headcount ratio at national poverty lines (% of population),2016,,Latin America & Caribbean ,Upper middle income,Not classified,-82.3667,23.1333
980,CW,Curacao,Poverty headcount ratio at national poverty lines (% of population),2025,,Latin America & Caribbean ,High income,Not classified,,
981,CW,Curacao,Poverty headcount ratio at national poverty lines (% of population),2024,,Latin America & Caribbean ,High income,Not classified,,
982,CW,Curacao,Poverty headcount ratio at national poverty lines (% of population),2023,,Latin America & Caribbean ,High income,Not classified,,
983,CW,Curacao,Poverty headcount ratio at national poverty lines (% of population),2022,,Latin America & Caribbean ,High income,Not classified,,
984,CW,Curacao,Poverty headcount ratio at national poverty lines (% of population),2021,,Latin America & Caribbean ,High income,Not classified,,
985,CW,Curacao,Poverty headcount ratio at national poverty lines (% of population),2020,,Latin America & Caribbean ,High income,Not classified,,
986,CW,Curacao,Poverty headcount ratio at national poverty lines (% of population),2019,,Latin America & Caribbean ,High income,Not classified,,
987,CW,Curacao,Poverty headcount ratio at national poverty lines (% of population),2018,,Latin America & Caribbean ,High income,Not classified,,
988,CW,Curacao,Poverty headcount ratio at national poverty lines (% of population),2017,,Latin America & Caribbean ,High income,Not classified,,
989,CW,Curacao,Poverty headcount ratio at national poverty lines (% of population),2016,,Latin America & Caribbean ,High income,Not classified,,
990,CY,Cyprus,Poverty headcount ratio at national poverty lines (% of population),2025,,Europe & Central Asia,High income,Not classified,33.3736,35.1676
991,CY,Cyprus,Poverty headcount ratio at national poverty lines (% of population),2024,,Europe & Central Asia,High income,Not classified,33.3736,35.1676
992,CY,Cyprus,Poverty headcount ratio at national poverty lines (% of population),2023,,Europe & Central Asia,High income,Not classified,33.3736,35.1676
993,CY,Cyprus,Poverty headcount ratio at national poverty lines (% of population),2022,,Europe & Central Asia,High income,Not classified,33.3736,35.1676
994,CY,Cyprus,Poverty headcount ratio at national poverty lines (% of population),2021,13.9,Europe & Central Asia,High income,Not classified,33.3736,35.1676
995,CY,Cyprus,Poverty headcount ratio at national poverty lines (% of population),2020,13.8,Europe & Central Asia,High income,Not classified,33.3736,35.1676
996,CY,Cyprus,Poverty headcount ratio at national poverty lines (% of population),2019,14.3,Europe & Central Asia,High income,Not classified,33.3736,35.1676
997,CY,Cyprus,Poverty headcount ratio at national poverty lines (% of population),2018,14.7,Europe & Central Asia,High income,Not classified,33.3736,35.1676
998,CY,Cyprus,Poverty headcount ratio at national poverty lines (% of population),2017,15.4,Europe & Central Asia,High income,Not classified,33.3736,35.1676
999,CY,Cyprus,Poverty headcount ratio at national poverty lines (% of population),2016,15.7,Europe & Central Asia,High income,Not classified,33.3736,35.1676
1000,CZ,Czechia,Poverty headcount ratio at national poverty lines (% of population),2025,,Europe & Central Asia,High income,Not classified,14.4205,50.0878
1001,CZ,Czechia,Poverty headcount ratio at national poverty lines (% of population),2024,,Europe & Central Asia,High income,Not classified,14.4205,50.0878
1002,CZ,Czechia,Poverty headcount ratio at national poverty lines (% of population),2023,,Europe & Central Asia,High income,Not classified,14.4205,50.0878
1003,CZ,Czechia,Poverty headcount ratio at national poverty lines (% of population),2022,,Europe & Central Asia,High income,Not classified,14.4205,50.0878
1004,CZ,Czechia,Poverty headcount ratio at national poverty lines (% of population),2021,10.2,Europe & Central Asia,High income,Not classified,14.4205,50.0878
1005,CZ,Czechia,Poverty headcount ratio at national poverty lines (% of population),2020,8.6,Europe & Central Asia,High income,Not classified,14.4205,50.0878
1006,CZ,Czechia,Poverty headcount ratio at national poverty lines (% of population),2019,9.5,Europe & Central Asia,High income,Not classified,14.4205,50.0878
1007,CZ,Czechia,Poverty headcount ratio at national poverty lines (% of population),2018,10.1,Europe & Central Asia,High income,Not classified,14.4205,50.0878
1008,CZ,Czechia,Poverty headcount ratio at national poverty lines (% of population),2017,9.6,Europe & Central Asia,High income,Not classified,14.4205,50.0878
1009,CZ,Czechia,Poverty headcount ratio at national poverty lines (% of population),2016,9.1,Europe & Central Asia,High income,Not classified,14.4205,50.0878
1010,DK,Denmark,Poverty headcount ratio at national poverty lines (% of population),2025,,Europe & Central Asia,High income,Not classified,12.5681,55.6763
1011,DK,Denmark,Poverty headcount ratio at national poverty lines (% of population),2024,,Europe & Central Asia,High income,Not classified,12.5681,55.6763
1012,DK,Denmark,Poverty headcount ratio at national poverty lines (% of population),2023,,Europe & Central Asia,High income,Not classified,12.5681,55.6763
1013,DK,Denmark,Poverty headcount ratio at national poverty lines (% of population),2022,,Europe & Central Asia,High income,Not classified,12.5681,55.6763
1014,DK,Denmark,Poverty headcount ratio at national poverty lines (% of population),2021,12.4,Europe & Central Asia,High income,Not classified,12.5681,55.6763
1015,DK,Denmark,Poverty headcount ratio at national poverty lines (% of population),2020,12.3,Europe & Central Asia,High income,Not classified,12.5681,55.6763
1016,DK,Denmark,Poverty headcount ratio at national poverty lines (% of population),2019,12.1,Europe & Central Asia,High income,Not classified,12.5681,55.6763
1017,DK,Denmark,Poverty headcount ratio at national poverty lines (% of population),2018,,Europe & Central Asia,High income,Not classified,12.5681,55.6763
1018,DK,Denmark,Poverty headcount ratio at national poverty lines (% of population),2017,,Europe & Central Asia,High income,Not classified,12.5681,55.6763
1019,DK,Denmark,Poverty headcount ratio at national poverty lines (% of population),2016,,Europe & Central Asia,High income,Not classified,12.5681,55.6763
1020,DJ,Djibouti,Poverty headcount ratio at national poverty lines (% of population),2025,,"Middle East, North Africa, Afghanistan & Pakistan",Lower middle income,IDA,43.1425,11.5806
1021,DJ,Djibouti,Poverty headcount ratio at national poverty lines (% of population),2024,,"Middle East, North Africa, Afghanistan & Pakistan",Lower middle income,IDA,43.1425,11.5806
1022,DJ,Djibouti,Poverty headcount ratio at national poverty lines (% of population),2023,,"Middle East, North Africa, Afghanistan & Pakistan",Lower middle income,IDA,43.1425,11.5806
1023,DJ,Djibouti,Poverty headcount ratio at national poverty lines (% of population),2022,,"Middle East, North Africa, Afghanistan & Pakistan",Lower middle income,IDA,43.1425,11.5806
1024,DJ,Djibouti,Poverty headcount ratio at national poverty lines (% of population),2021,,"Middle East, North Africa, Afghanistan & Pakistan",Lower middle income,IDA,43.1425,11.5806
1025,DJ,Djibouti,Poverty headcount ratio at national poverty lines (% of population),2020,,"Middle East, North Africa, Afghanistan & Pakistan",Lower middle income,IDA,43.1425,11.5806
1026,DJ,Djibouti,Poverty headcount ratio at national poverty lines (% of population),2019,,"Middle East, North Africa, Afghanistan & Pakistan",Lower middle income,IDA,43.1425,11.5806
1027,DJ,Djibouti,Poverty headcount ratio at national poverty lines (% of population),2018,,"Middle East, North Africa, Afghanistan & Pakistan",Lower middle income,IDA,43.1425,11.5806
1028,DJ,Djibouti,Poverty headcount ratio at national poverty lines (% of population),2017,21.1,"Middle East, North Africa, Afghanistan & Pakistan",Lower middle income,IDA,43.1425,11.5806
1029,DJ,Djibouti,Poverty headcount ratio at national poverty lines (% of population),2016,,"Middle East, North Africa, Afghanistan & Pakistan",Lower middle income,IDA,43.1425,11.5806
1030,DM,Dominica,Poverty headcount ratio at national poverty lines (% of population),2025,,Latin America & Caribbean ,Upper middle income,Blend,-61.39,15.2976
1031,DM,Dominica,Poverty headcount ratio at national poverty lines (% of population),2024,,Latin America & Caribbean ,Upper middle income,Blend,-61.39,15.2976
1032,DM,Dominica,Poverty headcount ratio at national poverty lines (% of population),2023,,Latin America & Caribbean ,Upper middle income,Blend,-61.39,15.2976
1033,DM,Dominica,Poverty headcount ratio at national poverty lines (% of population),2022,,Latin America & Caribbean ,Upper middle income,Blend,-61.39,15.2976
1034,DM,Dominica,Poverty headcount ratio at national poverty lines (% of population),2021,,Latin America & Caribbean ,Upper middle income,Blend,-61.39,15.2976
1035,DM,Dominica,Poverty headcount ratio at national poverty lines (% of population),2020,,Latin America & Caribbean ,Upper middle income,Blend,-61.39,15.2976
1036,DM,Dominica,Poverty headcount ratio at national poverty lines (% of population),2019,,Latin America & Caribbean ,Upper middle income,Blend,-61.39,15.2976
1037,DM,Dominica,Poverty headcount ratio at national poverty lines (% of population),2018,,Latin America & Caribbean ,Upper middle income,Blend,-61.39,15.2976
1038,DM,Dominica,Poverty headcount ratio at national poverty lines (% of population),2017,,Latin America & Caribbean ,Upper middle income,Blend,-61.39,15.2976
1039,DM,Dominica,Poverty headcount ratio at national poverty lines (% of population),2016,,Latin America & Caribbean ,Upper middle income,Blend,-61.39,15.2976
1040,DO,Dominican Republic,Poverty headcount ratio at national poverty lines (% of population),2025,17.3,Latin America & Caribbean ,Upper middle income,IBRD,-69.8908,18.479
1041,DO,Dominican Republic,Poverty headcount ratio at national poverty lines (% of population),2024,19.0,Latin America & Caribbean ,Upper middle income,IBRD,-69.8908,18.479
1042,DO,Dominican Republic,Poverty headcount ratio at national poverty lines (% of population),2023,23.0,Latin America & Caribbean ,Upper middle income,IBRD,-69.8908,18.479
1043,DO,Dominican Republic,Poverty headcount ratio at national poverty lines (% of population),2022,27.7,Latin America & Caribbean ,Upper middle income,IBRD,-69.8908,18.479
1044,DO,Dominican Republic,Poverty headcount ratio at national poverty lines (% of population),2021,30.7,Latin America & Caribbean ,Upper middle income,IBRD,-69.8908,18.479
1045,DO,Dominican Republic,Poverty headcount ratio at national poverty lines (% of population),2020,30.4,Latin America & Caribbean ,Upper middle income,IBRD,-69.8908,18.479
1046,DO,Dominican Republic,Poverty headcount ratio at national poverty lines (% of population),2019,25.8,Latin America & Caribbean ,Upper middle income,IBRD,-69.8908,18.479
1047,DO,Dominican Republic,Poverty headcount ratio at national poverty lines (% of population),2018,28.3,Latin America & Caribbean ,Upper middle income,IBRD,-69.8908,18.479
1048,DO,Dominican Republic,Poverty headcount ratio at national poverty lines (% of population),2017,31.2,Latin America & Caribbean ,Upper middle income,IBRD,-69.8908,18.479
1049,DO,Dominican Republic,Poverty headcount ratio at national poverty lines (% of population),2016,34.8,Latin America & Caribbean ,Upper middle income,IBRD,-69.8908,18.479
1050,EC,Ecuador,Poverty headcount ratio at national poverty lines (% of population),2025,21.4,Latin America & Caribbean ,Upper middle income,IBRD,-78.5243,-0.229498
1051,EC,Ecuador,Poverty headcount ratio at national poverty lines (% of population),2024,28.0,Latin America & Caribbean ,Upper middle income,IBRD,-78.5243,-0.229498
1052,EC,Ecuador,Poverty headcount ratio at national poverty lines (% of population),2023,26.0,Latin America & Caribbean ,Upper middle income,IBRD,-78.5243,-0.229498
1053,EC,Ecuador,Poverty headcount ratio at national poverty lines (% of population),2022,25.2,Latin America & Caribbean ,Upper middle income,IBRD,-78.5243,-0.229498
1054,EC,Ecuador,Poverty headcount ratio at national poverty lines (% of population),2021,27.7,Latin America & Caribbean ,Upper middle income,IBRD,-78.5243,-0.229498
1055,EC,Ecuador,Poverty headcount ratio at national poverty lines (% of population),2020,33.0,Latin America & Caribbean ,Upper middle income,IBRD,-78.5243,-0.229498
1056,EC,Ecuador,Poverty headcount ratio at national poverty lines (% of population),2019,25.0,Latin America & Caribbean ,Upper middle income,IBRD,-78.5243,-0.229498
1057,EC,Ecuador,Poverty headcount ratio at national poverty lines (% of population),2018,23.2,Latin America & Caribbean ,Upper middle income,IBRD,-78.5243,-0.229498
1058,EC,Ecuador,Poverty headcount ratio at national poverty lines (% of population),2017,21.5,Latin America & Caribbean ,Upper middle income,IBRD,-78.5243,-0.229498
1059,EC,Ecuador,Poverty headcount ratio at national poverty lines (% of population),2016,22.9,Latin America & Caribbean ,Upper middle income,IBRD,-78.5243,-0.229498
1060,EG,"Egypt, Arab Rep.",Poverty headcount ratio at national poverty lines (% of population),2025,,"Middle East, North Africa, Afghanistan & Pakistan",Lower middle income,IBRD,31.2461,30.0982
1061,EG,"Egypt, Arab Rep.",Poverty headcount ratio at national poverty lines (% of population),2024,,"Middle East, North Africa, Afghanistan & Pakistan",Lower middle income,IBRD,31.2461,30.0982
1062,EG,"Egypt, Arab Rep.",Poverty headcount ratio at national poverty lines (% of population),2023,,"Middle East, North Africa, Afghanistan & Pakistan",Lower middle income,IBRD,31.2461,30.0982
1063,EG,"Egypt, Arab Rep.",Poverty headcount ratio at national poverty lines (% of population),2022,,"Middle East, North Africa, Afghanistan & Pakistan",Lower middle income,IBRD,31.2461,30.0982
1064,EG,"Egypt, Arab Rep.",Poverty headcount ratio at national poverty lines (% of population),2021,33.5,"Middle East, North Africa, Afghanistan & Pakistan",Lower middle income,IBRD,31.2461,30.0982
1065,EG,"Egypt, Arab Rep.",Poverty headcount ratio at national poverty lines (% of population),2020,,"Middle East, North Africa, Afghanistan & Pakistan",Lower middle income,IBRD,31.2461,30.0982
1066,EG,"Egypt, Arab Rep.",Poverty headcount ratio at national poverty lines (% of population),2019,,"Middle East, North Africa, Afghanistan & Pakistan",Lower middle income,IBRD,31.2461,30.0982
1067,EG,"Egypt, Arab Rep.",Poverty headcount ratio at national poverty lines (% of population),2018,,"Middle East, North Africa, Afghanistan & Pakistan",Lower middle income,IBRD,31.2461,30.0982
1068,EG,"Egypt, Arab Rep.",Poverty headcount ratio at national poverty lines (% of population),2017,,"Middle East, North Africa, Afghanistan & Pakistan",Lower middle income,IBRD,31.2461,30.0982
1069,EG,"Egypt, Arab Rep.",Poverty headcount ratio at national poverty lines (% of population),2016,,"Middle East, North Africa, Afghanistan & Pakistan",Lower middle income,IBRD,31.2461,30.0982
1070,SV,El Salvador,Poverty headcount ratio at national poverty lines (% of population),2025,,Latin America & Caribbean ,Upper middle income,IBRD,-89.2073,13.7034
1071,SV,El Salvador,Poverty headcount ratio at national poverty lines (% of population),2024,,Latin America & Caribbean ,Upper middle income,IBRD,-89.2073,13.7034
1072,SV,El Salvador,Poverty headcount ratio at national poverty lines (% of population),2023,27.2,Latin America & Caribbean ,Upper middle income,IBRD,-89.2073,13.7034
1073,SV,El Salvador,Poverty headcount ratio at national poverty lines (% of population),2022,26.6,Latin America & Caribbean ,Upper middle income,IBRD,-89.2073,13.7034
1074,SV,El Salvador,Poverty headcount ratio at national poverty lines (% of population),2021,24.6,Latin America & Caribbean ,Upper middle income,IBRD,-89.2073,13.7034
1075,SV,El Salvador,Poverty headcount ratio at national poverty lines (% of population),2020,26.2,Latin America & Caribbean ,Upper middle income,IBRD,-89.2073,13.7034
1076,SV,El Salvador,Poverty headcount ratio at national poverty lines (% of population),2019,,Latin America & Caribbean ,Upper middle income,IBRD,-89.2073,13.7034
1077,SV,El Salvador,Poverty headcount ratio at national poverty lines (% of population),2018,,Latin America & Caribbean ,Upper middle income,IBRD,-89.2073,13.7034
1078,SV,El Salvador,Poverty headcount ratio at national poverty lines (% of population),2017,,Latin America & Caribbean ,Upper middle income,IBRD,-89.2073,13.7034
1079,SV,El Salvador,Poverty headcount ratio at national poverty lines (% of population),2016,,Latin America & Caribbean ,Upper middle income,IBRD,-89.2073,13.7034
1080,GQ,Equatorial Guinea,Poverty headcount ratio at national poverty lines (% of population),2025,,Sub-Saharan Africa ,Upper middle income,IBRD,8.7741,3.7523
1081,GQ,Equatorial Guinea,Poverty headcount ratio at national poverty lines (% of population),2024,,Sub-Saharan Africa ,Upper middle income,IBRD,8.7741,3.7523
1082,GQ,Equatorial Guinea,Poverty headcount ratio at national poverty lines (% of population),2023,,Sub-Saharan Africa ,Upper middle income,IBRD,8.7741,3.7523
1083,GQ,Equatorial Guinea,Poverty headcount ratio at national poverty lines (% of population),2022,50.7,Sub-Saharan Africa ,Upper middle income,IBRD,8.7741,3.7523
1084,GQ,Equatorial Guinea,Poverty headcount ratio at national poverty lines (% of population),2021,,Sub-Saharan Africa ,Upper middle income,IBRD,8.7741,3.7523
1085,GQ,Equatorial Guinea,Poverty headcount ratio at national poverty lines (% of population),2020,,Sub-Saharan Africa ,Upper middle income,IBRD,8.7741,3.7523
1086,GQ,Equatorial Guinea,Poverty headcount ratio at national poverty lines (% of population),2019,,Sub-Saharan Africa ,Upper middle income,IBRD,8.7741,3.7523
1087,GQ,Equatorial Guinea,Poverty headcount ratio at national poverty lines (% of population),2018,,Sub-Saharan Africa ,Upper middle income,IBRD,8.7741,3.7523
1088,GQ,Equatorial Guinea,Poverty headcount ratio at national poverty lines (% of population),2017,,Sub-Saharan Africa ,Upper middle income,IBRD,8.7741,3.7523
1089,GQ,Equatorial Guinea,Poverty headcount ratio at national poverty lines (% of population),2016,,Sub-Saharan Africa ,Upper middle income,IBRD,8.7741,3.7523
1090,ER,Eritrea,Poverty headcount ratio at national poverty lines (% of population),2025,,Sub-Saharan Africa ,Low income,IDA,38.9183,15.3315
1091,ER,Eritrea,Poverty headcount ratio at national poverty lines (% of population),2024,,Sub-Saharan Africa ,Low income,IDA,38.9183,15.3315
1092,ER,Eritrea,Poverty headcount ratio at national poverty lines (% of population),2023,,Sub-Saharan Africa ,Low income,IDA,38.9183,15.3315
1093,ER,Eritrea,Poverty headcount ratio at national poverty lines (% of population),2022,,Sub-Saharan Africa ,Low income,IDA,38.9183,15.3315
1094,ER,Eritrea,Poverty headcount ratio at national poverty lines (% of population),2021,,Sub-Saharan Africa ,Low income,IDA,38.9183,15.3315
1095,ER,Eritrea,Poverty headcount ratio at national poverty lines (% of population),2020,,Sub-Saharan Africa ,Low income,IDA,38.9183,15.3315
1096,ER,Eritrea,Poverty headcount ratio at national poverty lines (% of population),2019,,Sub-Saharan Africa ,Low income,IDA,38.9183,15.3315
1097,ER,Eritrea,Poverty headcount ratio at national poverty lines (% of population),2018,,Sub-Saharan Africa ,Low income,IDA,38.9183,15.3315
1098,ER,Eritrea,Poverty headcount ratio at national poverty lines (% of population),2017,,Sub-Saharan Africa ,Low income,IDA,38.9183,15.3315
1099,ER,Eritrea,Poverty headcount ratio at national poverty lines (% of population),2016,,Sub-Saharan Africa ,Low income,IDA,38.9183,15.3315
1100,EE,Estonia,Poverty headcount ratio at national poverty lines (% of population),2025,,Europe & Central Asia,High income,Not classified,24.7586,59.4392
1101,EE,Estonia,Poverty headcount ratio at national poverty lines (% of population),2024,,Europe & Central Asia,High income,Not classified,24.7586,59.4392
1102,EE,Estonia,Poverty headcount ratio at national poverty lines (% of population),2023,,Europe & Central Asia,High income,Not classified,24.7586,59.4392
1103,EE,Estonia,Poverty headcount ratio at national poverty lines (% of population),2022,22.5,Europe & Central Asia,High income,Not classified,24.7586,59.4392
1104,EE,Estonia,Poverty headcount ratio at national poverty lines (% of population),2021,22.8,Europe & Central Asia,High income,Not classified,24.7586,59.4392
1105,EE,Estonia,Poverty headcount ratio at national poverty lines (% of population),2020,20.6,Europe & Central Asia,High income,Not classified,24.7586,59.4392
1106,EE,Estonia,Poverty headcount ratio at national poverty lines (% of population),2019,20.7,Europe & Central Asia,High income,Not classified,24.7586,59.4392
1107,EE,Estonia,Poverty headcount ratio at national poverty lines (% of population),2018,21.7,Europe & Central Asia,High income,Not classified,24.7586,59.4392
1108,EE,Estonia,Poverty headcount ratio at national poverty lines (% of population),2017,21.9,Europe & Central Asia,High income,Not classified,24.7586,59.4392
1109,EE,Estonia,Poverty headcount ratio at national poverty lines (% of population),2016,21.0,Europe & Central Asia,High income,Not classified,24.7586,59.4392
1110,SZ,Eswatini,Poverty headcount ratio at national poverty lines (% of population),2025,,Sub-Saharan Africa ,Lower middle income,Blend,31.4659,-26.5225
1111,SZ,Eswatini,Poverty headcount ratio at national poverty lines (% of population),2024,,Sub-Saharan Africa ,Lower middle income,Blend,31.4659,-26.5225
1112,SZ,Eswatini,Poverty headcount ratio at national poverty lines (% of population),2023,,Sub-Saharan Africa ,Lower middle income,Blend,31.4659,-26.5225
1113,SZ,Eswatini,Poverty headcount ratio at national poverty lines (% of population),2022,,Sub-Saharan Africa ,Lower middle income,Blend,31.4659,-26.5225
1114,SZ,Eswatini,Poverty headcount ratio at national poverty lines (% of population),2021,,Sub-Saharan Africa ,Lower middle income,Blend,31.4659,-26.5225
1115,SZ,Eswatini,Poverty headcount ratio at national poverty lines (% of population),2020,,Sub-Saharan Africa ,Lower middle income,Blend,31.4659,-26.5225
1116,SZ,Eswatini,Poverty headcount ratio at national poverty lines (% of population),2019,,Sub-Saharan Africa ,Lower middle income,Blend,31.4659,-26.5225
1117,SZ,Eswatini,Poverty headcount ratio at national poverty lines (% of population),2018,,Sub-Saharan Africa ,Lower middle income,Blend,31.4659,-26.5225
1118,SZ,Eswatini,Poverty headcount ratio at national poverty lines (% of population),2017,,Sub-Saharan Africa ,Lower middle income,Blend,31.4659,-26.5225
1119,SZ,Eswatini,Poverty headcount ratio at national poverty lines (% of population),2016,58.9,Sub-Saharan Africa ,Lower middle income,Blend,31.4659,-26.5225
1120,ET,Ethiopia,Poverty headcount ratio at national poverty lines (% of population),2025,,Sub-Saharan Africa ,Low income,IDA,38.7468,9.02274
1121,ET,Ethiopia,Poverty headcount ratio at national poverty lines (% of population),2024,,Sub-Saharan Africa ,Low income,IDA,38.7468,9.02274
1122,ET,Ethiopia,Poverty headcount ratio at national poverty lines (% of population),2023,,Sub-Saharan Africa ,Low income,IDA,38.7468,9.02274
1123,ET,Ethiopia,Poverty headcount ratio at national poverty lines (% of population),2022,,Sub-Saharan Africa ,Low income,IDA,38.7468,9.02274
1124,ET,Ethiopia,Poverty headcount ratio at national poverty lines (% of population),2021,33.1,Sub-Saharan Africa ,Low income,IDA,38.7468,9.02274
1125,ET,Ethiopia,Poverty headcount ratio at national poverty lines (% of population),2020,,Sub-Saharan Africa ,Low income,IDA,38.7468,9.02274
1126,ET,Ethiopia,Poverty headcount ratio at national poverty lines (% of population),2019,,Sub-Saharan Africa ,Low income,IDA,38.7468,9.02274
1127,ET,Ethiopia,Poverty headcount ratio at national poverty lines (% of population),2018,,Sub-Saharan Africa ,Low income,IDA,38.7468,9.02274
1128,ET,Ethiopia,Poverty headcount ratio at national poverty lines (% of population),2017,,Sub-Saharan Africa ,Low income,IDA,38.7468,9.02274
1129,ET,Ethiopia,Poverty headcount ratio at national poverty lines (% of population),2016,,Sub-Saharan Africa ,Low income,IDA,38.7468,9.02274
1130,FO,Faroe Islands,Poverty headcount ratio at national poverty lines (% of population),2025,,Europe & Central Asia,High income,Not classified,-6.91181,61.8926
1131,FO,Faroe Islands,Poverty headcount ratio at national poverty lines (% of population),2024,,Europe & Central Asia,High income,Not classified,-6.91181,61.8926
1132,FO,Faroe Islands,Poverty headcount ratio at national poverty lines (% of population),2023,,Europe & Central Asia,High income,Not classified,-6.91181,61.8926
1133,FO,Faroe Islands,Poverty headcount ratio at national poverty lines (% of population),2022,,Europe & Central Asia,High income,Not classified,-6.91181,61.8926
1134,FO,Faroe Islands,Poverty headcount ratio at national poverty lines (% of population),2021,,Europe & Central Asia,High income,Not classified,-6.91181,61.8926
1135,FO,Faroe Islands,Poverty headcount ratio at national poverty lines (% of population),2020,,Europe & Central Asia,High income,Not classified,-6.91181,61.8926
1136,FO,Faroe Islands,Poverty headcount ratio at national poverty lines (% of population),2019,,Europe & Central Asia,High income,Not classified,-6.91181,61.8926
1137,FO,Faroe Islands,Poverty headcount ratio at national poverty lines (% of population),2018,,Europe & Central Asia,High income,Not classified,-6.91181,61.8926
1138,FO,Faroe Islands,Poverty headcount ratio at national poverty lines (% of population),2017,,Europe & Central Asia,High income,Not classified,-6.91181,61.8926
1139,FO,Faroe Islands,Poverty headcount ratio at national poverty lines (% of population),2016,,Europe & Central Asia,High income,Not classified,-6.91181,61.8926
1140,FJ,Fiji,Poverty headcount ratio at national poverty lines (% of population),2025,,East Asia & Pacific,Upper middle income,Blend,178.399,-18.1149
1141,FJ,Fiji,Poverty headcount ratio at national poverty lines (% of population),2024,,East Asia & Pacific,Upper middle income,Blend,178.399,-18.1149
1142,FJ,Fiji,Poverty headcount ratio at national poverty lines (% of population),2023,,East Asia & Pacific,Upper middle income,Blend,178.399,-18.1149
1143,FJ,Fiji,Poverty headcount ratio at national poverty lines (% of population),2022,,East Asia & Pacific,Upper middle income,Blend,178.399,-18.1149
1144,FJ,Fiji,Poverty headcount ratio at national poverty lines (% of population),2021,,East Asia & Pacific,Upper middle income,Blend,178.399,-18.1149
1145,FJ,Fiji,Poverty headcount ratio at national poverty lines (% of population),2020,,East Asia & Pacific,Upper middle income,Blend,178.399,-18.1149
1146,FJ,Fiji,Poverty headcount ratio at national poverty lines (% of population),2019,24.1,East Asia & Pacific,Upper middle income,Blend,178.399,-18.1149
1147,FJ,Fiji,Poverty headcount ratio at national poverty lines (% of population),2018,,East Asia & Pacific,Upper middle income,Blend,178.399,-18.1149
1148,FJ,Fiji,Poverty headcount ratio at national poverty lines (% of population),2017,,East Asia & Pacific,Upper middle income,Blend,178.399,-18.1149
1149,FJ,Fiji,Poverty headcount ratio at national poverty lines (% of population),2016,,East Asia & Pacific,Upper middle income,Blend,178.399,-18.1149
1150,FI,Finland,Poverty headcount ratio at national poverty lines (% of population),2025,,Europe & Central Asia,High income,Not classified,24.9525,60.1608
1151,FI,Finland,Poverty headcount ratio at national poverty lines (% of population),2024,,Europe & Central Asia,High income,Not classified,24.9525,60.1608
1152,FI,Finland,Poverty headcount ratio at national poverty lines (% of population),2023,,Europe & Central Asia,High income,Not classified,24.9525,60.1608
1153,FI,Finland,Poverty headcount ratio at national poverty lines (% of population),2022,12.2,Europe & Central Asia,High income,Not classified,24.9525,60.1608
1154,FI,Finland,Poverty headcount ratio at national poverty lines (% of population),2021,12.7,Europe & Central Asia,High income,Not classified,24.9525,60.1608
1155,FI,Finland,Poverty headcount ratio at national poverty lines (% of population),2020,10.8,Europe & Central Asia,High income,Not classified,24.9525,60.1608
1156,FI,Finland,Poverty headcount ratio at national poverty lines (% of population),2019,12.2,Europe & Central Asia,High income,Not classified,24.9525,60.1608
1157,FI,Finland,Poverty headcount ratio at national poverty lines (% of population),2018,11.6,Europe & Central Asia,High income,Not classified,24.9525,60.1608
1158,FI,Finland,Poverty headcount ratio at national poverty lines (% of population),2017,12.0,Europe & Central Asia,High income,Not classified,24.9525,60.1608
1159,FI,Finland,Poverty headcount ratio at national poverty lines (% of population),2016,11.5,Europe & Central Asia,High income,Not classified,24.9525,60.1608
1160,FR,France,Poverty headcount ratio at national poverty lines (% of population),2025,,Europe & Central Asia,High income,Not classified,2.35097,48.8566
1161,FR,France,Poverty headcount ratio at national poverty lines (% of population),2024,,Europe & Central Asia,High income,Not classified,2.35097,48.8566
1162,FR,France,Poverty headcount ratio at national poverty lines (% of population),2023,,Europe & Central Asia,High income,Not classified,2.35097,48.8566
1163,FR,France,Poverty headcount ratio at national poverty lines (% of population),2022,,Europe & Central Asia,High income,Not classified,2.35097,48.8566
1164,FR,France,Poverty headcount ratio at national poverty lines (% of population),2021,15.6,Europe & Central Asia,High income,Not classified,2.35097,48.8566
1165,FR,France,Poverty headcount ratio at national poverty lines (% of population),2020,,Europe & Central Asia,High income,Not classified,2.35097,48.8566
1166,FR,France,Poverty headcount ratio at national poverty lines (% of population),2019,,Europe & Central Asia,High income,Not classified,2.35097,48.8566
1167,FR,France,Poverty headcount ratio at national poverty lines (% of population),2018,,Europe & Central Asia,High income,Not classified,2.35097,48.8566
1168,FR,France,Poverty headcount ratio at national poverty lines (% of population),2017,,Europe & Central Asia,High income,Not classified,2.35097,48.8566
1169,FR,France,Poverty headcount ratio at national poverty lines (% of population),2016,,Europe & Central Asia,High income,Not classified,2.35097,48.8566
1170,PF,French Polynesia,Poverty headcount ratio at national poverty lines (% of population),2025,,East Asia & Pacific,High income,Not classified,-149.57,-17.535
1171,PF,French Polynesia,Poverty headcount ratio at national poverty lines (% of population),2024,,East Asia & Pacific,High income,Not classified,-149.57,-17.535
1172,PF,French Polynesia,Poverty headcount ratio at national poverty lines (% of population),2023,,East Asia & Pacific,High income,Not classified,-149.57,-17.535
1173,PF,French Polynesia,Poverty headcount ratio at national poverty lines (% of population),2022,,East Asia & Pacific,High income,Not classified,-149.57,-17.535
1174,PF,French Polynesia,Poverty headcount ratio at national poverty lines (% of population),2021,,East Asia & Pacific,High income,Not classified,-149.57,-17.535
1175,PF,French Polynesia,Poverty headcount ratio at national poverty lines (% of population),2020,,East Asia & Pacific,High income,Not classified,-149.57,-17.535
1176,PF,French Polynesia,Poverty headcount ratio at national poverty lines (% of population),2019,,East Asia & Pacific,High income,Not classified,-149.57,-17.535
1177,PF,French Polynesia,Poverty headcount ratio at national poverty lines (% of population),2018,,East Asia & Pacific,High income,Not classified,-149.57,-17.535
1178,PF,French Polynesia,Poverty headcount ratio at national poverty lines (% of population),2017,,East Asia & Pacific,High income,Not classified,-149.57,-17.535
1179,PF,French Polynesia,Poverty headcount ratio at national poverty lines (% of population),2016,,East Asia & Pacific,High income,Not classified,-149.57,-17.535
1180,GA,Gabon,Poverty headcount ratio at national poverty lines (% of population),2025,,Sub-Saharan Africa ,Upper middle income,IBRD,9.45162,0.38832
1181,GA,Gabon,Poverty headcount ratio at national poverty lines (% of population),2024,,Sub-Saharan Africa ,Upper middle income,IBRD,9.45162,0.38832
1182,GA,Gabon,Poverty headcount ratio at national poverty lines (% of population),2023,,Sub-Saharan Africa ,Upper middle income,IBRD,9.45162,0.38832
1183,GA,Gabon,Poverty headcount ratio at national poverty lines (% of population),2022,,Sub-Saharan Africa ,Upper middle income,IBRD,9.45162,0.38832
1184,GA,Gabon,Poverty headcount ratio at national poverty lines (% of population),2021,,Sub-Saharan Africa ,Upper middle income,IBRD,9.45162,0.38832
1185,GA,Gabon,Poverty headcount ratio at national poverty lines (% of population),2020,,Sub-Saharan Africa ,Upper middle income,IBRD,9.45162,0.38832
1186,GA,Gabon,Poverty headcount ratio at national poverty lines (% of population),2019,,Sub-Saharan Africa ,Upper middle income,IBRD,9.45162,0.38832
1187,GA,Gabon,Poverty headcount ratio at national poverty lines (% of population),2018,,Sub-Saharan Africa ,Upper middle income,IBRD,9.45162,0.38832
1188,GA,Gabon,Poverty headcount ratio at national poverty lines (% of population),2017,33.4,Sub-Saharan Africa ,Upper middle income,IBRD,9.45162,0.38832
1189,GA,Gabon,Poverty headcount ratio at national poverty lines (% of population),2016,,Sub-Saharan Africa ,Upper middle income,IBRD,9.45162,0.38832
1190,GM,"Gambia, The",Poverty headcount ratio at national poverty lines (% of population),2025,,Sub-Saharan Africa ,Low income,IDA,-16.5885,13.4495
1191,GM,"Gambia, The",Poverty headcount ratio at national poverty lines (% of population),2024,,Sub-Saharan Africa ,Low income,IDA,-16.5885,13.4495
1192,GM,"Gambia, The",Poverty headcount ratio at national poverty lines (% of population),2023,,Sub-Saharan Africa ,Low income,IDA,-16.5885,13.4495
1193,GM,"Gambia, The",Poverty headcount ratio at national poverty lines (% of population),2022,,Sub-Saharan Africa ,Low income,IDA,-16.5885,13.4495
1194,GM,"Gambia, The",Poverty headcount ratio at national poverty lines (% of population),2021,,Sub-Saharan Africa ,Low income,IDA,-16.5885,13.4495
1195,GM,"Gambia, The",Poverty headcount ratio at national poverty lines (% of population),2020,53.4,Sub-Saharan Africa ,Low income,IDA,-16.5885,13.4495
1196,GM,"Gambia, The",Poverty headcount ratio at national poverty lines (% of population),2019,,Sub-Saharan Africa ,Low income,IDA,-16.5885,13.4495
1197,GM,"Gambia, The",Poverty headcount ratio at national poverty lines (% of population),2018,,Sub-Saharan Africa ,Low income,IDA,-16.5885,13.4495
1198,GM,"Gambia, The",Poverty headcount ratio at national poverty lines (% of population),2017,,Sub-Saharan Africa ,Low income,IDA,-16.5885,13.4495
1199,GM,"Gambia, The",Poverty headcount ratio at national poverty lines (% of population),2016,,Sub-Saharan Africa ,Low income,IDA,-16.5885,13.4495
1200,GE,Georgia,Poverty headcount ratio at national poverty lines (% of population),2025,,Europe & Central Asia,Upper middle income,IBRD,44.793,41.71
1201,GE,Georgia,Poverty headcount ratio at national poverty lines (% of population),2024,9.4,Europe & Central Asia,Upper middle income,IBRD,44.793,41.71
1202,GE,Georgia,Poverty headcount ratio at national poverty lines (% of population),2023,11.8,Europe & Central Asia,Upper middle income,IBRD,44.793,41.71
1203,GE,Georgia,Poverty headcount ratio at national poverty lines (% of population),2022,15.6,Europe & Central Asia,Upper middle income,IBRD,44.793,41.71
1204,GE,Georgia,Poverty headcount ratio at national poverty lines (% of population),2021,17.5,Europe & Central Asia,Upper middle income,IBRD,44.793,41.71
1205,GE,Georgia,Poverty headcount ratio at national poverty lines (% of population),2020,21.3,Europe & Central Asia,Upper middle income,IBRD,44.793,41.71
1206,GE,Georgia,Poverty headcount ratio at national poverty lines (% of population),2019,19.5,Europe & Central Asia,Upper middle income,IBRD,44.793,41.71
1207,GE,Georgia,Poverty headcount ratio at national poverty lines (% of population),2018,20.1,Europe & Central Asia,Upper middle income,IBRD,44.793,41.71
1208,GE,Georgia,Poverty headcount ratio at national poverty lines (% of population),2017,21.9,Europe & Central Asia,Upper middle income,IBRD,44.793,41.71
1209,GE,Georgia,Poverty headcount ratio at national poverty lines (% of population),2016,22.0,Europe & Central Asia,Upper middle income,IBRD,44.793,41.71
1210,DE,Germany,Poverty headcount ratio at national poverty lines (% of population),2025,,Europe & Central Asia,High income,Not classified,13.4115,52.5235
1211,DE,Germany,Poverty headcount ratio at national poverty lines (% of population),2024,,Europe & Central Asia,High income,Not classified,13.4115,52.5235
1212,DE,Germany,Poverty headcount ratio at national poverty lines (% of population),2023,,Europe & Central Asia,High income,Not classified,13.4115,52.5235
1213,DE,Germany,Poverty headcount ratio at national poverty lines (% of population),2022,,Europe & Central Asia,High income,Not classified,13.4115,52.5235
1214,DE,Germany,Poverty headcount ratio at national poverty lines (% of population),2021,14.8,Europe & Central Asia,High income,Not classified,13.4115,52.5235
1215,DE,Germany,Poverty headcount ratio at national poverty lines (% of population),2020,16.0,Europe & Central Asia,High income,Not classified,13.4115,52.5235
1216,DE,Germany,Poverty headcount ratio at national poverty lines (% of population),2019,16.1,Europe & Central Asia,High income,Not classified,13.4115,52.5235
1217,DE,Germany,Poverty headcount ratio at national poverty lines (% of population),2018,,Europe & Central Asia,High income,Not classified,13.4115,52.5235
1218,DE,Germany,Poverty headcount ratio at national poverty lines (% of population),2017,,Europe & Central Asia,High income,Not classified,13.4115,52.5235
1219,DE,Germany,Poverty headcount ratio at national poverty lines (% of population),2016,,Europe & Central Asia,High income,Not classified,13.4115,52.5235
1220,GH,Ghana,Poverty headcount ratio at national poverty lines (% of population),2025,,Sub-Saharan Africa ,Lower middle income,IDA,-0.20795,5.57045
1221,GH,Ghana,Poverty headcount ratio at national poverty lines (% of population),2024,,Sub-Saharan Africa ,Lower middle income,IDA,-0.20795,5.57045
1222,GH,Ghana,Poverty headcount ratio at national poverty lines (% of population),2023,,Sub-Saharan Africa ,Lower middle income,IDA,-0.20795,5.57045
1223,GH,Ghana,Poverty headcount ratio at national poverty lines (% of population),2022,,Sub-Saharan Africa ,Lower middle income,IDA,-0.20795,5.57045
1224,GH,Ghana,Poverty headcount ratio at national poverty lines (% of population),2021,,Sub-Saharan Africa ,Lower middle income,IDA,-0.20795,5.57045
1225,GH,Ghana,Poverty headcount ratio at national poverty lines (% of population),2020,,Sub-Saharan Africa ,Lower middle income,IDA,-0.20795,5.57045
1226,GH,Ghana,Poverty headcount ratio at national poverty lines (% of population),2019,,Sub-Saharan Africa ,Lower middle income,IDA,-0.20795,5.57045
1227,GH,Ghana,Poverty headcount ratio at national poverty lines (% of population),2018,,Sub-Saharan Africa ,Lower middle income,IDA,-0.20795,5.57045
1228,GH,Ghana,Poverty headcount ratio at national poverty lines (% of population),2017,,Sub-Saharan Africa ,Lower middle income,IDA,-0.20795,5.57045
1229,GH,Ghana,Poverty headcount ratio at national poverty lines (% of population),2016,23.4,Sub-Saharan Africa ,Lower middle income,IDA,-0.20795,5.57045
1230,GI,Gibraltar,Poverty headcount ratio at national poverty lines (% of population),2025,,Europe & Central Asia,High income,Not classified,,
1231,GI,Gibraltar,Poverty headcount ratio at national poverty lines (% of population),2024,,Europe & Central Asia,High income,Not classified,,
1232,GI,Gibraltar,Poverty headcount ratio at national poverty lines (% of population),2023,,Europe & Central Asia,High income,Not classified,,
1233,GI,Gibraltar,Poverty headcount ratio at national poverty lines (% of population),2022,,Europe & Central Asia,High income,Not classified,,
1234,GI,Gibraltar,Poverty headcount ratio at national poverty lines (% of population),2021,,Europe & Central Asia,High income,Not classified,,
1235,GI,Gibraltar,Poverty headcount ratio at national poverty lines (% of population),2020,,Europe & Central Asia,High income,Not classified,,
1236,GI,Gibraltar,Poverty headcount ratio at national poverty lines (% of population),2019,,Europe & Central Asia,High income,Not classified,,
1237,GI,Gibraltar,Poverty headcount ratio at national poverty lines (% of population),2018,,Europe & Central Asia,High income,Not classified,,
1238,GI,Gibraltar,Poverty headcount ratio at national poverty lines (% of population),2017,,Europe & Central Asia,High income,Not classified,,
1239,GI,Gibraltar,Poverty headcount ratio at national poverty lines (% of population),2016,,Europe & Central Asia,High income,Not classified,,
1240,GR,Greece,Poverty headcount ratio at national poverty lines (% of population),2025,,Europe & Central Asia,High income,Not classified,23.7166,37.9792
1241,GR,Greece,Poverty headcount ratio at national poverty lines (% of population),2024,,Europe & Central Asia,High income,Not classified,23.7166,37.9792
1242,GR,Greece,Poverty headcount ratio at national poverty lines (% of population),2023,,Europe & Central Asia,High income,Not classified,23.7166,37.9792
1243,GR,Greece,Poverty headcount ratio at national poverty lines (% of population),2022,,Europe & Central Asia,High income,Not classified,23.7166,37.9792
1244,GR,Greece,Poverty headcount ratio at national poverty lines (% of population),2021,18.8,Europe & Central Asia,High income,Not classified,23.7166,37.9792
1245,GR,Greece,Poverty headcount ratio at national poverty lines (% of population),2020,19.6,Europe & Central Asia,High income,Not classified,23.7166,37.9792
1246,GR,Greece,Poverty headcount ratio at national poverty lines (% of population),2019,17.7,Europe & Central Asia,High income,Not classified,23.7166,37.9792
1247,GR,Greece,Poverty headcount ratio at national poverty lines (% of population),2018,17.9,Europe & Central Asia,High income,Not classified,23.7166,37.9792
1248,GR,Greece,Poverty headcount ratio at national poverty lines (% of population),2017,18.5,Europe & Central Asia,High income,Not classified,23.7166,37.9792
1249,GR,Greece,Poverty headcount ratio at national poverty lines (% of population),2016,20.2,Europe & Central Asia,High income,Not classified,23.7166,37.9792
1250,GL,Greenland,Poverty headcount ratio at national poverty lines (% of population),2025,,Europe & Central Asia,High income,Not classified,-51.7214,64.1836
1251,GL,Greenland,Poverty headcount ratio at national poverty lines (% of population),2024,,Europe & Central Asia,High income,Not classified,-51.7214,64.1836
1252,GL,Greenland,Poverty headcount ratio at national poverty lines (% of population),2023,,Europe & Central Asia,High income,Not classified,-51.7214,64.1836
1253,GL,Greenland,Poverty headcount ratio at national poverty lines (% of population),2022,,Europe & Central Asia,High income,Not classified,-51.7214,64.1836
1254,GL,Greenland,Poverty headcount ratio at national poverty lines (% of population),2021,,Europe & Central Asia,High income,Not classified,-51.7214,64.1836
1255,GL,Greenland,Poverty headcount ratio at national poverty lines (% of population),2020,,Europe & Central Asia,High income,Not classified,-51.7214,64.1836
1256,GL,Greenland,Poverty headcount ratio at national poverty lines (% of population),2019,,Europe & Central Asia,High income,Not classified,-51.7214,64.1836
1257,GL,Greenland,Poverty headcount ratio at national poverty lines (% of population),2018,,Europe & Central Asia,High income,Not classified,-51.7214,64.1836
1258,GL,Greenland,Poverty headcount ratio at national poverty lines (% of population),2017,,Europe & Central Asia,High income,Not classified,-51.7214,64.1836
1259,GL,Greenland,Poverty headcount ratio at national poverty lines (% of population),2016,,Europe & Central Asia,High income,Not classified,-51.7214,64.1836
1260,GD,Grenada,Poverty headcount ratio at national poverty lines (% of population),2025,,Latin America & Caribbean ,Upper middle income,Blend,-61.7449,12.0653
1261,GD,Grenada,Poverty headcount ratio at national poverty lines (% of population),2024,,Latin America & Caribbean ,Upper middle income,Blend,-61.7449,12.0653
1262,GD,Grenada,Poverty headcount ratio at national poverty lines (% of population),2023,,Latin America & Caribbean ,Upper middle income,Blend,-61.7449,12.0653
1263,GD,Grenada,Poverty headcount ratio at national poverty lines (% of population),2022,,Latin America & Caribbean ,Upper middle income,Blend,-61.7449,12.0653
1264,GD,Grenada,Poverty headcount ratio at national poverty lines (% of population),2021,,Latin America & Caribbean ,Upper middle income,Blend,-61.7449,12.0653
1265,GD,Grenada,Poverty headcount ratio at national poverty lines (% of population),2020,,Latin America & Caribbean ,Upper middle income,Blend,-61.7449,12.0653
1266,GD,Grenada,Poverty headcount ratio at national poverty lines (% of population),2019,,Latin America & Caribbean ,Upper middle income,Blend,-61.7449,12.0653
1267,GD,Grenada,Poverty headcount ratio at national poverty lines (% of population),2018,25.0,Latin America & Caribbean ,Upper middle income,Blend,-61.7449,12.0653
1268,GD,Grenada,Poverty headcount ratio at national poverty lines (% of population),2017,,Latin America & Caribbean ,Upper middle income,Blend,-61.7449,12.0653
1269,GD,Grenada,Poverty headcount ratio at national poverty lines (% of population),2016,,Latin America & Caribbean ,Upper middle income,Blend,-61.7449,12.0653
1270,GU,Guam,Poverty headcount ratio at national poverty lines (% of population),2025,,East Asia & Pacific,High income,Not classified,144.794,13.4443
1271,GU,Guam,Poverty headcount ratio at national poverty lines (% of population),2024,,East Asia & Pacific,High income,Not classified,144.794,13.4443
1272,GU,Guam,Poverty headcount ratio at national poverty lines (% of population),2023,,East Asia & Pacific,High income,Not classified,144.794,13.4443
1273,GU,Guam,Poverty headcount ratio at national poverty lines (% of population),2022,,East Asia & Pacific,High income,Not classified,144.794,13.4443
1274,GU,Guam,Poverty headcount ratio at national poverty lines (% of population),2021,,East Asia & Pacific,High income,Not classified,144.794,13.4443
1275,GU,Guam,Poverty headcount ratio at national poverty lines (% of population),2020,,East Asia & Pacific,High income,Not classified,144.794,13.4443
1276,GU,Guam,Poverty headcount ratio at national poverty lines (% of population),2019,,East Asia & Pacific,High income,Not classified,144.794,13.4443
1277,GU,Guam,Poverty headcount ratio at national poverty lines (% of population),2018,,East Asia & Pacific,High income,Not classified,144.794,13.4443
1278,GU,Guam,Poverty headcount ratio at national poverty lines (% of population),2017,,East Asia & Pacific,High income,Not classified,144.794,13.4443
1279,GU,Guam,Poverty headcount ratio at national poverty lines (% of population),2016,,East Asia & Pacific,High income,Not classified,144.794,13.4443
1280,GT,Guatemala,Poverty headcount ratio at national poverty lines (% of population),2025,,Latin America & Caribbean ,Upper middle income,IBRD,-90.5328,14.6248
1281,GT,Guatemala,Poverty headcount ratio at national poverty lines (% of population),2024,,Latin America & Caribbean ,Upper middle income,IBRD,-90.5328,14.6248
1282,GT,Guatemala,Poverty headcount ratio at national poverty lines (% of population),2023,56.0,Latin America & Caribbean ,Upper middle income,IBRD,-90.5328,14.6248
1283,GT,Guatemala,Poverty headcount ratio at national poverty lines (% of population),2022,,Latin America & Caribbean ,Upper middle income,IBRD,-90.5328,14.6248
1284,GT,Guatemala,Poverty headcount ratio at national poverty lines (% of population),2021,,Latin America & Caribbean ,Upper middle income,IBRD,-90.5328,14.6248
1285,GT,Guatemala,Poverty headcount ratio at national poverty lines (% of population),2020,,Latin America & Caribbean ,Upper middle income,IBRD,-90.5328,14.6248
1286,GT,Guatemala,Poverty headcount ratio at national poverty lines (% of population),2019,,Latin America & Caribbean ,Upper middle income,IBRD,-90.5328,14.6248
1287,GT,Guatemala,Poverty headcount ratio at national poverty lines (% of population),2018,,Latin America & Caribbean ,Upper middle income,IBRD,-90.5328,14.6248
1288,GT,Guatemala,Poverty headcount ratio at national poverty lines (% of population),2017,,Latin America & Caribbean ,Upper middle income,IBRD,-90.5328,14.6248
1289,GT,Guatemala,Poverty headcount ratio at national poverty lines (% of population),2016,,Latin America & Caribbean ,Upper middle income,IBRD,-90.5328,14.6248
1290,GN,Guinea,Poverty headcount ratio at national poverty lines (% of population),2025,,Sub-Saharan Africa ,Lower middle income,IDA,-13.7,9.51667
1291,GN,Guinea,Poverty headcount ratio at national poverty lines (% of population),2024,,Sub-Saharan Africa ,Lower middle income,IDA,-13.7,9.51667
1292,GN,Guinea,Poverty headcount ratio at national poverty lines (% of population),2023,,Sub-Saharan Africa ,Lower middle income,IDA,-13.7,9.51667
1293,GN,Guinea,Poverty headcount ratio at national poverty lines (% of population),2022,,Sub-Saharan Africa ,Lower middle income,IDA,-13.7,9.51667
1294,GN,Guinea,Poverty headcount ratio at national poverty lines (% of population),2021,,Sub-Saharan Africa ,Lower middle income,IDA,-13.7,9.51667
1295,GN,Guinea,Poverty headcount ratio at national poverty lines (% of population),2020,,Sub-Saharan Africa ,Lower middle income,IDA,-13.7,9.51667
1296,GN,Guinea,Poverty headcount ratio at national poverty lines (% of population),2019,,Sub-Saharan Africa ,Lower middle income,IDA,-13.7,9.51667
1297,GN,Guinea,Poverty headcount ratio at national poverty lines (% of population),2018,43.7,Sub-Saharan Africa ,Lower middle income,IDA,-13.7,9.51667
1298,GN,Guinea,Poverty headcount ratio at national poverty lines (% of population),2017,,Sub-Saharan Africa ,Lower middle income,IDA,-13.7,9.51667
1299,GN,Guinea,Poverty headcount ratio at national poverty lines (% of population),2016,,Sub-Saharan Africa ,Lower middle income,IDA,-13.7,9.51667
1300,GW,Guinea-Bissau,Poverty headcount ratio at national poverty lines (% of population),2025,,Sub-Saharan Africa ,Low income,IDA,-15.1804,11.8037
1301,GW,Guinea-Bissau,Poverty headcount ratio at national poverty lines (% of population),2024,,Sub-Saharan Africa ,Low income,IDA,-15.1804,11.8037
1302,GW,Guinea-Bissau,Poverty headcount ratio at national poverty lines (% of population),2023,,Sub-Saharan Africa ,Low income,IDA,-15.1804,11.8037
1303,GW,Guinea-Bissau,Poverty headcount ratio at national poverty lines (% of population),2022,,Sub-Saharan Africa ,Low income,IDA,-15.1804,11.8037
1304,GW,Guinea-Bissau,Poverty headcount ratio at national poverty lines (% of population),2021,50.5,Sub-Saharan Africa ,Low income,IDA,-15.1804,11.8037
1305,GW,Guinea-Bissau,Poverty headcount ratio at national poverty lines (% of population),2020,,Sub-Saharan Africa ,Low income,IDA,-15.1804,11.8037
1306,GW,Guinea-Bissau,Poverty headcount ratio at national poverty lines (% of population),2019,,Sub-Saharan Africa ,Low income,IDA,-15.1804,11.8037
1307,GW,Guinea-Bissau,Poverty headcount ratio at national poverty lines (% of population),2018,47.7,Sub-Saharan Africa ,Low income,IDA,-15.1804,11.8037
1308,GW,Guinea-Bissau,Poverty headcount ratio at national poverty lines (% of population),2017,,Sub-Saharan Africa ,Low income,IDA,-15.1804,11.8037
1309,GW,Guinea-Bissau,Poverty headcount ratio at national poverty lines (% of population),2016,,Sub-Saharan Africa ,Low income,IDA,-15.1804,11.8037
1310,GY,Guyana,Poverty headcount ratio at national poverty lines (% of population),2025,,Latin America & Caribbean ,High income,IDA,-58.1548,6.80461
1311,GY,Guyana,Poverty headcount ratio at national poverty lines (% of population),2024,,Latin America & Caribbean ,High income,IDA,-58.1548,6.80461
1312,GY,Guyana,Poverty headcount ratio at national poverty lines (% of population),2023,,Latin America & Caribbean ,High income,IDA,-58.1548,6.80461
1313,GY,Guyana,Poverty headcount ratio at national poverty lines (% of population),2022,,Latin America & Caribbean ,High income,IDA,-58.1548,6.80461
1314,GY,Guyana,Poverty headcount ratio at national poverty lines (% of population),2021,,Latin America & Caribbean ,High income,IDA,-58.1548,6.80461
1315,GY,Guyana,Poverty headcount ratio at national poverty lines (% of population),2020,,Latin America & Caribbean ,High income,IDA,-58.1548,6.80461
1316,GY,Guyana,Poverty headcount ratio at national poverty lines (% of population),2019,,Latin America & Caribbean ,High income,IDA,-58.1548,6.80461
1317,GY,Guyana,Poverty headcount ratio at national poverty lines (% of population),2018,,Latin America & Caribbean ,High income,IDA,-58.1548,6.80461
1318,GY,Guyana,Poverty headcount ratio at national poverty lines (% of population),2017,,Latin America & Caribbean ,High income,IDA,-58.1548,6.80461
1319,GY,Guyana,Poverty headcount ratio at national poverty lines (% of population),2016,,Latin America & Caribbean ,High income,IDA,-58.1548,6.80461
1320,HT,Haiti,Poverty headcount ratio at national poverty lines (% of population),2025,,Latin America & Caribbean ,Lower middle income,IDA,-72.3288,18.5392
1321,HT,Haiti,Poverty headcount ratio at national poverty lines (% of population),2024,,Latin America & Caribbean ,Lower middle income,IDA,-72.3288,18.5392
1322,HT,Haiti,Poverty headcount ratio at national poverty lines (% of population),2023,,Latin America & Caribbean ,Lower middle income,IDA,-72.3288,18.5392
1323,HT,Haiti,Poverty headcount ratio at national poverty lines (% of population),2022,,Latin America & Caribbean ,Lower middle income,IDA,-72.3288,18.5392
1324,HT,Haiti,Poverty headcount ratio at national poverty lines (% of population),2021,,Latin America & Caribbean ,Lower middle income,IDA,-72.3288,18.5392
1325,HT,Haiti,Poverty headcount ratio at national poverty lines (% of population),2020,,Latin America & Caribbean ,Lower middle income,IDA,-72.3288,18.5392
1326,HT,Haiti,Poverty headcount ratio at national poverty lines (% of population),2019,,Latin America & Caribbean ,Lower middle income,IDA,-72.3288,18.5392
1327,HT,Haiti,Poverty headcount ratio at national poverty lines (% of population),2018,,Latin America & Caribbean ,Lower middle income,IDA,-72.3288,18.5392
1328,HT,Haiti,Poverty headcount ratio at national poverty lines (% of population),2017,,Latin America & Caribbean ,Lower middle income,IDA,-72.3288,18.5392
1329,HT,Haiti,Poverty headcount ratio at national poverty lines (% of population),2016,,Latin America & Caribbean ,Lower middle income,IDA,-72.3288,18.5392
1330,HN,Honduras,Poverty headcount ratio at national poverty lines (% of population),2025,60.1,Latin America & Caribbean ,Lower middle income,IDA,-87.4667,15.1333
1331,HN,Honduras,Poverty headcount ratio at national poverty lines (% of population),2024,62.9,Latin America & Caribbean ,Lower middle income,IDA,-87.4667,15.1333
1332,HN,Honduras,Poverty headcount ratio at national poverty lines (% of population),2023,64.1,Latin America & Caribbean ,Lower middle income,IDA,-87.4667,15.1333
1333,HN,Honduras,Poverty headcount ratio at national poverty lines (% of population),2022,,Latin America & Caribbean ,Lower middle income,IDA,-87.4667,15.1333
1334,HN,Honduras,Poverty headcount ratio at national poverty lines (% of population),2021,73.6,Latin America & Caribbean ,Lower middle income,IDA,-87.4667,15.1333
1335,HN,Honduras,Poverty headcount ratio at national poverty lines (% of population),2020,,Latin America & Caribbean ,Lower middle income,IDA,-87.4667,15.1333
1336,HN,Honduras,Poverty headcount ratio at national poverty lines (% of population),2019,,Latin America & Caribbean ,Lower middle income,IDA,-87.4667,15.1333
1337,HN,Honduras,Poverty headcount ratio at national poverty lines (% of population),2018,,Latin America & Caribbean ,Lower middle income,IDA,-87.4667,15.1333
1338,HN,Honduras,Poverty headcount ratio at national poverty lines (% of population),2017,,Latin America & Caribbean ,Lower middle income,IDA,-87.4667,15.1333
1339,HN,Honduras,Poverty headcount ratio at national poverty lines (% of population),2016,,Latin America & Caribbean ,Lower middle income,IDA,-87.4667,15.1333
1340,HK,"Hong Kong SAR, China",Poverty headcount ratio at national poverty lines (% of population),2025,,East Asia & Pacific,High income,Not classified,114.109,22.3964
1341,HK,"Hong Kong SAR, China",Poverty headcount ratio at national poverty lines (% of population),2024,,East Asia & Pacific,High income,Not classified,114.109,22.3964
1342,HK,"Hong Kong SAR, China",Poverty headcount ratio at national poverty lines (% of population),2023,,East Asia & Pacific,High income,Not classified,114.109,22.3964
1343,HK,"Hong Kong SAR, China",Poverty headcount ratio at national poverty lines (% of population),2022,,East Asia & Pacific,High income,Not classified,114.109,22.3964
1344,HK,"Hong Kong SAR, China",Poverty headcount ratio at national poverty lines (% of population),2021,,East Asia & Pacific,High income,Not classified,114.109,22.3964
1345,HK,"Hong Kong SAR, China",Poverty headcount ratio at national poverty lines (% of population),2020,,East Asia & Pacific,High income,Not classified,114.109,22.3964
1346,HK,"Hong Kong SAR, China",Poverty headcount ratio at national poverty lines (% of population),2019,,East Asia & Pacific,High income,Not classified,114.109,22.3964
1347,HK,"Hong Kong SAR, China",Poverty headcount ratio at national poverty lines (% of population),2018,,East Asia & Pacific,High income,Not classified,114.109,22.3964
1348,HK,"Hong Kong SAR, China",Poverty headcount ratio at national poverty lines (% of population),2017,,East Asia & Pacific,High income,Not classified,114.109,22.3964
1349,HK,"Hong Kong SAR, China",Poverty headcount ratio at national poverty lines (% of population),2016,,East Asia & Pacific,High income,Not classified,114.109,22.3964
1350,HU,Hungary,Poverty headcount ratio at national poverty lines (% of population),2025,,Europe & Central Asia,High income,Not classified,19.0408,47.4984
1351,HU,Hungary,Poverty headcount ratio at national poverty lines (% of population),2024,,Europe & Central Asia,High income,Not classified,19.0408,47.4984
1352,HU,Hungary,Poverty headcount ratio at national poverty lines (% of population),2023,,Europe & Central Asia,High income,Not classified,19.0408,47.4984
1353,HU,Hungary,Poverty headcount ratio at national poverty lines (% of population),2022,,Europe & Central Asia,High income,Not classified,19.0408,47.4984
1354,HU,Hungary,Poverty headcount ratio at national poverty lines (% of population),2021,12.1,Europe & Central Asia,High income,Not classified,19.0408,47.4984
1355,HU,Hungary,Poverty headcount ratio at national poverty lines (% of population),2020,12.6,Europe & Central Asia,High income,Not classified,19.0408,47.4984
1356,HU,Hungary,Poverty headcount ratio at national poverty lines (% of population),2019,12.3,Europe & Central Asia,High income,Not classified,19.0408,47.4984
1357,HU,Hungary,Poverty headcount ratio at national poverty lines (% of population),2018,12.3,Europe & Central Asia,High income,Not classified,19.0408,47.4984
1358,HU,Hungary,Poverty headcount ratio at national poverty lines (% of population),2017,12.8,Europe & Central Asia,High income,Not classified,19.0408,47.4984
1359,HU,Hungary,Poverty headcount ratio at national poverty lines (% of population),2016,13.4,Europe & Central Asia,High income,Not classified,19.0408,47.4984
1360,IS,Iceland,Poverty headcount ratio at national poverty lines (% of population),2025,,Europe & Central Asia,High income,Not classified,-21.8952,64.1353
1361,IS,Iceland,Poverty headcount ratio at national poverty lines (% of population),2024,,Europe & Central Asia,High income,Not classified,-21.8952,64.1353
1362,IS,Iceland,Poverty headcount ratio at national poverty lines (% of population),2023,,Europe & Central Asia,High income,Not classified,-21.8952,64.1353
1363,IS,Iceland,Poverty headcount ratio at national poverty lines (% of population),2022,,Europe & Central Asia,High income,Not classified,-21.8952,64.1353
1364,IS,Iceland,Poverty headcount ratio at national poverty lines (% of population),2021,,Europe & Central Asia,High income,Not classified,-21.8952,64.1353
1365,IS,Iceland,Poverty headcount ratio at national poverty lines (% of population),2020,,Europe & Central Asia,High income,Not classified,-21.8952,64.1353
1366,IS,Iceland,Poverty headcount ratio at national poverty lines (% of population),2019,,Europe & Central Asia,High income,Not classified,-21.8952,64.1353
1367,IS,Iceland,Poverty headcount ratio at national poverty lines (% of population),2018,,Europe & Central Asia,High income,Not classified,-21.8952,64.1353
1368,IS,Iceland,Poverty headcount ratio at national poverty lines (% of population),2017,8.8,Europe & Central Asia,High income,Not classified,-21.8952,64.1353
1369,IS,Iceland,Poverty headcount ratio at national poverty lines (% of population),2016,10.1,Europe & Central Asia,High income,Not classified,-21.8952,64.1353
1370,IN,India,Poverty headcount ratio at national poverty lines (% of population),2025,,South Asia,Lower middle income,IBRD,77.225,28.6353
1371,IN,India,Poverty headcount ratio at national poverty lines (% of population),2024,,South Asia,Lower middle income,IBRD,77.225,28.6353
1372,IN,India,Poverty headcount ratio at national poverty lines (% of population),2023,,South Asia,Lower middle income,IBRD,77.225,28.6353
1373,IN,India,Poverty headcount ratio at national poverty lines (% of population),2022,,South Asia,Lower middle income,IBRD,77.225,28.6353
1374,IN,India,Poverty headcount ratio at national poverty lines (% of population),2021,,South Asia,Lower middle income,IBRD,77.225,28.6353
1375,IN,India,Poverty headcount ratio at national poverty lines (% of population),2020,,South Asia,Lower middle income,IBRD,77.225,28.6353
1376,IN,India,Poverty headcount ratio at national poverty lines (% of population),2019,,South Asia,Lower middle income,IBRD,77.225,28.6353
1377,IN,India,Poverty headcount ratio at national poverty lines (% of population),2018,,South Asia,Lower middle income,IBRD,77.225,28.6353
1378,IN,India,Poverty headcount ratio at national poverty lines (% of population),2017,,South Asia,Lower middle income,IBRD,77.225,28.6353
1379,IN,India,Poverty headcount ratio at national poverty lines (% of population),2016,,South Asia,Lower middle income,IBRD,77.225,28.6353
1380,ID,Indonesia,Poverty headcount ratio at national poverty lines (% of population),2025,,East Asia & Pacific,Upper middle income,IBRD,106.83,-6.19752
1381,ID,Indonesia,Poverty headcount ratio at national poverty lines (% of population),2024,9.0,East Asia & Pacific,Upper middle income,IBRD,106.83,-6.19752
1382,ID,Indonesia,Poverty headcount ratio at national poverty lines (% of population),2023,9.4,East Asia & Pacific,Upper middle income,IBRD,106.83,-6.19752
1383,ID,Indonesia,Poverty headcount ratio at national poverty lines (% of population),2022,9.5,East Asia & Pacific,Upper middle income,IBRD,106.83,-6.19752
1384,ID,Indonesia,Poverty headcount ratio at national poverty lines (% of population),2021,10.1,East Asia & Pacific,Upper middle income,IBRD,106.83,-6.19752
1385,ID,Indonesia,Poverty headcount ratio at national poverty lines (% of population),2020,9.8,East Asia & Pacific,Upper middle income,IBRD,106.83,-6.19752
1386,ID,Indonesia,Poverty headcount ratio at national poverty lines (% of population),2019,9.4,East Asia & Pacific,Upper middle income,IBRD,106.83,-6.19752
1387,ID,Indonesia,Poverty headcount ratio at national poverty lines (% of population),2018,9.8,East Asia & Pacific,Upper middle income,IBRD,106.83,-6.19752
1388,ID,Indonesia,Poverty headcount ratio at national poverty lines (% of population),2017,10.6,East Asia & Pacific,Upper middle income,IBRD,106.83,-6.19752
1389,ID,Indonesia,Poverty headcount ratio at national poverty lines (% of population),2016,10.9,East Asia & Pacific,Upper middle income,IBRD,106.83,-6.19752
1390,IR,"Iran, Islamic Rep.",Poverty headcount ratio at national poverty lines (% of population),2025,,"Middle East, North Africa, Afghanistan & Pakistan",Upper middle income,IBRD,51.4447,35.6878
1391,IR,"Iran, Islamic Rep.",Poverty headcount ratio at national poverty lines (% of population),2024,,"Middle East, North Africa, Afghanistan & Pakistan",Upper middle income,IBRD,51.4447,35.6878
1392,IR,"Iran, Islamic Rep.",Poverty headcount ratio at national poverty lines (% of population),2023,,"Middle East, North Africa, Afghanistan & Pakistan",Upper middle income,IBRD,51.4447,35.6878
1393,IR,"Iran, Islamic Rep.",Poverty headcount ratio at national poverty lines (% of population),2022,,"Middle East, North Africa, Afghanistan & Pakistan",Upper middle income,IBRD,51.4447,35.6878
1394,IR,"Iran, Islamic Rep.",Poverty headcount ratio at national poverty lines (% of population),2021,,"Middle East, North Africa, Afghanistan & Pakistan",Upper middle income,IBRD,51.4447,35.6878
1395,IR,"Iran, Islamic Rep.",Poverty headcount ratio at national poverty lines (% of population),2020,,"Middle East, North Africa, Afghanistan & Pakistan",Upper middle income,IBRD,51.4447,35.6878
1396,IR,"Iran, Islamic Rep.",Poverty headcount ratio at national poverty lines (% of population),2019,,"Middle East, North Africa, Afghanistan & Pakistan",Upper middle income,IBRD,51.4447,35.6878
1397,IR,"Iran, Islamic Rep.",Poverty headcount ratio at national poverty lines (% of population),2018,,"Middle East, North Africa, Afghanistan & Pakistan",Upper middle income,IBRD,51.4447,35.6878
1398,IR,"Iran, Islamic Rep.",Poverty headcount ratio at national poverty lines (% of population),2017,,"Middle East, North Africa, Afghanistan & Pakistan",Upper middle income,IBRD,51.4447,35.6878
1399,IR,"Iran, Islamic Rep.",Poverty headcount ratio at national poverty lines (% of population),2016,,"Middle East, North Africa, Afghanistan & Pakistan",Upper middle income,IBRD,51.4447,35.6878
1400,IQ,Iraq,Poverty headcount ratio at national poverty lines (% of population),2025,,"Middle East, North Africa, Afghanistan & Pakistan",Upper middle income,IBRD,44.394,33.3302
1401,IQ,Iraq,Poverty headcount ratio at national poverty lines (% of population),2024,,"Middle East, North Africa, Afghanistan & Pakistan",Upper middle income,IBRD,44.394,33.3302
1402,IQ,Iraq,Poverty headcount ratio at national poverty lines (% of population),2023,17.5,"Middle East, North Africa, Afghanistan & Pakistan",Upper middle income,IBRD,44.394,33.3302
1403,IQ,Iraq,Poverty headcount ratio at national poverty lines (% of population),2022,,"Middle East, North Africa, Afghanistan & Pakistan",Upper middle income,IBRD,44.394,33.3302
1404,IQ,Iraq,Poverty headcount ratio at national poverty lines (% of population),2021,,"Middle East, North Africa, Afghanistan & Pakistan",Upper middle income,IBRD,44.394,33.3302
1405,IQ,Iraq,Poverty headcount ratio at national poverty lines (% of population),2020,,"Middle East, North Africa, Afghanistan & Pakistan",Upper middle income,IBRD,44.394,33.3302
1406,IQ,Iraq,Poverty headcount ratio at national poverty lines (% of population),2019,,"Middle East, North Africa, Afghanistan & Pakistan",Upper middle income,IBRD,44.394,33.3302
1407,IQ,Iraq,Poverty headcount ratio at national poverty lines (% of population),2018,,"Middle East, North Africa, Afghanistan & Pakistan",Upper middle income,IBRD,44.394,33.3302
1408,IQ,Iraq,Poverty headcount ratio at national poverty lines (% of population),2017,,"Middle East, North Africa, Afghanistan & Pakistan",Upper middle income,IBRD,44.394,33.3302
1409,IQ,Iraq,Poverty headcount ratio at national poverty lines (% of population),2016,,"Middle East, North Africa, Afghanistan & Pakistan",Upper middle income,IBRD,44.394,33.3302
1410,IE,Ireland,Poverty headcount ratio at national poverty lines (% of population),2025,,Europe & Central Asia,High income,Not classified,-6.26749,53.3441
1411,IE,Ireland,Poverty headcount ratio at national poverty lines (% of population),2024,,Europe & Central Asia,High income,Not classified,-6.26749,53.3441
1412,IE,Ireland,Poverty headcount ratio at national poverty lines (% of population),2023,,Europe & Central Asia,High income,Not classified,-6.26749,53.3441
1413,IE,Ireland,Poverty headcount ratio at national poverty lines (% of population),2022,,Europe & Central Asia,High income,Not classified,-6.26749,53.3441
1414,IE,Ireland,Poverty headcount ratio at national poverty lines (% of population),2021,14.0,Europe & Central Asia,High income,Not classified,-6.26749,53.3441
1415,IE,Ireland,Poverty headcount ratio at national poverty lines (% of population),2020,12.9,Europe & Central Asia,High income,Not classified,-6.26749,53.3441
1416,IE,Ireland,Poverty headcount ratio at national poverty lines (% of population),2019,13.8,Europe & Central Asia,High income,Not classified,-6.26749,53.3441
1417,IE,Ireland,Poverty headcount ratio at national poverty lines (% of population),2018,,Europe & Central Asia,High income,Not classified,-6.26749,53.3441
1418,IE,Ireland,Poverty headcount ratio at national poverty lines (% of population),2017,,Europe & Central Asia,High income,Not classified,-6.26749,53.3441
1419,IE,Ireland,Poverty headcount ratio at national poverty lines (% of population),2016,,Europe & Central Asia,High income,Not classified,-6.26749,53.3441
1420,IM,Isle of Man,Poverty headcount ratio at national poverty lines (% of population),2025,,Europe & Central Asia,High income,Not classified,-4.47928,54.1509
1421,IM,Isle of Man,Poverty headcount ratio at national poverty lines (% of population),2024,,Europe & Central Asia,High income,Not classified,-4.47928,54.1509
1422,IM,Isle of Man,Poverty headcount ratio at national poverty lines (% of population),2023,,Europe & Central Asia,High income,Not classified,-4.47928,54.1509
1423,IM,Isle of Man,Poverty headcount ratio at national poverty lines (% of population),2022,,Europe & Central Asia,High income,Not classified,-4.47928,54.1509
1424,IM,Isle of Man,Poverty headcount ratio at national poverty lines (% of population),2021,,Europe & Central Asia,High income,Not classified,-4.47928,54.1509
1425,IM,Isle of Man,Poverty headcount ratio at national poverty lines (% of population),2020,,Europe & Central Asia,High income,Not classified,-4.47928,54.1509
1426,IM,Isle of Man,Poverty headcount ratio at national poverty lines (% of population),2019,,Europe & Central Asia,High income,Not classified,-4.47928,54.1509
1427,IM,Isle of Man,Poverty headcount ratio at national poverty lines (% of population),2018,,Europe & Central Asia,High income,Not classified,-4.47928,54.1509
1428,IM,Isle of Man,Poverty headcount ratio at national poverty lines (% of population),2017,,Europe & Central Asia,High income,Not classified,-4.47928,54.1509
1429,IM,Isle of Man,Poverty headcount ratio at national poverty lines (% of population),2016,,Europe & Central Asia,High income,Not classified,-4.47928,54.1509
1430,IL,Israel,Poverty headcount ratio at national poverty lines (% of population),2025,,"Middle East, North Africa, Afghanistan & Pakistan",High income,Not classified,35.2035,31.7717
1431,IL,Israel,Poverty headcount ratio at national poverty lines (% of population),2024,,"Middle East, North Africa, Afghanistan & Pakistan",High income,Not classified,35.2035,31.7717
1432,IL,Israel,Poverty headcount ratio at national poverty lines (% of population),2023,,"Middle East, North Africa, Afghanistan & Pakistan",High income,Not classified,35.2035,31.7717
1433,IL,Israel,Poverty headcount ratio at national poverty lines (% of population),2022,,"Middle East, North Africa, Afghanistan & Pakistan",High income,Not classified,35.2035,31.7717
1434,IL,Israel,Poverty headcount ratio at national poverty lines (% of population),2021,,"Middle East, North Africa, Afghanistan & Pakistan",High income,Not classified,35.2035,31.7717
1435,IL,Israel,Poverty headcount ratio at national poverty lines (% of population),2020,,"Middle East, North Africa, Afghanistan & Pakistan",High income,Not classified,35.2035,31.7717
1436,IL,Israel,Poverty headcount ratio at national poverty lines (% of population),2019,,"Middle East, North Africa, Afghanistan & Pakistan",High income,Not classified,35.2035,31.7717
1437,IL,Israel,Poverty headcount ratio at national poverty lines (% of population),2018,,"Middle East, North Africa, Afghanistan & Pakistan",High income,Not classified,35.2035,31.7717
1438,IL,Israel,Poverty headcount ratio at national poverty lines (% of population),2017,,"Middle East, North Africa, Afghanistan & Pakistan",High income,Not classified,35.2035,31.7717
1439,IL,Israel,Poverty headcount ratio at national poverty lines (% of population),2016,,"Middle East, North Africa, Afghanistan & Pakistan",High income,Not classified,35.2035,31.7717
1440,IT,Italy,Poverty headcount ratio at national poverty lines (% of population),2025,,Europe & Central Asia,High income,Not classified,12.4823,41.8955
1441,IT,Italy,Poverty headcount ratio at national poverty lines (% of population),2024,,Europe & Central Asia,High income,Not classified,12.4823,41.8955
1442,IT,Italy,Poverty headcount ratio at national poverty lines (% of population),2023,,Europe & Central Asia,High income,Not classified,12.4823,41.8955
1443,IT,Italy,Poverty headcount ratio at national poverty lines (% of population),2022,,Europe & Central Asia,High income,Not classified,12.4823,41.8955
1444,IT,Italy,Poverty headcount ratio at national poverty lines (% of population),2021,20.1,Europe & Central Asia,High income,Not classified,12.4823,41.8955
1445,IT,Italy,Poverty headcount ratio at national poverty lines (% of population),2020,20.1,Europe & Central Asia,High income,Not classified,12.4823,41.8955
1446,IT,Italy,Poverty headcount ratio at national poverty lines (% of population),2019,20.0,Europe & Central Asia,High income,Not classified,12.4823,41.8955
1447,IT,Italy,Poverty headcount ratio at national poverty lines (% of population),2018,20.1,Europe & Central Asia,High income,Not classified,12.4823,41.8955
1448,IT,Italy,Poverty headcount ratio at national poverty lines (% of population),2017,20.3,Europe & Central Asia,High income,Not classified,12.4823,41.8955
1449,IT,Italy,Poverty headcount ratio at national poverty lines (% of population),2016,20.3,Europe & Central Asia,High income,Not classified,12.4823,41.8955
1450,JM,Jamaica,Poverty headcount ratio at national poverty lines (% of population),2025,,Latin America & Caribbean ,Upper middle income,IBRD,-76.792,17.9927
1451,JM,Jamaica,Poverty headcount ratio at national poverty lines (% of population),2024,,Latin America & Caribbean ,Upper middle income,IBRD,-76.792,17.9927
1452,JM,Jamaica,Poverty headcount ratio at national poverty lines (% of population),2023,8.2,Latin America & Caribbean ,Upper middle income,IBRD,-76.792,17.9927
1453,JM,Jamaica,Poverty headcount ratio at national poverty lines (% of population),2022,,Latin America & Caribbean ,Upper middle income,IBRD,-76.792,17.9927
1454,JM,Jamaica,Poverty headcount ratio at national poverty lines (% of population),2021,16.7,Latin America & Caribbean ,Upper middle income,IBRD,-76.792,17.9927
1455,JM,Jamaica,Poverty headcount ratio at national poverty lines (% of population),2020,,Latin America & Caribbean ,Upper middle income,IBRD,-76.792,17.9927
1456,JM,Jamaica,Poverty headcount ratio at national poverty lines (% of population),2019,11.0,Latin America & Caribbean ,Upper middle income,IBRD,-76.792,17.9927
1457,JM,Jamaica,Poverty headcount ratio at national poverty lines (% of population),2018,12.6,Latin America & Caribbean ,Upper middle income,IBRD,-76.792,17.9927
1458,JM,Jamaica,Poverty headcount ratio at national poverty lines (% of population),2017,19.3,Latin America & Caribbean ,Upper middle income,IBRD,-76.792,17.9927
1459,JM,Jamaica,Poverty headcount ratio at national poverty lines (% of population),2016,17.1,Latin America & Caribbean ,Upper middle income,IBRD,-76.792,17.9927
1460,JP,Japan,Poverty headcount ratio at national poverty lines (% of population),2025,,East Asia & Pacific,High income,Not classified,139.77,35.67
1461,JP,Japan,Poverty headcount ratio at national poverty lines (% of population),2024,,East Asia & Pacific,High income,Not classified,139.77,35.67
1462,JP,Japan,Poverty headcount ratio at national poverty lines (% of population),2023,,East Asia & Pacific,High income,Not classified,139.77,35.67
1463,JP,Japan,Poverty headcount ratio at national poverty lines (% of population),2022,,East Asia & Pacific,High income,Not classified,139.77,35.67
1464,JP,Japan,Poverty headcount ratio at national poverty lines (% of population),2021,,East Asia & Pacific,High income,Not classified,139.77,35.67
1465,JP,Japan,Poverty headcount ratio at national poverty lines (% of population),2020,,East Asia & Pacific,High income,Not classified,139.77,35.67
1466,JP,Japan,Poverty headcount ratio at national poverty lines (% of population),2019,,East Asia & Pacific,High income,Not classified,139.77,35.67
1467,JP,Japan,Poverty headcount ratio at national poverty lines (% of population),2018,,East Asia & Pacific,High income,Not classified,139.77,35.67
1468,JP,Japan,Poverty headcount ratio at national poverty lines (% of population),2017,,East Asia & Pacific,High income,Not classified,139.77,35.67
1469,JP,Japan,Poverty headcount ratio at national poverty lines (% of population),2016,,East Asia & Pacific,High income,Not classified,139.77,35.67
1470,JO,Jordan,Poverty headcount ratio at national poverty lines (% of population),2025,,"Middle East, North Africa, Afghanistan & Pakistan",Upper middle income,IBRD,35.9263,31.9497
1471,JO,Jordan,Poverty headcount ratio at national poverty lines (% of population),2024,,"Middle East, North Africa, Afghanistan & Pakistan",Upper middle income,IBRD,35.9263,31.9497
1472,JO,Jordan,Poverty headcount ratio at national poverty lines (% of population),2023,,"Middle East, North Africa, Afghanistan & Pakistan",Upper middle income,IBRD,35.9263,31.9497
1473,JO,Jordan,Poverty headcount ratio at national poverty lines (% of population),2022,,"Middle East, North Africa, Afghanistan & Pakistan",Upper middle income,IBRD,35.9263,31.9497
1474,JO,Jordan,Poverty headcount ratio at national poverty lines (% of population),2021,,"Middle East, North Africa, Afghanistan & Pakistan",Upper middle income,IBRD,35.9263,31.9497
1475,JO,Jordan,Poverty headcount ratio at national poverty lines (% of population),2020,,"Middle East, North Africa, Afghanistan & Pakistan",Upper middle income,IBRD,35.9263,31.9497
1476,JO,Jordan,Poverty headcount ratio at national poverty lines (% of population),2019,,"Middle East, North Africa, Afghanistan & Pakistan",Upper middle income,IBRD,35.9263,31.9497
1477,JO,Jordan,Poverty headcount ratio at national poverty lines (% of population),2018,15.7,"Middle East, North Africa, Afghanistan & Pakistan",Upper middle income,IBRD,35.9263,31.9497
1478,JO,Jordan,Poverty headcount ratio at national poverty lines (% of population),2017,,"Middle East, North Africa, Afghanistan & Pakistan",Upper middle income,IBRD,35.9263,31.9497
1479,JO,Jordan,Poverty headcount ratio at national poverty lines (% of population),2016,,"Middle East, North Africa, Afghanistan & Pakistan",Upper middle income,IBRD,35.9263,31.9497
1480,KZ,Kazakhstan,Poverty headcount ratio at national poverty lines (% of population),2025,,Europe & Central Asia,Upper middle income,IBRD,71.4382,51.1879
1481,KZ,Kazakhstan,Poverty headcount ratio at national poverty lines (% of population),2024,5.0,Europe & Central Asia,Upper middle income,IBRD,71.4382,51.1879
1482,KZ,Kazakhstan,Poverty headcount ratio at national poverty lines (% of population),2023,5.2,Europe & Central Asia,Upper middle income,IBRD,71.4382,51.1879
1483,KZ,Kazakhstan,Poverty headcount ratio at national poverty lines (% of population),2022,5.2,Europe & Central Asia,Upper middle income,IBRD,71.4382,51.1879
1484,KZ,Kazakhstan,Poverty headcount ratio at national poverty lines (% of population),2021,5.2,Europe & Central Asia,Upper middle income,IBRD,71.4382,51.1879
1485,KZ,Kazakhstan,Poverty headcount ratio at national poverty lines (% of population),2020,5.3,Europe & Central Asia,Upper middle income,IBRD,71.4382,51.1879
1486,KZ,Kazakhstan,Poverty headcount ratio at national poverty lines (% of population),2019,4.3,Europe & Central Asia,Upper middle income,IBRD,71.4382,51.1879
1487,KZ,Kazakhstan,Poverty headcount ratio at national poverty lines (% of population),2018,4.3,Europe & Central Asia,Upper middle income,IBRD,71.4382,51.1879
1488,KZ,Kazakhstan,Poverty headcount ratio at national poverty lines (% of population),2017,,Europe & Central Asia,Upper middle income,IBRD,71.4382,51.1879
1489,KZ,Kazakhstan,Poverty headcount ratio at national poverty lines (% of population),2016,,Europe & Central Asia,Upper middle income,IBRD,71.4382,51.1879
1490,KE,Kenya,Poverty headcount ratio at national poverty lines (% of population),2025,,Sub-Saharan Africa ,Lower middle income,Blend,36.8126,-1.27975
1491,KE,Kenya,Poverty headcount ratio at national poverty lines (% of population),2024,,Sub-Saharan Africa ,Lower middle income,Blend,36.8126,-1.27975
1492,KE,Kenya,Poverty headcount ratio at national poverty lines (% of population),2023,,Sub-Saharan Africa ,Lower middle income,Blend,36.8126,-1.27975
1493,KE,Kenya,Poverty headcount ratio at national poverty lines (% of population),2022,39.8,Sub-Saharan Africa ,Lower middle income,Blend,36.8126,-1.27975
1494,KE,Kenya,Poverty headcount ratio at national poverty lines (% of population),2021,38.6,Sub-Saharan Africa ,Lower middle income,Blend,36.8126,-1.27975
1495,KE,Kenya,Poverty headcount ratio at national poverty lines (% of population),2020,42.9,Sub-Saharan Africa ,Lower middle income,Blend,36.8126,-1.27975
1496,KE,Kenya,Poverty headcount ratio at national poverty lines (% of population),2019,,Sub-Saharan Africa ,Lower middle income,Blend,36.8126,-1.27975
1497,KE,Kenya,Poverty headcount ratio at national poverty lines (% of population),2018,,Sub-Saharan Africa ,Lower middle income,Blend,36.8126,-1.27975
1498,KE,Kenya,Poverty headcount ratio at national poverty lines (% of population),2017,,Sub-Saharan Africa ,Lower middle income,Blend,36.8126,-1.27975
1499,KE,Kenya,Poverty headcount ratio at national poverty lines (% of population),2016,,Sub-Saharan Africa ,Lower middle income,Blend,36.8126,-1.27975
1500,KI,Kiribati,Poverty headcount ratio at national poverty lines (% of population),2025,,East Asia & Pacific,Lower middle income,IDA,172.979,1.32905
1501,KI,Kiribati,Poverty headcount ratio at national poverty lines (% of population),2024,,East Asia & Pacific,Lower middle income,IDA,172.979,1.32905
1502,KI,Kiribati,Poverty headcount ratio at national poverty lines (% of population),2023,5.5,East Asia & Pacific,Lower middle income,IDA,172.979,1.32905
1503,KI,Kiribati,Poverty headcount ratio at national poverty lines (% of population),2022,,East Asia & Pacific,Lower middle income,IDA,172.979,1.32905
1504,KI,Kiribati,Poverty headcount ratio at national poverty lines (% of population),2021,,East Asia & Pacific,Lower middle income,IDA,172.979,1.32905
1505,KI,Kiribati,Poverty headcount ratio at national poverty lines (% of population),2020,,East Asia & Pacific,Lower middle income,IDA,172.979,1.32905
1506,KI,Kiribati,Poverty headcount ratio at national poverty lines (% of population),2019,21.9,East Asia & Pacific,Lower middle income,IDA,172.979,1.32905
1507,KI,Kiribati,Poverty headcount ratio at national poverty lines (% of population),2018,,East Asia & Pacific,Lower middle income,IDA,172.979,1.32905
1508,KI,Kiribati,Poverty headcount ratio at national poverty lines (% of population),2017,,East Asia & Pacific,Lower middle income,IDA,172.979,1.32905
1509,KI,Kiribati,Poverty headcount ratio at national poverty lines (% of population),2016,,East Asia & Pacific,Lower middle income,IDA,172.979,1.32905
1510,KP,"Korea, Dem. People's Rep.",Poverty headcount ratio at national poverty lines (% of population),2025,,East Asia & Pacific,Low income,Not classified,125.754,39.0319
1511,KP,"Korea, Dem. People's Rep.",Poverty headcount ratio at national poverty lines (% of population),2024,,East Asia & Pacific,Low income,Not classified,125.754,39.0319
1512,KP,"Korea, Dem. People's Rep.",Poverty headcount ratio at national poverty lines (% of population),2023,,East Asia & Pacific,Low income,Not classified,125.754,39.0319
1513,KP,"Korea, Dem. People's Rep.",Poverty headcount ratio at national poverty lines (% of population),2022,,East Asia & Pacific,Low income,Not classified,125.754,39.0319
1514,KP,"Korea, Dem. People's Rep.",Poverty headcount ratio at national poverty lines (% of population),2021,,East Asia & Pacific,Low income,Not classified,125.754,39.0319
1515,KP,"Korea, Dem. People's Rep.",Poverty headcount ratio at national poverty lines (% of population),2020,,East Asia & Pacific,Low income,Not classified,125.754,39.0319
1516,KP,"Korea, Dem. People's Rep.",Poverty headcount ratio at national poverty lines (% of population),2019,,East Asia & Pacific,Low income,Not classified,125.754,39.0319
1517,KP,"Korea, Dem. People's Rep.",Poverty headcount ratio at national poverty lines (% of population),2018,,East Asia & Pacific,Low income,Not classified,125.754,39.0319
1518,KP,"Korea, Dem. People's Rep.",Poverty headcount ratio at national poverty lines (% of population),2017,,East Asia & Pacific,Low income,Not classified,125.754,39.0319
1519,KP,"Korea, Dem. People's Rep.",Poverty headcount ratio at national poverty lines (% of population),2016,,East Asia & Pacific,Low income,Not classified,125.754,39.0319
1520,KR,"Korea, Rep.",Poverty headcount ratio at national poverty lines (% of population),2025,,East Asia & Pacific,High income,Not classified,126.957,37.5323
1521,KR,"Korea, Rep.",Poverty headcount ratio at national poverty lines (% of population),2024,,East Asia & Pacific,High income,Not classified,126.957,37.5323
1522,KR,"Korea, Rep.",Poverty headcount ratio at national poverty lines (% of population),2023,,East Asia & Pacific,High income,Not classified,126.957,37.5323
1523,KR,"Korea, Rep.",Poverty headcount ratio at national poverty lines (% of population),2022,,East Asia & Pacific,High income,Not classified,126.957,37.5323
1524,KR,"Korea, Rep.",Poverty headcount ratio at national poverty lines (% of population),2021,,East Asia & Pacific,High income,Not classified,126.957,37.5323
1525,KR,"Korea, Rep.",Poverty headcount ratio at national poverty lines (% of population),2020,,East Asia & Pacific,High income,Not classified,126.957,37.5323
1526,KR,"Korea, Rep.",Poverty headcount ratio at national poverty lines (% of population),2019,,East Asia & Pacific,High income,Not classified,126.957,37.5323
1527,KR,"Korea, Rep.",Poverty headcount ratio at national poverty lines (% of population),2018,,East Asia & Pacific,High income,Not classified,126.957,37.5323
1528,KR,"Korea, Rep.",Poverty headcount ratio at national poverty lines (% of population),2017,,East Asia & Pacific,High income,Not classified,126.957,37.5323
1529,KR,"Korea, Rep.",Poverty headcount ratio at national poverty lines (% of population),2016,,East Asia & Pacific,High income,Not classified,126.957,37.5323
1530,XK,Kosovo,Poverty headcount ratio at national poverty lines (% of population),2025,,Europe & Central Asia,Upper middle income,IDA,20.926,42.565
1531,XK,Kosovo,Poverty headcount ratio at national poverty lines (% of population),2024,,Europe & Central Asia,Upper middle income,IDA,20.926,42.565
1532,XK,Kosovo,Poverty headcount ratio at national poverty lines (% of population),2023,,Europe & Central Asia,Upper middle income,IDA,20.926,42.565
1533,XK,Kosovo,Poverty headcount ratio at national poverty lines (% of population),2022,,Europe & Central Asia,Upper middle income,IDA,20.926,42.565
1534,XK,Kosovo,Poverty headcount ratio at national poverty lines (% of population),2021,,Europe & Central Asia,Upper middle income,IDA,20.926,42.565
1535,XK,Kosovo,Poverty headcount ratio at national poverty lines (% of population),2020,,Europe & Central Asia,Upper middle income,IDA,20.926,42.565
1536,XK,Kosovo,Poverty headcount ratio at national poverty lines (% of population),2019,,Europe & Central Asia,Upper middle income,IDA,20.926,42.565
1537,XK,Kosovo,Poverty headcount ratio at national poverty lines (% of population),2018,,Europe & Central Asia,Upper middle income,IDA,20.926,42.565
1538,XK,Kosovo,Poverty headcount ratio at national poverty lines (% of population),2017,,Europe & Central Asia,Upper middle income,IDA,20.926,42.565
1539,XK,Kosovo,Poverty headcount ratio at national poverty lines (% of population),2016,,Europe & Central Asia,Upper middle income,IDA,20.926,42.565
1540,KW,Kuwait,Poverty headcount ratio at national poverty lines (% of population),2025,,"Middle East, North Africa, Afghanistan & Pakistan",High income,Not classified,47.9824,29.3721
1541,KW,Kuwait,Poverty headcount ratio at national poverty lines (% of population),2024,,"Middle East, North Africa, Afghanistan & Pakistan",High income,Not classified,47.9824,29.3721
1542,KW,Kuwait,Poverty headcount ratio at national poverty lines (% of population),2023,,"Middle East, North Africa, Afghanistan & Pakistan",High income,Not classified,47.9824,29.3721
1543,KW,Kuwait,Poverty headcount ratio at national poverty lines (% of population),2022,,"Middle East, North Africa, Afghanistan & Pakistan",High income,Not classified,47.9824,29.3721
1544,KW,Kuwait,Poverty headcount ratio at national poverty lines (% of population),2021,,"Middle East, North Africa, Afghanistan & Pakistan",High income,Not classified,47.9824,29.3721
1545,KW,Kuwait,Poverty headcount ratio at national poverty lines (% of population),2020,,"Middle East, North Africa, Afghanistan & Pakistan",High income,Not classified,47.9824,29.3721
1546,KW,Kuwait,Poverty headcount ratio at national poverty lines (% of population),2019,,"Middle East, North Africa, Afghanistan & Pakistan",High income,Not classified,47.9824,29.3721
1547,KW,Kuwait,Poverty headcount ratio at national poverty lines (% of population),2018,,"Middle East, North Africa, Afghanistan & Pakistan",High income,Not classified,47.9824,29.3721
1548,KW,Kuwait,Poverty headcount ratio at national poverty lines (% of population),2017,,"Middle East, North Africa, Afghanistan & Pakistan",High income,Not classified,47.9824,29.3721
1549,KW,Kuwait,Poverty headcount ratio at national poverty lines (% of population),2016,,"Middle East, North Africa, Afghanistan & Pakistan",High income,Not classified,47.9824,29.3721
1550,KG,Kyrgyz Republic,Poverty headcount ratio at national poverty lines (% of population),2025,,Europe & Central Asia,Lower middle income,IDA,74.6057,42.8851
1551,KG,Kyrgyz Republic,Poverty headcount ratio at national poverty lines (% of population),2024,25.7,Europe & Central Asia,Lower middle income,IDA,74.6057,42.8851
1552,KG,Kyrgyz Republic,Poverty headcount ratio at national poverty lines (% of population),2023,29.8,Europe & Central Asia,Lower middle income,IDA,74.6057,42.8851
1553,KG,Kyrgyz Republic,Poverty headcount ratio at national poverty lines (% of population),2022,,Europe & Central Asia,Lower middle income,IDA,74.6057,42.8851
1554,KG,Kyrgyz Republic,Poverty headcount ratio at national poverty lines (% of population),2021,,Europe & Central Asia,Lower middle income,IDA,74.6057,42.8851
1555,KG,Kyrgyz Republic,Poverty headcount ratio at national poverty lines (% of population),2020,,Europe & Central Asia,Lower middle income,IDA,74.6057,42.8851
1556,KG,Kyrgyz Republic,Poverty headcount ratio at national poverty lines (% of population),2019,,Europe & Central Asia,Lower middle income,IDA,74.6057,42.8851
1557,KG,Kyrgyz Republic,Poverty headcount ratio at national poverty lines (% of population),2018,,Europe & Central Asia,Lower middle income,IDA,74.6057,42.8851
1558,KG,Kyrgyz Republic,Poverty headcount ratio at national poverty lines (% of population),2017,,Europe & Central Asia,Lower middle income,IDA,74.6057,42.8851
1559,KG,Kyrgyz Republic,Poverty headcount ratio at national poverty lines (% of population),2016,,Europe & Central Asia,Lower middle income,IDA,74.6057,42.8851
1560,LA,Lao PDR,Poverty headcount ratio at national poverty lines (% of population),2025,,East Asia & Pacific,Lower middle income,IDA,102.177,18.5826
1561,LA,Lao PDR,Poverty headcount ratio at national poverty lines (% of population),2024,15.0,East Asia & Pacific,Lower middle income,IDA,102.177,18.5826
1562,LA,Lao PDR,Poverty headcount ratio at national poverty lines (% of population),2023,,East Asia & Pacific,Lower middle income,IDA,102.177,18.5826
1563,LA,Lao PDR,Poverty headcount ratio at national poverty lines (% of population),2022,,East Asia & Pacific,Lower middle income,IDA,102.177,18.5826
1564,LA,Lao PDR,Poverty headcount ratio at national poverty lines (% of population),2021,,East Asia & Pacific,Lower middle income,IDA,102.177,18.5826
1565,LA,Lao PDR,Poverty headcount ratio at national poverty lines (% of population),2020,,East Asia & Pacific,Lower middle income,IDA,102.177,18.5826
1566,LA,Lao PDR,Poverty headcount ratio at national poverty lines (% of population),2019,,East Asia & Pacific,Lower middle income,IDA,102.177,18.5826
1567,LA,Lao PDR,Poverty headcount ratio at national poverty lines (% of population),2018,18.3,East Asia & Pacific,Lower middle income,IDA,102.177,18.5826
1568,LA,Lao PDR,Poverty headcount ratio at national poverty lines (% of population),2017,,East Asia & Pacific,Lower middle income,IDA,102.177,18.5826
1569,LA,Lao PDR,Poverty headcount ratio at national poverty lines (% of population),2016,,East Asia & Pacific,Lower middle income,IDA,102.177,18.5826
1570,LV,Latvia,Poverty headcount ratio at national poverty lines (% of population),2025,,Europe & Central Asia,High income,Not classified,24.1048,56.9465
1571,LV,Latvia,Poverty headcount ratio at national poverty lines (% of population),2024,,Europe & Central Asia,High income,Not classified,24.1048,56.9465
1572,LV,Latvia,Poverty headcount ratio at national poverty lines (% of population),2023,,Europe & Central Asia,High income,Not classified,24.1048,56.9465
1573,LV,Latvia,Poverty headcount ratio at national poverty lines (% of population),2022,22.5,Europe & Central Asia,High income,Not classified,24.1048,56.9465
1574,LV,Latvia,Poverty headcount ratio at national poverty lines (% of population),2021,22.5,Europe & Central Asia,High income,Not classified,24.1048,56.9465
1575,LV,Latvia,Poverty headcount ratio at national poverty lines (% of population),2020,23.4,Europe & Central Asia,High income,Not classified,24.1048,56.9465
1576,LV,Latvia,Poverty headcount ratio at national poverty lines (% of population),2019,21.6,Europe & Central Asia,High income,Not classified,24.1048,56.9465
1577,LV,Latvia,Poverty headcount ratio at national poverty lines (% of population),2018,22.9,Europe & Central Asia,High income,Not classified,24.1048,56.9465
1578,LV,Latvia,Poverty headcount ratio at national poverty lines (% of population),2017,23.3,Europe & Central Asia,High income,Not classified,24.1048,56.9465
1579,LV,Latvia,Poverty headcount ratio at national poverty lines (% of population),2016,22.1,Europe & Central Asia,High income,Not classified,24.1048,56.9465
1580,LB,Lebanon,Poverty headcount ratio at national poverty lines (% of population),2025,,"Middle East, North Africa, Afghanistan & Pakistan",Lower middle income,IBRD,35.5134,33.8872
1581,LB,Lebanon,Poverty headcount ratio at national poverty lines (% of population),2024,,"Middle East, North Africa, Afghanistan & Pakistan",Lower middle income,IBRD,35.5134,33.8872
1582,LB,Lebanon,Poverty headcount ratio at national poverty lines (% of population),2023,,"Middle East, North Africa, Afghanistan & Pakistan",Lower middle income,IBRD,35.5134,33.8872
1583,LB,Lebanon,Poverty headcount ratio at national poverty lines (% of population),2022,,"Middle East, North Africa, Afghanistan & Pakistan",Lower middle income,IBRD,35.5134,33.8872
1584,LB,Lebanon,Poverty headcount ratio at national poverty lines (% of population),2021,,"Middle East, North Africa, Afghanistan & Pakistan",Lower middle income,IBRD,35.5134,33.8872
1585,LB,Lebanon,Poverty headcount ratio at national poverty lines (% of population),2020,,"Middle East, North Africa, Afghanistan & Pakistan",Lower middle income,IBRD,35.5134,33.8872
1586,LB,Lebanon,Poverty headcount ratio at national poverty lines (% of population),2019,,"Middle East, North Africa, Afghanistan & Pakistan",Lower middle income,IBRD,35.5134,33.8872
1587,LB,Lebanon,Poverty headcount ratio at national poverty lines (% of population),2018,,"Middle East, North Africa, Afghanistan & Pakistan",Lower middle income,IBRD,35.5134,33.8872
1588,LB,Lebanon,Poverty headcount ratio at national poverty lines (% of population),2017,,"Middle East, North Africa, Afghanistan & Pakistan",Lower middle income,IBRD,35.5134,33.8872
1589,LB,Lebanon,Poverty headcount ratio at national poverty lines (% of population),2016,,"Middle East, North Africa, Afghanistan & Pakistan",Lower middle income,IBRD,35.5134,33.8872
1590,LS,Lesotho,Poverty headcount ratio at national poverty lines (% of population),2025,,Sub-Saharan Africa ,Lower middle income,IDA,27.7167,-29.5208
1591,LS,Lesotho,Poverty headcount ratio at national poverty lines (% of population),2024,,Sub-Saharan Africa ,Lower middle income,IDA,27.7167,-29.5208
1592,LS,Lesotho,Poverty headcount ratio at national poverty lines (% of population),2023,,Sub-Saharan Africa ,Lower middle income,IDA,27.7167,-29.5208
1593,LS,Lesotho,Poverty headcount ratio at national poverty lines (% of population),2022,,Sub-Saharan Africa ,Lower middle income,IDA,27.7167,-29.5208
1594,LS,Lesotho,Poverty headcount ratio at national poverty lines (% of population),2021,,Sub-Saharan Africa ,Lower middle income,IDA,27.7167,-29.5208
1595,LS,Lesotho,Poverty headcount ratio at national poverty lines (% of population),2020,,Sub-Saharan Africa ,Lower middle income,IDA,27.7167,-29.5208
1596,LS,Lesotho,Poverty headcount ratio at national poverty lines (% of population),2019,,Sub-Saharan Africa ,Lower middle income,IDA,27.7167,-29.5208
1597,LS,Lesotho,Poverty headcount ratio at national poverty lines (% of population),2018,,Sub-Saharan Africa ,Lower middle income,IDA,27.7167,-29.5208
1598,LS,Lesotho,Poverty headcount ratio at national poverty lines (% of population),2017,49.7,Sub-Saharan Africa ,Lower middle income,IDA,27.7167,-29.5208
1599,LS,Lesotho,Poverty headcount ratio at national poverty lines (% of population),2016,,Sub-Saharan Africa ,Lower middle income,IDA,27.7167,-29.5208
1600,LR,Liberia,Poverty headcount ratio at national poverty lines (% of population),2025,,Sub-Saharan Africa ,Low income,IDA,-10.7957,6.30039
1601,LR,Liberia,Poverty headcount ratio at national poverty lines (% of population),2024,,Sub-Saharan Africa ,Low income,IDA,-10.7957,6.30039
1602,LR,Liberia,Poverty headcount ratio at national poverty lines (% of population),2023,,Sub-Saharan Africa ,Low income,IDA,-10.7957,6.30039
1603,LR,Liberia,Poverty headcount ratio at national poverty lines (% of population),2022,,Sub-Saharan Africa ,Low income,IDA,-10.7957,6.30039
1604,LR,Liberia,Poverty headcount ratio at national poverty lines (% of population),2021,,Sub-Saharan Africa ,Low income,IDA,-10.7957,6.30039
1605,LR,Liberia,Poverty headcount ratio at national poverty lines (% of population),2020,,Sub-Saharan Africa ,Low income,IDA,-10.7957,6.30039
1606,LR,Liberia,Poverty headcount ratio at national poverty lines (% of population),2019,,Sub-Saharan Africa ,Low income,IDA,-10.7957,6.30039
1607,LR,Liberia,Poverty headcount ratio at national poverty lines (% of population),2018,,Sub-Saharan Africa ,Low income,IDA,-10.7957,6.30039
1608,LR,Liberia,Poverty headcount ratio at national poverty lines (% of population),2017,,Sub-Saharan Africa ,Low income,IDA,-10.7957,6.30039
1609,LR,Liberia,Poverty headcount ratio at national poverty lines (% of population),2016,50.9,Sub-Saharan Africa ,Low income,IDA,-10.7957,6.30039
1610,LY,Libya,Poverty headcount ratio at national poverty lines (% of population),2025,,"Middle East, North Africa, Afghanistan & Pakistan",Upper middle income,IBRD,13.1072,32.8578
1611,LY,Libya,Poverty headcount ratio at national poverty lines (% of population),2024,,"Middle East, North Africa, Afghanistan & Pakistan",Upper middle income,IBRD,13.1072,32.8578
1612,LY,Libya,Poverty headcount ratio at national poverty lines (% of population),2023,,"Middle East, North Africa, Afghanistan & Pakistan",Upper middle income,IBRD,13.1072,32.8578
1613,LY,Libya,Poverty headcount ratio at national poverty lines (% of population),2022,,"Middle East, North Africa, Afghanistan & Pakistan",Upper middle income,IBRD,13.1072,32.8578
1614,LY,Libya,Poverty headcount ratio at national poverty lines (% of population),2021,,"Middle East, North Africa, Afghanistan & Pakistan",Upper middle income,IBRD,13.1072,32.8578
1615,LY,Libya,Poverty headcount ratio at national poverty lines (% of population),2020,,"Middle East, North Africa, Afghanistan & Pakistan",Upper middle income,IBRD,13.1072,32.8578
1616,LY,Libya,Poverty headcount ratio at national poverty lines (% of population),2019,,"Middle East, North Africa, Afghanistan & Pakistan",Upper middle income,IBRD,13.1072,32.8578
1617,LY,Libya,Poverty headcount ratio at national poverty lines (% of population),2018,,"Middle East, North Africa, Afghanistan & Pakistan",Upper middle income,IBRD,13.1072,32.8578
1618,LY,Libya,Poverty headcount ratio at national poverty lines (% of population),2017,,"Middle East, North Africa, Afghanistan & Pakistan",Upper middle income,IBRD,13.1072,32.8578
1619,LY,Libya,Poverty headcount ratio at national poverty lines (% of population),2016,,"Middle East, North Africa, Afghanistan & Pakistan",Upper middle income,IBRD,13.1072,32.8578
1620,LI,Liechtenstein,Poverty headcount ratio at national poverty lines (% of population),2025,,Europe & Central Asia,High income,Not classified,9.52148,47.1411
1621,LI,Liechtenstein,Poverty headcount ratio at national poverty lines (% of population),2024,,Europe & Central Asia,High income,Not classified,9.52148,47.1411
1622,LI,Liechtenstein,Poverty headcount ratio at national poverty lines (% of population),2023,,Europe & Central Asia,High income,Not classified,9.52148,47.1411
1623,LI,Liechtenstein,Poverty headcount ratio at national poverty lines (% of population),2022,,Europe & Central Asia,High income,Not classified,9.52148,47.1411
1624,LI,Liechtenstein,Poverty headcount ratio at national poverty lines (% of population),2021,,Europe & Central Asia,High income,Not classified,9.52148,47.1411
1625,LI,Liechtenstein,Poverty headcount ratio at national poverty lines (% of population),2020,,Europe & Central Asia,High income,Not classified,9.52148,47.1411
1626,LI,Liechtenstein,Poverty headcount ratio at national poverty lines (% of population),2019,,Europe & Central Asia,High income,Not classified,9.52148,47.1411
1627,LI,Liechtenstein,Poverty headcount ratio at national poverty lines (% of population),2018,,Europe & Central Asia,High income,Not classified,9.52148,47.1411
1628,LI,Liechtenstein,Poverty headcount ratio at national poverty lines (% of population),2017,,Europe & Central Asia,High income,Not classified,9.52148,47.1411
1629,LI,Liechtenstein,Poverty headcount ratio at national poverty lines (% of population),2016,,Europe & Central Asia,High income,Not classified,9.52148,47.1411
1630,LT,Lithuania,Poverty headcount ratio at national poverty lines (% of population),2025,,Europe & Central Asia,High income,Not classified,25.2799,54.6896
1631,LT,Lithuania,Poverty headcount ratio at national poverty lines (% of population),2024,,Europe & Central Asia,High income,Not classified,25.2799,54.6896
1632,LT,Lithuania,Poverty headcount ratio at national poverty lines (% of population),2023,,Europe & Central Asia,High income,Not classified,25.2799,54.6896
1633,LT,Lithuania,Poverty headcount ratio at national poverty lines (% of population),2022,,Europe & Central Asia,High income,Not classified,25.2799,54.6896
1634,LT,Lithuania,Poverty headcount ratio at national poverty lines (% of population),2021,20.9,Europe & Central Asia,High income,Not classified,25.2799,54.6896
1635,LT,Lithuania,Poverty headcount ratio at national poverty lines (% of population),2020,20.0,Europe & Central Asia,High income,Not classified,25.2799,54.6896
1636,LT,Lithuania,Poverty headcount ratio at national poverty lines (% of population),2019,20.9,Europe & Central Asia,High income,Not classified,25.2799,54.6896
1637,LT,Lithuania,Poverty headcount ratio at national poverty lines (% of population),2018,20.6,Europe & Central Asia,High income,Not classified,25.2799,54.6896
1638,LT,Lithuania,Poverty headcount ratio at national poverty lines (% of population),2017,22.9,Europe & Central Asia,High income,Not classified,25.2799,54.6896
1639,LT,Lithuania,Poverty headcount ratio at national poverty lines (% of population),2016,22.9,Europe & Central Asia,High income,Not classified,25.2799,54.6896
1640,LU,Luxembourg,Poverty headcount ratio at national poverty lines (% of population),2025,,Europe & Central Asia,High income,Not classified,6.1296,49.61
1641,LU,Luxembourg,Poverty headcount ratio at national poverty lines (% of population),2024,,Europe & Central Asia,High income,Not classified,6.1296,49.61
1642,LU,Luxembourg,Poverty headcount ratio at national poverty lines (% of population),2023,,Europe & Central Asia,High income,Not classified,6.1296,49.61
1643,LU,Luxembourg,Poverty headcount ratio at national poverty lines (% of population),2022,,Europe & Central Asia,High income,Not classified,6.1296,49.61
1644,LU,Luxembourg,Poverty headcount ratio at national poverty lines (% of population),2021,17.3,Europe & Central Asia,High income,Not classified,6.1296,49.61
1645,LU,Luxembourg,Poverty headcount ratio at national poverty lines (% of population),2020,,Europe & Central Asia,High income,Not classified,6.1296,49.61
1646,LU,Luxembourg,Poverty headcount ratio at national poverty lines (% of population),2019,,Europe & Central Asia,High income,Not classified,6.1296,49.61
1647,LU,Luxembourg,Poverty headcount ratio at national poverty lines (% of population),2018,,Europe & Central Asia,High income,Not classified,6.1296,49.61
1648,LU,Luxembourg,Poverty headcount ratio at national poverty lines (% of population),2017,,Europe & Central Asia,High income,Not classified,6.1296,49.61
1649,LU,Luxembourg,Poverty headcount ratio at national poverty lines (% of population),2016,,Europe & Central Asia,High income,Not classified,6.1296,49.61
1650,MO,"Macao SAR, China",Poverty headcount ratio at national poverty lines (% of population),2025,,East Asia & Pacific,High income,Not classified,113.55,22.1667
1651,MO,"Macao SAR, China",Poverty headcount ratio at national poverty lines (% of population),2024,,East Asia & Pacific,High income,Not classified,113.55,22.1667
1652,MO,"Macao SAR, China",Poverty headcount ratio at national poverty lines (% of population),2023,,East Asia & Pacific,High income,Not classified,113.55,22.1667
1653,MO,"Macao SAR, China",Poverty headcount ratio at national poverty lines (% of population),2022,,East Asia & Pacific,High income,Not classified,113.55,22.1667
1654,MO,"Macao SAR, China",Poverty headcount ratio at national poverty lines (% of population),2021,,East Asia & Pacific,High income,Not classified,113.55,22.1667
1655,MO,"Macao SAR, China",Poverty headcount ratio at national poverty lines (% of population),2020,,East Asia & Pacific,High income,Not classified,113.55,22.1667
1656,MO,"Macao SAR, China",Poverty headcount ratio at national poverty lines (% of population),2019,,East Asia & Pacific,High income,Not classified,113.55,22.1667
1657,MO,"Macao SAR, China",Poverty headcount ratio at national poverty lines (% of population),2018,,East Asia & Pacific,High income,Not classified,113.55,22.1667
1658,MO,"Macao SAR, China",Poverty headcount ratio at national poverty lines (% of population),2017,,East Asia & Pacific,High income,Not classified,113.55,22.1667
1659,MO,"Macao SAR, China",Poverty headcount ratio at national poverty lines (% of population),2016,,East Asia & Pacific,High income,Not classified,113.55,22.1667
1660,MG,Madagascar,Poverty headcount ratio at national poverty lines (% of population),2025,,Sub-Saharan Africa ,Low income,IDA,45.7167,-20.4667
1661,MG,Madagascar,Poverty headcount ratio at national poverty lines (% of population),2024,,Sub-Saharan Africa ,Low income,IDA,45.7167,-20.4667
1662,MG,Madagascar,Poverty headcount ratio at national poverty lines (% of population),2023,,Sub-Saharan Africa ,Low income,IDA,45.7167,-20.4667
1663,MG,Madagascar,Poverty headcount ratio at national poverty lines (% of population),2022,,Sub-Saharan Africa ,Low income,IDA,45.7167,-20.4667
1664,MG,Madagascar,Poverty headcount ratio at national poverty lines (% of population),2021,75.2,Sub-Saharan Africa ,Low income,IDA,45.7167,-20.4667
1665,MG,Madagascar,Poverty headcount ratio at national poverty lines (% of population),2020,,Sub-Saharan Africa ,Low income,IDA,45.7167,-20.4667
1666,MG,Madagascar,Poverty headcount ratio at national poverty lines (% of population),2019,,Sub-Saharan Africa ,Low income,IDA,45.7167,-20.4667
1667,MG,Madagascar,Poverty headcount ratio at national poverty lines (% of population),2018,,Sub-Saharan Africa ,Low income,IDA,45.7167,-20.4667
1668,MG,Madagascar,Poverty headcount ratio at national poverty lines (% of population),2017,,Sub-Saharan Africa ,Low income,IDA,45.7167,-20.4667
1669,MG,Madagascar,Poverty headcount ratio at national poverty lines (% of population),2016,,Sub-Saharan Africa ,Low income,IDA,45.7167,-20.4667
1670,MW,Malawi,Poverty headcount ratio at national poverty lines (% of population),2025,,Sub-Saharan Africa ,Low income,IDA,33.7703,-13.9899
1671,MW,Malawi,Poverty headcount ratio at national poverty lines (% of population),2024,,Sub-Saharan Africa ,Low income,IDA,33.7703,-13.9899
1672,MW,Malawi,Poverty headcount ratio at national poverty lines (% of population),2023,,Sub-Saharan Africa ,Low income,IDA,33.7703,-13.9899
1673,MW,Malawi,Poverty headcount ratio at national poverty lines (% of population),2022,,Sub-Saharan Africa ,Low income,IDA,33.7703,-13.9899
1674,MW,Malawi,Poverty headcount ratio at national poverty lines (% of population),2021,,Sub-Saharan Africa ,Low income,IDA,33.7703,-13.9899
1675,MW,Malawi,Poverty headcount ratio at national poverty lines (% of population),2020,,Sub-Saharan Africa ,Low income,IDA,33.7703,-13.9899
1676,MW,Malawi,Poverty headcount ratio at national poverty lines (% of population),2019,50.7,Sub-Saharan Africa ,Low income,IDA,33.7703,-13.9899
1677,MW,Malawi,Poverty headcount ratio at national poverty lines (% of population),2018,,Sub-Saharan Africa ,Low income,IDA,33.7703,-13.9899
1678,MW,Malawi,Poverty headcount ratio at national poverty lines (% of population),2017,,Sub-Saharan Africa ,Low income,IDA,33.7703,-13.9899
1679,MW,Malawi,Poverty headcount ratio at national poverty lines (% of population),2016,51.5,Sub-Saharan Africa ,Low income,IDA,33.7703,-13.9899
1680,MY,Malaysia,Poverty headcount ratio at national poverty lines (% of population),2025,,East Asia & Pacific,Upper middle income,IBRD,101.684,3.12433
1681,MY,Malaysia,Poverty headcount ratio at national poverty lines (% of population),2024,,East Asia & Pacific,Upper middle income,IBRD,101.684,3.12433
1682,MY,Malaysia,Poverty headcount ratio at national poverty lines (% of population),2023,5.1,East Asia & Pacific,Upper middle income,IBRD,101.684,3.12433
1683,MY,Malaysia,Poverty headcount ratio at national poverty lines (% of population),2022,,East Asia & Pacific,Upper middle income,IBRD,101.684,3.12433
1684,MY,Malaysia,Poverty headcount ratio at national poverty lines (% of population),2021,6.2,East Asia & Pacific,Upper middle income,IBRD,101.684,3.12433
1685,MY,Malaysia,Poverty headcount ratio at national poverty lines (% of population),2020,,East Asia & Pacific,Upper middle income,IBRD,101.684,3.12433
1686,MY,Malaysia,Poverty headcount ratio at national poverty lines (% of population),2019,8.4,East Asia & Pacific,Upper middle income,IBRD,101.684,3.12433
1687,MY,Malaysia,Poverty headcount ratio at national poverty lines (% of population),2018,,East Asia & Pacific,Upper middle income,IBRD,101.684,3.12433
1688,MY,Malaysia,Poverty headcount ratio at national poverty lines (% of population),2017,,East Asia & Pacific,Upper middle income,IBRD,101.684,3.12433
1689,MY,Malaysia,Poverty headcount ratio at national poverty lines (% of population),2016,,East Asia & Pacific,Upper middle income,IBRD,101.684,3.12433
1690,MV,Maldives,Poverty headcount ratio at national poverty lines (% of population),2025,,South Asia,Upper middle income,IDA,73.5109,4.1742
1691,MV,Maldives,Poverty headcount ratio at national poverty lines (% of population),2024,,South Asia,Upper middle income,IDA,73.5109,4.1742
1692,MV,Maldives,Poverty headcount ratio at national poverty lines (% of population),2023,,South Asia,Upper middle income,IDA,73.5109,4.1742
1693,MV,Maldives,Poverty headcount ratio at national poverty lines (% of population),2022,,South Asia,Upper middle income,IDA,73.5109,4.1742
1694,MV,Maldives,Poverty headcount ratio at national poverty lines (% of population),2021,,South Asia,Upper middle income,IDA,73.5109,4.1742
1695,MV,Maldives,Poverty headcount ratio at national poverty lines (% of population),2020,,South Asia,Upper middle income,IDA,73.5109,4.1742
1696,MV,Maldives,Poverty headcount ratio at national poverty lines (% of population),2019,5.4,South Asia,Upper middle income,IDA,73.5109,4.1742
1697,MV,Maldives,Poverty headcount ratio at national poverty lines (% of population),2018,,South Asia,Upper middle income,IDA,73.5109,4.1742
1698,MV,Maldives,Poverty headcount ratio at national poverty lines (% of population),2017,,South Asia,Upper middle income,IDA,73.5109,4.1742
1699,MV,Maldives,Poverty headcount ratio at national poverty lines (% of population),2016,,South Asia,Upper middle income,IDA,73.5109,4.1742
1700,ML,Mali,Poverty headcount ratio at national poverty lines (% of population),2025,,Sub-Saharan Africa ,Low income,IDA,-7.50034,13.5667
1701,ML,Mali,Poverty headcount ratio at national poverty lines (% of population),2024,,Sub-Saharan Africa ,Low income,IDA,-7.50034,13.5667
1702,ML,Mali,Poverty headcount ratio at national poverty lines (% of population),2023,,Sub-Saharan Africa ,Low income,IDA,-7.50034,13.5667
1703,ML,Mali,Poverty headcount ratio at national poverty lines (% of population),2022,,Sub-Saharan Africa ,Low income,IDA,-7.50034,13.5667
1704,ML,Mali,Poverty headcount ratio at national poverty lines (% of population),2021,45.5,Sub-Saharan Africa ,Low income,IDA,-7.50034,13.5667
1705,ML,Mali,Poverty headcount ratio at national poverty lines (% of population),2020,,Sub-Saharan Africa ,Low income,IDA,-7.50034,13.5667
1706,ML,Mali,Poverty headcount ratio at national poverty lines (% of population),2019,,Sub-Saharan Africa ,Low income,IDA,-7.50034,13.5667
1707,ML,Mali,Poverty headcount ratio at national poverty lines (% of population),2018,42.1,Sub-Saharan Africa ,Low income,IDA,-7.50034,13.5667
1708,ML,Mali,Poverty headcount ratio at national poverty lines (% of population),2017,,Sub-Saharan Africa ,Low income,IDA,-7.50034,13.5667
1709,ML,Mali,Poverty headcount ratio at national poverty lines (% of population),2016,,Sub-Saharan Africa ,Low income,IDA,-7.50034,13.5667
1710,MT,Malta,Poverty headcount ratio at national poverty lines (% of population),2025,,"Middle East, North Africa, Afghanistan & Pakistan",High income,Not classified,14.5189,35.9042
1711,MT,Malta,Poverty headcount ratio at national poverty lines (% of population),2024,,"Middle East, North Africa, Afghanistan & Pakistan",High income,Not classified,14.5189,35.9042
1712,MT,Malta,Poverty headcount ratio at national poverty lines (% of population),2023,,"Middle East, North Africa, Afghanistan & Pakistan",High income,Not classified,14.5189,35.9042
1713,MT,Malta,Poverty headcount ratio at national poverty lines (% of population),2022,,"Middle East, North Africa, Afghanistan & Pakistan",High income,Not classified,14.5189,35.9042
1714,MT,Malta,Poverty headcount ratio at national poverty lines (% of population),2021,16.7,"Middle East, North Africa, Afghanistan & Pakistan",High income,Not classified,14.5189,35.9042
1715,MT,Malta,Poverty headcount ratio at national poverty lines (% of population),2020,16.9,"Middle East, North Africa, Afghanistan & Pakistan",High income,Not classified,14.5189,35.9042
1716,MT,Malta,Poverty headcount ratio at national poverty lines (% of population),2019,16.9,"Middle East, North Africa, Afghanistan & Pakistan",High income,Not classified,14.5189,35.9042
1717,MT,Malta,Poverty headcount ratio at national poverty lines (% of population),2018,17.1,"Middle East, North Africa, Afghanistan & Pakistan",High income,Not classified,14.5189,35.9042
1718,MT,Malta,Poverty headcount ratio at national poverty lines (% of population),2017,16.8,"Middle East, North Africa, Afghanistan & Pakistan",High income,Not classified,14.5189,35.9042
1719,MT,Malta,Poverty headcount ratio at national poverty lines (% of population),2016,16.7,"Middle East, North Africa, Afghanistan & Pakistan",High income,Not classified,14.5189,35.9042
1720,MH,Marshall Islands,Poverty headcount ratio at national poverty lines (% of population),2025,,East Asia & Pacific,Upper middle income,IDA,171.135,7.11046
1721,MH,Marshall Islands,Poverty headcount ratio at national poverty lines (% of population),2024,,East Asia & Pacific,Upper middle income,IDA,171.135,7.11046
1722,MH,Marshall Islands,Poverty headcount ratio at national poverty lines (% of population),2023,,East Asia & Pacific,Upper middle income,IDA,171.135,7.11046
1723,MH,Marshall Islands,Poverty headcount ratio at national poverty lines (% of population),2022,,East Asia & Pacific,Upper middle income,IDA,171.135,7.11046
1724,MH,Marshall Islands,Poverty headcount ratio at national poverty lines (% of population),2021,,East Asia & Pacific,Upper middle income,IDA,171.135,7.11046
1725,MH,Marshall Islands,Poverty headcount ratio at national poverty lines (% of population),2020,,East Asia & Pacific,Upper middle income,IDA,171.135,7.11046
1726,MH,Marshall Islands,Poverty headcount ratio at national poverty lines (% of population),2019,7.2,East Asia & Pacific,Upper middle income,IDA,171.135,7.11046
1727,MH,Marshall Islands,Poverty headcount ratio at national poverty lines (% of population),2018,,East Asia & Pacific,Upper middle income,IDA,171.135,7.11046
1728,MH,Marshall Islands,Poverty headcount ratio at national poverty lines (% of population),2017,,East Asia & Pacific,Upper middle income,IDA,171.135,7.11046
1729,MH,Marshall Islands,Poverty headcount ratio at national poverty lines (% of population),2016,,East Asia & Pacific,Upper middle income,IDA,171.135,7.11046
1730,MR,Mauritania,Poverty headcount ratio at national poverty lines (% of population),2025,,Sub-Saharan Africa ,Lower middle income,IDA,-15.9824,18.2367
1731,MR,Mauritania,Poverty headcount ratio at national poverty lines (% of population),2024,,Sub-Saharan Africa ,Lower middle income,IDA,-15.9824,18.2367
1732,MR,Mauritania,Poverty headcount ratio at national poverty lines (% of population),2023,,Sub-Saharan Africa ,Lower middle income,IDA,-15.9824,18.2367
1733,MR,Mauritania,Poverty headcount ratio at national poverty lines (% of population),2022,,Sub-Saharan Africa ,Lower middle income,IDA,-15.9824,18.2367
1734,MR,Mauritania,Poverty headcount ratio at national poverty lines (% of population),2021,,Sub-Saharan Africa ,Lower middle income,IDA,-15.9824,18.2367
1735,MR,Mauritania,Poverty headcount ratio at national poverty lines (% of population),2020,,Sub-Saharan Africa ,Lower middle income,IDA,-15.9824,18.2367
1736,MR,Mauritania,Poverty headcount ratio at national poverty lines (% of population),2019,31.8,Sub-Saharan Africa ,Lower middle income,IDA,-15.9824,18.2367
1737,MR,Mauritania,Poverty headcount ratio at national poverty lines (% of population),2018,,Sub-Saharan Africa ,Lower middle income,IDA,-15.9824,18.2367
1738,MR,Mauritania,Poverty headcount ratio at national poverty lines (% of population),2017,,Sub-Saharan Africa ,Lower middle income,IDA,-15.9824,18.2367
1739,MR,Mauritania,Poverty headcount ratio at national poverty lines (% of population),2016,,Sub-Saharan Africa ,Lower middle income,IDA,-15.9824,18.2367
1740,MU,Mauritius,Poverty headcount ratio at national poverty lines (% of population),2025,,Sub-Saharan Africa ,Upper middle income,IBRD,57.4977,-20.1605
1741,MU,Mauritius,Poverty headcount ratio at national poverty lines (% of population),2024,,Sub-Saharan Africa ,Upper middle income,IBRD,57.4977,-20.1605
1742,MU,Mauritius,Poverty headcount ratio at national poverty lines (% of population),2023,8.4,Sub-Saharan Africa ,Upper middle income,IBRD,57.4977,-20.1605
1743,MU,Mauritius,Poverty headcount ratio at national poverty lines (% of population),2022,,Sub-Saharan Africa ,Upper middle income,IBRD,57.4977,-20.1605
1744,MU,Mauritius,Poverty headcount ratio at national poverty lines (% of population),2021,,Sub-Saharan Africa ,Upper middle income,IBRD,57.4977,-20.1605
1745,MU,Mauritius,Poverty headcount ratio at national poverty lines (% of population),2020,,Sub-Saharan Africa ,Upper middle income,IBRD,57.4977,-20.1605
1746,MU,Mauritius,Poverty headcount ratio at national poverty lines (% of population),2019,,Sub-Saharan Africa ,Upper middle income,IBRD,57.4977,-20.1605
1747,MU,Mauritius,Poverty headcount ratio at national poverty lines (% of population),2018,,Sub-Saharan Africa ,Upper middle income,IBRD,57.4977,-20.1605
1748,MU,Mauritius,Poverty headcount ratio at national poverty lines (% of population),2017,10.4,Sub-Saharan Africa ,Upper middle income,IBRD,57.4977,-20.1605
1749,MU,Mauritius,Poverty headcount ratio at national poverty lines (% of population),2016,,Sub-Saharan Africa ,Upper middle income,IBRD,57.4977,-20.1605
1750,MX,Mexico,Poverty headcount ratio at national poverty lines (% of population),2025,,Latin America & Caribbean ,Upper middle income,IBRD,-99.1276,19.427
1751,MX,Mexico,Poverty headcount ratio at national poverty lines (% of population),2024,29.6,Latin America & Caribbean ,Upper middle income,IBRD,-99.1276,19.427
1752,MX,Mexico,Poverty headcount ratio at national poverty lines (% of population),2023,,Latin America & Caribbean ,Upper middle income,IBRD,-99.1276,19.427
1753,MX,Mexico,Poverty headcount ratio at national poverty lines (% of population),2022,36.3,Latin America & Caribbean ,Upper middle income,IBRD,-99.1276,19.427
1754,MX,Mexico,Poverty headcount ratio at national poverty lines (% of population),2021,,Latin America & Caribbean ,Upper middle income,IBRD,-99.1276,19.427
1755,MX,Mexico,Poverty headcount ratio at national poverty lines (% of population),2020,43.9,Latin America & Caribbean ,Upper middle income,IBRD,-99.1276,19.427
1756,MX,Mexico,Poverty headcount ratio at national poverty lines (% of population),2019,,Latin America & Caribbean ,Upper middle income,IBRD,-99.1276,19.427
1757,MX,Mexico,Poverty headcount ratio at national poverty lines (% of population),2018,41.9,Latin America & Caribbean ,Upper middle income,IBRD,-99.1276,19.427
1758,MX,Mexico,Poverty headcount ratio at national poverty lines (% of population),2017,,Latin America & Caribbean ,Upper middle income,IBRD,-99.1276,19.427
1759,MX,Mexico,Poverty headcount ratio at national poverty lines (% of population),2016,43.2,Latin America & Caribbean ,Upper middle income,IBRD,-99.1276,19.427
1760,FM,"Micronesia, Fed. Sts.",Poverty headcount ratio at national poverty lines (% of population),2025,,East Asia & Pacific,Upper middle income,IDA,158.185,6.91771
1761,FM,"Micronesia, Fed. Sts.",Poverty headcount ratio at national poverty lines (% of population),2024,,East Asia & Pacific,Upper middle income,IDA,158.185,6.91771
1762,FM,"Micronesia, Fed. Sts.",Poverty headcount ratio at national poverty lines (% of population),2023,,East Asia & Pacific,Upper middle income,IDA,158.185,6.91771
1763,FM,"Micronesia, Fed. Sts.",Poverty headcount ratio at national poverty lines (% of population),2022,,East Asia & Pacific,Upper middle income,IDA,158.185,6.91771
1764,FM,"Micronesia, Fed. Sts.",Poverty headcount ratio at national poverty lines (% of population),2021,,East Asia & Pacific,Upper middle income,IDA,158.185,6.91771
1765,FM,"Micronesia, Fed. Sts.",Poverty headcount ratio at national poverty lines (% of population),2020,,East Asia & Pacific,Upper middle income,IDA,158.185,6.91771
1766,FM,"Micronesia, Fed. Sts.",Poverty headcount ratio at national poverty lines (% of population),2019,,East Asia & Pacific,Upper middle income,IDA,158.185,6.91771
1767,FM,"Micronesia, Fed. Sts.",Poverty headcount ratio at national poverty lines (% of population),2018,,East Asia & Pacific,Upper middle income,IDA,158.185,6.91771
1768,FM,"Micronesia, Fed. Sts.",Poverty headcount ratio at national poverty lines (% of population),2017,,East Asia & Pacific,Upper middle income,IDA,158.185,6.91771
1769,FM,"Micronesia, Fed. Sts.",Poverty headcount ratio at national poverty lines (% of population),2016,,East Asia & Pacific,Upper middle income,IDA,158.185,6.91771
1770,MD,Moldova,Poverty headcount ratio at national poverty lines (% of population),2025,,Europe & Central Asia,Upper middle income,IBRD,28.8497,47.0167
1771,MD,Moldova,Poverty headcount ratio at national poverty lines (% of population),2024,,Europe & Central Asia,Upper middle income,IBRD,28.8497,47.0167
1772,MD,Moldova,Poverty headcount ratio at national poverty lines (% of population),2023,31.6,Europe & Central Asia,Upper middle income,IBRD,28.8497,47.0167
1773,MD,Moldova,Poverty headcount ratio at national poverty lines (% of population),2022,31.1,Europe & Central Asia,Upper middle income,IBRD,28.8497,47.0167
1774,MD,Moldova,Poverty headcount ratio at national poverty lines (% of population),2021,24.5,Europe & Central Asia,Upper middle income,IBRD,28.8497,47.0167
1775,MD,Moldova,Poverty headcount ratio at national poverty lines (% of population),2020,26.8,Europe & Central Asia,Upper middle income,IBRD,28.8497,47.0167
1776,MD,Moldova,Poverty headcount ratio at national poverty lines (% of population),2019,25.2,Europe & Central Asia,Upper middle income,IBRD,28.8497,47.0167
1777,MD,Moldova,Poverty headcount ratio at national poverty lines (% of population),2018,,Europe & Central Asia,Upper middle income,IBRD,28.8497,47.0167
1778,MD,Moldova,Poverty headcount ratio at national poverty lines (% of population),2017,,Europe & Central Asia,Upper middle income,IBRD,28.8497,47.0167
1779,MD,Moldova,Poverty headcount ratio at national poverty lines (% of population),2016,,Europe & Central Asia,Upper middle income,IBRD,28.8497,47.0167
1780,MC,Monaco,Poverty headcount ratio at national poverty lines (% of population),2025,,Europe & Central Asia,High income,Not classified,7.41891,43.7325
1781,MC,Monaco,Poverty headcount ratio at national poverty lines (% of population),2024,,Europe & Central Asia,High income,Not classified,7.41891,43.7325
1782,MC,Monaco,Poverty headcount ratio at national poverty lines (% of population),2023,,Europe & Central Asia,High income,Not classified,7.41891,43.7325
1783,MC,Monaco,Poverty headcount ratio at national poverty lines (% of population),2022,,Europe & Central Asia,High income,Not classified,7.41891,43.7325
1784,MC,Monaco,Poverty headcount ratio at national poverty lines (% of population),2021,,Europe & Central Asia,High income,Not classified,7.41891,43.7325
1785,MC,Monaco,Poverty headcount ratio at national poverty lines (% of population),2020,,Europe & Central Asia,High income,Not classified,7.41891,43.7325
1786,MC,Monaco,Poverty headcount ratio at national poverty lines (% of population),2019,,Europe & Central Asia,High income,Not classified,7.41891,43.7325
1787,MC,Monaco,Poverty headcount ratio at national poverty lines (% of population),2018,,Europe & Central Asia,High income,Not classified,7.41891,43.7325
1788,MC,Monaco,Poverty headcount ratio at national poverty lines (% of population),2017,,Europe & Central Asia,High income,Not classified,7.41891,43.7325
1789,MC,Monaco,Poverty headcount ratio at national poverty lines (% of population),2016,,Europe & Central Asia,High income,Not classified,7.41891,43.7325
1790,MN,Mongolia,Poverty headcount ratio at national poverty lines (% of population),2025,,East Asia & Pacific,Upper middle income,IBRD,106.937,47.9129
1791,MN,Mongolia,Poverty headcount ratio at national poverty lines (% of population),2024,,East Asia & Pacific,Upper middle income,IBRD,106.937,47.9129
1792,MN,Mongolia,Poverty headcount ratio at national poverty lines (% of population),2023,,East Asia & Pacific,Upper middle income,IBRD,106.937,47.9129
1793,MN,Mongolia,Poverty headcount ratio at national poverty lines (% of population),2022,27.1,East Asia & Pacific,Upper middle income,IBRD,106.937,47.9129
1794,MN,Mongolia,Poverty headcount ratio at national poverty lines (% of population),2021,,East Asia & Pacific,Upper middle income,IBRD,106.937,47.9129
1795,MN,Mongolia,Poverty headcount ratio at national poverty lines (% of population),2020,,East Asia & Pacific,Upper middle income,IBRD,106.937,47.9129
1796,MN,Mongolia,Poverty headcount ratio at national poverty lines (% of population),2019,,East Asia & Pacific,Upper middle income,IBRD,106.937,47.9129
1797,MN,Mongolia,Poverty headcount ratio at national poverty lines (% of population),2018,,East Asia & Pacific,Upper middle income,IBRD,106.937,47.9129
1798,MN,Mongolia,Poverty headcount ratio at national poverty lines (% of population),2017,,East Asia & Pacific,Upper middle income,IBRD,106.937,47.9129
1799,MN,Mongolia,Poverty headcount ratio at national poverty lines (% of population),2016,,East Asia & Pacific,Upper middle income,IBRD,106.937,47.9129
1800,ME,Montenegro,Poverty headcount ratio at national poverty lines (% of population),2025,,Europe & Central Asia,Upper middle income,IBRD,19.2595,42.4602
1801,ME,Montenegro,Poverty headcount ratio at national poverty lines (% of population),2024,,Europe & Central Asia,Upper middle income,IBRD,19.2595,42.4602
1802,ME,Montenegro,Poverty headcount ratio at national poverty lines (% of population),2023,20.0,Europe & Central Asia,Upper middle income,IBRD,19.2595,42.4602
1803,ME,Montenegro,Poverty headcount ratio at national poverty lines (% of population),2022,20.1,Europe & Central Asia,Upper middle income,IBRD,19.2595,42.4602
1804,ME,Montenegro,Poverty headcount ratio at national poverty lines (% of population),2021,20.3,Europe & Central Asia,Upper middle income,IBRD,19.2595,42.4602
1805,ME,Montenegro,Poverty headcount ratio at national poverty lines (% of population),2020,21.2,Europe & Central Asia,Upper middle income,IBRD,19.2595,42.4602
1806,ME,Montenegro,Poverty headcount ratio at national poverty lines (% of population),2019,22.6,Europe & Central Asia,Upper middle income,IBRD,19.2595,42.4602
1807,ME,Montenegro,Poverty headcount ratio at national poverty lines (% of population),2018,24.5,Europe & Central Asia,Upper middle income,IBRD,19.2595,42.4602
1808,ME,Montenegro,Poverty headcount ratio at national poverty lines (% of population),2017,23.8,Europe & Central Asia,Upper middle income,IBRD,19.2595,42.4602
1809,ME,Montenegro,Poverty headcount ratio at national poverty lines (% of population),2016,23.6,Europe & Central Asia,Upper middle income,IBRD,19.2595,42.4602
1810,MA,Morocco,Poverty headcount ratio at national poverty lines (% of population),2025,,"Middle East, North Africa, Afghanistan & Pakistan",Lower middle income,IBRD,-6.8704,33.9905
1811,MA,Morocco,Poverty headcount ratio at national poverty lines (% of population),2024,,"Middle East, North Africa, Afghanistan & Pakistan",Lower middle income,IBRD,-6.8704,33.9905
1812,MA,Morocco,Poverty headcount ratio at national poverty lines (% of population),2023,,"Middle East, North Africa, Afghanistan & Pakistan",Lower middle income,IBRD,-6.8704,33.9905
1813,MA,Morocco,Poverty headcount ratio at national poverty lines (% of population),2022,3.9,"Middle East, North Africa, Afghanistan & Pakistan",Lower middle income,IBRD,-6.8704,33.9905
1814,MA,Morocco,Poverty headcount ratio at national poverty lines (% of population),2021,,"Middle East, North Africa, Afghanistan & Pakistan",Lower middle income,IBRD,-6.8704,33.9905
1815,MA,Morocco,Poverty headcount ratio at national poverty lines (% of population),2020,,"Middle East, North Africa, Afghanistan & Pakistan",Lower middle income,IBRD,-6.8704,33.9905
1816,MA,Morocco,Poverty headcount ratio at national poverty lines (% of population),2019,,"Middle East, North Africa, Afghanistan & Pakistan",Lower middle income,IBRD,-6.8704,33.9905
1817,MA,Morocco,Poverty headcount ratio at national poverty lines (% of population),2018,,"Middle East, North Africa, Afghanistan & Pakistan",Lower middle income,IBRD,-6.8704,33.9905
1818,MA,Morocco,Poverty headcount ratio at national poverty lines (% of population),2017,,"Middle East, North Africa, Afghanistan & Pakistan",Lower middle income,IBRD,-6.8704,33.9905
1819,MA,Morocco,Poverty headcount ratio at national poverty lines (% of population),2016,,"Middle East, North Africa, Afghanistan & Pakistan",Lower middle income,IBRD,-6.8704,33.9905
1820,MZ,Mozambique,Poverty headcount ratio at national poverty lines (% of population),2025,,Sub-Saharan Africa ,Low income,IDA,32.5713,-25.9664
1821,MZ,Mozambique,Poverty headcount ratio at national poverty lines (% of population),2024,,Sub-Saharan Africa ,Low income,IDA,32.5713,-25.9664
1822,MZ,Mozambique,Poverty headcount ratio at national poverty lines (% of population),2023,,Sub-Saharan Africa ,Low income,IDA,32.5713,-25.9664
1823,MZ,Mozambique,Poverty headcount ratio at national poverty lines (% of population),2022,65.0,Sub-Saharan Africa ,Low income,IDA,32.5713,-25.9664
1824,MZ,Mozambique,Poverty headcount ratio at national poverty lines (% of population),2021,,Sub-Saharan Africa ,Low income,IDA,32.5713,-25.9664
1825,MZ,Mozambique,Poverty headcount ratio at national poverty lines (% of population),2020,,Sub-Saharan Africa ,Low income,IDA,32.5713,-25.9664
1826,MZ,Mozambique,Poverty headcount ratio at national poverty lines (% of population),2019,68.2,Sub-Saharan Africa ,Low income,IDA,32.5713,-25.9664
1827,MZ,Mozambique,Poverty headcount ratio at national poverty lines (% of population),2018,,Sub-Saharan Africa ,Low income,IDA,32.5713,-25.9664
1828,MZ,Mozambique,Poverty headcount ratio at national poverty lines (% of population),2017,,Sub-Saharan Africa ,Low income,IDA,32.5713,-25.9664
1829,MZ,Mozambique,Poverty headcount ratio at national poverty lines (% of population),2016,,Sub-Saharan Africa ,Low income,IDA,32.5713,-25.9664
1830,MM,Myanmar,Poverty headcount ratio at national poverty lines (% of population),2025,,East Asia & Pacific,Lower middle income,IDA,95.9562,21.914
1831,MM,Myanmar,Poverty headcount ratio at national poverty lines (% of population),2024,,East Asia & Pacific,Lower middle income,IDA,95.9562,21.914
1832,MM,Myanmar,Poverty headcount ratio at national poverty lines (% of population),2023,,East Asia & Pacific,Lower middle income,IDA,95.9562,21.914
1833,MM,Myanmar,Poverty headcount ratio at national poverty lines (% of population),2022,,East Asia & Pacific,Lower middle income,IDA,95.9562,21.914
1834,MM,Myanmar,Poverty headcount ratio at national poverty lines (% of population),2021,,East Asia & Pacific,Lower middle income,IDA,95.9562,21.914
1835,MM,Myanmar,Poverty headcount ratio at national poverty lines (% of population),2020,,East Asia & Pacific,Lower middle income,IDA,95.9562,21.914
1836,MM,Myanmar,Poverty headcount ratio at national poverty lines (% of population),2019,,East Asia & Pacific,Lower middle income,IDA,95.9562,21.914
1837,MM,Myanmar,Poverty headcount ratio at national poverty lines (% of population),2018,,East Asia & Pacific,Lower middle income,IDA,95.9562,21.914
1838,MM,Myanmar,Poverty headcount ratio at national poverty lines (% of population),2017,24.8,East Asia & Pacific,Lower middle income,IDA,95.9562,21.914
1839,MM,Myanmar,Poverty headcount ratio at national poverty lines (% of population),2016,,East Asia & Pacific,Lower middle income,IDA,95.9562,21.914
1840,NA,Namibia,Poverty headcount ratio at national poverty lines (% of population),2025,,Sub-Saharan Africa ,Lower middle income,IBRD,17.0931,-22.5648
1841,NA,Namibia,Poverty headcount ratio at national poverty lines (% of population),2024,,Sub-Saharan Africa ,Lower middle income,IBRD,17.0931,-22.5648
1842,NA,Namibia,Poverty headcount ratio at national poverty lines (% of population),2023,,Sub-Saharan Africa ,Lower middle income,IBRD,17.0931,-22.5648
1843,NA,Namibia,Poverty headcount ratio at national poverty lines (% of population),2022,,Sub-Saharan Africa ,Lower middle income,IBRD,17.0931,-22.5648
1844,NA,Namibia,Poverty headcount ratio at national poverty lines (% of population),2021,,Sub-Saharan Africa ,Lower middle income,IBRD,17.0931,-22.5648
1845,NA,Namibia,Poverty headcount ratio at national poverty lines (% of population),2020,,Sub-Saharan Africa ,Lower middle income,IBRD,17.0931,-22.5648
1846,NA,Namibia,Poverty headcount ratio at national poverty lines (% of population),2019,,Sub-Saharan Africa ,Lower middle income,IBRD,17.0931,-22.5648
1847,NA,Namibia,Poverty headcount ratio at national poverty lines (% of population),2018,,Sub-Saharan Africa ,Lower middle income,IBRD,17.0931,-22.5648
1848,NA,Namibia,Poverty headcount ratio at national poverty lines (% of population),2017,,Sub-Saharan Africa ,Lower middle income,IBRD,17.0931,-22.5648
1849,NA,Namibia,Poverty headcount ratio at national poverty lines (% of population),2016,,Sub-Saharan Africa ,Lower middle income,IBRD,17.0931,-22.5648
1850,NR,Naoero,Poverty headcount ratio at national poverty lines (% of population),2025,,East Asia & Pacific,High income,IBRD,166.920867,-0.5477
1851,NR,Naoero,Poverty headcount ratio at national poverty lines (% of population),2024,,East Asia & Pacific,High income,IBRD,166.920867,-0.5477
1852,NR,Naoero,Poverty headcount ratio at national poverty lines (% of population),2023,,East Asia & Pacific,High income,IBRD,166.920867,-0.5477
1853,NR,Naoero,Poverty headcount ratio at national poverty lines (% of population),2022,,East Asia & Pacific,High income,IBRD,166.920867,-0.5477
1854,NR,Naoero,Poverty headcount ratio at national poverty lines (% of population),2021,,East Asia & Pacific,High income,IBRD,166.920867,-0.5477
1855,NR,Naoero,Poverty headcount ratio at national poverty lines (% of population),2020,,East Asia & Pacific,High income,IBRD,166.920867,-0.5477
1856,NR,Naoero,Poverty headcount ratio at national poverty lines (% of population),2019,,East Asia & Pacific,High income,IBRD,166.920867,-0.5477
1857,NR,Naoero,Poverty headcount ratio at national poverty lines (% of population),2018,,East Asia & Pacific,High income,IBRD,166.920867,-0.5477
1858,NR,Naoero,Poverty headcount ratio at national poverty lines (% of population),2017,,East Asia & Pacific,High income,IBRD,166.920867,-0.5477
1859,NR,Naoero,Poverty headcount ratio at national poverty lines (% of population),2016,,East Asia & Pacific,High income,IBRD,166.920867,-0.5477
1860,NP,Nepal,Poverty headcount ratio at national poverty lines (% of population),2025,,South Asia,Lower middle income,IDA,85.3157,27.6939
1861,NP,Nepal,Poverty headcount ratio at national poverty lines (% of population),2024,,South Asia,Lower middle income,IDA,85.3157,27.6939
1862,NP,Nepal,Poverty headcount ratio at national poverty lines (% of population),2023,,South Asia,Lower middle income,IDA,85.3157,27.6939
1863,NP,Nepal,Poverty headcount ratio at national poverty lines (% of population),2022,20.3,South Asia,Lower middle income,IDA,85.3157,27.6939
1864,NP,Nepal,Poverty headcount ratio at national poverty lines (% of population),2021,,South Asia,Lower middle income,IDA,85.3157,27.6939
1865,NP,Nepal,Poverty headcount ratio at national poverty lines (% of population),2020,,South Asia,Lower middle income,IDA,85.3157,27.6939
1866,NP,Nepal,Poverty headcount ratio at national poverty lines (% of population),2019,,South Asia,Lower middle income,IDA,85.3157,27.6939
1867,NP,Nepal,Poverty headcount ratio at national poverty lines (% of population),2018,,South Asia,Lower middle income,IDA,85.3157,27.6939
1868,NP,Nepal,Poverty headcount ratio at national poverty lines (% of population),2017,,South Asia,Lower middle income,IDA,85.3157,27.6939
1869,NP,Nepal,Poverty headcount ratio at national poverty lines (% of population),2016,,South Asia,Lower middle income,IDA,85.3157,27.6939
1870,NL,Netherlands,Poverty headcount ratio at national poverty lines (% of population),2025,,Europe & Central Asia,High income,Not classified,4.89095,52.3738
1871,NL,Netherlands,Poverty headcount ratio at national poverty lines (% of population),2024,,Europe & Central Asia,High income,Not classified,4.89095,52.3738
1872,NL,Netherlands,Poverty headcount ratio at national poverty lines (% of population),2023,,Europe & Central Asia,High income,Not classified,4.89095,52.3738
1873,NL,Netherlands,Poverty headcount ratio at national poverty lines (% of population),2022,,Europe & Central Asia,High income,Not classified,4.89095,52.3738
1874,NL,Netherlands,Poverty headcount ratio at national poverty lines (% of population),2021,14.5,Europe & Central Asia,High income,Not classified,4.89095,52.3738
1875,NL,Netherlands,Poverty headcount ratio at national poverty lines (% of population),2020,14.4,Europe & Central Asia,High income,Not classified,4.89095,52.3738
1876,NL,Netherlands,Poverty headcount ratio at national poverty lines (% of population),2019,13.4,Europe & Central Asia,High income,Not classified,4.89095,52.3738
1877,NL,Netherlands,Poverty headcount ratio at national poverty lines (% of population),2018,13.2,Europe & Central Asia,High income,Not classified,4.89095,52.3738
1878,NL,Netherlands,Poverty headcount ratio at national poverty lines (% of population),2017,13.3,Europe & Central Asia,High income,Not classified,4.89095,52.3738
1879,NL,Netherlands,Poverty headcount ratio at national poverty lines (% of population),2016,13.2,Europe & Central Asia,High income,Not classified,4.89095,52.3738
1880,NC,New Caledonia,Poverty headcount ratio at national poverty lines (% of population),2025,,East Asia & Pacific,High income,Not classified,166.464,-22.2677
1881,NC,New Caledonia,Poverty headcount ratio at national poverty lines (% of population),2024,,East Asia & Pacific,High income,Not classified,166.464,-22.2677
1882,NC,New Caledonia,Poverty headcount ratio at national poverty lines (% of population),2023,,East Asia & Pacific,High income,Not classified,166.464,-22.2677
1883,NC,New Caledonia,Poverty headcount ratio at national poverty lines (% of population),2022,,East Asia & Pacific,High income,Not classified,166.464,-22.2677
1884,NC,New Caledonia,Poverty headcount ratio at national poverty lines (% of population),2021,,East Asia & Pacific,High income,Not classified,166.464,-22.2677
1885,NC,New Caledonia,Poverty headcount ratio at national poverty lines (% of population),2020,,East Asia & Pacific,High income,Not classified,166.464,-22.2677
1886,NC,New Caledonia,Poverty headcount ratio at national poverty lines (% of population),2019,,East Asia & Pacific,High income,Not classified,166.464,-22.2677
1887,NC,New Caledonia,Poverty headcount ratio at national poverty lines (% of population),2018,,East Asia & Pacific,High income,Not classified,166.464,-22.2677
1888,NC,New Caledonia,Poverty headcount ratio at national poverty lines (% of population),2017,,East Asia & Pacific,High income,Not classified,166.464,-22.2677
1889,NC,New Caledonia,Poverty headcount ratio at national poverty lines (% of population),2016,,East Asia & Pacific,High income,Not classified,166.464,-22.2677
1890,NZ,New Zealand,Poverty headcount ratio at national poverty lines (% of population),2025,,East Asia & Pacific,High income,Not classified,174.776,-41.2865
1891,NZ,New Zealand,Poverty headcount ratio at national poverty lines (% of population),2024,,East Asia & Pacific,High income,Not classified,174.776,-41.2865
1892,NZ,New Zealand,Poverty headcount ratio at national poverty lines (% of population),2023,,East Asia & Pacific,High income,Not classified,174.776,-41.2865
1893,NZ,New Zealand,Poverty headcount ratio at national poverty lines (% of population),2022,,East Asia & Pacific,High income,Not classified,174.776,-41.2865
1894,NZ,New Zealand,Poverty headcount ratio at national poverty lines (% of population),2021,,East Asia & Pacific,High income,Not classified,174.776,-41.2865
1895,NZ,New Zealand,Poverty headcount ratio at national poverty lines (% of population),2020,,East Asia & Pacific,High income,Not classified,174.776,-41.2865
1896,NZ,New Zealand,Poverty headcount ratio at national poverty lines (% of population),2019,,East Asia & Pacific,High income,Not classified,174.776,-41.2865
1897,NZ,New Zealand,Poverty headcount ratio at national poverty lines (% of population),2018,,East Asia & Pacific,High income,Not classified,174.776,-41.2865
1898,NZ,New Zealand,Poverty headcount ratio at national poverty lines (% of population),2017,,East Asia & Pacific,High income,Not classified,174.776,-41.2865
1899,NZ,New Zealand,Poverty headcount ratio at national poverty lines (% of population),2016,,East Asia & Pacific,High income,Not classified,174.776,-41.2865
1900,NI,Nicaragua,Poverty headcount ratio at national poverty lines (% of population),2025,,Latin America & Caribbean ,Lower middle income,IDA,-86.2734,12.1475
1901,NI,Nicaragua,Poverty headcount ratio at national poverty lines (% of population),2024,,Latin America & Caribbean ,Lower middle income,IDA,-86.2734,12.1475
1902,NI,Nicaragua,Poverty headcount ratio at national poverty lines (% of population),2023,,Latin America & Caribbean ,Lower middle income,IDA,-86.2734,12.1475
1903,NI,Nicaragua,Poverty headcount ratio at national poverty lines (% of population),2022,,Latin America & Caribbean ,Lower middle income,IDA,-86.2734,12.1475
1904,NI,Nicaragua,Poverty headcount ratio at national poverty lines (% of population),2021,,Latin America & Caribbean ,Lower middle income,IDA,-86.2734,12.1475
1905,NI,Nicaragua,Poverty headcount ratio at national poverty lines (% of population),2020,,Latin America & Caribbean ,Lower middle income,IDA,-86.2734,12.1475
1906,NI,Nicaragua,Poverty headcount ratio at national poverty lines (% of population),2019,,Latin America & Caribbean ,Lower middle income,IDA,-86.2734,12.1475
1907,NI,Nicaragua,Poverty headcount ratio at national poverty lines (% of population),2018,,Latin America & Caribbean ,Lower middle income,IDA,-86.2734,12.1475
1908,NI,Nicaragua,Poverty headcount ratio at national poverty lines (% of population),2017,,Latin America & Caribbean ,Lower middle income,IDA,-86.2734,12.1475
1909,NI,Nicaragua,Poverty headcount ratio at national poverty lines (% of population),2016,24.9,Latin America & Caribbean ,Lower middle income,IDA,-86.2734,12.1475
1910,NE,Niger,Poverty headcount ratio at national poverty lines (% of population),2025,,Sub-Saharan Africa ,Low income,IDA,2.1073,13.514
1911,NE,Niger,Poverty headcount ratio at national poverty lines (% of population),2024,,Sub-Saharan Africa ,Low income,IDA,2.1073,13.514
1912,NE,Niger,Poverty headcount ratio at national poverty lines (% of population),2023,,Sub-Saharan Africa ,Low income,IDA,2.1073,13.514
1913,NE,Niger,Poverty headcount ratio at national poverty lines (% of population),2022,,Sub-Saharan Africa ,Low income,IDA,2.1073,13.514
1914,NE,Niger,Poverty headcount ratio at national poverty lines (% of population),2021,41.2,Sub-Saharan Africa ,Low income,IDA,2.1073,13.514
1915,NE,Niger,Poverty headcount ratio at national poverty lines (% of population),2020,,Sub-Saharan Africa ,Low income,IDA,2.1073,13.514
1916,NE,Niger,Poverty headcount ratio at national poverty lines (% of population),2019,,Sub-Saharan Africa ,Low income,IDA,2.1073,13.514
1917,NE,Niger,Poverty headcount ratio at national poverty lines (% of population),2018,40.8,Sub-Saharan Africa ,Low income,IDA,2.1073,13.514
1918,NE,Niger,Poverty headcount ratio at national poverty lines (% of population),2017,,Sub-Saharan Africa ,Low income,IDA,2.1073,13.514
1919,NE,Niger,Poverty headcount ratio at national poverty lines (% of population),2016,,Sub-Saharan Africa ,Low income,IDA,2.1073,13.514
1920,NG,Nigeria,Poverty headcount ratio at national poverty lines (% of population),2025,,Sub-Saharan Africa ,Lower middle income,Blend,7.48906,9.05804
1921,NG,Nigeria,Poverty headcount ratio at national poverty lines (% of population),2024,,Sub-Saharan Africa ,Lower middle income,Blend,7.48906,9.05804
1922,NG,Nigeria,Poverty headcount ratio at national poverty lines (% of population),2023,,Sub-Saharan Africa ,Lower middle income,Blend,7.48906,9.05804
1923,NG,Nigeria,Poverty headcount ratio at national poverty lines (% of population),2022,56.2,Sub-Saharan Africa ,Lower middle income,Blend,7.48906,9.05804
1924,NG,Nigeria,Poverty headcount ratio at national poverty lines (% of population),2021,,Sub-Saharan Africa ,Lower middle income,Blend,7.48906,9.05804
1925,NG,Nigeria,Poverty headcount ratio at national poverty lines (% of population),2020,,Sub-Saharan Africa ,Lower middle income,Blend,7.48906,9.05804
1926,NG,Nigeria,Poverty headcount ratio at national poverty lines (% of population),2019,,Sub-Saharan Africa ,Lower middle income,Blend,7.48906,9.05804
1927,NG,Nigeria,Poverty headcount ratio at national poverty lines (% of population),2018,40.1,Sub-Saharan Africa ,Lower middle income,Blend,7.48906,9.05804
1928,NG,Nigeria,Poverty headcount ratio at national poverty lines (% of population),2017,,Sub-Saharan Africa ,Lower middle income,Blend,7.48906,9.05804
1929,NG,Nigeria,Poverty headcount ratio at national poverty lines (% of population),2016,,Sub-Saharan Africa ,Lower middle income,Blend,7.48906,9.05804
1930,MK,North Macedonia,Poverty headcount ratio at national poverty lines (% of population),2025,,Europe & Central Asia,Upper middle income,IBRD,21.4361,42.0024
1931,MK,North Macedonia,Poverty headcount ratio at national poverty lines (% of population),2024,,Europe & Central Asia,Upper middle income,IBRD,21.4361,42.0024
1932,MK,North Macedonia,Poverty headcount ratio at national poverty lines (% of population),2023,21.9,Europe & Central Asia,Upper middle income,IBRD,21.4361,42.0024
1933,MK,North Macedonia,Poverty headcount ratio at national poverty lines (% of population),2022,22.2,Europe & Central Asia,Upper middle income,IBRD,21.4361,42.0024
1934,MK,North Macedonia,Poverty headcount ratio at national poverty lines (% of population),2021,22.9,Europe & Central Asia,Upper middle income,IBRD,21.4361,42.0024
1935,MK,North Macedonia,Poverty headcount ratio at national poverty lines (% of population),2020,23.0,Europe & Central Asia,Upper middle income,IBRD,21.4361,42.0024
1936,MK,North Macedonia,Poverty headcount ratio at national poverty lines (% of population),2019,21.8,Europe & Central Asia,Upper middle income,IBRD,21.4361,42.0024
1937,MK,North Macedonia,Poverty headcount ratio at national poverty lines (% of population),2018,21.6,Europe & Central Asia,Upper middle income,IBRD,21.4361,42.0024
1938,MK,North Macedonia,Poverty headcount ratio at national poverty lines (% of population),2017,21.9,Europe & Central Asia,Upper middle income,IBRD,21.4361,42.0024
1939,MK,North Macedonia,Poverty headcount ratio at national poverty lines (% of population),2016,22.2,Europe & Central Asia,Upper middle income,IBRD,21.4361,42.0024
1940,MP,Northern Mariana Islands,Poverty headcount ratio at national poverty lines (% of population),2025,,East Asia & Pacific,High income,Not classified,145.765,15.1935
1941,MP,Northern Mariana Islands,Poverty headcount ratio at national poverty lines (% of population),2024,,East Asia & Pacific,High income,Not classified,145.765,15.1935
1942,MP,Northern Mariana Islands,Poverty headcount ratio at national poverty lines (% of population),2023,,East Asia & Pacific,High income,Not classified,145.765,15.1935
1943,MP,Northern Mariana Islands,Poverty headcount ratio at national poverty lines (% of population),2022,,East Asia & Pacific,High income,Not classified,145.765,15.1935
1944,MP,Northern Mariana Islands,Poverty headcount ratio at national poverty lines (% of population),2021,,East Asia & Pacific,High income,Not classified,145.765,15.1935
1945,MP,Northern Mariana Islands,Poverty headcount ratio at national poverty lines (% of population),2020,,East Asia & Pacific,High income,Not classified,145.765,15.1935
1946,MP,Northern Mariana Islands,Poverty headcount ratio at national poverty lines (% of population),2019,,East Asia & Pacific,High income,Not classified,145.765,15.1935
1947,MP,Northern Mariana Islands,Poverty headcount ratio at national poverty lines (% of population),2018,,East Asia & Pacific,High income,Not classified,145.765,15.1935
1948,MP,Northern Mariana Islands,Poverty headcount ratio at national poverty lines (% of population),2017,,East Asia & Pacific,High income,Not classified,145.765,15.1935
1949,MP,Northern Mariana Islands,Poverty headcount ratio at national poverty lines (% of population),2016,,East Asia & Pacific,High income,Not classified,145.765,15.1935
1950,NO,Norway,Poverty headcount ratio at national poverty lines (% of population),2025,,Europe & Central Asia,High income,Not classified,10.7387,59.9138
1951,NO,Norway,Poverty headcount ratio at national poverty lines (% of population),2024,,Europe & Central Asia,High income,Not classified,10.7387,59.9138
1952,NO,Norway,Poverty headcount ratio at national poverty lines (% of population),2023,,Europe & Central Asia,High income,Not classified,10.7387,59.9138
1953,NO,Norway,Poverty headcount ratio at national poverty lines (% of population),2022,,Europe & Central Asia,High income,Not classified,10.7387,59.9138
1954,NO,Norway,Poverty headcount ratio at national poverty lines (% of population),2021,12.2,Europe & Central Asia,High income,Not classified,10.7387,59.9138
1955,NO,Norway,Poverty headcount ratio at national poverty lines (% of population),2020,12.6,Europe & Central Asia,High income,Not classified,10.7387,59.9138
1956,NO,Norway,Poverty headcount ratio at national poverty lines (% of population),2019,,Europe & Central Asia,High income,Not classified,10.7387,59.9138
1957,NO,Norway,Poverty headcount ratio at national poverty lines (% of population),2018,,Europe & Central Asia,High income,Not classified,10.7387,59.9138
1958,NO,Norway,Poverty headcount ratio at national poverty lines (% of population),2017,,Europe & Central Asia,High income,Not classified,10.7387,59.9138
1959,NO,Norway,Poverty headcount ratio at national poverty lines (% of population),2016,,Europe & Central Asia,High income,Not classified,10.7387,59.9138
1960,OM,Oman,Poverty headcount ratio at national poverty lines (% of population),2025,,"Middle East, North Africa, Afghanistan & Pakistan",High income,Not classified,58.5874,23.6105
1961,OM,Oman,Poverty headcount ratio at national poverty lines (% of population),2024,,"Middle East, North Africa, Afghanistan & Pakistan",High income,Not classified,58.5874,23.6105
1962,OM,Oman,Poverty headcount ratio at national poverty lines (% of population),2023,,"Middle East, North Africa, Afghanistan & Pakistan",High income,Not classified,58.5874,23.6105
1963,OM,Oman,Poverty headcount ratio at national poverty lines (% of population),2022,,"Middle East, North Africa, Afghanistan & Pakistan",High income,Not classified,58.5874,23.6105
1964,OM,Oman,Poverty headcount ratio at national poverty lines (% of population),2021,,"Middle East, North Africa, Afghanistan & Pakistan",High income,Not classified,58.5874,23.6105
1965,OM,Oman,Poverty headcount ratio at national poverty lines (% of population),2020,,"Middle East, North Africa, Afghanistan & Pakistan",High income,Not classified,58.5874,23.6105
1966,OM,Oman,Poverty headcount ratio at national poverty lines (% of population),2019,,"Middle East, North Africa, Afghanistan & Pakistan",High income,Not classified,58.5874,23.6105
1967,OM,Oman,Poverty headcount ratio at national poverty lines (% of population),2018,,"Middle East, North Africa, Afghanistan & Pakistan",High income,Not classified,58.5874,23.6105
1968,OM,Oman,Poverty headcount ratio at national poverty lines (% of population),2017,,"Middle East, North Africa, Afghanistan & Pakistan",High income,Not classified,58.5874,23.6105
1969,OM,Oman,Poverty headcount ratio at national poverty lines (% of population),2016,,"Middle East, North Africa, Afghanistan & Pakistan",High income,Not classified,58.5874,23.6105
1970,PK,Pakistan,Poverty headcount ratio at national poverty lines (% of population),2025,,"Middle East, North Africa, Afghanistan & Pakistan",Lower middle income,Blend,72.8,30.5167
1971,PK,Pakistan,Poverty headcount ratio at national poverty lines (% of population),2024,,"Middle East, North Africa, Afghanistan & Pakistan",Lower middle income,Blend,72.8,30.5167
1972,PK,Pakistan,Poverty headcount ratio at national poverty lines (% of population),2023,,"Middle East, North Africa, Afghanistan & Pakistan",Lower middle income,Blend,72.8,30.5167
1973,PK,Pakistan,Poverty headcount ratio at national poverty lines (% of population),2022,,"Middle East, North Africa, Afghanistan & Pakistan",Lower middle income,Blend,72.8,30.5167
1974,PK,Pakistan,Poverty headcount ratio at national poverty lines (% of population),2021,,"Middle East, North Africa, Afghanistan & Pakistan",Lower middle income,Blend,72.8,30.5167
1975,PK,Pakistan,Poverty headcount ratio at national poverty lines (% of population),2020,,"Middle East, North Africa, Afghanistan & Pakistan",Lower middle income,Blend,72.8,30.5167
1976,PK,Pakistan,Poverty headcount ratio at national poverty lines (% of population),2019,,"Middle East, North Africa, Afghanistan & Pakistan",Lower middle income,Blend,72.8,30.5167
1977,PK,Pakistan,Poverty headcount ratio at national poverty lines (% of population),2018,21.9,"Middle East, North Africa, Afghanistan & Pakistan",Lower middle income,Blend,72.8,30.5167
1978,PK,Pakistan,Poverty headcount ratio at national poverty lines (% of population),2017,,"Middle East, North Africa, Afghanistan & Pakistan",Lower middle income,Blend,72.8,30.5167
1979,PK,Pakistan,Poverty headcount ratio at national poverty lines (% of population),2016,,"Middle East, North Africa, Afghanistan & Pakistan",Lower middle income,Blend,72.8,30.5167
1980,PW,Palau,Poverty headcount ratio at national poverty lines (% of population),2025,,East Asia & Pacific,High income,IBRD,134.479,7.34194
1981,PW,Palau,Poverty headcount ratio at national poverty lines (% of population),2024,,East Asia & Pacific,High income,IBRD,134.479,7.34194
1982,PW,Palau,Poverty headcount ratio at national poverty lines (% of population),2023,,East Asia & Pacific,High income,IBRD,134.479,7.34194
1983,PW,Palau,Poverty headcount ratio at national poverty lines (% of population),2022,,East Asia & Pacific,High income,IBRD,134.479,7.34194
1984,PW,Palau,Poverty headcount ratio at national poverty lines (% of population),2021,,East Asia & Pacific,High income,IBRD,134.479,7.34194
1985,PW,Palau,Poverty headcount ratio at national poverty lines (% of population),2020,,East Asia & Pacific,High income,IBRD,134.479,7.34194
1986,PW,Palau,Poverty headcount ratio at national poverty lines (% of population),2019,,East Asia & Pacific,High income,IBRD,134.479,7.34194
1987,PW,Palau,Poverty headcount ratio at national poverty lines (% of population),2018,,East Asia & Pacific,High income,IBRD,134.479,7.34194
1988,PW,Palau,Poverty headcount ratio at national poverty lines (% of population),2017,,East Asia & Pacific,High income,IBRD,134.479,7.34194
1989,PW,Palau,Poverty headcount ratio at national poverty lines (% of population),2016,,East Asia & Pacific,High income,IBRD,134.479,7.34194
1990,PA,Panama,Poverty headcount ratio at national poverty lines (% of population),2025,,Latin America & Caribbean ,High income,IBRD,-79.5188,8.99427
1991,PA,Panama,Poverty headcount ratio at national poverty lines (% of population),2024,,Latin America & Caribbean ,High income,IBRD,-79.5188,8.99427
1992,PA,Panama,Poverty headcount ratio at national poverty lines (% of population),2023,21.7,Latin America & Caribbean ,High income,IBRD,-79.5188,8.99427
1993,PA,Panama,Poverty headcount ratio at national poverty lines (% of population),2022,22.2,Latin America & Caribbean ,High income,IBRD,-79.5188,8.99427
1994,PA,Panama,Poverty headcount ratio at national poverty lines (% of population),2021,21.8,Latin America & Caribbean ,High income,IBRD,-79.5188,8.99427
1995,PA,Panama,Poverty headcount ratio at national poverty lines (% of population),2020,,Latin America & Caribbean ,High income,IBRD,-79.5188,8.99427
1996,PA,Panama,Poverty headcount ratio at national poverty lines (% of population),2019,21.5,Latin America & Caribbean ,High income,IBRD,-79.5188,8.99427
1997,PA,Panama,Poverty headcount ratio at national poverty lines (% of population),2018,21.4,Latin America & Caribbean ,High income,IBRD,-79.5188,8.99427
1998,PA,Panama,Poverty headcount ratio at national poverty lines (% of population),2017,20.7,Latin America & Caribbean ,High income,IBRD,-79.5188,8.99427
1999,PA,Panama,Poverty headcount ratio at national poverty lines (% of population),2016,22.1,Latin America & Caribbean ,High income,IBRD,-79.5188,8.99427
2000,PG,Papua New Guinea,Poverty headcount ratio at national poverty lines (% of population),2025,,East Asia & Pacific,Lower middle income,Blend,147.194,-9.47357
2001,PG,Papua New Guinea,Poverty headcount ratio at national poverty lines (% of population),2024,,East Asia & Pacific,Lower middle income,Blend,147.194,-9.47357
2002,PG,Papua New Guinea,Poverty headcount ratio at national poverty lines (% of population),2023,,East Asia & Pacific,Lower middle income,Blend,147.194,-9.47357
2003,PG,Papua New Guinea,Poverty headcount ratio at national poverty lines (% of population),2022,,East Asia & Pacific,Lower middle income,Blend,147.194,-9.47357
2004,PG,Papua New Guinea,Poverty headcount ratio at national poverty lines (% of population),2021,,East Asia & Pacific,Lower middle income,Blend,147.194,-9.47357
2005,PG,Papua New Guinea,Poverty headcount ratio at national poverty lines (% of population),2020,,East Asia & Pacific,Lower middle income,Blend,147.194,-9.47357
2006,PG,Papua New Guinea,Poverty headcount ratio at national poverty lines (% of population),2019,,East Asia & Pacific,Lower middle income,Blend,147.194,-9.47357
2007,PG,Papua New Guinea,Poverty headcount ratio at national poverty lines (% of population),2018,,East Asia & Pacific,Lower middle income,Blend,147.194,-9.47357
2008,PG,Papua New Guinea,Poverty headcount ratio at national poverty lines (% of population),2017,,East Asia & Pacific,Lower middle income,Blend,147.194,-9.47357
2009,PG,Papua New Guinea,Poverty headcount ratio at national poverty lines (% of population),2016,,East Asia & Pacific,Lower middle income,Blend,147.194,-9.47357
2010,PY,Paraguay,Poverty headcount ratio at national poverty lines (% of population),2025,,Latin America & Caribbean ,Upper middle income,IBRD,-57.6362,-25.3005
2011,PY,Paraguay,Poverty headcount ratio at national poverty lines (% of population),2024,20.1,Latin America & Caribbean ,Upper middle income,IBRD,-57.6362,-25.3005
2012,PY,Paraguay,Poverty headcount ratio at national poverty lines (% of population),2023,22.7,Latin America & Caribbean ,Upper middle income,IBRD,-57.6362,-25.3005
2013,PY,Paraguay,Poverty headcount ratio at national poverty lines (% of population),2022,25.5,Latin America & Caribbean ,Upper middle income,IBRD,-57.6362,-25.3005
2014,PY,Paraguay,Poverty headcount ratio at national poverty lines (% of population),2021,,Latin America & Caribbean ,Upper middle income,IBRD,-57.6362,-25.3005
2015,PY,Paraguay,Poverty headcount ratio at national poverty lines (% of population),2020,,Latin America & Caribbean ,Upper middle income,IBRD,-57.6362,-25.3005
2016,PY,Paraguay,Poverty headcount ratio at national poverty lines (% of population),2019,,Latin America & Caribbean ,Upper middle income,IBRD,-57.6362,-25.3005
2017,PY,Paraguay,Poverty headcount ratio at national poverty lines (% of population),2018,,Latin America & Caribbean ,Upper middle income,IBRD,-57.6362,-25.3005
2018,PY,Paraguay,Poverty headcount ratio at national poverty lines (% of population),2017,,Latin America & Caribbean ,Upper middle income,IBRD,-57.6362,-25.3005
2019,PY,Paraguay,Poverty headcount ratio at national poverty lines (% of population),2016,,Latin America & Caribbean ,Upper middle income,IBRD,-57.6362,-25.3005
2020,PE,Peru,Poverty headcount ratio at national poverty lines (% of population),2025,,Latin America & Caribbean ,Upper middle income,IBRD,-77.0465,-12.0931
2021,PE,Peru,Poverty headcount ratio at national poverty lines (% of population),2024,27.6,Latin America & Caribbean ,Upper middle income,IBRD,-77.0465,-12.0931
2022,PE,Peru,Poverty headcount ratio at national poverty lines (% of population),2023,29.0,Latin America & Caribbean ,Upper middle income,IBRD,-77.0465,-12.0931
2023,PE,Peru,Poverty headcount ratio at national poverty lines (% of population),2022,27.5,Latin America & Caribbean ,Upper middle income,IBRD,-77.0465,-12.0931
2024,PE,Peru,Poverty headcount ratio at national poverty lines (% of population),2021,25.9,Latin America & Caribbean ,Upper middle income,IBRD,-77.0465,-12.0931
2025,PE,Peru,Poverty headcount ratio at national poverty lines (% of population),2020,30.1,Latin America & Caribbean ,Upper middle income,IBRD,-77.0465,-12.0931
2026,PE,Peru,Poverty headcount ratio at national poverty lines (% of population),2019,20.2,Latin America & Caribbean ,Upper middle income,IBRD,-77.0465,-12.0931
2027,PE,Peru,Poverty headcount ratio at national poverty lines (% of population),2018,20.5,Latin America & Caribbean ,Upper middle income,IBRD,-77.0465,-12.0931
2028,PE,Peru,Poverty headcount ratio at national poverty lines (% of population),2017,21.7,Latin America & Caribbean ,Upper middle income,IBRD,-77.0465,-12.0931
2029,PE,Peru,Poverty headcount ratio at national poverty lines (% of population),2016,20.7,Latin America & Caribbean ,Upper middle income,IBRD,-77.0465,-12.0931
2030,PH,Philippines,Poverty headcount ratio at national poverty lines (% of population),2025,,East Asia & Pacific,Upper middle income,IBRD,121.035,14.5515
2031,PH,Philippines,Poverty headcount ratio at national poverty lines (% of population),2024,,East Asia & Pacific,Upper middle income,IBRD,121.035,14.5515
2032,PH,Philippines,Poverty headcount ratio at national poverty lines (% of population),2023,15.5,East Asia & Pacific,Upper middle income,IBRD,121.035,14.5515
2033,PH,Philippines,Poverty headcount ratio at national poverty lines (% of population),2022,,East Asia & Pacific,Upper middle income,IBRD,121.035,14.5515
2034,PH,Philippines,Poverty headcount ratio at national poverty lines (% of population),2021,18.1,East Asia & Pacific,Upper middle income,IBRD,121.035,14.5515
2035,PH,Philippines,Poverty headcount ratio at national poverty lines (% of population),2020,,East Asia & Pacific,Upper middle income,IBRD,121.035,14.5515
2036,PH,Philippines,Poverty headcount ratio at national poverty lines (% of population),2019,,East Asia & Pacific,Upper middle income,IBRD,121.035,14.5515
2037,PH,Philippines,Poverty headcount ratio at national poverty lines (% of population),2018,16.7,East Asia & Pacific,Upper middle income,IBRD,121.035,14.5515
2038,PH,Philippines,Poverty headcount ratio at national poverty lines (% of population),2017,,East Asia & Pacific,Upper middle income,IBRD,121.035,14.5515
2039,PH,Philippines,Poverty headcount ratio at national poverty lines (% of population),2016,,East Asia & Pacific,Upper middle income,IBRD,121.035,14.5515
2040,PL,Poland,Poverty headcount ratio at national poverty lines (% of population),2025,,Europe & Central Asia,High income,IBRD,21.02,52.26
2041,PL,Poland,Poverty headcount ratio at national poverty lines (% of population),2024,13.3,Europe & Central Asia,High income,IBRD,21.02,52.26
2042,PL,Poland,Poverty headcount ratio at national poverty lines (% of population),2023,12.2,Europe & Central Asia,High income,IBRD,21.02,52.26
2043,PL,Poland,Poverty headcount ratio at national poverty lines (% of population),2022,11.7,Europe & Central Asia,High income,IBRD,21.02,52.26
2044,PL,Poland,Poverty headcount ratio at national poverty lines (% of population),2021,12.1,Europe & Central Asia,High income,IBRD,21.02,52.26
2045,PL,Poland,Poverty headcount ratio at national poverty lines (% of population),2020,11.8,Europe & Central Asia,High income,IBRD,21.02,52.26
2046,PL,Poland,Poverty headcount ratio at national poverty lines (% of population),2019,,Europe & Central Asia,High income,IBRD,21.02,52.26
2047,PL,Poland,Poverty headcount ratio at national poverty lines (% of population),2018,,Europe & Central Asia,High income,IBRD,21.02,52.26
2048,PL,Poland,Poverty headcount ratio at national poverty lines (% of population),2017,,Europe & Central Asia,High income,IBRD,21.02,52.26
2049,PL,Poland,Poverty headcount ratio at national poverty lines (% of population),2016,,Europe & Central Asia,High income,IBRD,21.02,52.26
2050,PT,Portugal,Poverty headcount ratio at national poverty lines (% of population),2025,,Europe & Central Asia,High income,Not classified,-9.13552,38.7072
2051,PT,Portugal,Poverty headcount ratio at national poverty lines (% of population),2024,,Europe & Central Asia,High income,Not classified,-9.13552,38.7072
2052,PT,Portugal,Poverty headcount ratio at national poverty lines (% of population),2023,,Europe & Central Asia,High income,Not classified,-9.13552,38.7072
2053,PT,Portugal,Poverty headcount ratio at national poverty lines (% of population),2022,,Europe & Central Asia,High income,Not classified,-9.13552,38.7072
2054,PT,Portugal,Poverty headcount ratio at national poverty lines (% of population),2021,16.4,Europe & Central Asia,High income,Not classified,-9.13552,38.7072
2055,PT,Portugal,Poverty headcount ratio at national poverty lines (% of population),2020,18.4,Europe & Central Asia,High income,Not classified,-9.13552,38.7072
2056,PT,Portugal,Poverty headcount ratio at national poverty lines (% of population),2019,16.2,Europe & Central Asia,High income,Not classified,-9.13552,38.7072
2057,PT,Portugal,Poverty headcount ratio at national poverty lines (% of population),2018,17.2,Europe & Central Asia,High income,Not classified,-9.13552,38.7072
2058,PT,Portugal,Poverty headcount ratio at national poverty lines (% of population),2017,17.3,Europe & Central Asia,High income,Not classified,-9.13552,38.7072
2059,PT,Portugal,Poverty headcount ratio at national poverty lines (% of population),2016,18.3,Europe & Central Asia,High income,Not classified,-9.13552,38.7072
2060,PR,Puerto Rico (US),Poverty headcount ratio at national poverty lines (% of population),2025,,Latin America & Caribbean ,High income,Not classified,-66,18.23
2061,PR,Puerto Rico (US),Poverty headcount ratio at national poverty lines (% of population),2024,,Latin America & Caribbean ,High income,Not classified,-66,18.23
2062,PR,Puerto Rico (US),Poverty headcount ratio at national poverty lines (% of population),2023,,Latin America & Caribbean ,High income,Not classified,-66,18.23
2063,PR,Puerto Rico (US),Poverty headcount ratio at national poverty lines (% of population),2022,,Latin America & Caribbean ,High income,Not classified,-66,18.23
2064,PR,Puerto Rico (US),Poverty headcount ratio at national poverty lines (% of population),2021,,Latin America & Caribbean ,High income,Not classified,-66,18.23
2065,PR,Puerto Rico (US),Poverty headcount ratio at national poverty lines (% of population),2020,,Latin America & Caribbean ,High income,Not classified,-66,18.23
2066,PR,Puerto Rico (US),Poverty headcount ratio at national poverty lines (% of population),2019,,Latin America & Caribbean ,High income,Not classified,-66,18.23
2067,PR,Puerto Rico (US),Poverty headcount ratio at national poverty lines (% of population),2018,,Latin America & Caribbean ,High income,Not classified,-66,18.23
2068,PR,Puerto Rico (US),Poverty headcount ratio at national poverty lines (% of population),2017,,Latin America & Caribbean ,High income,Not classified,-66,18.23
2069,PR,Puerto Rico (US),Poverty headcount ratio at national poverty lines (% of population),2016,,Latin America & Caribbean ,High income,Not classified,-66,18.23
2070,QA,Qatar,Poverty headcount ratio at national poverty lines (% of population),2025,,"Middle East, North Africa, Afghanistan & Pakistan",High income,Not classified,51.5082,25.2948
2071,QA,Qatar,Poverty headcount ratio at national poverty lines (% of population),2024,,"Middle East, North Africa, Afghanistan & Pakistan",High income,Not classified,51.5082,25.2948
2072,QA,Qatar,Poverty headcount ratio at national poverty lines (% of population),2023,,"Middle East, North Africa, Afghanistan & Pakistan",High income,Not classified,51.5082,25.2948
2073,QA,Qatar,Poverty headcount ratio at national poverty lines (% of population),2022,,"Middle East, North Africa, Afghanistan & Pakistan",High income,Not classified,51.5082,25.2948
2074,QA,Qatar,Poverty headcount ratio at national poverty lines (% of population),2021,,"Middle East, North Africa, Afghanistan & Pakistan",High income,Not classified,51.5082,25.2948
2075,QA,Qatar,Poverty headcount ratio at national poverty lines (% of population),2020,,"Middle East, North Africa, Afghanistan & Pakistan",High income,Not classified,51.5082,25.2948
2076,QA,Qatar,Poverty headcount ratio at national poverty lines (% of population),2019,,"Middle East, North Africa, Afghanistan & Pakistan",High income,Not classified,51.5082,25.2948
2077,QA,Qatar,Poverty headcount ratio at national poverty lines (% of population),2018,,"Middle East, North Africa, Afghanistan & Pakistan",High income,Not classified,51.5082,25.2948
2078,QA,Qatar,Poverty headcount ratio at national poverty lines (% of population),2017,,"Middle East, North Africa, Afghanistan & Pakistan",High income,Not classified,51.5082,25.2948
2079,QA,Qatar,Poverty headcount ratio at national poverty lines (% of population),2016,,"Middle East, North Africa, Afghanistan & Pakistan",High income,Not classified,51.5082,25.2948
2080,RO,Romania,Poverty headcount ratio at national poverty lines (% of population),2025,,Europe & Central Asia,High income,IBRD,26.0979,44.4479
2081,RO,Romania,Poverty headcount ratio at national poverty lines (% of population),2024,,Europe & Central Asia,High income,IBRD,26.0979,44.4479
2082,RO,Romania,Poverty headcount ratio at national poverty lines (% of population),2023,19.0,Europe & Central Asia,High income,IBRD,26.0979,44.4479
2083,RO,Romania,Poverty headcount ratio at national poverty lines (% of population),2022,21.1,Europe & Central Asia,High income,IBRD,26.0979,44.4479
2084,RO,Romania,Poverty headcount ratio at national poverty lines (% of population),2021,21.2,Europe & Central Asia,High income,IBRD,26.0979,44.4479
2085,RO,Romania,Poverty headcount ratio at national poverty lines (% of population),2020,22.5,Europe & Central Asia,High income,IBRD,26.0979,44.4479
2086,RO,Romania,Poverty headcount ratio at national poverty lines (% of population),2019,23.4,Europe & Central Asia,High income,IBRD,26.0979,44.4479
2087,RO,Romania,Poverty headcount ratio at national poverty lines (% of population),2018,23.8,Europe & Central Asia,High income,IBRD,26.0979,44.4479
2088,RO,Romania,Poverty headcount ratio at national poverty lines (% of population),2017,23.5,Europe & Central Asia,High income,IBRD,26.0979,44.4479
2089,RO,Romania,Poverty headcount ratio at national poverty lines (% of population),2016,23.6,Europe & Central Asia,High income,IBRD,26.0979,44.4479
2090,RU,Russian Federation,Poverty headcount ratio at national poverty lines (% of population),2025,,Europe & Central Asia,High income,IBRD,37.6176,55.7558
2091,RU,Russian Federation,Poverty headcount ratio at national poverty lines (% of population),2024,7.2,Europe & Central Asia,High income,IBRD,37.6176,55.7558
2092,RU,Russian Federation,Poverty headcount ratio at national poverty lines (% of population),2023,8.3,Europe & Central Asia,High income,IBRD,37.6176,55.7558
2093,RU,Russian Federation,Poverty headcount ratio at national poverty lines (% of population),2022,9.0,Europe & Central Asia,High income,IBRD,37.6176,55.7558
2094,RU,Russian Federation,Poverty headcount ratio at national poverty lines (% of population),2021,11.1,Europe & Central Asia,High income,IBRD,37.6176,55.7558
2095,RU,Russian Federation,Poverty headcount ratio at national poverty lines (% of population),2020,12.2,Europe & Central Asia,High income,IBRD,37.6176,55.7558
2096,RU,Russian Federation,Poverty headcount ratio at national poverty lines (% of population),2019,12.4,Europe & Central Asia,High income,IBRD,37.6176,55.7558
2097,RU,Russian Federation,Poverty headcount ratio at national poverty lines (% of population),2018,12.7,Europe & Central Asia,High income,IBRD,37.6176,55.7558
2098,RU,Russian Federation,Poverty headcount ratio at national poverty lines (% of population),2017,13.0,Europe & Central Asia,High income,IBRD,37.6176,55.7558
2099,RU,Russian Federation,Poverty headcount ratio at national poverty lines (% of population),2016,13.3,Europe & Central Asia,High income,IBRD,37.6176,55.7558
2100,RW,Rwanda,Poverty headcount ratio at national poverty lines (% of population),2025,,Sub-Saharan Africa ,Low income,IDA,30.0587,-1.95325
2101,RW,Rwanda,Poverty headcount ratio at national poverty lines (% of population),2024,,Sub-Saharan Africa ,Low income,IDA,30.0587,-1.95325
2102,RW,Rwanda,Poverty headcount ratio at national poverty lines (% of population),2023,27.4,Sub-Saharan Africa ,Low income,IDA,30.0587,-1.95325
2103,RW,Rwanda,Poverty headcount ratio at national poverty lines (% of population),2022,,Sub-Saharan Africa ,Low income,IDA,30.0587,-1.95325
2104,RW,Rwanda,Poverty headcount ratio at national poverty lines (% of population),2021,,Sub-Saharan Africa ,Low income,IDA,30.0587,-1.95325
2105,RW,Rwanda,Poverty headcount ratio at national poverty lines (% of population),2020,,Sub-Saharan Africa ,Low income,IDA,30.0587,-1.95325
2106,RW,Rwanda,Poverty headcount ratio at national poverty lines (% of population),2019,,Sub-Saharan Africa ,Low income,IDA,30.0587,-1.95325
2107,RW,Rwanda,Poverty headcount ratio at national poverty lines (% of population),2018,,Sub-Saharan Africa ,Low income,IDA,30.0587,-1.95325
2108,RW,Rwanda,Poverty headcount ratio at national poverty lines (% of population),2017,,Sub-Saharan Africa ,Low income,IDA,30.0587,-1.95325
2109,RW,Rwanda,Poverty headcount ratio at national poverty lines (% of population),2016,,Sub-Saharan Africa ,Low income,IDA,30.0587,-1.95325
2110,WS,Samoa,Poverty headcount ratio at national poverty lines (% of population),2025,,East Asia & Pacific,Upper middle income,IDA,-171.752,-13.8314
2111,WS,Samoa,Poverty headcount ratio at national poverty lines (% of population),2024,,East Asia & Pacific,Upper middle income,IDA,-171.752,-13.8314
2112,WS,Samoa,Poverty headcount ratio at national poverty lines (% of population),2023,,East Asia & Pacific,Upper middle income,IDA,-171.752,-13.8314
2113,WS,Samoa,Poverty headcount ratio at national poverty lines (% of population),2022,,East Asia & Pacific,Upper middle income,IDA,-171.752,-13.8314
2114,WS,Samoa,Poverty headcount ratio at national poverty lines (% of population),2021,,East Asia & Pacific,Upper middle income,IDA,-171.752,-13.8314
2115,WS,Samoa,Poverty headcount ratio at national poverty lines (% of population),2020,,East Asia & Pacific,Upper middle income,IDA,-171.752,-13.8314
2116,WS,Samoa,Poverty headcount ratio at national poverty lines (% of population),2019,,East Asia & Pacific,Upper middle income,IDA,-171.752,-13.8314
2117,WS,Samoa,Poverty headcount ratio at national poverty lines (% of population),2018,21.9,East Asia & Pacific,Upper middle income,IDA,-171.752,-13.8314
2118,WS,Samoa,Poverty headcount ratio at national poverty lines (% of population),2017,,East Asia & Pacific,Upper middle income,IDA,-171.752,-13.8314
2119,WS,Samoa,Poverty headcount ratio at national poverty lines (% of population),2016,,East Asia & Pacific,Upper middle income,IDA,-171.752,-13.8314
2120,SM,San Marino,Poverty headcount ratio at national poverty lines (% of population),2025,,Europe & Central Asia,High income,Not classified,12.4486,43.9322
2121,SM,San Marino,Poverty headcount ratio at national poverty lines (% of population),2024,,Europe & Central Asia,High income,Not classified,12.4486,43.9322
2122,SM,San Marino,Poverty headcount ratio at national poverty lines (% of population),2023,,Europe & Central Asia,High income,Not classified,12.4486,43.9322
2123,SM,San Marino,Poverty headcount ratio at national poverty lines (% of population),2022,,Europe & Central Asia,High income,Not classified,12.4486,43.9322
2124,SM,San Marino,Poverty headcount ratio at national poverty lines (% of population),2021,,Europe & Central Asia,High income,Not classified,12.4486,43.9322
2125,SM,San Marino,Poverty headcount ratio at national poverty lines (% of population),2020,,Europe & Central Asia,High income,Not classified,12.4486,43.9322
2126,SM,San Marino,Poverty headcount ratio at national poverty lines (% of population),2019,,Europe & Central Asia,High income,Not classified,12.4486,43.9322
2127,SM,San Marino,Poverty headcount ratio at national poverty lines (% of population),2018,,Europe & Central Asia,High income,Not classified,12.4486,43.9322
2128,SM,San Marino,Poverty headcount ratio at national poverty lines (% of population),2017,,Europe & Central Asia,High income,Not classified,12.4486,43.9322
2129,SM,San Marino,Poverty headcount ratio at national poverty lines (% of population),2016,,Europe & Central Asia,High income,Not classified,12.4486,43.9322
2130,ST,Sao Tome and Principe,Poverty headcount ratio at national poverty lines (% of population),2025,,Sub-Saharan Africa ,Lower middle income,IDA,6.6071,0.20618
2131,ST,Sao Tome and Principe,Poverty headcount ratio at national poverty lines (% of population),2024,,Sub-Saharan Africa ,Lower middle income,IDA,6.6071,0.20618
2132,ST,Sao Tome and Principe,Poverty headcount ratio at national poverty lines (% of population),2023,,Sub-Saharan Africa ,Lower middle income,IDA,6.6071,0.20618
2133,ST,Sao Tome and Principe,Poverty headcount ratio at national poverty lines (% of population),2022,,Sub-Saharan Africa ,Lower middle income,IDA,6.6071,0.20618
2134,ST,Sao Tome and Principe,Poverty headcount ratio at national poverty lines (% of population),2021,,Sub-Saharan Africa ,Lower middle income,IDA,6.6071,0.20618
2135,ST,Sao Tome and Principe,Poverty headcount ratio at national poverty lines (% of population),2020,,Sub-Saharan Africa ,Lower middle income,IDA,6.6071,0.20618
2136,ST,Sao Tome and Principe,Poverty headcount ratio at national poverty lines (% of population),2019,,Sub-Saharan Africa ,Lower middle income,IDA,6.6071,0.20618
2137,ST,Sao Tome and Principe,Poverty headcount ratio at national poverty lines (% of population),2018,,Sub-Saharan Africa ,Lower middle income,IDA,6.6071,0.20618
2138,ST,Sao Tome and Principe,Poverty headcount ratio at national poverty lines (% of population),2017,55.5,Sub-Saharan Africa ,Lower middle income,IDA,6.6071,0.20618
2139,ST,Sao Tome and Principe,Poverty headcount ratio at national poverty lines (% of population),2016,,Sub-Saharan Africa ,Lower middle income,IDA,6.6071,0.20618
2140,SA,Saudi Arabia,Poverty headcount ratio at national poverty lines (% of population),2025,,"Middle East, North Africa, Afghanistan & Pakistan",High income,Not classified,46.6977,24.6748
2141,SA,Saudi Arabia,Poverty headcount ratio at national poverty lines (% of population),2024,,"Middle East, North Africa, Afghanistan & Pakistan",High income,Not classified,46.6977,24.6748
2142,SA,Saudi Arabia,Poverty headcount ratio at national poverty lines (% of population),2023,,"Middle East, North Africa, Afghanistan & Pakistan",High income,Not classified,46.6977,24.6748
2143,SA,Saudi Arabia,Poverty headcount ratio at national poverty lines (% of population),2022,,"Middle East, North Africa, Afghanistan & Pakistan",High income,Not classified,46.6977,24.6748
2144,SA,Saudi Arabia,Poverty headcount ratio at national poverty lines (% of population),2021,,"Middle East, North Africa, Afghanistan & Pakistan",High income,Not classified,46.6977,24.6748
2145,SA,Saudi Arabia,Poverty headcount ratio at national poverty lines (% of population),2020,,"Middle East, North Africa, Afghanistan & Pakistan",High income,Not classified,46.6977,24.6748
2146,SA,Saudi Arabia,Poverty headcount ratio at national poverty lines (% of population),2019,,"Middle East, North Africa, Afghanistan & Pakistan",High income,Not classified,46.6977,24.6748
2147,SA,Saudi Arabia,Poverty headcount ratio at national poverty lines (% of population),2018,,"Middle East, North Africa, Afghanistan & Pakistan",High income,Not classified,46.6977,24.6748
2148,SA,Saudi Arabia,Poverty headcount ratio at national poverty lines (% of population),2017,,"Middle East, North Africa, Afghanistan & Pakistan",High income,Not classified,46.6977,24.6748
2149,SA,Saudi Arabia,Poverty headcount ratio at national poverty lines (% of population),2016,,"Middle East, North Africa, Afghanistan & Pakistan",High income,Not classified,46.6977,24.6748
2150,SN,Senegal,Poverty headcount ratio at national poverty lines (% of population),2025,,Sub-Saharan Africa ,Lower middle income,IDA,-17.4734,14.7247
2151,SN,Senegal,Poverty headcount ratio at national poverty lines (% of population),2024,,Sub-Saharan Africa ,Lower middle income,IDA,-17.4734,14.7247
2152,SN,Senegal,Poverty headcount ratio at national poverty lines (% of population),2023,,Sub-Saharan Africa ,Lower middle income,IDA,-17.4734,14.7247
2153,SN,Senegal,Poverty headcount ratio at national poverty lines (% of population),2022,,Sub-Saharan Africa ,Lower middle income,IDA,-17.4734,14.7247
2154,SN,Senegal,Poverty headcount ratio at national poverty lines (% of population),2021,37.5,Sub-Saharan Africa ,Lower middle income,IDA,-17.4734,14.7247
2155,SN,Senegal,Poverty headcount ratio at national poverty lines (% of population),2020,,Sub-Saharan Africa ,Lower middle income,IDA,-17.4734,14.7247
2156,SN,Senegal,Poverty headcount ratio at national poverty lines (% of population),2019,,Sub-Saharan Africa ,Lower middle income,IDA,-17.4734,14.7247
2157,SN,Senegal,Poverty headcount ratio at national poverty lines (% of population),2018,37.8,Sub-Saharan Africa ,Lower middle income,IDA,-17.4734,14.7247
2158,SN,Senegal,Poverty headcount ratio at national poverty lines (% of population),2017,,Sub-Saharan Africa ,Lower middle income,IDA,-17.4734,14.7247
2159,SN,Senegal,Poverty headcount ratio at national poverty lines (% of population),2016,,Sub-Saharan Africa ,Lower middle income,IDA,-17.4734,14.7247
2160,RS,Serbia,Poverty headcount ratio at national poverty lines (% of population),2025,,Europe & Central Asia,Upper middle income,IBRD,20.4656,44.8024
2161,RS,Serbia,Poverty headcount ratio at national poverty lines (% of population),2024,,Europe & Central Asia,Upper middle income,IBRD,20.4656,44.8024
2162,RS,Serbia,Poverty headcount ratio at national poverty lines (% of population),2023,19.7,Europe & Central Asia,Upper middle income,IBRD,20.4656,44.8024
2163,RS,Serbia,Poverty headcount ratio at national poverty lines (% of population),2022,19.9,Europe & Central Asia,Upper middle income,IBRD,20.4656,44.8024
2164,RS,Serbia,Poverty headcount ratio at national poverty lines (% of population),2021,20.2,Europe & Central Asia,Upper middle income,IBRD,20.4656,44.8024
2165,RS,Serbia,Poverty headcount ratio at national poverty lines (% of population),2020,21.4,Europe & Central Asia,Upper middle income,IBRD,20.4656,44.8024
2166,RS,Serbia,Poverty headcount ratio at national poverty lines (% of population),2019,22.4,Europe & Central Asia,Upper middle income,IBRD,20.4656,44.8024
2167,RS,Serbia,Poverty headcount ratio at national poverty lines (% of population),2018,23.0,Europe & Central Asia,Upper middle income,IBRD,20.4656,44.8024
2168,RS,Serbia,Poverty headcount ratio at national poverty lines (% of population),2017,24.3,Europe & Central Asia,Upper middle income,IBRD,20.4656,44.8024
2169,RS,Serbia,Poverty headcount ratio at national poverty lines (% of population),2016,25.7,Europe & Central Asia,Upper middle income,IBRD,20.4656,44.8024
2170,SC,Seychelles,Poverty headcount ratio at national poverty lines (% of population),2025,,Sub-Saharan Africa ,High income,IBRD,55.4466,-4.6309
2171,SC,Seychelles,Poverty headcount ratio at national poverty lines (% of population),2024,,Sub-Saharan Africa ,High income,IBRD,55.4466,-4.6309
2172,SC,Seychelles,Poverty headcount ratio at national poverty lines (% of population),2023,,Sub-Saharan Africa ,High income,IBRD,55.4466,-4.6309
2173,SC,Seychelles,Poverty headcount ratio at national poverty lines (% of population),2022,,Sub-Saharan Africa ,High income,IBRD,55.4466,-4.6309
2174,SC,Seychelles,Poverty headcount ratio at national poverty lines (% of population),2021,,Sub-Saharan Africa ,High income,IBRD,55.4466,-4.6309
2175,SC,Seychelles,Poverty headcount ratio at national poverty lines (% of population),2020,,Sub-Saharan Africa ,High income,IBRD,55.4466,-4.6309
2176,SC,Seychelles,Poverty headcount ratio at national poverty lines (% of population),2019,,Sub-Saharan Africa ,High income,IBRD,55.4466,-4.6309
2177,SC,Seychelles,Poverty headcount ratio at national poverty lines (% of population),2018,25.3,Sub-Saharan Africa ,High income,IBRD,55.4466,-4.6309
2178,SC,Seychelles,Poverty headcount ratio at national poverty lines (% of population),2017,,Sub-Saharan Africa ,High income,IBRD,55.4466,-4.6309
2179,SC,Seychelles,Poverty headcount ratio at national poverty lines (% of population),2016,,Sub-Saharan Africa ,High income,IBRD,55.4466,-4.6309
2180,SL,Sierra Leone,Poverty headcount ratio at national poverty lines (% of population),2025,,Sub-Saharan Africa ,Low income,IDA,-13.2134,8.4821
2181,SL,Sierra Leone,Poverty headcount ratio at national poverty lines (% of population),2024,,Sub-Saharan Africa ,Low income,IDA,-13.2134,8.4821
2182,SL,Sierra Leone,Poverty headcount ratio at national poverty lines (% of population),2023,,Sub-Saharan Africa ,Low income,IDA,-13.2134,8.4821
2183,SL,Sierra Leone,Poverty headcount ratio at national poverty lines (% of population),2022,,Sub-Saharan Africa ,Low income,IDA,-13.2134,8.4821
2184,SL,Sierra Leone,Poverty headcount ratio at national poverty lines (% of population),2021,,Sub-Saharan Africa ,Low income,IDA,-13.2134,8.4821
2185,SL,Sierra Leone,Poverty headcount ratio at national poverty lines (% of population),2020,,Sub-Saharan Africa ,Low income,IDA,-13.2134,8.4821
2186,SL,Sierra Leone,Poverty headcount ratio at national poverty lines (% of population),2019,,Sub-Saharan Africa ,Low income,IDA,-13.2134,8.4821
2187,SL,Sierra Leone,Poverty headcount ratio at national poverty lines (% of population),2018,56.8,Sub-Saharan Africa ,Low income,IDA,-13.2134,8.4821
2188,SL,Sierra Leone,Poverty headcount ratio at national poverty lines (% of population),2017,,Sub-Saharan Africa ,Low income,IDA,-13.2134,8.4821
2189,SL,Sierra Leone,Poverty headcount ratio at national poverty lines (% of population),2016,,Sub-Saharan Africa ,Low income,IDA,-13.2134,8.4821
2190,SG,Singapore,Poverty headcount ratio at national poverty lines (% of population),2025,,East Asia & Pacific,High income,Not classified,103.85,1.28941
2191,SG,Singapore,Poverty headcount ratio at national poverty lines (% of population),2024,,East Asia & Pacific,High income,Not classified,103.85,1.28941
2192,SG,Singapore,Poverty headcount ratio at national poverty lines (% of population),2023,,East Asia & Pacific,High income,Not classified,103.85,1.28941
2193,SG,Singapore,Poverty headcount ratio at national poverty lines (% of population),2022,,East Asia & Pacific,High income,Not classified,103.85,1.28941
2194,SG,Singapore,Poverty headcount ratio at national poverty lines (% of population),2021,,East Asia & Pacific,High income,Not classified,103.85,1.28941
2195,SG,Singapore,Poverty headcount ratio at national poverty lines (% of population),2020,,East Asia & Pacific,High income,Not classified,103.85,1.28941
2196,SG,Singapore,Poverty headcount ratio at national poverty lines (% of population),2019,,East Asia & Pacific,High income,Not classified,103.85,1.28941
2197,SG,Singapore,Poverty headcount ratio at national poverty lines (% of population),2018,,East Asia & Pacific,High income,Not classified,103.85,1.28941
2198,SG,Singapore,Poverty headcount ratio at national poverty lines (% of population),2017,,East Asia & Pacific,High income,Not classified,103.85,1.28941
2199,SG,Singapore,Poverty headcount ratio at national poverty lines (% of population),2016,,East Asia & Pacific,High income,Not classified,103.85,1.28941
2200,SX,Sint Maarten (Dutch part),Poverty headcount ratio at national poverty lines (% of population),2025,,Latin America & Caribbean ,High income,Not classified,,
2201,SX,Sint Maarten (Dutch part),Poverty headcount ratio at national poverty lines (% of population),2024,,Latin America & Caribbean ,High income,Not classified,,
2202,SX,Sint Maarten (Dutch part),Poverty headcount ratio at national poverty lines (% of population),2023,,Latin America & Caribbean ,High income,Not classified,,
2203,SX,Sint Maarten (Dutch part),Poverty headcount ratio at national poverty lines (% of population),2022,,Latin America & Caribbean ,High income,Not classified,,
2204,SX,Sint Maarten (Dutch part),Poverty headcount ratio at national poverty lines (% of population),2021,,Latin America & Caribbean ,High income,Not classified,,
2205,SX,Sint Maarten (Dutch part),Poverty headcount ratio at national poverty lines (% of population),2020,,Latin America & Caribbean ,High income,Not classified,,
2206,SX,Sint Maarten (Dutch part),Poverty headcount ratio at national poverty lines (% of population),2019,,Latin America & Caribbean ,High income,Not classified,,
2207,SX,Sint Maarten (Dutch part),Poverty headcount ratio at national poverty lines (% of population),2018,,Latin America & Caribbean ,High income,Not classified,,
2208,SX,Sint Maarten (Dutch part),Poverty headcount ratio at national poverty lines (% of population),2017,,Latin America & Caribbean ,High income,Not classified,,
2209,SX,Sint Maarten (Dutch part),Poverty headcount ratio at national poverty lines (% of population),2016,,Latin America & Caribbean ,High income,Not classified,,
2210,SK,Slovak Republic,Poverty headcount ratio at national poverty lines (% of population),2025,,Europe & Central Asia,High income,Not classified,17.1073,48.1484
2211,SK,Slovak Republic,Poverty headcount ratio at national poverty lines (% of population),2024,,Europe & Central Asia,High income,Not classified,17.1073,48.1484
2212,SK,Slovak Republic,Poverty headcount ratio at national poverty lines (% of population),2023,,Europe & Central Asia,High income,Not classified,17.1073,48.1484
2213,SK,Slovak Republic,Poverty headcount ratio at national poverty lines (% of population),2022,,Europe & Central Asia,High income,Not classified,17.1073,48.1484
2214,SK,Slovak Republic,Poverty headcount ratio at national poverty lines (% of population),2021,13.7,Europe & Central Asia,High income,Not classified,17.1073,48.1484
2215,SK,Slovak Republic,Poverty headcount ratio at national poverty lines (% of population),2020,12.3,Europe & Central Asia,High income,Not classified,17.1073,48.1484
2216,SK,Slovak Republic,Poverty headcount ratio at national poverty lines (% of population),2019,11.4,Europe & Central Asia,High income,Not classified,17.1073,48.1484
2217,SK,Slovak Republic,Poverty headcount ratio at national poverty lines (% of population),2018,11.9,Europe & Central Asia,High income,Not classified,17.1073,48.1484
2218,SK,Slovak Republic,Poverty headcount ratio at national poverty lines (% of population),2017,12.2,Europe & Central Asia,High income,Not classified,17.1073,48.1484
2219,SK,Slovak Republic,Poverty headcount ratio at national poverty lines (% of population),2016,12.4,Europe & Central Asia,High income,Not classified,17.1073,48.1484
2220,SI,Slovenia,Poverty headcount ratio at national poverty lines (% of population),2025,,Europe & Central Asia,High income,Not classified,14.5044,46.0546
2221,SI,Slovenia,Poverty headcount ratio at national poverty lines (% of population),2024,,Europe & Central Asia,High income,Not classified,14.5044,46.0546
2222,SI,Slovenia,Poverty headcount ratio at national poverty lines (% of population),2023,,Europe & Central Asia,High income,Not classified,14.5044,46.0546
2223,SI,Slovenia,Poverty headcount ratio at national poverty lines (% of population),2022,12.7,Europe & Central Asia,High income,Not classified,14.5044,46.0546
2224,SI,Slovenia,Poverty headcount ratio at national poverty lines (% of population),2021,12.1,Europe & Central Asia,High income,Not classified,14.5044,46.0546
2225,SI,Slovenia,Poverty headcount ratio at national poverty lines (% of population),2020,11.7,Europe & Central Asia,High income,Not classified,14.5044,46.0546
2226,SI,Slovenia,Poverty headcount ratio at national poverty lines (% of population),2019,12.4,Europe & Central Asia,High income,Not classified,14.5044,46.0546
2227,SI,Slovenia,Poverty headcount ratio at national poverty lines (% of population),2018,12.0,Europe & Central Asia,High income,Not classified,14.5044,46.0546
2228,SI,Slovenia,Poverty headcount ratio at national poverty lines (% of population),2017,13.3,Europe & Central Asia,High income,Not classified,14.5044,46.0546
2229,SI,Slovenia,Poverty headcount ratio at national poverty lines (% of population),2016,13.3,Europe & Central Asia,High income,Not classified,14.5044,46.0546
2230,SB,Solomon Islands,Poverty headcount ratio at national poverty lines (% of population),2025,,East Asia & Pacific,Lower middle income,IDA,159.949,-9.42676
2231,SB,Solomon Islands,Poverty headcount ratio at national poverty lines (% of population),2024,,East Asia & Pacific,Lower middle income,IDA,159.949,-9.42676
2232,SB,Solomon Islands,Poverty headcount ratio at national poverty lines (% of population),2023,,East Asia & Pacific,Lower middle income,IDA,159.949,-9.42676
2233,SB,Solomon Islands,Poverty headcount ratio at national poverty lines (% of population),2022,,East Asia & Pacific,Lower middle income,IDA,159.949,-9.42676
2234,SB,Solomon Islands,Poverty headcount ratio at national poverty lines (% of population),2021,,East Asia & Pacific,Lower middle income,IDA,159.949,-9.42676
2235,SB,Solomon Islands,Poverty headcount ratio at national poverty lines (% of population),2020,,East Asia & Pacific,Lower middle income,IDA,159.949,-9.42676
2236,SB,Solomon Islands,Poverty headcount ratio at national poverty lines (% of population),2019,,East Asia & Pacific,Lower middle income,IDA,159.949,-9.42676
2237,SB,Solomon Islands,Poverty headcount ratio at national poverty lines (% of population),2018,,East Asia & Pacific,Lower middle income,IDA,159.949,-9.42676
2238,SB,Solomon Islands,Poverty headcount ratio at national poverty lines (% of population),2017,,East Asia & Pacific,Lower middle income,IDA,159.949,-9.42676
2239,SB,Solomon Islands,Poverty headcount ratio at national poverty lines (% of population),2016,,East Asia & Pacific,Lower middle income,IDA,159.949,-9.42676
2240,SO,"Somalia, Fed. Rep.",Poverty headcount ratio at national poverty lines (% of population),2025,,Sub-Saharan Africa ,Low income,IDA,45.3254,2.07515
2241,SO,"Somalia, Fed. Rep.",Poverty headcount ratio at national poverty lines (% of population),2024,,Sub-Saharan Africa ,Low income,IDA,45.3254,2.07515
2242,SO,"Somalia, Fed. Rep.",Poverty headcount ratio at national poverty lines (% of population),2023,,Sub-Saharan Africa ,Low income,IDA,45.3254,2.07515
2243,SO,"Somalia, Fed. Rep.",Poverty headcount ratio at national poverty lines (% of population),2022,55.4,Sub-Saharan Africa ,Low income,IDA,45.3254,2.07515
2244,SO,"Somalia, Fed. Rep.",Poverty headcount ratio at national poverty lines (% of population),2021,,Sub-Saharan Africa ,Low income,IDA,45.3254,2.07515
2245,SO,"Somalia, Fed. Rep.",Poverty headcount ratio at national poverty lines (% of population),2020,,Sub-Saharan Africa ,Low income,IDA,45.3254,2.07515
2246,SO,"Somalia, Fed. Rep.",Poverty headcount ratio at national poverty lines (% of population),2019,,Sub-Saharan Africa ,Low income,IDA,45.3254,2.07515
2247,SO,"Somalia, Fed. Rep.",Poverty headcount ratio at national poverty lines (% of population),2018,,Sub-Saharan Africa ,Low income,IDA,45.3254,2.07515
2248,SO,"Somalia, Fed. Rep.",Poverty headcount ratio at national poverty lines (% of population),2017,,Sub-Saharan Africa ,Low income,IDA,45.3254,2.07515
2249,SO,"Somalia, Fed. Rep.",Poverty headcount ratio at national poverty lines (% of population),2016,,Sub-Saharan Africa ,Low income,IDA,45.3254,2.07515
2250,ZA,South Africa,Poverty headcount ratio at national poverty lines (% of population),2025,,Sub-Saharan Africa ,Upper middle income,IBRD,28.1871,-25.746
2251,ZA,South Africa,Poverty headcount ratio at national poverty lines (% of population),2024,,Sub-Saharan Africa ,Upper middle income,IBRD,28.1871,-25.746
2252,ZA,South Africa,Poverty headcount ratio at national poverty lines (% of population),2023,,Sub-Saharan Africa ,Upper middle income,IBRD,28.1871,-25.746
2253,ZA,South Africa,Poverty headcount ratio at national poverty lines (% of population),2022,37.9,Sub-Saharan Africa ,Upper middle income,IBRD,28.1871,-25.746
2254,ZA,South Africa,Poverty headcount ratio at national poverty lines (% of population),2021,,Sub-Saharan Africa ,Upper middle income,IBRD,28.1871,-25.746
2255,ZA,South Africa,Poverty headcount ratio at national poverty lines (% of population),2020,,Sub-Saharan Africa ,Upper middle income,IBRD,28.1871,-25.746
2256,ZA,South Africa,Poverty headcount ratio at national poverty lines (% of population),2019,,Sub-Saharan Africa ,Upper middle income,IBRD,28.1871,-25.746
2257,ZA,South Africa,Poverty headcount ratio at national poverty lines (% of population),2018,,Sub-Saharan Africa ,Upper middle income,IBRD,28.1871,-25.746
2258,ZA,South Africa,Poverty headcount ratio at national poverty lines (% of population),2017,,Sub-Saharan Africa ,Upper middle income,IBRD,28.1871,-25.746
2259,ZA,South Africa,Poverty headcount ratio at national poverty lines (% of population),2016,,Sub-Saharan Africa ,Upper middle income,IBRD,28.1871,-25.746
2260,SS,South Sudan,Poverty headcount ratio at national poverty lines (% of population),2025,,Sub-Saharan Africa ,Low income,IDA,31.6,4.85
2261,SS,South Sudan,Poverty headcount ratio at national poverty lines (% of population),2024,,Sub-Saharan Africa ,Low income,IDA,31.6,4.85
2262,SS,South Sudan,Poverty headcount ratio at national poverty lines (% of population),2023,,Sub-Saharan Africa ,Low income,IDA,31.6,4.85
2263,SS,South Sudan,Poverty headcount ratio at national poverty lines (% of population),2022,,Sub-Saharan Africa ,Low income,IDA,31.6,4.85
2264,SS,South Sudan,Poverty headcount ratio at national poverty lines (% of population),2021,,Sub-Saharan Africa ,Low income,IDA,31.6,4.85
2265,SS,South Sudan,Poverty headcount ratio at national poverty lines (% of population),2020,,Sub-Saharan Africa ,Low income,IDA,31.6,4.85
2266,SS,South Sudan,Poverty headcount ratio at national poverty lines (% of population),2019,,Sub-Saharan Africa ,Low income,IDA,31.6,4.85
2267,SS,South Sudan,Poverty headcount ratio at national poverty lines (% of population),2018,,Sub-Saharan Africa ,Low income,IDA,31.6,4.85
2268,SS,South Sudan,Poverty headcount ratio at national poverty lines (% of population),2017,,Sub-Saharan Africa ,Low income,IDA,31.6,4.85
2269,SS,South Sudan,Poverty headcount ratio at national poverty lines (% of population),2016,82.3,Sub-Saharan Africa ,Low income,IDA,31.6,4.85
2270,ES,Spain,Poverty headcount ratio at national poverty lines (% of population),2025,,Europe & Central Asia,High income,Not classified,-3.70327,40.4167
2271,ES,Spain,Poverty headcount ratio at national poverty lines (% of population),2024,,Europe & Central Asia,High income,Not classified,-3.70327,40.4167
2272,ES,Spain,Poverty headcount ratio at national poverty lines (% of population),2023,,Europe & Central Asia,High income,Not classified,-3.70327,40.4167
2273,ES,Spain,Poverty headcount ratio at national poverty lines (% of population),2022,20.2,Europe & Central Asia,High income,Not classified,-3.70327,40.4167
2274,ES,Spain,Poverty headcount ratio at national poverty lines (% of population),2021,20.4,Europe & Central Asia,High income,Not classified,-3.70327,40.4167
2275,ES,Spain,Poverty headcount ratio at national poverty lines (% of population),2020,21.7,Europe & Central Asia,High income,Not classified,-3.70327,40.4167
2276,ES,Spain,Poverty headcount ratio at national poverty lines (% of population),2019,21.0,Europe & Central Asia,High income,Not classified,-3.70327,40.4167
2277,ES,Spain,Poverty headcount ratio at national poverty lines (% of population),2018,20.7,Europe & Central Asia,High income,Not classified,-3.70327,40.4167
2278,ES,Spain,Poverty headcount ratio at national poverty lines (% of population),2017,21.5,Europe & Central Asia,High income,Not classified,-3.70327,40.4167
2279,ES,Spain,Poverty headcount ratio at national poverty lines (% of population),2016,21.6,Europe & Central Asia,High income,Not classified,-3.70327,40.4167
2280,LK,Sri Lanka,Poverty headcount ratio at national poverty lines (% of population),2025,,South Asia,Upper middle income,IDA,79.8528,6.92148
2281,LK,Sri Lanka,Poverty headcount ratio at national poverty lines (% of population),2024,,South Asia,Upper middle income,IDA,79.8528,6.92148
2282,LK,Sri Lanka,Poverty headcount ratio at national poverty lines (% of population),2023,,South Asia,Upper middle income,IDA,79.8528,6.92148
2283,LK,Sri Lanka,Poverty headcount ratio at national poverty lines (% of population),2022,,South Asia,Upper middle income,IDA,79.8528,6.92148
2284,LK,Sri Lanka,Poverty headcount ratio at national poverty lines (% of population),2021,,South Asia,Upper middle income,IDA,79.8528,6.92148
2285,LK,Sri Lanka,Poverty headcount ratio at national poverty lines (% of population),2020,,South Asia,Upper middle income,IDA,79.8528,6.92148
2286,LK,Sri Lanka,Poverty headcount ratio at national poverty lines (% of population),2019,14.3,South Asia,Upper middle income,IDA,79.8528,6.92148
2287,LK,Sri Lanka,Poverty headcount ratio at national poverty lines (% of population),2018,,South Asia,Upper middle income,IDA,79.8528,6.92148
2288,LK,Sri Lanka,Poverty headcount ratio at national poverty lines (% of population),2017,,South Asia,Upper middle income,IDA,79.8528,6.92148
2289,LK,Sri Lanka,Poverty headcount ratio at national poverty lines (% of population),2016,16.0,South Asia,Upper middle income,IDA,79.8528,6.92148
2290,KN,St. Kitts and Nevis,Poverty headcount ratio at national poverty lines (% of population),2025,,Latin America & Caribbean ,High income,IBRD,-62.7309,17.3
2291,KN,St. Kitts and Nevis,Poverty headcount ratio at national poverty lines (% of population),2024,,Latin America & Caribbean ,High income,IBRD,-62.7309,17.3
2292,KN,St. Kitts and Nevis,Poverty headcount ratio at national poverty lines (% of population),2023,,Latin America & Caribbean ,High income,IBRD,-62.7309,17.3
2293,KN,St. Kitts and Nevis,Poverty headcount ratio at national poverty lines (% of population),2022,,Latin America & Caribbean ,High income,IBRD,-62.7309,17.3
2294,KN,St. Kitts and Nevis,Poverty headcount ratio at national poverty lines (% of population),2021,,Latin America & Caribbean ,High income,IBRD,-62.7309,17.3
2295,KN,St. Kitts and Nevis,Poverty headcount ratio at national poverty lines (% of population),2020,,Latin America & Caribbean ,High income,IBRD,-62.7309,17.3
2296,KN,St. Kitts and Nevis,Poverty headcount ratio at national poverty lines (% of population),2019,,Latin America & Caribbean ,High income,IBRD,-62.7309,17.3
2297,KN,St. Kitts and Nevis,Poverty headcount ratio at national poverty lines (% of population),2018,,Latin America & Caribbean ,High income,IBRD,-62.7309,17.3
2298,KN,St. Kitts and Nevis,Poverty headcount ratio at national poverty lines (% of population),2017,,Latin America & Caribbean ,High income,IBRD,-62.7309,17.3
2299,KN,St. Kitts and Nevis,Poverty headcount ratio at national poverty lines (% of population),2016,,Latin America & Caribbean ,High income,IBRD,-62.7309,17.3
2300,LC,St. Lucia,Poverty headcount ratio at national poverty lines (% of population),2025,,Latin America & Caribbean ,Upper middle income,Blend,-60.9832,14
2301,LC,St. Lucia,Poverty headcount ratio at national poverty lines (% of population),2024,,Latin America & Caribbean ,Upper middle income,Blend,-60.9832,14
2302,LC,St. Lucia,Poverty headcount ratio at national poverty lines (% of population),2023,,Latin America & Caribbean ,Upper middle income,Blend,-60.9832,14
2303,LC,St. Lucia,Poverty headcount ratio at national poverty lines (% of population),2022,,Latin America & Caribbean ,Upper middle income,Blend,-60.9832,14
2304,LC,St. Lucia,Poverty headcount ratio at national poverty lines (% of population),2021,,Latin America & Caribbean ,Upper middle income,Blend,-60.9832,14
2305,LC,St. Lucia,Poverty headcount ratio at national poverty lines (% of population),2020,,Latin America & Caribbean ,Upper middle income,Blend,-60.9832,14
2306,LC,St. Lucia,Poverty headcount ratio at national poverty lines (% of population),2019,,Latin America & Caribbean ,Upper middle income,Blend,-60.9832,14
2307,LC,St. Lucia,Poverty headcount ratio at national poverty lines (% of population),2018,,Latin America & Caribbean ,Upper middle income,Blend,-60.9832,14
2308,LC,St. Lucia,Poverty headcount ratio at national poverty lines (% of population),2017,,Latin America & Caribbean ,Upper middle income,Blend,-60.9832,14
2309,LC,St. Lucia,Poverty headcount ratio at national poverty lines (% of population),2016,,Latin America & Caribbean ,Upper middle income,Blend,-60.9832,14
2310,MF,St. Martin (French part),Poverty headcount ratio at national poverty lines (% of population),2025,,Latin America & Caribbean ,High income,Not classified,,
2311,MF,St. Martin (French part),Poverty headcount ratio at national poverty lines (% of population),2024,,Latin America & Caribbean ,High income,Not classified,,
2312,MF,St. Martin (French part),Poverty headcount ratio at national poverty lines (% of population),2023,,Latin America & Caribbean ,High income,Not classified,,
2313,MF,St. Martin (French part),Poverty headcount ratio at national poverty lines (% of population),2022,,Latin America & Caribbean ,High income,Not classified,,
2314,MF,St. Martin (French part),Poverty headcount ratio at national poverty lines (% of population),2021,,Latin America & Caribbean ,High income,Not classified,,
2315,MF,St. Martin (French part),Poverty headcount ratio at national poverty lines (% of population),2020,,Latin America & Caribbean ,High income,Not classified,,
2316,MF,St. Martin (French part),Poverty headcount ratio at national poverty lines (% of population),2019,,Latin America & Caribbean ,High income,Not classified,,
2317,MF,St. Martin (French part),Poverty headcount ratio at national poverty lines (% of population),2018,,Latin America & Caribbean ,High income,Not classified,,
2318,MF,St. Martin (French part),Poverty headcount ratio at national poverty lines (% of population),2017,,Latin America & Caribbean ,High income,Not classified,,
2319,MF,St. Martin (French part),Poverty headcount ratio at national poverty lines (% of population),2016,,Latin America & Caribbean ,High income,Not classified,,
2320,VC,St. Vincent and the Grenadines,Poverty headcount ratio at national poverty lines (% of population),2025,,Latin America & Caribbean ,Upper middle income,Blend,-61.2653,13.2035
2321,VC,St. Vincent and the Grenadines,Poverty headcount ratio at national poverty lines (% of population),2024,,Latin America & Caribbean ,Upper middle income,Blend,-61.2653,13.2035
2322,VC,St. Vincent and the Grenadines,Poverty headcount ratio at national poverty lines (% of population),2023,,Latin America & Caribbean ,Upper middle income,Blend,-61.2653,13.2035
2323,VC,St. Vincent and the Grenadines,Poverty headcount ratio at national poverty lines (% of population),2022,,Latin America & Caribbean ,Upper middle income,Blend,-61.2653,13.2035
2324,VC,St. Vincent and the Grenadines,Poverty headcount ratio at national poverty lines (% of population),2021,,Latin America & Caribbean ,Upper middle income,Blend,-61.2653,13.2035
2325,VC,St. Vincent and the Grenadines,Poverty headcount ratio at national poverty lines (% of population),2020,,Latin America & Caribbean ,Upper middle income,Blend,-61.2653,13.2035
2326,VC,St. Vincent and the Grenadines,Poverty headcount ratio at national poverty lines (% of population),2019,,Latin America & Caribbean ,Upper middle income,Blend,-61.2653,13.2035
2327,VC,St. Vincent and the Grenadines,Poverty headcount ratio at national poverty lines (% of population),2018,,Latin America & Caribbean ,Upper middle income,Blend,-61.2653,13.2035
2328,VC,St. Vincent and the Grenadines,Poverty headcount ratio at national poverty lines (% of population),2017,,Latin America & Caribbean ,Upper middle income,Blend,-61.2653,13.2035
2329,VC,St. Vincent and the Grenadines,Poverty headcount ratio at national poverty lines (% of population),2016,,Latin America & Caribbean ,Upper middle income,Blend,-61.2653,13.2035
2330,SD,Sudan,Poverty headcount ratio at national poverty lines (% of population),2025,,Sub-Saharan Africa ,Low income,IDA,32.5363,15.5932
2331,SD,Sudan,Poverty headcount ratio at national poverty lines (% of population),2024,,Sub-Saharan Africa ,Low income,IDA,32.5363,15.5932
2332,SD,Sudan,Poverty headcount ratio at national poverty lines (% of population),2023,,Sub-Saharan Africa ,Low income,IDA,32.5363,15.5932
2333,SD,Sudan,Poverty headcount ratio at national poverty lines (% of population),2022,,Sub-Saharan Africa ,Low income,IDA,32.5363,15.5932
2334,SD,Sudan,Poverty headcount ratio at national poverty lines (% of population),2021,,Sub-Saharan Africa ,Low income,IDA,32.5363,15.5932
2335,SD,Sudan,Poverty headcount ratio at national poverty lines (% of population),2020,,Sub-Saharan Africa ,Low income,IDA,32.5363,15.5932
2336,SD,Sudan,Poverty headcount ratio at national poverty lines (% of population),2019,,Sub-Saharan Africa ,Low income,IDA,32.5363,15.5932
2337,SD,Sudan,Poverty headcount ratio at national poverty lines (% of population),2018,,Sub-Saharan Africa ,Low income,IDA,32.5363,15.5932
2338,SD,Sudan,Poverty headcount ratio at national poverty lines (% of population),2017,,Sub-Saharan Africa ,Low income,IDA,32.5363,15.5932
2339,SD,Sudan,Poverty headcount ratio at national poverty lines (% of population),2016,,Sub-Saharan Africa ,Low income,IDA,32.5363,15.5932
2340,SR,Suriname,Poverty headcount ratio at national poverty lines (% of population),2025,,Latin America & Caribbean ,Upper middle income,Blend,-55.1679,5.8232
2341,SR,Suriname,Poverty headcount ratio at national poverty lines (% of population),2024,,Latin America & Caribbean ,Upper middle income,Blend,-55.1679,5.8232
2342,SR,Suriname,Poverty headcount ratio at national poverty lines (% of population),2023,,Latin America & Caribbean ,Upper middle income,Blend,-55.1679,5.8232
2343,SR,Suriname,Poverty headcount ratio at national poverty lines (% of population),2022,17.6,Latin America & Caribbean ,Upper middle income,Blend,-55.1679,5.8232
2344,SR,Suriname,Poverty headcount ratio at national poverty lines (% of population),2021,,Latin America & Caribbean ,Upper middle income,Blend,-55.1679,5.8232
2345,SR,Suriname,Poverty headcount ratio at national poverty lines (% of population),2020,,Latin America & Caribbean ,Upper middle income,Blend,-55.1679,5.8232
2346,SR,Suriname,Poverty headcount ratio at national poverty lines (% of population),2019,,Latin America & Caribbean ,Upper middle income,Blend,-55.1679,5.8232
2347,SR,Suriname,Poverty headcount ratio at national poverty lines (% of population),2018,,Latin America & Caribbean ,Upper middle income,Blend,-55.1679,5.8232
2348,SR,Suriname,Poverty headcount ratio at national poverty lines (% of population),2017,,Latin America & Caribbean ,Upper middle income,Blend,-55.1679,5.8232
2349,SR,Suriname,Poverty headcount ratio at national poverty lines (% of population),2016,,Latin America & Caribbean ,Upper middle income,Blend,-55.1679,5.8232
2350,SE,Sweden,Poverty headcount ratio at national poverty lines (% of population),2025,,Europe & Central Asia,High income,Not classified,18.0645,59.3327
2351,SE,Sweden,Poverty headcount ratio at national poverty lines (% of population),2024,,Europe & Central Asia,High income,Not classified,18.0645,59.3327
2352,SE,Sweden,Poverty headcount ratio at national poverty lines (% of population),2023,,Europe & Central Asia,High income,Not classified,18.0645,59.3327
2353,SE,Sweden,Poverty headcount ratio at national poverty lines (% of population),2022,16.1,Europe & Central Asia,High income,Not classified,18.0645,59.3327
2354,SE,Sweden,Poverty headcount ratio at national poverty lines (% of population),2021,16.0,Europe & Central Asia,High income,Not classified,18.0645,59.3327
2355,SE,Sweden,Poverty headcount ratio at national poverty lines (% of population),2020,15.7,Europe & Central Asia,High income,Not classified,18.0645,59.3327
2356,SE,Sweden,Poverty headcount ratio at national poverty lines (% of population),2019,16.1,Europe & Central Asia,High income,Not classified,18.0645,59.3327
2357,SE,Sweden,Poverty headcount ratio at national poverty lines (% of population),2018,17.1,Europe & Central Asia,High income,Not classified,18.0645,59.3327
2358,SE,Sweden,Poverty headcount ratio at national poverty lines (% of population),2017,16.4,Europe & Central Asia,High income,Not classified,18.0645,59.3327
2359,SE,Sweden,Poverty headcount ratio at national poverty lines (% of population),2016,15.8,Europe & Central Asia,High income,Not classified,18.0645,59.3327
2360,CH,Switzerland,Poverty headcount ratio at national poverty lines (% of population),2025,,Europe & Central Asia,High income,Not classified,7.44821,46.948
2361,CH,Switzerland,Poverty headcount ratio at national poverty lines (% of population),2024,,Europe & Central Asia,High income,Not classified,7.44821,46.948
2362,CH,Switzerland,Poverty headcount ratio at national poverty lines (% of population),2023,,Europe & Central Asia,High income,Not classified,7.44821,46.948
2363,CH,Switzerland,Poverty headcount ratio at national poverty lines (% of population),2022,,Europe & Central Asia,High income,Not classified,7.44821,46.948
2364,CH,Switzerland,Poverty headcount ratio at national poverty lines (% of population),2021,15.8,Europe & Central Asia,High income,Not classified,7.44821,46.948
2365,CH,Switzerland,Poverty headcount ratio at national poverty lines (% of population),2020,14.7,Europe & Central Asia,High income,Not classified,7.44821,46.948
2366,CH,Switzerland,Poverty headcount ratio at national poverty lines (% of population),2019,15.5,Europe & Central Asia,High income,Not classified,7.44821,46.948
2367,CH,Switzerland,Poverty headcount ratio at national poverty lines (% of population),2018,16.0,Europe & Central Asia,High income,Not classified,7.44821,46.948
2368,CH,Switzerland,Poverty headcount ratio at national poverty lines (% of population),2017,14.6,Europe & Central Asia,High income,Not classified,7.44821,46.948
2369,CH,Switzerland,Poverty headcount ratio at national poverty lines (% of population),2016,15.5,Europe & Central Asia,High income,Not classified,7.44821,46.948
2370,SY,Syrian Arab Republic,Poverty headcount ratio at national poverty lines (% of population),2025,,"Middle East, North Africa, Afghanistan & Pakistan",Low income,IDA,36.3119,33.5146
2371,SY,Syrian Arab Republic,Poverty headcount ratio at national poverty lines (% of population),2024,,"Middle East, North Africa, Afghanistan & Pakistan",Low income,IDA,36.3119,33.5146
2372,SY,Syrian Arab Republic,Poverty headcount ratio at national poverty lines (% of population),2023,,"Middle East, North Africa, Afghanistan & Pakistan",Low income,IDA,36.3119,33.5146
2373,SY,Syrian Arab Republic,Poverty headcount ratio at national poverty lines (% of population),2022,,"Middle East, North Africa, Afghanistan & Pakistan",Low income,IDA,36.3119,33.5146
2374,SY,Syrian Arab Republic,Poverty headcount ratio at national poverty lines (% of population),2021,,"Middle East, North Africa, Afghanistan & Pakistan",Low income,IDA,36.3119,33.5146
2375,SY,Syrian Arab Republic,Poverty headcount ratio at national poverty lines (% of population),2020,,"Middle East, North Africa, Afghanistan & Pakistan",Low income,IDA,36.3119,33.5146
2376,SY,Syrian Arab Republic,Poverty headcount ratio at national poverty lines (% of population),2019,,"Middle East, North Africa, Afghanistan & Pakistan",Low income,IDA,36.3119,33.5146
2377,SY,Syrian Arab Republic,Poverty headcount ratio at national poverty lines (% of population),2018,,"Middle East, North Africa, Afghanistan & Pakistan",Low income,IDA,36.3119,33.5146
2378,SY,Syrian Arab Republic,Poverty headcount ratio at national poverty lines (% of population),2017,,"Middle East, North Africa, Afghanistan & Pakistan",Low income,IDA,36.3119,33.5146
2379,SY,Syrian Arab Republic,Poverty headcount ratio at national poverty lines (% of population),2016,,"Middle East, North Africa, Afghanistan & Pakistan",Low income,IDA,36.3119,33.5146
2380,TJ,Tajikistan,Poverty headcount ratio at national poverty lines (% of population),2025,,Europe & Central Asia,Lower middle income,IDA,68.7864,38.5878
2381,TJ,Tajikistan,Poverty headcount ratio at national poverty lines (% of population),2024,19.8,Europe & Central Asia,Lower middle income,IDA,68.7864,38.5878
2382,TJ,Tajikistan,Poverty headcount ratio at national poverty lines (% of population),2023,20.4,Europe & Central Asia,Lower middle income,IDA,68.7864,38.5878
2383,TJ,Tajikistan,Poverty headcount ratio at national poverty lines (% of population),2022,21.7,Europe & Central Asia,Lower middle income,IDA,68.7864,38.5878
2384,TJ,Tajikistan,Poverty headcount ratio at national poverty lines (% of population),2021,25.6,Europe & Central Asia,Lower middle income,IDA,68.7864,38.5878
2385,TJ,Tajikistan,Poverty headcount ratio at national poverty lines (% of population),2020,,Europe & Central Asia,Lower middle income,IDA,68.7864,38.5878
2386,TJ,Tajikistan,Poverty headcount ratio at national poverty lines (% of population),2019,,Europe & Central Asia,Lower middle income,IDA,68.7864,38.5878
2387,TJ,Tajikistan,Poverty headcount ratio at national poverty lines (% of population),2018,,Europe & Central Asia,Lower middle income,IDA,68.7864,38.5878
2388,TJ,Tajikistan,Poverty headcount ratio at national poverty lines (% of population),2017,,Europe & Central Asia,Lower middle income,IDA,68.7864,38.5878
2389,TJ,Tajikistan,Poverty headcount ratio at national poverty lines (% of population),2016,,Europe & Central Asia,Lower middle income,IDA,68.7864,38.5878
2390,TZ,Tanzania,Poverty headcount ratio at national poverty lines (% of population),2025,,Sub-Saharan Africa ,Lower middle income,IDA,35.7382,-6.17486
2391,TZ,Tanzania,Poverty headcount ratio at national poverty lines (% of population),2024,,Sub-Saharan Africa ,Lower middle income,IDA,35.7382,-6.17486
2392,TZ,Tanzania,Poverty headcount ratio at national poverty lines (% of population),2023,,Sub-Saharan Africa ,Lower middle income,IDA,35.7382,-6.17486
2393,TZ,Tanzania,Poverty headcount ratio at national poverty lines (% of population),2022,,Sub-Saharan Africa ,Lower middle income,IDA,35.7382,-6.17486
2394,TZ,Tanzania,Poverty headcount ratio at national poverty lines (% of population),2021,,Sub-Saharan Africa ,Lower middle income,IDA,35.7382,-6.17486
2395,TZ,Tanzania,Poverty headcount ratio at national poverty lines (% of population),2020,,Sub-Saharan Africa ,Lower middle income,IDA,35.7382,-6.17486
2396,TZ,Tanzania,Poverty headcount ratio at national poverty lines (% of population),2019,,Sub-Saharan Africa ,Lower middle income,IDA,35.7382,-6.17486
2397,TZ,Tanzania,Poverty headcount ratio at national poverty lines (% of population),2018,26.4,Sub-Saharan Africa ,Lower middle income,IDA,35.7382,-6.17486
2398,TZ,Tanzania,Poverty headcount ratio at national poverty lines (% of population),2017,,Sub-Saharan Africa ,Lower middle income,IDA,35.7382,-6.17486
2399,TZ,Tanzania,Poverty headcount ratio at national poverty lines (% of population),2016,,Sub-Saharan Africa ,Lower middle income,IDA,35.7382,-6.17486
2400,TH,Thailand,Poverty headcount ratio at national poverty lines (% of population),2025,,East Asia & Pacific,Upper middle income,IBRD,100.521,13.7308
2401,TH,Thailand,Poverty headcount ratio at national poverty lines (% of population),2024,,East Asia & Pacific,Upper middle income,IBRD,100.521,13.7308
2402,TH,Thailand,Poverty headcount ratio at national poverty lines (% of population),2023,,East Asia & Pacific,Upper middle income,IBRD,100.521,13.7308
2403,TH,Thailand,Poverty headcount ratio at national poverty lines (% of population),2022,5.4,East Asia & Pacific,Upper middle income,IBRD,100.521,13.7308
2404,TH,Thailand,Poverty headcount ratio at national poverty lines (% of population),2021,6.3,East Asia & Pacific,Upper middle income,IBRD,100.521,13.7308
2405,TH,Thailand,Poverty headcount ratio at national poverty lines (% of population),2020,6.8,East Asia & Pacific,Upper middle income,IBRD,100.521,13.7308
2406,TH,Thailand,Poverty headcount ratio at national poverty lines (% of population),2019,6.2,East Asia & Pacific,Upper middle income,IBRD,100.521,13.7308
2407,TH,Thailand,Poverty headcount ratio at national poverty lines (% of population),2018,9.9,East Asia & Pacific,Upper middle income,IBRD,100.521,13.7308
2408,TH,Thailand,Poverty headcount ratio at national poverty lines (% of population),2017,7.9,East Asia & Pacific,Upper middle income,IBRD,100.521,13.7308
2409,TH,Thailand,Poverty headcount ratio at national poverty lines (% of population),2016,8.6,East Asia & Pacific,Upper middle income,IBRD,100.521,13.7308
2410,TL,Timor-Leste,Poverty headcount ratio at national poverty lines (% of population),2025,,East Asia & Pacific,Lower middle income,Blend,125.567,-8.56667
2411,TL,Timor-Leste,Poverty headcount ratio at national poverty lines (% of population),2024,,East Asia & Pacific,Lower middle income,Blend,125.567,-8.56667
2412,TL,Timor-Leste,Poverty headcount ratio at national poverty lines (% of population),2023,,East Asia & Pacific,Lower middle income,Blend,125.567,-8.56667
2413,TL,Timor-Leste,Poverty headcount ratio at national poverty lines (% of population),2022,,East Asia & Pacific,Lower middle income,Blend,125.567,-8.56667
2414,TL,Timor-Leste,Poverty headcount ratio at national poverty lines (% of population),2021,,East Asia & Pacific,Lower middle income,Blend,125.567,-8.56667
2415,TL,Timor-Leste,Poverty headcount ratio at national poverty lines (% of population),2020,,East Asia & Pacific,Lower middle income,Blend,125.567,-8.56667
2416,TL,Timor-Leste,Poverty headcount ratio at national poverty lines (% of population),2019,,East Asia & Pacific,Lower middle income,Blend,125.567,-8.56667
2417,TL,Timor-Leste,Poverty headcount ratio at national poverty lines (% of population),2018,,East Asia & Pacific,Lower middle income,Blend,125.567,-8.56667
2418,TL,Timor-Leste,Poverty headcount ratio at national poverty lines (% of population),2017,,East Asia & Pacific,Lower middle income,Blend,125.567,-8.56667
2419,TL,Timor-Leste,Poverty headcount ratio at national poverty lines (% of population),2016,,East Asia & Pacific,Lower middle income,Blend,125.567,-8.56667
2420,TG,Togo,Poverty headcount ratio at national poverty lines (% of population),2025,,Sub-Saharan Africa ,Lower middle income,IDA,1.2255,6.1228
2421,TG,Togo,Poverty headcount ratio at national poverty lines (% of population),2024,,Sub-Saharan Africa ,Lower middle income,IDA,1.2255,6.1228
2422,TG,Togo,Poverty headcount ratio at national poverty lines (% of population),2023,,Sub-Saharan Africa ,Lower middle income,IDA,1.2255,6.1228
2423,TG,Togo,Poverty headcount ratio at national poverty lines (% of population),2022,,Sub-Saharan Africa ,Lower middle income,IDA,1.2255,6.1228
2424,TG,Togo,Poverty headcount ratio at national poverty lines (% of population),2021,43.8,Sub-Saharan Africa ,Lower middle income,IDA,1.2255,6.1228
2425,TG,Togo,Poverty headcount ratio at national poverty lines (% of population),2020,,Sub-Saharan Africa ,Lower middle income,IDA,1.2255,6.1228
2426,TG,Togo,Poverty headcount ratio at national poverty lines (% of population),2019,,Sub-Saharan Africa ,Lower middle income,IDA,1.2255,6.1228
2427,TG,Togo,Poverty headcount ratio at national poverty lines (% of population),2018,45.5,Sub-Saharan Africa ,Lower middle income,IDA,1.2255,6.1228
2428,TG,Togo,Poverty headcount ratio at national poverty lines (% of population),2017,,Sub-Saharan Africa ,Lower middle income,IDA,1.2255,6.1228
2429,TG,Togo,Poverty headcount ratio at national poverty lines (% of population),2016,,Sub-Saharan Africa ,Lower middle income,IDA,1.2255,6.1228
2430,TO,Tonga,Poverty headcount ratio at national poverty lines (% of population),2025,,East Asia & Pacific,Upper middle income,IDA,-175.216,-21.136
2431,TO,Tonga,Poverty headcount ratio at national poverty lines (% of population),2024,,East Asia & Pacific,Upper middle income,IDA,-175.216,-21.136
2432,TO,Tonga,Poverty headcount ratio at national poverty lines (% of population),2023,,East Asia & Pacific,Upper middle income,IDA,-175.216,-21.136
2433,TO,Tonga,Poverty headcount ratio at national poverty lines (% of population),2022,,East Asia & Pacific,Upper middle income,IDA,-175.216,-21.136
2434,TO,Tonga,Poverty headcount ratio at national poverty lines (% of population),2021,20.6,East Asia & Pacific,Upper middle income,IDA,-175.216,-21.136
2435,TO,Tonga,Poverty headcount ratio at national poverty lines (% of population),2020,,East Asia & Pacific,Upper middle income,IDA,-175.216,-21.136
2436,TO,Tonga,Poverty headcount ratio at national poverty lines (% of population),2019,,East Asia & Pacific,Upper middle income,IDA,-175.216,-21.136
2437,TO,Tonga,Poverty headcount ratio at national poverty lines (% of population),2018,,East Asia & Pacific,Upper middle income,IDA,-175.216,-21.136
2438,TO,Tonga,Poverty headcount ratio at national poverty lines (% of population),2017,,East Asia & Pacific,Upper middle income,IDA,-175.216,-21.136
2439,TO,Tonga,Poverty headcount ratio at national poverty lines (% of population),2016,,East Asia & Pacific,Upper middle income,IDA,-175.216,-21.136
2440,TT,Trinidad and Tobago,Poverty headcount ratio at national poverty lines (% of population),2025,,Latin America & Caribbean ,High income,IBRD,-61.4789,10.6596
2441,TT,Trinidad and Tobago,Poverty headcount ratio at national poverty lines (% of population),2024,,Latin America & Caribbean ,High income,IBRD,-61.4789,10.6596
2442,TT,Trinidad and Tobago,Poverty headcount ratio at national poverty lines (% of population),2023,,Latin America & Caribbean ,High income,IBRD,-61.4789,10.6596
2443,TT,Trinidad and Tobago,Poverty headcount ratio at national poverty lines (% of population),2022,,Latin America & Caribbean ,High income,IBRD,-61.4789,10.6596
2444,TT,Trinidad and Tobago,Poverty headcount ratio at national poverty lines (% of population),2021,,Latin America & Caribbean ,High income,IBRD,-61.4789,10.6596
2445,TT,Trinidad and Tobago,Poverty headcount ratio at national poverty lines (% of population),2020,,Latin America & Caribbean ,High income,IBRD,-61.4789,10.6596
2446,TT,Trinidad and Tobago,Poverty headcount ratio at national poverty lines (% of population),2019,,Latin America & Caribbean ,High income,IBRD,-61.4789,10.6596
2447,TT,Trinidad and Tobago,Poverty headcount ratio at national poverty lines (% of population),2018,,Latin America & Caribbean ,High income,IBRD,-61.4789,10.6596
2448,TT,Trinidad and Tobago,Poverty headcount ratio at national poverty lines (% of population),2017,,Latin America & Caribbean ,High income,IBRD,-61.4789,10.6596
2449,TT,Trinidad and Tobago,Poverty headcount ratio at national poverty lines (% of population),2016,,Latin America & Caribbean ,High income,IBRD,-61.4789,10.6596
2450,TN,Tunisia,Poverty headcount ratio at national poverty lines (% of population),2025,,"Middle East, North Africa, Afghanistan & Pakistan",Lower middle income,IBRD,10.21,36.7899
2451,TN,Tunisia,Poverty headcount ratio at national poverty lines (% of population),2024,,"Middle East, North Africa, Afghanistan & Pakistan",Lower middle income,IBRD,10.21,36.7899
2452,TN,Tunisia,Poverty headcount ratio at national poverty lines (% of population),2023,,"Middle East, North Africa, Afghanistan & Pakistan",Lower middle income,IBRD,10.21,36.7899
2453,TN,Tunisia,Poverty headcount ratio at national poverty lines (% of population),2022,,"Middle East, North Africa, Afghanistan & Pakistan",Lower middle income,IBRD,10.21,36.7899
2454,TN,Tunisia,Poverty headcount ratio at national poverty lines (% of population),2021,16.6,"Middle East, North Africa, Afghanistan & Pakistan",Lower middle income,IBRD,10.21,36.7899
2455,TN,Tunisia,Poverty headcount ratio at national poverty lines (% of population),2020,,"Middle East, North Africa, Afghanistan & Pakistan",Lower middle income,IBRD,10.21,36.7899
2456,TN,Tunisia,Poverty headcount ratio at national poverty lines (% of population),2019,,"Middle East, North Africa, Afghanistan & Pakistan",Lower middle income,IBRD,10.21,36.7899
2457,TN,Tunisia,Poverty headcount ratio at national poverty lines (% of population),2018,,"Middle East, North Africa, Afghanistan & Pakistan",Lower middle income,IBRD,10.21,36.7899
2458,TN,Tunisia,Poverty headcount ratio at national poverty lines (% of population),2017,,"Middle East, North Africa, Afghanistan & Pakistan",Lower middle income,IBRD,10.21,36.7899
2459,TN,Tunisia,Poverty headcount ratio at national poverty lines (% of population),2016,,"Middle East, North Africa, Afghanistan & Pakistan",Lower middle income,IBRD,10.21,36.7899
2460,TR,Turkiye,Poverty headcount ratio at national poverty lines (% of population),2025,,Europe & Central Asia,Upper middle income,IBRD,32.3606,39.7153
2461,TR,Turkiye,Poverty headcount ratio at national poverty lines (% of population),2024,13.0,Europe & Central Asia,Upper middle income,IBRD,32.3606,39.7153
2462,TR,Turkiye,Poverty headcount ratio at national poverty lines (% of population),2023,13.6,Europe & Central Asia,Upper middle income,IBRD,32.3606,39.7153
2463,TR,Turkiye,Poverty headcount ratio at national poverty lines (% of population),2022,13.5,Europe & Central Asia,Upper middle income,IBRD,32.3606,39.7153
2464,TR,Turkiye,Poverty headcount ratio at national poverty lines (% of population),2021,14.4,Europe & Central Asia,Upper middle income,IBRD,32.3606,39.7153
2465,TR,Turkiye,Poverty headcount ratio at national poverty lines (% of population),2020,14.4,Europe & Central Asia,Upper middle income,IBRD,32.3606,39.7153
2466,TR,Turkiye,Poverty headcount ratio at national poverty lines (% of population),2019,15.0,Europe & Central Asia,Upper middle income,IBRD,32.3606,39.7153
2467,TR,Turkiye,Poverty headcount ratio at national poverty lines (% of population),2018,14.4,Europe & Central Asia,Upper middle income,IBRD,32.3606,39.7153
2468,TR,Turkiye,Poverty headcount ratio at national poverty lines (% of population),2017,13.9,Europe & Central Asia,Upper middle income,IBRD,32.3606,39.7153
2469,TR,Turkiye,Poverty headcount ratio at national poverty lines (% of population),2016,13.5,Europe & Central Asia,Upper middle income,IBRD,32.3606,39.7153
2470,TM,Turkmenistan,Poverty headcount ratio at national poverty lines (% of population),2025,,Europe & Central Asia,Upper middle income,IBRD,58.3794,37.9509
2471,TM,Turkmenistan,Poverty headcount ratio at national poverty lines (% of population),2024,,Europe & Central Asia,Upper middle income,IBRD,58.3794,37.9509
2472,TM,Turkmenistan,Poverty headcount ratio at national poverty lines (% of population),2023,,Europe & Central Asia,Upper middle income,IBRD,58.3794,37.9509
2473,TM,Turkmenistan,Poverty headcount ratio at national poverty lines (% of population),2022,,Europe & Central Asia,Upper middle income,IBRD,58.3794,37.9509
2474,TM,Turkmenistan,Poverty headcount ratio at national poverty lines (% of population),2021,,Europe & Central Asia,Upper middle income,IBRD,58.3794,37.9509
2475,TM,Turkmenistan,Poverty headcount ratio at national poverty lines (% of population),2020,,Europe & Central Asia,Upper middle income,IBRD,58.3794,37.9509
2476,TM,Turkmenistan,Poverty headcount ratio at national poverty lines (% of population),2019,,Europe & Central Asia,Upper middle income,IBRD,58.3794,37.9509
2477,TM,Turkmenistan,Poverty headcount ratio at national poverty lines (% of population),2018,,Europe & Central Asia,Upper middle income,IBRD,58.3794,37.9509
2478,TM,Turkmenistan,Poverty headcount ratio at national poverty lines (% of population),2017,,Europe & Central Asia,Upper middle income,IBRD,58.3794,37.9509
2479,TM,Turkmenistan,Poverty headcount ratio at national poverty lines (% of population),2016,,Europe & Central Asia,Upper middle income,IBRD,58.3794,37.9509
2480,TC,Turks and Caicos Islands,Poverty headcount ratio at national poverty lines (% of population),2025,,Latin America & Caribbean ,High income,Not classified,-71.141389,21.4602778
2481,TC,Turks and Caicos Islands,Poverty headcount ratio at national poverty lines (% of population),2024,,Latin America & Caribbean ,High income,Not classified,-71.141389,21.4602778
2482,TC,Turks and Caicos Islands,Poverty headcount ratio at national poverty lines (% of population),2023,,Latin America & Caribbean ,High income,Not classified,-71.141389,21.4602778
2483,TC,Turks and Caicos Islands,Poverty headcount ratio at national poverty lines (% of population),2022,,Latin America & Caribbean ,High income,Not classified,-71.141389,21.4602778
2484,TC,Turks and Caicos Islands,Poverty headcount ratio at national poverty lines (% of population),2021,,Latin America & Caribbean ,High income,Not classified,-71.141389,21.4602778
2485,TC,Turks and Caicos Islands,Poverty headcount ratio at national poverty lines (% of population),2020,,Latin America & Caribbean ,High income,Not classified,-71.141389,21.4602778
2486,TC,Turks and Caicos Islands,Poverty headcount ratio at national poverty lines (% of population),2019,,Latin America & Caribbean ,High income,Not classified,-71.141389,21.4602778
2487,TC,Turks and Caicos Islands,Poverty headcount ratio at national poverty lines (% of population),2018,,Latin America & Caribbean ,High income,Not classified,-71.141389,21.4602778
2488,TC,Turks and Caicos Islands,Poverty headcount ratio at national poverty lines (% of population),2017,,Latin America & Caribbean ,High income,Not classified,-71.141389,21.4602778
2489,TC,Turks and Caicos Islands,Poverty headcount ratio at national poverty lines (% of population),2016,,Latin America & Caribbean ,High income,Not classified,-71.141389,21.4602778
2490,TV,Tuvalu,Poverty headcount ratio at national poverty lines (% of population),2025,,East Asia & Pacific,Upper middle income,IDA,179.089567,-8.6314877
2491,TV,Tuvalu,Poverty headcount ratio at national poverty lines (% of population),2024,,East Asia & Pacific,Upper middle income,IDA,179.089567,-8.6314877
2492,TV,Tuvalu,Poverty headcount ratio at national poverty lines (% of population),2023,,East Asia & Pacific,Upper middle income,IDA,179.089567,-8.6314877
2493,TV,Tuvalu,Poverty headcount ratio at national poverty lines (% of population),2022,,East Asia & Pacific,Upper middle income,IDA,179.089567,-8.6314877
2494,TV,Tuvalu,Poverty headcount ratio at national poverty lines (% of population),2021,,East Asia & Pacific,Upper middle income,IDA,179.089567,-8.6314877
2495,TV,Tuvalu,Poverty headcount ratio at national poverty lines (% of population),2020,,East Asia & Pacific,Upper middle income,IDA,179.089567,-8.6314877
2496,TV,Tuvalu,Poverty headcount ratio at national poverty lines (% of population),2019,,East Asia & Pacific,Upper middle income,IDA,179.089567,-8.6314877
2497,TV,Tuvalu,Poverty headcount ratio at national poverty lines (% of population),2018,,East Asia & Pacific,Upper middle income,IDA,179.089567,-8.6314877
2498,TV,Tuvalu,Poverty headcount ratio at national poverty lines (% of population),2017,,East Asia & Pacific,Upper middle income,IDA,179.089567,-8.6314877
2499,TV,Tuvalu,Poverty headcount ratio at national poverty lines (% of population),2016,,East Asia & Pacific,Upper middle income,IDA,179.089567,-8.6314877
2500,UG,Uganda,Poverty headcount ratio at national poverty lines (% of population),2025,,Sub-Saharan Africa ,Low income,IDA,32.5729,0.314269
2501,UG,Uganda,Poverty headcount ratio at national poverty lines (% of population),2024,,Sub-Saharan Africa ,Low income,IDA,32.5729,0.314269
2502,UG,Uganda,Poverty headcount ratio at national poverty lines (% of population),2023,16.1,Sub-Saharan Africa ,Low income,IDA,32.5729,0.314269
2503,UG,Uganda,Poverty headcount ratio at national poverty lines (% of population),2022,,Sub-Saharan Africa ,Low income,IDA,32.5729,0.314269
2504,UG,Uganda,Poverty headcount ratio at national poverty lines (% of population),2021,,Sub-Saharan Africa ,Low income,IDA,32.5729,0.314269
2505,UG,Uganda,Poverty headcount ratio at national poverty lines (% of population),2020,,Sub-Saharan Africa ,Low income,IDA,32.5729,0.314269
2506,UG,Uganda,Poverty headcount ratio at national poverty lines (% of population),2019,20.3,Sub-Saharan Africa ,Low income,IDA,32.5729,0.314269
2507,UG,Uganda,Poverty headcount ratio at national poverty lines (% of population),2018,,Sub-Saharan Africa ,Low income,IDA,32.5729,0.314269
2508,UG,Uganda,Poverty headcount ratio at national poverty lines (% of population),2017,,Sub-Saharan Africa ,Low income,IDA,32.5729,0.314269
2509,UG,Uganda,Poverty headcount ratio at national poverty lines (% of population),2016,21.4,Sub-Saharan Africa ,Low income,IDA,32.5729,0.314269
2510,UA,Ukraine,Poverty headcount ratio at national poverty lines (% of population),2025,,Europe & Central Asia,Upper middle income,IBRD,30.5038,50.4536
2511,UA,Ukraine,Poverty headcount ratio at national poverty lines (% of population),2024,,Europe & Central Asia,Upper middle income,IBRD,30.5038,50.4536
2512,UA,Ukraine,Poverty headcount ratio at national poverty lines (% of population),2023,,Europe & Central Asia,Upper middle income,IBRD,30.5038,50.4536
2513,UA,Ukraine,Poverty headcount ratio at national poverty lines (% of population),2022,,Europe & Central Asia,Upper middle income,IBRD,30.5038,50.4536
2514,UA,Ukraine,Poverty headcount ratio at national poverty lines (% of population),2021,,Europe & Central Asia,Upper middle income,IBRD,30.5038,50.4536
2515,UA,Ukraine,Poverty headcount ratio at national poverty lines (% of population),2020,23.2,Europe & Central Asia,Upper middle income,IBRD,30.5038,50.4536
2516,UA,Ukraine,Poverty headcount ratio at national poverty lines (% of population),2019,23.1,Europe & Central Asia,Upper middle income,IBRD,30.5038,50.4536
2517,UA,Ukraine,Poverty headcount ratio at national poverty lines (% of population),2018,27.6,Europe & Central Asia,Upper middle income,IBRD,30.5038,50.4536
2518,UA,Ukraine,Poverty headcount ratio at national poverty lines (% of population),2017,34.9,Europe & Central Asia,Upper middle income,IBRD,30.5038,50.4536
2519,UA,Ukraine,Poverty headcount ratio at national poverty lines (% of population),2016,51.1,Europe & Central Asia,Upper middle income,IBRD,30.5038,50.4536
2520,AE,United Arab Emirates,Poverty headcount ratio at national poverty lines (% of population),2025,,"Middle East, North Africa, Afghanistan & Pakistan",High income,Not classified,54.3705,24.4764
2521,AE,United Arab Emirates,Poverty headcount ratio at national poverty lines (% of population),2024,,"Middle East, North Africa, Afghanistan & Pakistan",High income,Not classified,54.3705,24.4764
2522,AE,United Arab Emirates,Poverty headcount ratio at national poverty lines (% of population),2023,,"Middle East, North Africa, Afghanistan & Pakistan",High income,Not classified,54.3705,24.4764
2523,AE,United Arab Emirates,Poverty headcount ratio at national poverty lines (% of population),2022,,"Middle East, North Africa, Afghanistan & Pakistan",High income,Not classified,54.3705,24.4764
2524,AE,United Arab Emirates,Poverty headcount ratio at national poverty lines (% of population),2021,,"Middle East, North Africa, Afghanistan & Pakistan",High income,Not classified,54.3705,24.4764
2525,AE,United Arab Emirates,Poverty headcount ratio at national poverty lines (% of population),2020,,"Middle East, North Africa, Afghanistan & Pakistan",High income,Not classified,54.3705,24.4764
2526,AE,United Arab Emirates,Poverty headcount ratio at national poverty lines (% of population),2019,,"Middle East, North Africa, Afghanistan & Pakistan",High income,Not classified,54.3705,24.4764
2527,AE,United Arab Emirates,Poverty headcount ratio at national poverty lines (% of population),2018,,"Middle East, North Africa, Afghanistan & Pakistan",High income,Not classified,54.3705,24.4764
2528,AE,United Arab Emirates,Poverty headcount ratio at national poverty lines (% of population),2017,,"Middle East, North Africa, Afghanistan & Pakistan",High income,Not classified,54.3705,24.4764
2529,AE,United Arab Emirates,Poverty headcount ratio at national poverty lines (% of population),2016,,"Middle East, North Africa, Afghanistan & Pakistan",High income,Not classified,54.3705,24.4764
2530,GB,United Kingdom,Poverty headcount ratio at national poverty lines (% of population),2025,,Europe & Central Asia,High income,Not classified,-0.126236,51.5002
2531,GB,United Kingdom,Poverty headcount ratio at national poverty lines (% of population),2024,,Europe & Central Asia,High income,Not classified,-0.126236,51.5002
2532,GB,United Kingdom,Poverty headcount ratio at national poverty lines (% of population),2023,,Europe & Central Asia,High income,Not classified,-0.126236,51.5002
2533,GB,United Kingdom,Poverty headcount ratio at national poverty lines (% of population),2022,,Europe & Central Asia,High income,Not classified,-0.126236,51.5002
2534,GB,United Kingdom,Poverty headcount ratio at national poverty lines (% of population),2021,,Europe & Central Asia,High income,Not classified,-0.126236,51.5002
2535,GB,United Kingdom,Poverty headcount ratio at national poverty lines (% of population),2020,,Europe & Central Asia,High income,Not classified,-0.126236,51.5002
2536,GB,United Kingdom,Poverty headcount ratio at national poverty lines (% of population),2019,,Europe & Central Asia,High income,Not classified,-0.126236,51.5002
2537,GB,United Kingdom,Poverty headcount ratio at national poverty lines (% of population),2018,,Europe & Central Asia,High income,Not classified,-0.126236,51.5002
2538,GB,United Kingdom,Poverty headcount ratio at national poverty lines (% of population),2017,18.6,Europe & Central Asia,High income,Not classified,-0.126236,51.5002
2539,GB,United Kingdom,Poverty headcount ratio at national poverty lines (% of population),2016,17.0,Europe & Central Asia,High income,Not classified,-0.126236,51.5002
2540,US,United States,Poverty headcount ratio at national poverty lines (% of population),2025,,North America,High income,Not classified,-77.032,38.8895
2541,US,United States,Poverty headcount ratio at national poverty lines (% of population),2024,,North America,High income,Not classified,-77.032,38.8895
2542,US,United States,Poverty headcount ratio at national poverty lines (% of population),2023,,North America,High income,Not classified,-77.032,38.8895
2543,US,United States,Poverty headcount ratio at national poverty lines (% of population),2022,,North America,High income,Not classified,-77.032,38.8895
2544,US,United States,Poverty headcount ratio at national poverty lines (% of population),2021,,North America,High income,Not classified,-77.032,38.8895
2545,US,United States,Poverty headcount ratio at national poverty lines (% of population),2020,,North America,High income,Not classified,-77.032,38.8895
2546,US,United States,Poverty headcount ratio at national poverty lines (% of population),2019,,North America,High income,Not classified,-77.032,38.8895
2547,US,United States,Poverty headcount ratio at national poverty lines (% of population),2018,,North America,High income,Not classified,-77.032,38.8895
2548,US,United States,Poverty headcount ratio at national poverty lines (% of population),2017,,North America,High income,Not classified,-77.032,38.8895
2549,US,United States,Poverty headcount ratio at national poverty lines (% of population),2016,,North America,High income,Not classified,-77.032,38.8895
2550,UY,Uruguay,Poverty headcount ratio at national poverty lines (% of population),2025,,Latin America & Caribbean ,High income,IBRD,-56.0675,-34.8941
2551,UY,Uruguay,Poverty headcount ratio at national poverty lines (% of population),2024,17.3,Latin America & Caribbean ,High income,IBRD,-56.0675,-34.8941
2552,UY,Uruguay,Poverty headcount ratio at national poverty lines (% of population),2023,19.7,Latin America & Caribbean ,High income,IBRD,-56.0675,-34.8941
2553,UY,Uruguay,Poverty headcount ratio at national poverty lines (% of population),2022,9.9,Latin America & Caribbean ,High income,IBRD,-56.0675,-34.8941
2554,UY,Uruguay,Poverty headcount ratio at national poverty lines (% of population),2021,,Latin America & Caribbean ,High income,IBRD,-56.0675,-34.8941
2555,UY,Uruguay,Poverty headcount ratio at national poverty lines (% of population),2020,,Latin America & Caribbean ,High income,IBRD,-56.0675,-34.8941
2556,UY,Uruguay,Poverty headcount ratio at national poverty lines (% of population),2019,,Latin America & Caribbean ,High income,IBRD,-56.0675,-34.8941
2557,UY,Uruguay,Poverty headcount ratio at national poverty lines (% of population),2018,,Latin America & Caribbean ,High income,IBRD,-56.0675,-34.8941
2558,UY,Uruguay,Poverty headcount ratio at national poverty lines (% of population),2017,,Latin America & Caribbean ,High income,IBRD,-56.0675,-34.8941
2559,UY,Uruguay,Poverty headcount ratio at national poverty lines (% of population),2016,,Latin America & Caribbean ,High income,IBRD,-56.0675,-34.8941
2560,UZ,Uzbekistan,Poverty headcount ratio at national poverty lines (% of population),2025,5.8,Europe & Central Asia,Lower middle income,Blend,69.269,41.3052
2561,UZ,Uzbekistan,Poverty headcount ratio at national poverty lines (% of population),2024,8.9,Europe & Central Asia,Lower middle income,Blend,69.269,41.3052
2562,UZ,Uzbekistan,Poverty headcount ratio at national poverty lines (% of population),2023,11.0,Europe & Central Asia,Lower middle income,Blend,69.269,41.3052
2563,UZ,Uzbekistan,Poverty headcount ratio at national poverty lines (% of population),2022,14.1,Europe & Central Asia,Lower middle income,Blend,69.269,41.3052
2564,UZ,Uzbekistan,Poverty headcount ratio at national poverty lines (% of population),2021,17.0,Europe & Central Asia,Lower middle income,Blend,69.269,41.3052
2565,UZ,Uzbekistan,Poverty headcount ratio at national poverty lines (% of population),2020,,Europe & Central Asia,Lower middle income,Blend,69.269,41.3052
2566,UZ,Uzbekistan,Poverty headcount ratio at national poverty lines (% of population),2019,,Europe & Central Asia,Lower middle income,Blend,69.269,41.3052
2567,UZ,Uzbekistan,Poverty headcount ratio at national poverty lines (% of population),2018,,Europe & Central Asia,Lower middle income,Blend,69.269,41.3052
2568,UZ,Uzbekistan,Poverty headcount ratio at national poverty lines (% of population),2017,,Europe & Central Asia,Lower middle income,Blend,69.269,41.3052
2569,UZ,Uzbekistan,Poverty headcount ratio at national poverty lines (% of population),2016,,Europe & Central Asia,Lower middle income,Blend,69.269,41.3052
2570,VU,Vanuatu,Poverty headcount ratio at national poverty lines (% of population),2025,,East Asia & Pacific,Lower middle income,IDA,168.321,-17.7404
2571,VU,Vanuatu,Poverty headcount ratio at national poverty lines (% of population),2024,,East Asia & Pacific,Lower middle income,IDA,168.321,-17.7404
2572,VU,Vanuatu,Poverty headcount ratio at national poverty lines (% of population),2023,,East Asia & Pacific,Lower middle income,IDA,168.321,-17.7404
2573,VU,Vanuatu,Poverty headcount ratio at national poverty lines (% of population),2022,,East Asia & Pacific,Lower middle income,IDA,168.321,-17.7404
2574,VU,Vanuatu,Poverty headcount ratio at national poverty lines (% of population),2021,,East Asia & Pacific,Lower middle income,IDA,168.321,-17.7404
2575,VU,Vanuatu,Poverty headcount ratio at national poverty lines (% of population),2020,,East Asia & Pacific,Lower middle income,IDA,168.321,-17.7404
2576,VU,Vanuatu,Poverty headcount ratio at national poverty lines (% of population),2019,15.9,East Asia & Pacific,Lower middle income,IDA,168.321,-17.7404
2577,VU,Vanuatu,Poverty headcount ratio at national poverty lines (% of population),2018,,East Asia & Pacific,Lower middle income,IDA,168.321,-17.7404
2578,VU,Vanuatu,Poverty headcount ratio at national poverty lines (% of population),2017,,East Asia & Pacific,Lower middle income,IDA,168.321,-17.7404
2579,VU,Vanuatu,Poverty headcount ratio at national poverty lines (% of population),2016,,East Asia & Pacific,Lower middle income,IDA,168.321,-17.7404
2580,VE,"Venezuela, RB",Poverty headcount ratio at national poverty lines (% of population),2025,,Latin America & Caribbean ,Lower middle income,IBRD,-69.8371,9.08165
2581,VE,"Venezuela, RB",Poverty headcount ratio at national poverty lines (% of population),2024,,Latin America & Caribbean ,Lower middle income,IBRD,-69.8371,9.08165
2582,VE,"Venezuela, RB",Poverty headcount ratio at national poverty lines (% of population),2023,,Latin America & Caribbean ,Lower middle income,IBRD,-69.8371,9.08165
2583,VE,"Venezuela, RB",Poverty headcount ratio at national poverty lines (% of population),2022,,Latin America & Caribbean ,Lower middle income,IBRD,-69.8371,9.08165
2584,VE,"Venezuela, RB",Poverty headcount ratio at national poverty lines (% of population),2021,,Latin America & Caribbean ,Lower middle income,IBRD,-69.8371,9.08165
2585,VE,"Venezuela, RB",Poverty headcount ratio at national poverty lines (% of population),2020,,Latin America & Caribbean ,Lower middle income,IBRD,-69.8371,9.08165
2586,VE,"Venezuela, RB",Poverty headcount ratio at national poverty lines (% of population),2019,,Latin America & Caribbean ,Lower middle income,IBRD,-69.8371,9.08165
2587,VE,"Venezuela, RB",Poverty headcount ratio at national poverty lines (% of population),2018,,Latin America & Caribbean ,Lower middle income,IBRD,-69.8371,9.08165
2588,VE,"Venezuela, RB",Poverty headcount ratio at national poverty lines (% of population),2017,,Latin America & Caribbean ,Lower middle income,IBRD,-69.8371,9.08165
2589,VE,"Venezuela, RB",Poverty headcount ratio at national poverty lines (% of population),2016,,Latin America & Caribbean ,Lower middle income,IBRD,-69.8371,9.08165
2590,VN,Viet Nam,Poverty headcount ratio at national poverty lines (% of population),2025,,East Asia & Pacific,Upper middle income,IBRD,105.825,21.0069
2591,VN,Viet Nam,Poverty headcount ratio at national poverty lines (% of population),2024,,East Asia & Pacific,Upper middle income,IBRD,105.825,21.0069
2592,VN,Viet Nam,Poverty headcount ratio at national poverty lines (% of population),2023,,East Asia & Pacific,Upper middle income,IBRD,105.825,21.0069
2593,VN,Viet Nam,Poverty headcount ratio at national poverty lines (% of population),2022,4.2,East Asia & Pacific,Upper middle income,IBRD,105.825,21.0069
2594,VN,Viet Nam,Poverty headcount ratio at national poverty lines (% of population),2021,4.4,East Asia & Pacific,Upper middle income,IBRD,105.825,21.0069
2595,VN,Viet Nam,Poverty headcount ratio at national poverty lines (% of population),2020,4.8,East Asia & Pacific,Upper middle income,IBRD,105.825,21.0069
2596,VN,Viet Nam,Poverty headcount ratio at national poverty lines (% of population),2019,5.7,East Asia & Pacific,Upper middle income,IBRD,105.825,21.0069
2597,VN,Viet Nam,Poverty headcount ratio at national poverty lines (% of population),2018,6.8,East Asia & Pacific,Upper middle income,IBRD,105.825,21.0069
2598,VN,Viet Nam,Poverty headcount ratio at national poverty lines (% of population),2017,7.9,East Asia & Pacific,Upper middle income,IBRD,105.825,21.0069
2599,VN,Viet Nam,Poverty headcount ratio at national poverty lines (% of population),2016,9.2,East Asia & Pacific,Upper middle income,IBRD,105.825,21.0069
2600,VI,Virgin Islands (U.S.),Poverty headcount ratio at national poverty lines (% of population),2025,,Latin America & Caribbean ,High income,Not classified,-64.8963,18.3358
2601,VI,Virgin Islands (U.S.),Poverty headcount ratio at national poverty lines (% of population),2024,,Latin America & Caribbean ,High income,Not classified,-64.8963,18.3358
2602,VI,Virgin Islands (U.S.),Poverty headcount ratio at national poverty lines (% of population),2023,,Latin America & Caribbean ,High income,Not classified,-64.8963,18.3358
2603,VI,Virgin Islands (U.S.),Poverty headcount ratio at national poverty lines (% of population),2022,,Latin America & Caribbean ,High income,Not classified,-64.8963,18.3358
2604,VI,Virgin Islands (U.S.),Poverty headcount ratio at national poverty lines (% of population),2021,,Latin America & Caribbean ,High income,Not classified,-64.8963,18.3358
2605,VI,Virgin Islands (U.S.),Poverty headcount ratio at national poverty lines (% of population),2020,,Latin America & Caribbean ,High income,Not classified,-64.8963,18.3358
2606,VI,Virgin Islands (U.S.),Poverty headcount ratio at national poverty lines (% of population),2019,,Latin America & Caribbean ,High income,Not classified,-64.8963,18.3358
2607,VI,Virgin Islands (U.S.),Poverty headcount ratio at national poverty lines (% of population),2018,,Latin America & Caribbean ,High income,Not classified,-64.8963,18.3358
2608,VI,Virgin Islands (U.S.),Poverty headcount ratio at national poverty lines (% of population),2017,,Latin America & Caribbean ,High income,Not classified,-64.8963,18.3358
2609,VI,Virgin Islands (U.S.),Poverty headcount ratio at national poverty lines (% of population),2016,,Latin America & Caribbean ,High income,Not classified,-64.8963,18.3358
2610,PS,West Bank and Gaza,Poverty headcount ratio at national poverty lines (% of population),2025,,"Middle East, North Africa, Afghanistan & Pakistan",Lower middle income,Not classified,,
2611,PS,West Bank and Gaza,Poverty headcount ratio at national poverty lines (% of population),2024,,"Middle East, North Africa, Afghanistan & Pakistan",Lower middle income,Not classified,,
2612,PS,West Bank and Gaza,Poverty headcount ratio at national poverty lines (% of population),2023,32.8,"Middle East, North Africa, Afghanistan & Pakistan",Lower middle income,Not classified,,
2613,PS,West Bank and Gaza,Poverty headcount ratio at national poverty lines (% of population),2022,,"Middle East, North Africa, Afghanistan & Pakistan",Lower middle income,Not classified,,
2614,PS,West Bank and Gaza,Poverty headcount ratio at national poverty lines (% of population),2021,,"Middle East, North Africa, Afghanistan & Pakistan",Lower middle income,Not classified,,
2615,PS,West Bank and Gaza,Poverty headcount ratio at national poverty lines (% of population),2020,,"Middle East, North Africa, Afghanistan & Pakistan",Lower middle income,Not classified,,
2616,PS,West Bank and Gaza,Poverty headcount ratio at national poverty lines (% of population),2019,,"Middle East, North Africa, Afghanistan & Pakistan",Lower middle income,Not classified,,
2617,PS,West Bank and Gaza,Poverty headcount ratio at national poverty lines (% of population),2018,,"Middle East, North Africa, Afghanistan & Pakistan",Lower middle income,Not classified,,
2618,PS,West Bank and Gaza,Poverty headcount ratio at national poverty lines (% of population),2017,,"Middle East, North Africa, Afghanistan & Pakistan",Lower middle income,Not classified,,
2619,PS,West Bank and Gaza,Poverty headcount ratio at national poverty lines (% of population),2016,29.2,"Middle East, North Africa, Afghanistan & Pakistan",Lower middle income,Not classified,,
2620,YE,"Yemen, Rep.",Poverty headcount ratio at national poverty lines (% of population),2025,,"Middle East, North Africa, Afghanistan & Pakistan",Low income,IDA,44.2075,15.352
2621,YE,"Yemen, Rep.",Poverty headcount ratio at national poverty lines (% of population),2024,,"Middle East, North Africa, Afghanistan & Pakistan",Low income,IDA,44.2075,15.352
2622,YE,"Yemen, Rep.",Poverty headcount ratio at national poverty lines (% of population),2023,,"Middle East, North Africa, Afghanistan & Pakistan",Low income,IDA,44.2075,15.352
2623,YE,"Yemen, Rep.",Poverty headcount ratio at national poverty lines (% of population),2022,,"Middle East, North Africa, Afghanistan & Pakistan",Low income,IDA,44.2075,15.352
2624,YE,"Yemen, Rep.",Poverty headcount ratio at national poverty lines (% of population),2021,,"Middle East, North Africa, Afghanistan & Pakistan",Low income,IDA,44.2075,15.352
2625,YE,"Yemen, Rep.",Poverty headcount ratio at national poverty lines (% of population),2020,,"Middle East, North Africa, Afghanistan & Pakistan",Low income,IDA,44.2075,15.352
2626,YE,"Yemen, Rep.",Poverty headcount ratio at national poverty lines (% of population),2019,,"Middle East, North Africa, Afghanistan & Pakistan",Low income,IDA,44.2075,15.352
2627,YE,"Yemen, Rep.",Poverty headcount ratio at national poverty lines (% of population),2018,,"Middle East, North Africa, Afghanistan & Pakistan",Low income,IDA,44.2075,15.352
2628,YE,"Yemen, Rep.",Poverty headcount ratio at national poverty lines (% of population),2017,,"Middle East, North Africa, Afghanistan & Pakistan",Low income,IDA,44.2075,15.352
2629,YE,"Yemen, Rep.",Poverty headcount ratio at national poverty lines (% of population),2016,,"Middle East, North Africa, Afghanistan & Pakistan",Low income,IDA,44.2075,15.352
2630,ZM,Zambia,Poverty headcount ratio at national poverty lines (% of population),2025,,Sub-Saharan Africa ,Lower middle income,IDA,28.2937,-15.3982
2631,ZM,Zambia,Poverty headcount ratio at national poverty lines (% of population),2024,,Sub-Saharan Africa ,Lower middle income,IDA,28.2937,-15.3982
2632,ZM,Zambia,Poverty headcount ratio at national poverty lines (% of population),2023,,Sub-Saharan Africa ,Lower middle income,IDA,28.2937,-15.3982
2633,ZM,Zambia,Poverty headcount ratio at national poverty lines (% of population),2022,60.0,Sub-Saharan Africa ,Lower middle income,IDA,28.2937,-15.3982
2634,ZM,Zambia,Poverty headcount ratio at national poverty lines (% of population),2021,,Sub-Saharan Africa ,Lower middle income,IDA,28.2937,-15.3982
2635,ZM,Zambia,Poverty headcount ratio at national poverty lines (% of population),2020,,Sub-Saharan Africa ,Lower middle income,IDA,28.2937,-15.3982
2636,ZM,Zambia,Poverty headcount ratio at national poverty lines (% of population),2019,,Sub-Saharan Africa ,Lower middle income,IDA,28.2937,-15.3982
2637,ZM,Zambia,Poverty headcount ratio at national poverty lines (% of population),2018,,Sub-Saharan Africa ,Lower middle income,IDA,28.2937,-15.3982
2638,ZM,Zambia,Poverty headcount ratio at national poverty lines (% of population),2017,,Sub-Saharan Africa ,Lower middle income,IDA,28.2937,-15.3982
2639,ZM,Zambia,Poverty headcount ratio at national poverty lines (% of population),2016,,Sub-Saharan Africa ,Lower middle income,IDA,28.2937,-15.3982
2640,ZW,Zimbabwe,Poverty headcount ratio at national poverty lines (% of population),2025,,Sub-Saharan Africa ,Lower middle income,Blend,31.0672,-17.8312
2641,ZW,Zimbabwe,Poverty headcount ratio at national poverty lines (% of population),2024,,Sub-Saharan Africa ,Lower middle income,Blend,31.0672,-17.8312
2642,ZW,Zimbabwe,Poverty headcount ratio at national poverty lines (% of population),2023,,Sub-Saharan Africa ,Lower middle income,Blend,31.0672,-17.8312
2643,ZW,Zimbabwe,Poverty headcount ratio at national poverty lines (% of population),2022,,Sub-Saharan Africa ,Lower middle income,Blend,31.0672,-17.8312
2644,ZW,Zimbabwe,Poverty headcount ratio at national poverty lines (% of population),2021,,Sub-Saharan Africa ,Lower middle income,Blend,31.0672,-17.8312
2645,ZW,Zimbabwe,Poverty headcount ratio at national poverty lines (% of population),2020,,Sub-Saharan Africa ,Lower middle income,Blend,31.0672,-17.8312
2646,ZW,Zimbabwe,Poverty headcount ratio at national poverty lines (% of population),2019,38.3,Sub-Saharan Africa ,Lower middle income,Blend,31.0672,-17.8312
2647,ZW,Zimbabwe,Poverty headcount ratio at national poverty lines (% of population),2018,,Sub-Saharan Africa ,Lower middle income,Blend,31.0672,-17.8312
2648,ZW,Zimbabwe,Poverty headcount ratio at national poverty lines (% of population),2017,30.4,Sub-Saharan Africa ,Lower middle income,Blend,31.0672,-17.8312
2649,ZW,Zimbabwe,Poverty headcount ratio at national poverty lines (% of population),2016,,Sub-Saharan Africa ,Lower middle income,Blend,31.0672,-17.8312
2650,ZH,Africa Eastern and Southern,Gini index,2025,,Aggregates,Aggregates,Aggregates,,
2651,ZH,Africa Eastern and Southern,Gini index,2024,,Aggregates,Aggregates,Aggregates,,
2652,ZH,Africa Eastern and Southern,Gini index,2023,,Aggregates,Aggregates,Aggregates,,
2653,ZH,Africa Eastern and Southern,Gini index,2022,,Aggregates,Aggregates,Aggregates,,
2654,ZH,Africa Eastern and Southern,Gini index,2021,,Aggregates,Aggregates,Aggregates,,
2655,ZH,Africa Eastern and Southern,Gini index,2020,,Aggregates,Aggregates,Aggregates,,
2656,ZH,Africa Eastern and Southern,Gini index,2019,,Aggregates,Aggregates,Aggregates,,
2657,ZH,Africa Eastern and Southern,Gini index,2018,,Aggregates,Aggregates,Aggregates,,
2658,ZH,Africa Eastern and Southern,Gini index,2017,,Aggregates,Aggregates,Aggregates,,
2659,ZH,Africa Eastern and Southern,Gini index,2016,,Aggregates,Aggregates,Aggregates,,
2660,ZI,Africa Western and Central,Gini index,2025,,Aggregates,Aggregates,Aggregates,,
2661,ZI,Africa Western and Central,Gini index,2024,,Aggregates,Aggregates,Aggregates,,
2662,ZI,Africa Western and Central,Gini index,2023,,Aggregates,Aggregates,Aggregates,,
2663,ZI,Africa Western and Central,Gini index,2022,,Aggregates,Aggregates,Aggregates,,
2664,ZI,Africa Western and Central,Gini index,2021,,Aggregates,Aggregates,Aggregates,,
2665,ZI,Africa Western and Central,Gini index,2020,,Aggregates,Aggregates,Aggregates,,
2666,ZI,Africa Western and Central,Gini index,2019,,Aggregates,Aggregates,Aggregates,,
2667,ZI,Africa Western and Central,Gini index,2018,,Aggregates,Aggregates,Aggregates,,
2668,ZI,Africa Western and Central,Gini index,2017,,Aggregates,Aggregates,Aggregates,,
2669,ZI,Africa Western and Central,Gini index,2016,,Aggregates,Aggregates,Aggregates,,
2670,1A,Arab World,Gini index,2025,,Aggregates,Aggregates,Aggregates,,
2671,1A,Arab World,Gini index,2024,,Aggregates,Aggregates,Aggregates,,
2672,1A,Arab World,Gini index,2023,,Aggregates,Aggregates,Aggregates,,
2673,1A,Arab World,Gini index,2022,,Aggregates,Aggregates,Aggregates,,
2674,1A,Arab World,Gini index,2021,,Aggregates,Aggregates,Aggregates,,
2675,1A,Arab World,Gini index,2020,,Aggregates,Aggregates,Aggregates,,
2676,1A,Arab World,Gini index,2019,,Aggregates,Aggregates,Aggregates,,
2677,1A,Arab World,Gini index,2018,,Aggregates,Aggregates,Aggregates,,
2678,1A,Arab World,Gini index,2017,,Aggregates,Aggregates,Aggregates,,
2679,1A,Arab World,Gini index,2016,,Aggregates,Aggregates,Aggregates,,
2680,S3,Caribbean small states,Gini index,2025,,Aggregates,Aggregates,Aggregates,,
2681,S3,Caribbean small states,Gini index,2024,,Aggregates,Aggregates,Aggregates,,
2682,S3,Caribbean small states,Gini index,2023,,Aggregates,Aggregates,Aggregates,,
2683,S3,Caribbean small states,Gini index,2022,,Aggregates,Aggregates,Aggregates,,
2684,S3,Caribbean small states,Gini index,2021,,Aggregates,Aggregates,Aggregates,,
2685,S3,Caribbean small states,Gini index,2020,,Aggregates,Aggregates,Aggregates,,
2686,S3,Caribbean small states,Gini index,2019,,Aggregates,Aggregates,Aggregates,,
2687,S3,Caribbean small states,Gini index,2018,,Aggregates,Aggregates,Aggregates,,
2688,S3,Caribbean small states,Gini index,2017,,Aggregates,Aggregates,Aggregates,,
2689,S3,Caribbean small states,Gini index,2016,,Aggregates,Aggregates,Aggregates,,
2690,B8,Central Europe and the Baltics,Gini index,2025,,Aggregates,Aggregates,Aggregates,,
2691,B8,Central Europe and the Baltics,Gini index,2024,,Aggregates,Aggregates,Aggregates,,
2692,B8,Central Europe and the Baltics,Gini index,2023,,Aggregates,Aggregates,Aggregates,,
2693,B8,Central Europe and the Baltics,Gini index,2022,,Aggregates,Aggregates,Aggregates,,
2694,B8,Central Europe and the Baltics,Gini index,2021,,Aggregates,Aggregates,Aggregates,,
2695,B8,Central Europe and the Baltics,Gini index,2020,,Aggregates,Aggregates,Aggregates,,
2696,B8,Central Europe and the Baltics,Gini index,2019,,Aggregates,Aggregates,Aggregates,,
2697,B8,Central Europe and the Baltics,Gini index,2018,,Aggregates,Aggregates,Aggregates,,
2698,B8,Central Europe and the Baltics,Gini index,2017,,Aggregates,Aggregates,Aggregates,,
2699,B8,Central Europe and the Baltics,Gini index,2016,,Aggregates,Aggregates,Aggregates,,
2700,V2,Early-demographic dividend,Gini index,2025,,Aggregates,Aggregates,Aggregates,,
2701,V2,Early-demographic dividend,Gini index,2024,,Aggregates,Aggregates,Aggregates,,
2702,V2,Early-demographic dividend,Gini index,2023,,Aggregates,Aggregates,Aggregates,,
2703,V2,Early-demographic dividend,Gini index,2022,,Aggregates,Aggregates,Aggregates,,
2704,V2,Early-demographic dividend,Gini index,2021,,Aggregates,Aggregates,Aggregates,,
2705,V2,Early-demographic dividend,Gini index,2020,,Aggregates,Aggregates,Aggregates,,
2706,V2,Early-demographic dividend,Gini index,2019,,Aggregates,Aggregates,Aggregates,,
2707,V2,Early-demographic dividend,Gini index,2018,,Aggregates,Aggregates,Aggregates,,
2708,V2,Early-demographic dividend,Gini index,2017,,Aggregates,Aggregates,Aggregates,,
2709,V2,Early-demographic dividend,Gini index,2016,,Aggregates,Aggregates,Aggregates,,
2710,Z4,East Asia & Pacific,Gini index,2025,,Aggregates,Aggregates,Aggregates,,
2711,Z4,East Asia & Pacific,Gini index,2024,,Aggregates,Aggregates,Aggregates,,
2712,Z4,East Asia & Pacific,Gini index,2023,,Aggregates,Aggregates,Aggregates,,
2713,Z4,East Asia & Pacific,Gini index,2022,,Aggregates,Aggregates,Aggregates,,
2714,Z4,East Asia & Pacific,Gini index,2021,,Aggregates,Aggregates,Aggregates,,
2715,Z4,East Asia & Pacific,Gini index,2020,,Aggregates,Aggregates,Aggregates,,
2716,Z4,East Asia & Pacific,Gini index,2019,,Aggregates,Aggregates,Aggregates,,
2717,Z4,East Asia & Pacific,Gini index,2018,,Aggregates,Aggregates,Aggregates,,
2718,Z4,East Asia & Pacific,Gini index,2017,,Aggregates,Aggregates,Aggregates,,
2719,Z4,East Asia & Pacific,Gini index,2016,,Aggregates,Aggregates,Aggregates,,
2720,4E,East Asia & Pacific (excluding high income),Gini index,2025,,Aggregates,Aggregates,Aggregates,,
2721,4E,East Asia & Pacific (excluding high income),Gini index,2024,,Aggregates,Aggregates,Aggregates,,
2722,4E,East Asia & Pacific (excluding high income),Gini index,2023,,Aggregates,Aggregates,Aggregates,,
2723,4E,East Asia & Pacific (excluding high income),Gini index,2022,,Aggregates,Aggregates,Aggregates,,
2724,4E,East Asia & Pacific (excluding high income),Gini index,2021,,Aggregates,Aggregates,Aggregates,,
2725,4E,East Asia & Pacific (excluding high income),Gini index,2020,,Aggregates,Aggregates,Aggregates,,
2726,4E,East Asia & Pacific (excluding high income),Gini index,2019,,Aggregates,Aggregates,Aggregates,,
2727,4E,East Asia & Pacific (excluding high income),Gini index,2018,,Aggregates,Aggregates,Aggregates,,
2728,4E,East Asia & Pacific (excluding high income),Gini index,2017,,Aggregates,Aggregates,Aggregates,,
2729,4E,East Asia & Pacific (excluding high income),Gini index,2016,,Aggregates,Aggregates,Aggregates,,
2730,T4,East Asia & Pacific (IDA & IBRD countries),Gini index,2025,,Aggregates,Aggregates,Aggregates,,
2731,T4,East Asia & Pacific (IDA & IBRD countries),Gini index,2024,,Aggregates,Aggregates,Aggregates,,
2732,T4,East Asia & Pacific (IDA & IBRD countries),Gini index,2023,,Aggregates,Aggregates,Aggregates,,
2733,T4,East Asia & Pacific (IDA & IBRD countries),Gini index,2022,,Aggregates,Aggregates,Aggregates,,
2734,T4,East Asia & Pacific (IDA & IBRD countries),Gini index,2021,,Aggregates,Aggregates,Aggregates,,
2735,T4,East Asia & Pacific (IDA & IBRD countries),Gini index,2020,,Aggregates,Aggregates,Aggregates,,
2736,T4,East Asia & Pacific (IDA & IBRD countries),Gini index,2019,,Aggregates,Aggregates,Aggregates,,
2737,T4,East Asia & Pacific (IDA & IBRD countries),Gini index,2018,,Aggregates,Aggregates,Aggregates,,
2738,T4,East Asia & Pacific (IDA & IBRD countries),Gini index,2017,,Aggregates,Aggregates,Aggregates,,
2739,T4,East Asia & Pacific (IDA & IBRD countries),Gini index,2016,,Aggregates,Aggregates,Aggregates,,
2740,XC,Euro area,Gini index,2025,,Aggregates,Aggregates,Aggregates,,
2741,XC,Euro area,Gini index,2024,,Aggregates,Aggregates,Aggregates,,
2742,XC,Euro area,Gini index,2023,,Aggregates,Aggregates,Aggregates,,
2743,XC,Euro area,Gini index,2022,,Aggregates,Aggregates,Aggregates,,
2744,XC,Euro area,Gini index,2021,,Aggregates,Aggregates,Aggregates,,
2745,XC,Euro area,Gini index,2020,,Aggregates,Aggregates,Aggregates,,
2746,XC,Euro area,Gini index,2019,,Aggregates,Aggregates,Aggregates,,
2747,XC,Euro area,Gini index,2018,,Aggregates,Aggregates,Aggregates,,
2748,XC,Euro area,Gini index,2017,,Aggregates,Aggregates,Aggregates,,
2749,XC,Euro area,Gini index,2016,,Aggregates,Aggregates,Aggregates,,
2750,Z7,Europe & Central Asia,Gini index,2025,,Aggregates,Aggregates,Aggregates,,
2751,Z7,Europe & Central Asia,Gini index,2024,,Aggregates,Aggregates,Aggregates,,
2752,Z7,Europe & Central Asia,Gini index,2023,,Aggregates,Aggregates,Aggregates,,
2753,Z7,Europe & Central Asia,Gini index,2022,,Aggregates,Aggregates,Aggregates,,
2754,Z7,Europe & Central Asia,Gini index,2021,,Aggregates,Aggregates,Aggregates,,
2755,Z7,Europe & Central Asia,Gini index,2020,,Aggregates,Aggregates,Aggregates,,
2756,Z7,Europe & Central Asia,Gini index,2019,,Aggregates,Aggregates,Aggregates,,
2757,Z7,Europe & Central Asia,Gini index,2018,,Aggregates,Aggregates,Aggregates,,
2758,Z7,Europe & Central Asia,Gini index,2017,,Aggregates,Aggregates,Aggregates,,
2759,Z7,Europe & Central Asia,Gini index,2016,,Aggregates,Aggregates,Aggregates,,
2760,7E,Europe & Central Asia (excluding high income),Gini index,2025,,Aggregates,Aggregates,Aggregates,,
2761,7E,Europe & Central Asia (excluding high income),Gini index,2024,,Aggregates,Aggregates,Aggregates,,
2762,7E,Europe & Central Asia (excluding high income),Gini index,2023,,Aggregates,Aggregates,Aggregates,,
2763,7E,Europe & Central Asia (excluding high income),Gini index,2022,,Aggregates,Aggregates,Aggregates,,
2764,7E,Europe & Central Asia (excluding high income),Gini index,2021,,Aggregates,Aggregates,Aggregates,,
2765,7E,Europe & Central Asia (excluding high income),Gini index,2020,,Aggregates,Aggregates,Aggregates,,
2766,7E,Europe & Central Asia (excluding high income),Gini index,2019,,Aggregates,Aggregates,Aggregates,,
2767,7E,Europe & Central Asia (excluding high income),Gini index,2018,,Aggregates,Aggregates,Aggregates,,
2768,7E,Europe & Central Asia (excluding high income),Gini index,2017,,Aggregates,Aggregates,Aggregates,,
2769,7E,Europe & Central Asia (excluding high income),Gini index,2016,,Aggregates,Aggregates,Aggregates,,
2770,T7,Europe & Central Asia (IDA & IBRD countries),Gini index,2025,,Aggregates,Aggregates,Aggregates,,
2771,T7,Europe & Central Asia (IDA & IBRD countries),Gini index,2024,,Aggregates,Aggregates,Aggregates,,
2772,T7,Europe & Central Asia (IDA & IBRD countries),Gini index,2023,,Aggregates,Aggregates,Aggregates,,
2773,T7,Europe & Central Asia (IDA & IBRD countries),Gini index,2022,,Aggregates,Aggregates,Aggregates,,
2774,T7,Europe & Central Asia (IDA & IBRD countries),Gini index,2021,,Aggregates,Aggregates,Aggregates,,
2775,T7,Europe & Central Asia (IDA & IBRD countries),Gini index,2020,,Aggregates,Aggregates,Aggregates,,
2776,T7,Europe & Central Asia (IDA & IBRD countries),Gini index,2019,,Aggregates,Aggregates,Aggregates,,
2777,T7,Europe & Central Asia (IDA & IBRD countries),Gini index,2018,,Aggregates,Aggregates,Aggregates,,
2778,T7,Europe & Central Asia (IDA & IBRD countries),Gini index,2017,,Aggregates,Aggregates,Aggregates,,
2779,T7,Europe & Central Asia (IDA & IBRD countries),Gini index,2016,,Aggregates,Aggregates,Aggregates,,
2780,EU,European Union,Gini index,2025,,Aggregates,Aggregates,Aggregates,,
2781,EU,European Union,Gini index,2024,,Aggregates,Aggregates,Aggregates,,
2782,EU,European Union,Gini index,2023,,Aggregates,Aggregates,Aggregates,,
2783,EU,European Union,Gini index,2022,,Aggregates,Aggregates,Aggregates,,
2784,EU,European Union,Gini index,2021,,Aggregates,Aggregates,Aggregates,,
2785,EU,European Union,Gini index,2020,,Aggregates,Aggregates,Aggregates,,
2786,EU,European Union,Gini index,2019,,Aggregates,Aggregates,Aggregates,,
2787,EU,European Union,Gini index,2018,,Aggregates,Aggregates,Aggregates,,
2788,EU,European Union,Gini index,2017,,Aggregates,Aggregates,Aggregates,,
2789,EU,European Union,Gini index,2016,,Aggregates,Aggregates,Aggregates,,
2790,XE,Heavily indebted poor countries (HIPC),Gini index,2025,,Aggregates,Aggregates,Aggregates,,
2791,XE,Heavily indebted poor countries (HIPC),Gini index,2024,,Aggregates,Aggregates,Aggregates,,
2792,XE,Heavily indebted poor countries (HIPC),Gini index,2023,,Aggregates,Aggregates,Aggregates,,
2793,XE,Heavily indebted poor countries (HIPC),Gini index,2022,,Aggregates,Aggregates,Aggregates,,
2794,XE,Heavily indebted poor countries (HIPC),Gini index,2021,,Aggregates,Aggregates,Aggregates,,
2795,XE,Heavily indebted poor countries (HIPC),Gini index,2020,,Aggregates,Aggregates,Aggregates,,
2796,XE,Heavily indebted poor countries (HIPC),Gini index,2019,,Aggregates,Aggregates,Aggregates,,
2797,XE,Heavily indebted poor countries (HIPC),Gini index,2018,,Aggregates,Aggregates,Aggregates,,
2798,XE,Heavily indebted poor countries (HIPC),Gini index,2017,,Aggregates,Aggregates,Aggregates,,
2799,XE,Heavily indebted poor countries (HIPC),Gini index,2016,,Aggregates,Aggregates,Aggregates,,
2800,XD,High income,Gini index,2025,,Aggregates,Aggregates,Aggregates,,
2801,XD,High income,Gini index,2024,,Aggregates,Aggregates,Aggregates,,
2802,XD,High income,Gini index,2023,,Aggregates,Aggregates,Aggregates,,
2803,XD,High income,Gini index,2022,,Aggregates,Aggregates,Aggregates,,
2804,XD,High income,Gini index,2021,,Aggregates,Aggregates,Aggregates,,
2805,XD,High income,Gini index,2020,,Aggregates,Aggregates,Aggregates,,
2806,XD,High income,Gini index,2019,,Aggregates,Aggregates,Aggregates,,
2807,XD,High income,Gini index,2018,,Aggregates,Aggregates,Aggregates,,
2808,XD,High income,Gini index,2017,,Aggregates,Aggregates,Aggregates,,
2809,XD,High income,Gini index,2016,,Aggregates,Aggregates,Aggregates,,
2810,XF,IBRD only,Gini index,2025,,Aggregates,Aggregates,Aggregates,,
2811,XF,IBRD only,Gini index,2024,,Aggregates,Aggregates,Aggregates,,
2812,XF,IBRD only,Gini index,2023,,Aggregates,Aggregates,Aggregates,,
2813,XF,IBRD only,Gini index,2022,,Aggregates,Aggregates,Aggregates,,
2814,XF,IBRD only,Gini index,2021,,Aggregates,Aggregates,Aggregates,,
2815,XF,IBRD only,Gini index,2020,,Aggregates,Aggregates,Aggregates,,
2816,XF,IBRD only,Gini index,2019,,Aggregates,Aggregates,Aggregates,,
2817,XF,IBRD only,Gini index,2018,,Aggregates,Aggregates,Aggregates,,
2818,XF,IBRD only,Gini index,2017,,Aggregates,Aggregates,Aggregates,,
2819,XF,IBRD only,Gini index,2016,,Aggregates,Aggregates,Aggregates,,
2820,ZT,IDA & IBRD total,Gini index,2025,,Aggregates,Aggregates,Aggregates,,
2821,ZT,IDA & IBRD total,Gini index,2024,,Aggregates,Aggregates,Aggregates,,
2822,ZT,IDA & IBRD total,Gini index,2023,,Aggregates,Aggregates,Aggregates,,
2823,ZT,IDA & IBRD total,Gini index,2022,,Aggregates,Aggregates,Aggregates,,
2824,ZT,IDA & IBRD total,Gini index,2021,,Aggregates,Aggregates,Aggregates,,
2825,ZT,IDA & IBRD total,Gini index,2020,,Aggregates,Aggregates,Aggregates,,
2826,ZT,IDA & IBRD total,Gini index,2019,,Aggregates,Aggregates,Aggregates,,
2827,ZT,IDA & IBRD total,Gini index,2018,,Aggregates,Aggregates,Aggregates,,
2828,ZT,IDA & IBRD total,Gini index,2017,,Aggregates,Aggregates,Aggregates,,
2829,ZT,IDA & IBRD total,Gini index,2016,,Aggregates,Aggregates,Aggregates,,
2830,XH,IDA blend,Gini index,2025,,Aggregates,Aggregates,Aggregates,,
2831,XH,IDA blend,Gini index,2024,,Aggregates,Aggregates,Aggregates,,
2832,XH,IDA blend,Gini index,2023,,Aggregates,Aggregates,Aggregates,,
2833,XH,IDA blend,Gini index,2022,,Aggregates,Aggregates,Aggregates,,
2834,XH,IDA blend,Gini index,2021,,Aggregates,Aggregates,Aggregates,,
2835,XH,IDA blend,Gini index,2020,,Aggregates,Aggregates,Aggregates,,
2836,XH,IDA blend,Gini index,2019,,Aggregates,Aggregates,Aggregates,,
2837,XH,IDA blend,Gini index,2018,,Aggregates,Aggregates,Aggregates,,
2838,XH,IDA blend,Gini index,2017,,Aggregates,Aggregates,Aggregates,,
2839,XH,IDA blend,Gini index,2016,,Aggregates,Aggregates,Aggregates,,
2840,XI,IDA only,Gini index,2025,,Aggregates,Aggregates,Aggregates,,
2841,XI,IDA only,Gini index,2024,,Aggregates,Aggregates,Aggregates,,
2842,XI,IDA only,Gini index,2023,,Aggregates,Aggregates,Aggregates,,
2843,XI,IDA only,Gini index,2022,,Aggregates,Aggregates,Aggregates,,
2844,XI,IDA only,Gini index,2021,,Aggregates,Aggregates,Aggregates,,
2845,XI,IDA only,Gini index,2020,,Aggregates,Aggregates,Aggregates,,
2846,XI,IDA only,Gini index,2019,,Aggregates,Aggregates,Aggregates,,
2847,XI,IDA only,Gini index,2018,,Aggregates,Aggregates,Aggregates,,
2848,XI,IDA only,Gini index,2017,,Aggregates,Aggregates,Aggregates,,
2849,XI,IDA only,Gini index,2016,,Aggregates,Aggregates,Aggregates,,
2850,XG,IDA total,Gini index,2025,,Aggregates,Aggregates,Aggregates,,
2851,XG,IDA total,Gini index,2024,,Aggregates,Aggregates,Aggregates,,
2852,XG,IDA total,Gini index,2023,,Aggregates,Aggregates,Aggregates,,
2853,XG,IDA total,Gini index,2022,,Aggregates,Aggregates,Aggregates,,
2854,XG,IDA total,Gini index,2021,,Aggregates,Aggregates,Aggregates,,
2855,XG,IDA total,Gini index,2020,,Aggregates,Aggregates,Aggregates,,
2856,XG,IDA total,Gini index,2019,,Aggregates,Aggregates,Aggregates,,
2857,XG,IDA total,Gini index,2018,,Aggregates,Aggregates,Aggregates,,
2858,XG,IDA total,Gini index,2017,,Aggregates,Aggregates,Aggregates,,
2859,XG,IDA total,Gini index,2016,,Aggregates,Aggregates,Aggregates,,
2860,V3,Late-demographic dividend,Gini index,2025,,Aggregates,Aggregates,Aggregates,,
2861,V3,Late-demographic dividend,Gini index,2024,,Aggregates,Aggregates,Aggregates,,
2862,V3,Late-demographic dividend,Gini index,2023,,Aggregates,Aggregates,Aggregates,,
2863,V3,Late-demographic dividend,Gini index,2022,,Aggregates,Aggregates,Aggregates,,
2864,V3,Late-demographic dividend,Gini index,2021,,Aggregates,Aggregates,Aggregates,,
2865,V3,Late-demographic dividend,Gini index,2020,,Aggregates,Aggregates,Aggregates,,
2866,V3,Late-demographic dividend,Gini index,2019,,Aggregates,Aggregates,Aggregates,,
2867,V3,Late-demographic dividend,Gini index,2018,,Aggregates,Aggregates,Aggregates,,
2868,V3,Late-demographic dividend,Gini index,2017,,Aggregates,Aggregates,Aggregates,,
2869,V3,Late-demographic dividend,Gini index,2016,,Aggregates,Aggregates,Aggregates,,
2870,ZJ,Latin America & Caribbean,Gini index,2025,,Aggregates,Aggregates,Aggregates,,
2871,ZJ,Latin America & Caribbean,Gini index,2024,,Aggregates,Aggregates,Aggregates,,
2872,ZJ,Latin America & Caribbean,Gini index,2023,,Aggregates,Aggregates,Aggregates,,
2873,ZJ,Latin America & Caribbean,Gini index,2022,,Aggregates,Aggregates,Aggregates,,
2874,ZJ,Latin America & Caribbean,Gini index,2021,,Aggregates,Aggregates,Aggregates,,
2875,ZJ,Latin America & Caribbean,Gini index,2020,,Aggregates,Aggregates,Aggregates,,
2876,ZJ,Latin America & Caribbean,Gini index,2019,,Aggregates,Aggregates,Aggregates,,
2877,ZJ,Latin America & Caribbean,Gini index,2018,,Aggregates,Aggregates,Aggregates,,
2878,ZJ,Latin America & Caribbean,Gini index,2017,,Aggregates,Aggregates,Aggregates,,
2879,ZJ,Latin America & Caribbean,Gini index,2016,,Aggregates,Aggregates,Aggregates,,
2880,XJ,Latin America & Caribbean (excluding high income),Gini index,2025,,Aggregates,Aggregates,Aggregates,,
2881,XJ,Latin America & Caribbean (excluding high income),Gini index,2024,,Aggregates,Aggregates,Aggregates,,
2882,XJ,Latin America & Caribbean (excluding high income),Gini index,2023,,Aggregates,Aggregates,Aggregates,,
2883,XJ,Latin America & Caribbean (excluding high income),Gini index,2022,,Aggregates,Aggregates,Aggregates,,
2884,XJ,Latin America & Caribbean (excluding high income),Gini index,2021,,Aggregates,Aggregates,Aggregates,,
2885,XJ,Latin America & Caribbean (excluding high income),Gini index,2020,,Aggregates,Aggregates,Aggregates,,
2886,XJ,Latin America & Caribbean (excluding high income),Gini index,2019,,Aggregates,Aggregates,Aggregates,,
2887,XJ,Latin America & Caribbean (excluding high income),Gini index,2018,,Aggregates,Aggregates,Aggregates,,
2888,XJ,Latin America & Caribbean (excluding high income),Gini index,2017,,Aggregates,Aggregates,Aggregates,,
2889,XJ,Latin America & Caribbean (excluding high income),Gini index,2016,,Aggregates,Aggregates,Aggregates,,
2890,T2,Latin America & the Caribbean (IDA & IBRD countries),Gini index,2025,,Aggregates,Aggregates,Aggregates,,
2891,T2,Latin America & the Caribbean (IDA & IBRD countries),Gini index,2024,,Aggregates,Aggregates,Aggregates,,
2892,T2,Latin America & the Caribbean (IDA & IBRD countries),Gini index,2023,,Aggregates,Aggregates,Aggregates,,
2893,T2,Latin America & the Caribbean (IDA & IBRD countries),Gini index,2022,,Aggregates,Aggregates,Aggregates,,
2894,T2,Latin America & the Caribbean (IDA & IBRD countries),Gini index,2021,,Aggregates,Aggregates,Aggregates,,
2895,T2,Latin America & the Caribbean (IDA & IBRD countries),Gini index,2020,,Aggregates,Aggregates,Aggregates,,
2896,T2,Latin America & the Caribbean (IDA & IBRD countries),Gini index,2019,,Aggregates,Aggregates,Aggregates,,
2897,T2,Latin America & the Caribbean (IDA & IBRD countries),Gini index,2018,,Aggregates,Aggregates,Aggregates,,
2898,T2,Latin America & the Caribbean (IDA & IBRD countries),Gini index,2017,,Aggregates,Aggregates,Aggregates,,
2899,T2,Latin America & the Caribbean (IDA & IBRD countries),Gini index,2016,,Aggregates,Aggregates,Aggregates,,
2900,XL,Least developed countries: UN classification,Gini index,2025,,Aggregates,Aggregates,Aggregates,,
2901,XL,Least developed countries: UN classification,Gini index,2024,,Aggregates,Aggregates,Aggregates,,
2902,XL,Least developed countries: UN classification,Gini index,2023,,Aggregates,Aggregates,Aggregates,,
2903,XL,Least developed countries: UN classification,Gini index,2022,,Aggregates,Aggregates,Aggregates,,
2904,XL,Least developed countries: UN classification,Gini index,2021,,Aggregates,Aggregates,Aggregates,,
2905,XL,Least developed countries: UN classification,Gini index,2020,,Aggregates,Aggregates,Aggregates,,
2906,XL,Least developed countries: UN classification,Gini index,2019,,Aggregates,Aggregates,Aggregates,,
2907,XL,Least developed countries: UN classification,Gini index,2018,,Aggregates,Aggregates,Aggregates,,
2908,XL,Least developed countries: UN classification,Gini index,2017,,Aggregates,Aggregates,Aggregates,,
2909,XL,Least developed countries: UN classification,Gini index,2016,,Aggregates,Aggregates,Aggregates,,
2910,XO,Low & middle income,Gini index,2025,,Aggregates,Aggregates,Aggregates,,
2911,XO,Low & middle income,Gini index,2024,,Aggregates,Aggregates,Aggregates,,
2912,XO,Low & middle income,Gini index,2023,,Aggregates,Aggregates,Aggregates,,
2913,XO,Low & middle income,Gini index,2022,,Aggregates,Aggregates,Aggregates,,
2914,XO,Low & middle income,Gini index,2021,,Aggregates,Aggregates,Aggregates,,
2915,XO,Low & middle income,Gini index,2020,,Aggregates,Aggregates,Aggregates,,
2916,XO,Low & middle income,Gini index,2019,,Aggregates,Aggregates,Aggregates,,
2917,XO,Low & middle income,Gini index,2018,,Aggregates,Aggregates,Aggregates,,
2918,XO,Low & middle income,Gini index,2017,,Aggregates,Aggregates,Aggregates,,
2919,XO,Low & middle income,Gini index,2016,,Aggregates,Aggregates,Aggregates,,
2920,XM,Low income,Gini index,2025,,Aggregates,Aggregates,Aggregates,,
2921,XM,Low income,Gini index,2024,,Aggregates,Aggregates,Aggregates,,
2922,XM,Low income,Gini index,2023,,Aggregates,Aggregates,Aggregates,,
2923,XM,Low income,Gini index,2022,,Aggregates,Aggregates,Aggregates,,
2924,XM,Low income,Gini index,2021,,Aggregates,Aggregates,Aggregates,,
2925,XM,Low income,Gini index,2020,,Aggregates,Aggregates,Aggregates,,
2926,XM,Low income,Gini index,2019,,Aggregates,Aggregates,Aggregates,,
2927,XM,Low income,Gini index,2018,,Aggregates,Aggregates,Aggregates,,
2928,XM,Low income,Gini index,2017,,Aggregates,Aggregates,Aggregates,,
2929,XM,Low income,Gini index,2016,,Aggregates,Aggregates,Aggregates,,
2930,XN,Lower middle income,Gini index,2025,,Aggregates,Aggregates,Aggregates,,
2931,XN,Lower middle income,Gini index,2024,,Aggregates,Aggregates,Aggregates,,
2932,XN,Lower middle income,Gini index,2023,,Aggregates,Aggregates,Aggregates,,
2933,XN,Lower middle income,Gini index,2022,,Aggregates,Aggregates,Aggregates,,
2934,XN,Lower middle income,Gini index,2021,,Aggregates,Aggregates,Aggregates,,
2935,XN,Lower middle income,Gini index,2020,,Aggregates,Aggregates,Aggregates,,
2936,XN,Lower middle income,Gini index,2019,,Aggregates,Aggregates,Aggregates,,
2937,XN,Lower middle income,Gini index,2018,,Aggregates,Aggregates,Aggregates,,
2938,XN,Lower middle income,Gini index,2017,,Aggregates,Aggregates,Aggregates,,
2939,XN,Lower middle income,Gini index,2016,,Aggregates,Aggregates,Aggregates,,
2940,ZQ,"Middle East, North Africa, Afghanistan & Pakistan",Gini index,2025,,Aggregates,Aggregates,Aggregates,,
2941,ZQ,"Middle East, North Africa, Afghanistan & Pakistan",Gini index,2024,,Aggregates,Aggregates,Aggregates,,
2942,ZQ,"Middle East, North Africa, Afghanistan & Pakistan",Gini index,2023,,Aggregates,Aggregates,Aggregates,,
2943,ZQ,"Middle East, North Africa, Afghanistan & Pakistan",Gini index,2022,,Aggregates,Aggregates,Aggregates,,
2944,ZQ,"Middle East, North Africa, Afghanistan & Pakistan",Gini index,2021,,Aggregates,Aggregates,Aggregates,,
2945,ZQ,"Middle East, North Africa, Afghanistan & Pakistan",Gini index,2020,,Aggregates,Aggregates,Aggregates,,
2946,ZQ,"Middle East, North Africa, Afghanistan & Pakistan",Gini index,2019,,Aggregates,Aggregates,Aggregates,,
2947,ZQ,"Middle East, North Africa, Afghanistan & Pakistan",Gini index,2018,,Aggregates,Aggregates,Aggregates,,
2948,ZQ,"Middle East, North Africa, Afghanistan & Pakistan",Gini index,2017,,Aggregates,Aggregates,Aggregates,,
2949,ZQ,"Middle East, North Africa, Afghanistan & Pakistan",Gini index,2016,,Aggregates,Aggregates,Aggregates,,
2950,XQ,"Middle East, North Africa, Afghanistan & Pakistan (excluding high income)",Gini index,2025,,Aggregates,Aggregates,Aggregates,,
2951,XQ,"Middle East, North Africa, Afghanistan & Pakistan (excluding high income)",Gini index,2024,,Aggregates,Aggregates,Aggregates,,
2952,XQ,"Middle East, North Africa, Afghanistan & Pakistan (excluding high income)",Gini index,2023,,Aggregates,Aggregates,Aggregates,,
2953,XQ,"Middle East, North Africa, Afghanistan & Pakistan (excluding high income)",Gini index,2022,,Aggregates,Aggregates,Aggregates,,
2954,XQ,"Middle East, North Africa, Afghanistan & Pakistan (excluding high income)",Gini index,2021,,Aggregates,Aggregates,Aggregates,,
2955,XQ,"Middle East, North Africa, Afghanistan & Pakistan (excluding high income)",Gini index,2020,,Aggregates,Aggregates,Aggregates,,
2956,XQ,"Middle East, North Africa, Afghanistan & Pakistan (excluding high income)",Gini index,2019,,Aggregates,Aggregates,Aggregates,,
2957,XQ,"Middle East, North Africa, Afghanistan & Pakistan (excluding high income)",Gini index,2018,,Aggregates,Aggregates,Aggregates,,
2958,XQ,"Middle East, North Africa, Afghanistan & Pakistan (excluding high income)",Gini index,2017,,Aggregates,Aggregates,Aggregates,,
2959,XQ,"Middle East, North Africa, Afghanistan & Pakistan (excluding high income)",Gini index,2016,,Aggregates,Aggregates,Aggregates,,
2960,T3,"Middle East, North Africa, Afghanistan & Pakistan (IDA & IBRD)",Gini index,2025,,Aggregates,Aggregates,Aggregates,,
2961,T3,"Middle East, North Africa, Afghanistan & Pakistan (IDA & IBRD)",Gini index,2024,,Aggregates,Aggregates,Aggregates,,
2962,T3,"Middle East, North Africa, Afghanistan & Pakistan (IDA & IBRD)",Gini index,2023,,Aggregates,Aggregates,Aggregates,,
2963,T3,"Middle East, North Africa, Afghanistan & Pakistan (IDA & IBRD)",Gini index,2022,,Aggregates,Aggregates,Aggregates,,
2964,T3,"Middle East, North Africa, Afghanistan & Pakistan (IDA & IBRD)",Gini index,2021,,Aggregates,Aggregates,Aggregates,,
2965,T3,"Middle East, North Africa, Afghanistan & Pakistan (IDA & IBRD)",Gini index,2020,,Aggregates,Aggregates,Aggregates,,
2966,T3,"Middle East, North Africa, Afghanistan & Pakistan (IDA & IBRD)",Gini index,2019,,Aggregates,Aggregates,Aggregates,,
2967,T3,"Middle East, North Africa, Afghanistan & Pakistan (IDA & IBRD)",Gini index,2018,,Aggregates,Aggregates,Aggregates,,
2968,T3,"Middle East, North Africa, Afghanistan & Pakistan (IDA & IBRD)",Gini index,2017,,Aggregates,Aggregates,Aggregates,,
2969,T3,"Middle East, North Africa, Afghanistan & Pakistan (IDA & IBRD)",Gini index,2016,,Aggregates,Aggregates,Aggregates,,
2970,XP,Middle income,Gini index,2025,,Aggregates,Aggregates,Aggregates,,
2971,XP,Middle income,Gini index,2024,,Aggregates,Aggregates,Aggregates,,
2972,XP,Middle income,Gini index,2023,,Aggregates,Aggregates,Aggregates,,
2973,XP,Middle income,Gini index,2022,,Aggregates,Aggregates,Aggregates,,
2974,XP,Middle income,Gini index,2021,,Aggregates,Aggregates,Aggregates,,
2975,XP,Middle income,Gini index,2020,,Aggregates,Aggregates,Aggregates,,
2976,XP,Middle income,Gini index,2019,,Aggregates,Aggregates,Aggregates,,
2977,XP,Middle income,Gini index,2018,,Aggregates,Aggregates,Aggregates,,
2978,XP,Middle income,Gini index,2017,,Aggregates,Aggregates,Aggregates,,
2979,XP,Middle income,Gini index,2016,,Aggregates,Aggregates,Aggregates,,
2980,XU,North America,Gini index,2025,,Aggregates,Aggregates,Aggregates,,
2981,XU,North America,Gini index,2024,,Aggregates,Aggregates,Aggregates,,
2982,XU,North America,Gini index,2023,,Aggregates,Aggregates,Aggregates,,
2983,XU,North America,Gini index,2022,,Aggregates,Aggregates,Aggregates,,
2984,XU,North America,Gini index,2021,,Aggregates,Aggregates,Aggregates,,
2985,XU,North America,Gini index,2020,,Aggregates,Aggregates,Aggregates,,
2986,XU,North America,Gini index,2019,,Aggregates,Aggregates,Aggregates,,
2987,XU,North America,Gini index,2018,,Aggregates,Aggregates,Aggregates,,
2988,XU,North America,Gini index,2017,,Aggregates,Aggregates,Aggregates,,
2989,XU,North America,Gini index,2016,,Aggregates,Aggregates,Aggregates,,
2990,XY,Not classified,Gini index,2025,,Aggregates,Aggregates,Aggregates,,
2991,XY,Not classified,Gini index,2024,,Aggregates,Aggregates,Aggregates,,
2992,XY,Not classified,Gini index,2023,,Aggregates,Aggregates,Aggregates,,
2993,XY,Not classified,Gini index,2022,,Aggregates,Aggregates,Aggregates,,
2994,XY,Not classified,Gini index,2021,,Aggregates,Aggregates,Aggregates,,
2995,XY,Not classified,Gini index,2020,,Aggregates,Aggregates,Aggregates,,
2996,XY,Not classified,Gini index,2019,,Aggregates,Aggregates,Aggregates,,
2997,XY,Not classified,Gini index,2018,,Aggregates,Aggregates,Aggregates,,
2998,XY,Not classified,Gini index,2017,,Aggregates,Aggregates,Aggregates,,
2999,XY,Not classified,Gini index,2016,,Aggregates,Aggregates,Aggregates,,
3000,OE,OECD members,Gini index,2025,,Aggregates,Aggregates,Aggregates,,
3001,OE,OECD members,Gini index,2024,,Aggregates,Aggregates,Aggregates,,
3002,OE,OECD members,Gini index,2023,,Aggregates,Aggregates,Aggregates,,
3003,OE,OECD members,Gini index,2022,,Aggregates,Aggregates,Aggregates,,
3004,OE,OECD members,Gini index,2021,,Aggregates,Aggregates,Aggregates,,
3005,OE,OECD members,Gini index,2020,,Aggregates,Aggregates,Aggregates,,
3006,OE,OECD members,Gini index,2019,,Aggregates,Aggregates,Aggregates,,
3007,OE,OECD members,Gini index,2018,,Aggregates,Aggregates,Aggregates,,
3008,OE,OECD members,Gini index,2017,,Aggregates,Aggregates,Aggregates,,
3009,OE,OECD members,Gini index,2016,,Aggregates,Aggregates,Aggregates,,
3010,S4,Other small states,Gini index,2025,,Aggregates,Aggregates,Aggregates,,
3011,S4,Other small states,Gini index,2024,,Aggregates,Aggregates,Aggregates,,
3012,S4,Other small states,Gini index,2023,,Aggregates,Aggregates,Aggregates,,
3013,S4,Other small states,Gini index,2022,,Aggregates,Aggregates,Aggregates,,
3014,S4,Other small states,Gini index,2021,,Aggregates,Aggregates,Aggregates,,
3015,S4,Other small states,Gini index,2020,,Aggregates,Aggregates,Aggregates,,
3016,S4,Other small states,Gini index,2019,,Aggregates,Aggregates,Aggregates,,
3017,S4,Other small states,Gini index,2018,,Aggregates,Aggregates,Aggregates,,
3018,S4,Other small states,Gini index,2017,,Aggregates,Aggregates,Aggregates,,
3019,S4,Other small states,Gini index,2016,,Aggregates,Aggregates,Aggregates,,
3020,S2,Pacific island small states,Gini index,2025,,Aggregates,Aggregates,Aggregates,,
3021,S2,Pacific island small states,Gini index,2024,,Aggregates,Aggregates,Aggregates,,
3022,S2,Pacific island small states,Gini index,2023,,Aggregates,Aggregates,Aggregates,,
3023,S2,Pacific island small states,Gini index,2022,,Aggregates,Aggregates,Aggregates,,
3024,S2,Pacific island small states,Gini index,2021,,Aggregates,Aggregates,Aggregates,,
3025,S2,Pacific island small states,Gini index,2020,,Aggregates,Aggregates,Aggregates,,
3026,S2,Pacific island small states,Gini index,2019,,Aggregates,Aggregates,Aggregates,,
3027,S2,Pacific island small states,Gini index,2018,,Aggregates,Aggregates,Aggregates,,
3028,S2,Pacific island small states,Gini index,2017,,Aggregates,Aggregates,Aggregates,,
3029,S2,Pacific island small states,Gini index,2016,,Aggregates,Aggregates,Aggregates,,
3030,V4,Post-demographic dividend,Gini index,2025,,Aggregates,Aggregates,Aggregates,,
3031,V4,Post-demographic dividend,Gini index,2024,,Aggregates,Aggregates,Aggregates,,
3032,V4,Post-demographic dividend,Gini index,2023,,Aggregates,Aggregates,Aggregates,,
3033,V4,Post-demographic dividend,Gini index,2022,,Aggregates,Aggregates,Aggregates,,
3034,V4,Post-demographic dividend,Gini index,2021,,Aggregates,Aggregates,Aggregates,,
3035,V4,Post-demographic dividend,Gini index,2020,,Aggregates,Aggregates,Aggregates,,
3036,V4,Post-demographic dividend,Gini index,2019,,Aggregates,Aggregates,Aggregates,,
3037,V4,Post-demographic dividend,Gini index,2018,,Aggregates,Aggregates,Aggregates,,
3038,V4,Post-demographic dividend,Gini index,2017,,Aggregates,Aggregates,Aggregates,,
3039,V4,Post-demographic dividend,Gini index,2016,,Aggregates,Aggregates,Aggregates,,
3040,V1,Pre-demographic dividend,Gini index,2025,,Aggregates,Aggregates,Aggregates,,
3041,V1,Pre-demographic dividend,Gini index,2024,,Aggregates,Aggregates,Aggregates,,
3042,V1,Pre-demographic dividend,Gini index,2023,,Aggregates,Aggregates,Aggregates,,
3043,V1,Pre-demographic dividend,Gini index,2022,,Aggregates,Aggregates,Aggregates,,
3044,V1,Pre-demographic dividend,Gini index,2021,,Aggregates,Aggregates,Aggregates,,
3045,V1,Pre-demographic dividend,Gini index,2020,,Aggregates,Aggregates,Aggregates,,
3046,V1,Pre-demographic dividend,Gini index,2019,,Aggregates,Aggregates,Aggregates,,
3047,V1,Pre-demographic dividend,Gini index,2018,,Aggregates,Aggregates,Aggregates,,
3048,V1,Pre-demographic dividend,Gini index,2017,,Aggregates,Aggregates,Aggregates,,
3049,V1,Pre-demographic dividend,Gini index,2016,,Aggregates,Aggregates,Aggregates,,
3050,S1,Small states,Gini index,2025,,Aggregates,Aggregates,Aggregates,,
3051,S1,Small states,Gini index,2024,,Aggregates,Aggregates,Aggregates,,
3052,S1,Small states,Gini index,2023,,Aggregates,Aggregates,Aggregates,,
3053,S1,Small states,Gini index,2022,,Aggregates,Aggregates,Aggregates,,
3054,S1,Small states,Gini index,2021,,Aggregates,Aggregates,Aggregates,,
3055,S1,Small states,Gini index,2020,,Aggregates,Aggregates,Aggregates,,
3056,S1,Small states,Gini index,2019,,Aggregates,Aggregates,Aggregates,,
3057,S1,Small states,Gini index,2018,,Aggregates,Aggregates,Aggregates,,
3058,S1,Small states,Gini index,2017,,Aggregates,Aggregates,Aggregates,,
3059,S1,Small states,Gini index,2016,,Aggregates,Aggregates,Aggregates,,
3060,8S,South Asia,Gini index,2025,,Aggregates,Aggregates,Aggregates,,
3061,8S,South Asia,Gini index,2024,,Aggregates,Aggregates,Aggregates,,
3062,8S,South Asia,Gini index,2023,,Aggregates,Aggregates,Aggregates,,
3063,8S,South Asia,Gini index,2022,,Aggregates,Aggregates,Aggregates,,
3064,8S,South Asia,Gini index,2021,,Aggregates,Aggregates,Aggregates,,
3065,8S,South Asia,Gini index,2020,,Aggregates,Aggregates,Aggregates,,
3066,8S,South Asia,Gini index,2019,,Aggregates,Aggregates,Aggregates,,
3067,8S,South Asia,Gini index,2018,,Aggregates,Aggregates,Aggregates,,
3068,8S,South Asia,Gini index,2017,,Aggregates,Aggregates,Aggregates,,
3069,8S,South Asia,Gini index,2016,,Aggregates,Aggregates,Aggregates,,
3070,T5,South Asia (IDA & IBRD),Gini index,2025,,Aggregates,Aggregates,Aggregates,,
3071,T5,South Asia (IDA & IBRD),Gini index,2024,,Aggregates,Aggregates,Aggregates,,
3072,T5,South Asia (IDA & IBRD),Gini index,2023,,Aggregates,Aggregates,Aggregates,,
3073,T5,South Asia (IDA & IBRD),Gini index,2022,,Aggregates,Aggregates,Aggregates,,
3074,T5,South Asia (IDA & IBRD),Gini index,2021,,Aggregates,Aggregates,Aggregates,,
3075,T5,South Asia (IDA & IBRD),Gini index,2020,,Aggregates,Aggregates,Aggregates,,
3076,T5,South Asia (IDA & IBRD),Gini index,2019,,Aggregates,Aggregates,Aggregates,,
3077,T5,South Asia (IDA & IBRD),Gini index,2018,,Aggregates,Aggregates,Aggregates,,
3078,T5,South Asia (IDA & IBRD),Gini index,2017,,Aggregates,Aggregates,Aggregates,,
3079,T5,South Asia (IDA & IBRD),Gini index,2016,,Aggregates,Aggregates,Aggregates,,
3080,ZG,Sub-Saharan Africa,Gini index,2025,,Aggregates,Aggregates,Aggregates,,
3081,ZG,Sub-Saharan Africa,Gini index,2024,,Aggregates,Aggregates,Aggregates,,
3082,ZG,Sub-Saharan Africa,Gini index,2023,,Aggregates,Aggregates,Aggregates,,
3083,ZG,Sub-Saharan Africa,Gini index,2022,,Aggregates,Aggregates,Aggregates,,
3084,ZG,Sub-Saharan Africa,Gini index,2021,,Aggregates,Aggregates,Aggregates,,
3085,ZG,Sub-Saharan Africa,Gini index,2020,,Aggregates,Aggregates,Aggregates,,
3086,ZG,Sub-Saharan Africa,Gini index,2019,,Aggregates,Aggregates,Aggregates,,
3087,ZG,Sub-Saharan Africa,Gini index,2018,,Aggregates,Aggregates,Aggregates,,
3088,ZG,Sub-Saharan Africa,Gini index,2017,,Aggregates,Aggregates,Aggregates,,
3089,ZG,Sub-Saharan Africa,Gini index,2016,,Aggregates,Aggregates,Aggregates,,
3090,ZF,Sub-Saharan Africa (excluding high income),Gini index,2025,,Aggregates,Aggregates,Aggregates,,
3091,ZF,Sub-Saharan Africa (excluding high income),Gini index,2024,,Aggregates,Aggregates,Aggregates,,
3092,ZF,Sub-Saharan Africa (excluding high income),Gini index,2023,,Aggregates,Aggregates,Aggregates,,
3093,ZF,Sub-Saharan Africa (excluding high income),Gini index,2022,,Aggregates,Aggregates,Aggregates,,
3094,ZF,Sub-Saharan Africa (excluding high income),Gini index,2021,,Aggregates,Aggregates,Aggregates,,
3095,ZF,Sub-Saharan Africa (excluding high income),Gini index,2020,,Aggregates,Aggregates,Aggregates,,
3096,ZF,Sub-Saharan Africa (excluding high income),Gini index,2019,,Aggregates,Aggregates,Aggregates,,
3097,ZF,Sub-Saharan Africa (excluding high income),Gini index,2018,,Aggregates,Aggregates,Aggregates,,
3098,ZF,Sub-Saharan Africa (excluding high income),Gini index,2017,,Aggregates,Aggregates,Aggregates,,
3099,ZF,Sub-Saharan Africa (excluding high income),Gini index,2016,,Aggregates,Aggregates,Aggregates,,
3100,T6,Sub-Saharan Africa (IDA & IBRD countries),Gini index,2025,,Aggregates,Aggregates,Aggregates,,
3101,T6,Sub-Saharan Africa (IDA & IBRD countries),Gini index,2024,,Aggregates,Aggregates,Aggregates,,
3102,T6,Sub-Saharan Africa (IDA & IBRD countries),Gini index,2023,,Aggregates,Aggregates,Aggregates,,
3103,T6,Sub-Saharan Africa (IDA & IBRD countries),Gini index,2022,,Aggregates,Aggregates,Aggregates,,
3104,T6,Sub-Saharan Africa (IDA & IBRD countries),Gini index,2021,,Aggregates,Aggregates,Aggregates,,
3105,T6,Sub-Saharan Africa (IDA & IBRD countries),Gini index,2020,,Aggregates,Aggregates,Aggregates,,
3106,T6,Sub-Saharan Africa (IDA & IBRD countries),Gini index,2019,,Aggregates,Aggregates,Aggregates,,
3107,T6,Sub-Saharan Africa (IDA & IBRD countries),Gini index,2018,,Aggregates,Aggregates,Aggregates,,
3108,T6,Sub-Saharan Africa (IDA & IBRD countries),Gini index,2017,,Aggregates,Aggregates,Aggregates,,
3109,T6,Sub-Saharan Africa (IDA & IBRD countries),Gini index,2016,,Aggregates,Aggregates,Aggregates,,
3110,XT,Upper middle income,Gini index,2025,,Aggregates,Aggregates,Aggregates,,
3111,XT,Upper middle income,Gini index,2024,,Aggregates,Aggregates,Aggregates,,
3112,XT,Upper middle income,Gini index,2023,,Aggregates,Aggregates,Aggregates,,
3113,XT,Upper middle income,Gini index,2022,,Aggregates,Aggregates,Aggregates,,
3114,XT,Upper middle income,Gini index,2021,,Aggregates,Aggregates,Aggregates,,
3115,XT,Upper middle income,Gini index,2020,,Aggregates,Aggregates,Aggregates,,
3116,XT,Upper middle income,Gini index,2019,,Aggregates,Aggregates,Aggregates,,
3117,XT,Upper middle income,Gini index,2018,,Aggregates,Aggregates,Aggregates,,
3118,XT,Upper middle income,Gini index,2017,,Aggregates,Aggregates,Aggregates,,
3119,XT,Upper middle income,Gini index,2016,,Aggregates,Aggregates,Aggregates,,
3120,1W,World,Gini index,2025,,Aggregates,Aggregates,Aggregates,,
3121,1W,World,Gini index,2024,,Aggregates,Aggregates,Aggregates,,
3122,1W,World,Gini index,2023,,Aggregates,Aggregates,Aggregates,,
3123,1W,World,Gini index,2022,,Aggregates,Aggregates,Aggregates,,
3124,1W,World,Gini index,2021,,Aggregates,Aggregates,Aggregates,,
3125,1W,World,Gini index,2020,,Aggregates,Aggregates,Aggregates,,
3126,1W,World,Gini index,2019,,Aggregates,Aggregates,Aggregates,,
3127,1W,World,Gini index,2018,,Aggregates,Aggregates,Aggregates,,
3128,1W,World,Gini index,2017,,Aggregates,Aggregates,Aggregates,,
3129,1W,World,Gini index,2016,,Aggregates,Aggregates,Aggregates,,
3130,AF,Afghanistan,Gini index,2025,,"Middle East, North Africa, Afghanistan & Pakistan",Low income,IDA,69.1761,34.5228
3131,AF,Afghanistan,Gini index,2024,,"Middle East, North Africa, Afghanistan & Pakistan",Low income,IDA,69.1761,34.5228
3132,AF,Afghanistan,Gini index,2023,,"Middle East, North Africa, Afghanistan & Pakistan",Low income,IDA,69.1761,34.5228
3133,AF,Afghanistan,Gini index,2022,,"Middle East, North Africa, Afghanistan & Pakistan",Low income,IDA,69.1761,34.5228
3134,AF,Afghanistan,Gini index,2021,,"Middle East, North Africa, Afghanistan & Pakistan",Low income,IDA,69.1761,34.5228
3135,AF,Afghanistan,Gini index,2020,,"Middle East, North Africa, Afghanistan & Pakistan",Low income,IDA,69.1761,34.5228
3136,AF,Afghanistan,Gini index,2019,,"Middle East, North Africa, Afghanistan & Pakistan",Low income,IDA,69.1761,34.5228
3137,AF,Afghanistan,Gini index,2018,,"Middle East, North Africa, Afghanistan & Pakistan",Low income,IDA,69.1761,34.5228
3138,AF,Afghanistan,Gini index,2017,,"Middle East, North Africa, Afghanistan & Pakistan",Low income,IDA,69.1761,34.5228
3139,AF,Afghanistan,Gini index,2016,,"Middle East, North Africa, Afghanistan & Pakistan",Low income,IDA,69.1761,34.5228
3140,AL,Albania,Gini index,2025,,Europe & Central Asia,Upper middle income,IBRD,19.8172,41.3317
3141,AL,Albania,Gini index,2024,,Europe & Central Asia,Upper middle income,IBRD,19.8172,41.3317
3142,AL,Albania,Gini index,2023,,Europe & Central Asia,Upper middle income,IBRD,19.8172,41.3317
3143,AL,Albania,Gini index,2022,,Europe & Central Asia,Upper middle income,IBRD,19.8172,41.3317
3144,AL,Albania,Gini index,2021,,Europe & Central Asia,Upper middle income,IBRD,19.8172,41.3317
3145,AL,Albania,Gini index,2020,29.4,Europe & Central Asia,Upper middle income,IBRD,19.8172,41.3317
3146,AL,Albania,Gini index,2019,30.1,Europe & Central Asia,Upper middle income,IBRD,19.8172,41.3317
3147,AL,Albania,Gini index,2018,30.1,Europe & Central Asia,Upper middle income,IBRD,19.8172,41.3317
3148,AL,Albania,Gini index,2017,33.1,Europe & Central Asia,Upper middle income,IBRD,19.8172,41.3317
3149,AL,Albania,Gini index,2016,33.7,Europe & Central Asia,Upper middle income,IBRD,19.8172,41.3317
3150,DZ,Algeria,Gini index,2025,,"Middle East, North Africa, Afghanistan & Pakistan",Upper middle income,IBRD,3.05097,36.7397
3151,DZ,Algeria,Gini index,2024,,"Middle East, North Africa, Afghanistan & Pakistan",Upper middle income,IBRD,3.05097,36.7397
3152,DZ,Algeria,Gini index,2023,,"Middle East, North Africa, Afghanistan & Pakistan",Upper middle income,IBRD,3.05097,36.7397
3153,DZ,Algeria,Gini index,2022,,"Middle East, North Africa, Afghanistan & Pakistan",Upper middle income,IBRD,3.05097,36.7397
3154,DZ,Algeria,Gini index,2021,,"Middle East, North Africa, Afghanistan & Pakistan",Upper middle income,IBRD,3.05097,36.7397
3155,DZ,Algeria,Gini index,2020,,"Middle East, North Africa, Afghanistan & Pakistan",Upper middle income,IBRD,3.05097,36.7397
3156,DZ,Algeria,Gini index,2019,,"Middle East, North Africa, Afghanistan & Pakistan",Upper middle income,IBRD,3.05097,36.7397
3157,DZ,Algeria,Gini index,2018,,"Middle East, North Africa, Afghanistan & Pakistan",Upper middle income,IBRD,3.05097,36.7397
3158,DZ,Algeria,Gini index,2017,,"Middle East, North Africa, Afghanistan & Pakistan",Upper middle income,IBRD,3.05097,36.7397
3159,DZ,Algeria,Gini index,2016,,"Middle East, North Africa, Afghanistan & Pakistan",Upper middle income,IBRD,3.05097,36.7397
3160,AS,American Samoa,Gini index,2025,,East Asia & Pacific,High income,Not classified,-170.691,-14.2846
3161,AS,American Samoa,Gini index,2024,,East Asia & Pacific,High income,Not classified,-170.691,-14.2846
3162,AS,American Samoa,Gini index,2023,,East Asia & Pacific,High income,Not classified,-170.691,-14.2846
3163,AS,American Samoa,Gini index,2022,,East Asia & Pacific,High income,Not classified,-170.691,-14.2846
3164,AS,American Samoa,Gini index,2021,,East Asia & Pacific,High income,Not classified,-170.691,-14.2846
3165,AS,American Samoa,Gini index,2020,,East Asia & Pacific,High income,Not classified,-170.691,-14.2846
3166,AS,American Samoa,Gini index,2019,,East Asia & Pacific,High income,Not classified,-170.691,-14.2846
3167,AS,American Samoa,Gini index,2018,,East Asia & Pacific,High income,Not classified,-170.691,-14.2846
3168,AS,American Samoa,Gini index,2017,,East Asia & Pacific,High income,Not classified,-170.691,-14.2846
3169,AS,American Samoa,Gini index,2016,,East Asia & Pacific,High income,Not classified,-170.691,-14.2846
3170,AD,Andorra,Gini index,2025,,Europe & Central Asia,High income,Not classified,1.5218,42.5075
3171,AD,Andorra,Gini index,2024,,Europe & Central Asia,High income,Not classified,1.5218,42.5075
3172,AD,Andorra,Gini index,2023,,Europe & Central Asia,High income,Not classified,1.5218,42.5075
3173,AD,Andorra,Gini index,2022,,Europe & Central Asia,High income,Not classified,1.5218,42.5075
3174,AD,Andorra,Gini index,2021,,Europe & Central Asia,High income,Not classified,1.5218,42.5075
3175,AD,Andorra,Gini index,2020,,Europe & Central Asia,High income,Not classified,1.5218,42.5075
3176,AD,Andorra,Gini index,2019,,Europe & Central Asia,High income,Not classified,1.5218,42.5075
3177,AD,Andorra,Gini index,2018,,Europe & Central Asia,High income,Not classified,1.5218,42.5075
3178,AD,Andorra,Gini index,2017,,Europe & Central Asia,High income,Not classified,1.5218,42.5075
3179,AD,Andorra,Gini index,2016,,Europe & Central Asia,High income,Not classified,1.5218,42.5075
3180,AO,Angola,Gini index,2025,,Sub-Saharan Africa ,Lower middle income,IBRD,13.242,-8.81155
3181,AO,Angola,Gini index,2024,,Sub-Saharan Africa ,Lower middle income,IBRD,13.242,-8.81155
3182,AO,Angola,Gini index,2023,,Sub-Saharan Africa ,Lower middle income,IBRD,13.242,-8.81155
3183,AO,Angola,Gini index,2022,,Sub-Saharan Africa ,Lower middle income,IBRD,13.242,-8.81155
3184,AO,Angola,Gini index,2021,,Sub-Saharan Africa ,Lower middle income,IBRD,13.242,-8.81155
3185,AO,Angola,Gini index,2020,,Sub-Saharan Africa ,Lower middle income,IBRD,13.242,-8.81155
3186,AO,Angola,Gini index,2019,,Sub-Saharan Africa ,Lower middle income,IBRD,13.242,-8.81155
3187,AO,Angola,Gini index,2018,51.3,Sub-Saharan Africa ,Lower middle income,IBRD,13.242,-8.81155
3188,AO,Angola,Gini index,2017,,Sub-Saharan Africa ,Lower middle income,IBRD,13.242,-8.81155
3189,AO,Angola,Gini index,2016,,Sub-Saharan Africa ,Lower middle income,IBRD,13.242,-8.81155
3190,AG,Antigua and Barbuda,Gini index,2025,,Latin America & Caribbean ,High income,IBRD,-61.8456,17.1175
3191,AG,Antigua and Barbuda,Gini index,2024,,Latin America & Caribbean ,High income,IBRD,-61.8456,17.1175
3192,AG,Antigua and Barbuda,Gini index,2023,,Latin America & Caribbean ,High income,IBRD,-61.8456,17.1175
3193,AG,Antigua and Barbuda,Gini index,2022,,Latin America & Caribbean ,High income,IBRD,-61.8456,17.1175
3194,AG,Antigua and Barbuda,Gini index,2021,,Latin America & Caribbean ,High income,IBRD,-61.8456,17.1175
3195,AG,Antigua and Barbuda,Gini index,2020,,Latin America & Caribbean ,High income,IBRD,-61.8456,17.1175
3196,AG,Antigua and Barbuda,Gini index,2019,,Latin America & Caribbean ,High income,IBRD,-61.8456,17.1175
3197,AG,Antigua and Barbuda,Gini index,2018,,Latin America & Caribbean ,High income,IBRD,-61.8456,17.1175
3198,AG,Antigua and Barbuda,Gini index,2017,,Latin America & Caribbean ,High income,IBRD,-61.8456,17.1175
3199,AG,Antigua and Barbuda,Gini index,2016,,Latin America & Caribbean ,High income,IBRD,-61.8456,17.1175
3200,AR,Argentina,Gini index,2025,,Latin America & Caribbean ,Upper middle income,IBRD,-58.4173,-34.6118
3201,AR,Argentina,Gini index,2024,42.4,Latin America & Caribbean ,Upper middle income,IBRD,-58.4173,-34.6118
3202,AR,Argentina,Gini index,2023,42.4,Latin America & Caribbean ,Upper middle income,IBRD,-58.4173,-34.6118
3203,AR,Argentina,Gini index,2022,40.7,Latin America & Caribbean ,Upper middle income,IBRD,-58.4173,-34.6118
3204,AR,Argentina,Gini index,2021,42.4,Latin America & Caribbean ,Upper middle income,IBRD,-58.4173,-34.6118
3205,AR,Argentina,Gini index,2020,42.7,Latin America & Caribbean ,Upper middle income,IBRD,-58.4173,-34.6118
3206,AR,Argentina,Gini index,2019,43.3,Latin America & Caribbean ,Upper middle income,IBRD,-58.4173,-34.6118
3207,AR,Argentina,Gini index,2018,41.7,Latin America & Caribbean ,Upper middle income,IBRD,-58.4173,-34.6118
3208,AR,Argentina,Gini index,2017,41.4,Latin America & Caribbean ,Upper middle income,IBRD,-58.4173,-34.6118
3209,AR,Argentina,Gini index,2016,42.3,Latin America & Caribbean ,Upper middle income,IBRD,-58.4173,-34.6118
3210,AM,Armenia,Gini index,2025,,Europe & Central Asia,Upper middle income,IBRD,44.509,40.1596
3211,AM,Armenia,Gini index,2024,27.4,Europe & Central Asia,Upper middle income,IBRD,44.509,40.1596
3212,AM,Armenia,Gini index,2023,27.2,Europe & Central Asia,Upper middle income,IBRD,44.509,40.1596
3213,AM,Armenia,Gini index,2022,27.9,Europe & Central Asia,Upper middle income,IBRD,44.509,40.1596
3214,AM,Armenia,Gini index,2021,27.9,Europe & Central Asia,Upper middle income,IBRD,44.509,40.1596
3215,AM,Armenia,Gini index,2020,25.1,Europe & Central Asia,Upper middle income,IBRD,44.509,40.1596
3216,AM,Armenia,Gini index,2019,30.0,Europe & Central Asia,Upper middle income,IBRD,44.509,40.1596
3217,AM,Armenia,Gini index,2018,34.4,Europe & Central Asia,Upper middle income,IBRD,44.509,40.1596
3218,AM,Armenia,Gini index,2017,33.6,Europe & Central Asia,Upper middle income,IBRD,44.509,40.1596
3219,AM,Armenia,Gini index,2016,32.5,Europe & Central Asia,Upper middle income,IBRD,44.509,40.1596
3220,AW,Aruba,Gini index,2025,,Latin America & Caribbean ,High income,Not classified,-70.0167,12.5167
3221,AW,Aruba,Gini index,2024,,Latin America & Caribbean ,High income,Not classified,-70.0167,12.5167
3222,AW,Aruba,Gini index,2023,,Latin America & Caribbean ,High income,Not classified,-70.0167,12.5167
3223,AW,Aruba,Gini index,2022,,Latin America & Caribbean ,High income,Not classified,-70.0167,12.5167
3224,AW,Aruba,Gini index,2021,,Latin America & Caribbean ,High income,Not classified,-70.0167,12.5167
3225,AW,Aruba,Gini index,2020,,Latin America & Caribbean ,High income,Not classified,-70.0167,12.5167
3226,AW,Aruba,Gini index,2019,,Latin America & Caribbean ,High income,Not classified,-70.0167,12.5167
3227,AW,Aruba,Gini index,2018,,Latin America & Caribbean ,High income,Not classified,-70.0167,12.5167
3228,AW,Aruba,Gini index,2017,,Latin America & Caribbean ,High income,Not classified,-70.0167,12.5167
3229,AW,Aruba,Gini index,2016,,Latin America & Caribbean ,High income,Not classified,-70.0167,12.5167
3230,AU,Australia,Gini index,2025,,East Asia & Pacific,High income,Not classified,149.129,-35.282
3231,AU,Australia,Gini index,2024,,East Asia & Pacific,High income,Not classified,149.129,-35.282
3232,AU,Australia,Gini index,2023,,East Asia & Pacific,High income,Not classified,149.129,-35.282
3233,AU,Australia,Gini index,2022,,East Asia & Pacific,High income,Not classified,149.129,-35.282
3234,AU,Australia,Gini index,2021,,East Asia & Pacific,High income,Not classified,149.129,-35.282
3235,AU,Australia,Gini index,2020,33.8,East Asia & Pacific,High income,Not classified,149.129,-35.282
3236,AU,Australia,Gini index,2019,,East Asia & Pacific,High income,Not classified,149.129,-35.282
3237,AU,Australia,Gini index,2018,34.3,East Asia & Pacific,High income,Not classified,149.129,-35.282
3238,AU,Australia,Gini index,2017,,East Asia & Pacific,High income,Not classified,149.129,-35.282
3239,AU,Australia,Gini index,2016,33.7,East Asia & Pacific,High income,Not classified,149.129,-35.282
3240,AT,Austria,Gini index,2025,,Europe & Central Asia,High income,Not classified,16.3798,48.2201
3241,AT,Austria,Gini index,2024,,Europe & Central Asia,High income,Not classified,16.3798,48.2201
3242,AT,Austria,Gini index,2023,31.2,Europe & Central Asia,High income,Not classified,16.3798,48.2201
3243,AT,Austria,Gini index,2022,30.9,Europe & Central Asia,High income,Not classified,16.3798,48.2201
3244,AT,Austria,Gini index,2021,30.7,Europe & Central Asia,High income,Not classified,16.3798,48.2201
3245,AT,Austria,Gini index,2020,29.8,Europe & Central Asia,High income,Not classified,16.3798,48.2201
3246,AT,Austria,Gini index,2019,30.2,Europe & Central Asia,High income,Not classified,16.3798,48.2201
3247,AT,Austria,Gini index,2018,30.8,Europe & Central Asia,High income,Not classified,16.3798,48.2201
3248,AT,Austria,Gini index,2017,29.7,Europe & Central Asia,High income,Not classified,16.3798,48.2201
3249,AT,Austria,Gini index,2016,30.8,Europe & Central Asia,High income,Not classified,16.3798,48.2201
3250,AZ,Azerbaijan,Gini index,2025,,Europe & Central Asia,Upper middle income,IBRD,49.8932,40.3834
3251,AZ,Azerbaijan,Gini index,2024,,Europe & Central Asia,Upper middle income,IBRD,49.8932,40.3834
3252,AZ,Azerbaijan,Gini index,2023,,Europe & Central Asia,Upper middle income,IBRD,49.8932,40.3834
3253,AZ,Azerbaijan,Gini index,2022,,Europe & Central Asia,Upper middle income,IBRD,49.8932,40.3834
3254,AZ,Azerbaijan,Gini index,2021,,Europe & Central Asia,Upper middle income,IBRD,49.8932,40.3834
3255,AZ,Azerbaijan,Gini index,2020,,Europe & Central Asia,Upper middle income,IBRD,49.8932,40.3834
3256,AZ,Azerbaijan,Gini index,2019,,Europe & Central Asia,Upper middle income,IBRD,49.8932,40.3834
3257,AZ,Azerbaijan,Gini index,2018,,Europe & Central Asia,Upper middle income,IBRD,49.8932,40.3834
3258,AZ,Azerbaijan,Gini index,2017,,Europe & Central Asia,Upper middle income,IBRD,49.8932,40.3834
3259,AZ,Azerbaijan,Gini index,2016,,Europe & Central Asia,Upper middle income,IBRD,49.8932,40.3834
3260,BS,"Bahamas, The",Gini index,2025,,Latin America & Caribbean ,High income,Not classified,-77.339,25.0661
3261,BS,"Bahamas, The",Gini index,2024,,Latin America & Caribbean ,High income,Not classified,-77.339,25.0661
3262,BS,"Bahamas, The",Gini index,2023,,Latin America & Caribbean ,High income,Not classified,-77.339,25.0661
3263,BS,"Bahamas, The",Gini index,2022,,Latin America & Caribbean ,High income,Not classified,-77.339,25.0661
3264,BS,"Bahamas, The",Gini index,2021,,Latin America & Caribbean ,High income,Not classified,-77.339,25.0661
3265,BS,"Bahamas, The",Gini index,2020,,Latin America & Caribbean ,High income,Not classified,-77.339,25.0661
3266,BS,"Bahamas, The",Gini index,2019,,Latin America & Caribbean ,High income,Not classified,-77.339,25.0661
3267,BS,"Bahamas, The",Gini index,2018,,Latin America & Caribbean ,High income,Not classified,-77.339,25.0661
3268,BS,"Bahamas, The",Gini index,2017,,Latin America & Caribbean ,High income,Not classified,-77.339,25.0661
3269,BS,"Bahamas, The",Gini index,2016,,Latin America & Caribbean ,High income,Not classified,-77.339,25.0661
3270,BH,Bahrain,Gini index,2025,,"Middle East, North Africa, Afghanistan & Pakistan",High income,Not classified,50.5354,26.1921
3271,BH,Bahrain,Gini index,2024,,"Middle East, North Africa, Afghanistan & Pakistan",High income,Not classified,50.5354,26.1921
3272,BH,Bahrain,Gini index,2023,,"Middle East, North Africa, Afghanistan & Pakistan",High income,Not classified,50.5354,26.1921
3273,BH,Bahrain,Gini index,2022,,"Middle East, North Africa, Afghanistan & Pakistan",High income,Not classified,50.5354,26.1921
3274,BH,Bahrain,Gini index,2021,,"Middle East, North Africa, Afghanistan & Pakistan",High income,Not classified,50.5354,26.1921
3275,BH,Bahrain,Gini index,2020,,"Middle East, North Africa, Afghanistan & Pakistan",High income,Not classified,50.5354,26.1921
3276,BH,Bahrain,Gini index,2019,,"Middle East, North Africa, Afghanistan & Pakistan",High income,Not classified,50.5354,26.1921
3277,BH,Bahrain,Gini index,2018,,"Middle East, North Africa, Afghanistan & Pakistan",High income,Not classified,50.5354,26.1921
3278,BH,Bahrain,Gini index,2017,,"Middle East, North Africa, Afghanistan & Pakistan",High income,Not classified,50.5354,26.1921
3279,BH,Bahrain,Gini index,2016,,"Middle East, North Africa, Afghanistan & Pakistan",High income,Not classified,50.5354,26.1921
3280,BD,Bangladesh,Gini index,2025,,South Asia,Lower middle income,IDA,90.4113,23.7055
3281,BD,Bangladesh,Gini index,2024,,South Asia,Lower middle income,IDA,90.4113,23.7055
3282,BD,Bangladesh,Gini index,2023,,South Asia,Lower middle income,IDA,90.4113,23.7055
3283,BD,Bangladesh,Gini index,2022,30.9,South Asia,Lower middle income,IDA,90.4113,23.7055
3284,BD,Bangladesh,Gini index,2021,,South Asia,Lower middle income,IDA,90.4113,23.7055
3285,BD,Bangladesh,Gini index,2020,,South Asia,Lower middle income,IDA,90.4113,23.7055
3286,BD,Bangladesh,Gini index,2019,,South Asia,Lower middle income,IDA,90.4113,23.7055
3287,BD,Bangladesh,Gini index,2018,,South Asia,Lower middle income,IDA,90.4113,23.7055
3288,BD,Bangladesh,Gini index,2017,,South Asia,Lower middle income,IDA,90.4113,23.7055
3289,BD,Bangladesh,Gini index,2016,32.4,South Asia,Lower middle income,IDA,90.4113,23.7055
3290,BB,Barbados,Gini index,2025,,Latin America & Caribbean ,High income,IBRD,-59.6105,13.0935
3291,BB,Barbados,Gini index,2024,,Latin America & Caribbean ,High income,IBRD,-59.6105,13.0935
3292,BB,Barbados,Gini index,2023,,Latin America & Caribbean ,High income,IBRD,-59.6105,13.0935
3293,BB,Barbados,Gini index,2022,,Latin America & Caribbean ,High income,IBRD,-59.6105,13.0935
3294,BB,Barbados,Gini index,2021,,Latin America & Caribbean ,High income,IBRD,-59.6105,13.0935
3295,BB,Barbados,Gini index,2020,,Latin America & Caribbean ,High income,IBRD,-59.6105,13.0935
3296,BB,Barbados,Gini index,2019,,Latin America & Caribbean ,High income,IBRD,-59.6105,13.0935
3297,BB,Barbados,Gini index,2018,,Latin America & Caribbean ,High income,IBRD,-59.6105,13.0935
3298,BB,Barbados,Gini index,2017,,Latin America & Caribbean ,High income,IBRD,-59.6105,13.0935
3299,BB,Barbados,Gini index,2016,34.1,Latin America & Caribbean ,High income,IBRD,-59.6105,13.0935
3300,BY,Belarus,Gini index,2025,,Europe & Central Asia,Upper middle income,IBRD,27.5766,53.9678
3301,BY,Belarus,Gini index,2024,,Europe & Central Asia,Upper middle income,IBRD,27.5766,53.9678
3302,BY,Belarus,Gini index,2023,,Europe & Central Asia,Upper middle income,IBRD,27.5766,53.9678
3303,BY,Belarus,Gini index,2022,,Europe & Central Asia,Upper middle income,IBRD,27.5766,53.9678
3304,BY,Belarus,Gini index,2021,,Europe & Central Asia,Upper middle income,IBRD,27.5766,53.9678
3305,BY,Belarus,Gini index,2020,24.4,Europe & Central Asia,Upper middle income,IBRD,27.5766,53.9678
3306,BY,Belarus,Gini index,2019,25.3,Europe & Central Asia,Upper middle income,IBRD,27.5766,53.9678
3307,BY,Belarus,Gini index,2018,25.2,Europe & Central Asia,Upper middle income,IBRD,27.5766,53.9678
3308,BY,Belarus,Gini index,2017,25.4,Europe & Central Asia,Upper middle income,IBRD,27.5766,53.9678
3309,BY,Belarus,Gini index,2016,25.3,Europe & Central Asia,Upper middle income,IBRD,27.5766,53.9678
3310,BE,Belgium,Gini index,2025,,Europe & Central Asia,High income,Not classified,4.36761,50.8371
3311,BE,Belgium,Gini index,2024,,Europe & Central Asia,High income,Not classified,4.36761,50.8371
3312,BE,Belgium,Gini index,2023,26.8,Europe & Central Asia,High income,Not classified,4.36761,50.8371
3313,BE,Belgium,Gini index,2022,26.4,Europe & Central Asia,High income,Not classified,4.36761,50.8371
3314,BE,Belgium,Gini index,2021,26.6,Europe & Central Asia,High income,Not classified,4.36761,50.8371
3315,BE,Belgium,Gini index,2020,26.0,Europe & Central Asia,High income,Not classified,4.36761,50.8371
3316,BE,Belgium,Gini index,2019,27.2,Europe & Central Asia,High income,Not classified,4.36761,50.8371
3317,BE,Belgium,Gini index,2018,27.2,Europe & Central Asia,High income,Not classified,4.36761,50.8371
3318,BE,Belgium,Gini index,2017,27.4,Europe & Central Asia,High income,Not classified,4.36761,50.8371
3319,BE,Belgium,Gini index,2016,27.6,Europe & Central Asia,High income,Not classified,4.36761,50.8371
3320,BZ,Belize,Gini index,2025,,Latin America & Caribbean ,Upper middle income,Blend,-88.7713,17.2534
3321,BZ,Belize,Gini index,2024,,Latin America & Caribbean ,Upper middle income,Blend,-88.7713,17.2534
3322,BZ,Belize,Gini index,2023,,Latin America & Caribbean ,Upper middle income,Blend,-88.7713,17.2534
3323,BZ,Belize,Gini index,2022,,Latin America & Caribbean ,Upper middle income,Blend,-88.7713,17.2534
3324,BZ,Belize,Gini index,2021,,Latin America & Caribbean ,Upper middle income,Blend,-88.7713,17.2534
3325,BZ,Belize,Gini index,2020,,Latin America & Caribbean ,Upper middle income,Blend,-88.7713,17.2534
3326,BZ,Belize,Gini index,2019,,Latin America & Caribbean ,Upper middle income,Blend,-88.7713,17.2534
3327,BZ,Belize,Gini index,2018,39.9,Latin America & Caribbean ,Upper middle income,Blend,-88.7713,17.2534
3328,BZ,Belize,Gini index,2017,,Latin America & Caribbean ,Upper middle income,Blend,-88.7713,17.2534
3329,BZ,Belize,Gini index,2016,,Latin America & Caribbean ,Upper middle income,Blend,-88.7713,17.2534
3330,BJ,Benin,Gini index,2025,,Sub-Saharan Africa ,Lower middle income,IDA,2.6323,6.4779
3331,BJ,Benin,Gini index,2024,,Sub-Saharan Africa ,Lower middle income,IDA,2.6323,6.4779
3332,BJ,Benin,Gini index,2023,,Sub-Saharan Africa ,Lower middle income,IDA,2.6323,6.4779
3333,BJ,Benin,Gini index,2022,,Sub-Saharan Africa ,Lower middle income,IDA,2.6323,6.4779
3334,BJ,Benin,Gini index,2021,34.4,Sub-Saharan Africa ,Lower middle income,IDA,2.6323,6.4779
3335,BJ,Benin,Gini index,2020,,Sub-Saharan Africa ,Lower middle income,IDA,2.6323,6.4779
3336,BJ,Benin,Gini index,2019,,Sub-Saharan Africa ,Lower middle income,IDA,2.6323,6.4779
3337,BJ,Benin,Gini index,2018,37.9,Sub-Saharan Africa ,Lower middle income,IDA,2.6323,6.4779
3338,BJ,Benin,Gini index,2017,,Sub-Saharan Africa ,Lower middle income,IDA,2.6323,6.4779
3339,BJ,Benin,Gini index,2016,,Sub-Saharan Africa ,Lower middle income,IDA,2.6323,6.4779
3340,BM,Bermuda,Gini index,2025,,North America,High income,Not classified,-64.706,32.3293
3341,BM,Bermuda,Gini index,2024,,North America,High income,Not classified,-64.706,32.3293
3342,BM,Bermuda,Gini index,2023,,North America,High income,Not classified,-64.706,32.3293
3343,BM,Bermuda,Gini index,2022,,North America,High income,Not classified,-64.706,32.3293
3344,BM,Bermuda,Gini index,2021,,North America,High income,Not classified,-64.706,32.3293
3345,BM,Bermuda,Gini index,2020,,North America,High income,Not classified,-64.706,32.3293
3346,BM,Bermuda,Gini index,2019,,North America,High income,Not classified,-64.706,32.3293
3347,BM,Bermuda,Gini index,2018,,North America,High income,Not classified,-64.706,32.3293
3348,BM,Bermuda,Gini index,2017,,North America,High income,Not classified,-64.706,32.3293
3349,BM,Bermuda,Gini index,2016,,North America,High income,Not classified,-64.706,32.3293
3350,BT,Bhutan,Gini index,2025,,South Asia,Lower middle income,IDA,89.6177,27.5768
3351,BT,Bhutan,Gini index,2024,,South Asia,Lower middle income,IDA,89.6177,27.5768
3352,BT,Bhutan,Gini index,2023,,South Asia,Lower middle income,IDA,89.6177,27.5768
3353,BT,Bhutan,Gini index,2022,28.5,South Asia,Lower middle income,IDA,89.6177,27.5768
3354,BT,Bhutan,Gini index,2021,,South Asia,Lower middle income,IDA,89.6177,27.5768
3355,BT,Bhutan,Gini index,2020,,South Asia,Lower middle income,IDA,89.6177,27.5768
3356,BT,Bhutan,Gini index,2019,,South Asia,Lower middle income,IDA,89.6177,27.5768
3357,BT,Bhutan,Gini index,2018,,South Asia,Lower middle income,IDA,89.6177,27.5768
3358,BT,Bhutan,Gini index,2017,37.4,South Asia,Lower middle income,IDA,89.6177,27.5768
3359,BT,Bhutan,Gini index,2016,,South Asia,Lower middle income,IDA,89.6177,27.5768
3360,BO,Bolivia,Gini index,2025,,Latin America & Caribbean ,Lower middle income,IBRD,-66.1936,-13.9908
3361,BO,Bolivia,Gini index,2024,40.9,Latin America & Caribbean ,Lower middle income,IBRD,-66.1936,-13.9908
3362,BO,Bolivia,Gini index,2023,42.1,Latin America & Caribbean ,Lower middle income,IBRD,-66.1936,-13.9908
3363,BO,Bolivia,Gini index,2022,41.2,Latin America & Caribbean ,Lower middle income,IBRD,-66.1936,-13.9908
3364,BO,Bolivia,Gini index,2021,40.9,Latin America & Caribbean ,Lower middle income,IBRD,-66.1936,-13.9908
3365,BO,Bolivia,Gini index,2020,43.6,Latin America & Caribbean ,Lower middle income,IBRD,-66.1936,-13.9908
3366,BO,Bolivia,Gini index,2019,41.6,Latin America & Caribbean ,Lower middle income,IBRD,-66.1936,-13.9908
3367,BO,Bolivia,Gini index,2018,42.6,Latin America & Caribbean ,Lower middle income,IBRD,-66.1936,-13.9908
3368,BO,Bolivia,Gini index,2017,44.6,Latin America & Caribbean ,Lower middle income,IBRD,-66.1936,-13.9908
3369,BO,Bolivia,Gini index,2016,45.2,Latin America & Caribbean ,Lower middle income,IBRD,-66.1936,-13.9908
3370,BA,Bosnia and Herzegovina,Gini index,2025,,Europe & Central Asia,Upper middle income,IBRD,18.4214,43.8607
3371,BA,Bosnia and Herzegovina,Gini index,2024,,Europe & Central Asia,Upper middle income,IBRD,18.4214,43.8607
3372,BA,Bosnia and Herzegovina,Gini index,2023,,Europe & Central Asia,Upper middle income,IBRD,18.4214,43.8607
3373,BA,Bosnia and Herzegovina,Gini index,2022,,Europe & Central Asia,Upper middle income,IBRD,18.4214,43.8607
3374,BA,Bosnia and Herzegovina,Gini index,2021,30.3,Europe & Central Asia,Upper middle income,IBRD,18.4214,43.8607
3375,BA,Bosnia and Herzegovina,Gini index,2020,,Europe & Central Asia,Upper middle income,IBRD,18.4214,43.8607
3376,BA,Bosnia and Herzegovina,Gini index,2019,,Europe & Central Asia,Upper middle income,IBRD,18.4214,43.8607
3377,BA,Bosnia and Herzegovina,Gini index,2018,,Europe & Central Asia,Upper middle income,IBRD,18.4214,43.8607
3378,BA,Bosnia and Herzegovina,Gini index,2017,,Europe & Central Asia,Upper middle income,IBRD,18.4214,43.8607
3379,BA,Bosnia and Herzegovina,Gini index,2016,,Europe & Central Asia,Upper middle income,IBRD,18.4214,43.8607
3380,BW,Botswana,Gini index,2025,,Sub-Saharan Africa ,Upper middle income,IBRD,25.9201,-24.6544
3381,BW,Botswana,Gini index,2024,,Sub-Saharan Africa ,Upper middle income,IBRD,25.9201,-24.6544
3382,BW,Botswana,Gini index,2023,,Sub-Saharan Africa ,Upper middle income,IBRD,25.9201,-24.6544
3383,BW,Botswana,Gini index,2022,,Sub-Saharan Africa ,Upper middle income,IBRD,25.9201,-24.6544
3384,BW,Botswana,Gini index,2021,,Sub-Saharan Africa ,Upper middle income,IBRD,25.9201,-24.6544
3385,BW,Botswana,Gini index,2020,,Sub-Saharan Africa ,Upper middle income,IBRD,25.9201,-24.6544
3386,BW,Botswana,Gini index,2019,,Sub-Saharan Africa ,Upper middle income,IBRD,25.9201,-24.6544
3387,BW,Botswana,Gini index,2018,,Sub-Saharan Africa ,Upper middle income,IBRD,25.9201,-24.6544
3388,BW,Botswana,Gini index,2017,,Sub-Saharan Africa ,Upper middle income,IBRD,25.9201,-24.6544
3389,BW,Botswana,Gini index,2016,,Sub-Saharan Africa ,Upper middle income,IBRD,25.9201,-24.6544
3390,BR,Brazil,Gini index,2025,,Latin America & Caribbean ,Upper middle income,IBRD,-47.9292,-15.7801
3391,BR,Brazil,Gini index,2024,50.3,Latin America & Caribbean ,Upper middle income,IBRD,-47.9292,-15.7801
3392,BR,Brazil,Gini index,2023,51.5,Latin America & Caribbean ,Upper middle income,IBRD,-47.9292,-15.7801
3393,BR,Brazil,Gini index,2022,51.9,Latin America & Caribbean ,Upper middle income,IBRD,-47.9292,-15.7801
3394,BR,Brazil,Gini index,2021,52.9,Latin America & Caribbean ,Upper middle income,IBRD,-47.9292,-15.7801
3395,BR,Brazil,Gini index,2020,48.8,Latin America & Caribbean ,Upper middle income,IBRD,-47.9292,-15.7801
3396,BR,Brazil,Gini index,2019,53.5,Latin America & Caribbean ,Upper middle income,IBRD,-47.9292,-15.7801
3397,BR,Brazil,Gini index,2018,53.9,Latin America & Caribbean ,Upper middle income,IBRD,-47.9292,-15.7801
3398,BR,Brazil,Gini index,2017,53.3,Latin America & Caribbean ,Upper middle income,IBRD,-47.9292,-15.7801
3399,BR,Brazil,Gini index,2016,53.4,Latin America & Caribbean ,Upper middle income,IBRD,-47.9292,-15.7801
3400,VG,British Virgin Islands,Gini index,2025,,Latin America & Caribbean ,High income,Not classified,-64.623056,18.431389
3401,VG,British Virgin Islands,Gini index,2024,,Latin America & Caribbean ,High income,Not classified,-64.623056,18.431389
3402,VG,British Virgin Islands,Gini index,2023,,Latin America & Caribbean ,High income,Not classified,-64.623056,18.431389
3403,VG,British Virgin Islands,Gini index,2022,,Latin America & Caribbean ,High income,Not classified,-64.623056,18.431389
3404,VG,British Virgin Islands,Gini index,2021,,Latin America & Caribbean ,High income,Not classified,-64.623056,18.431389
3405,VG,British Virgin Islands,Gini index,2020,,Latin America & Caribbean ,High income,Not classified,-64.623056,18.431389
3406,VG,British Virgin Islands,Gini index,2019,,Latin America & Caribbean ,High income,Not classified,-64.623056,18.431389
3407,VG,British Virgin Islands,Gini index,2018,,Latin America & Caribbean ,High income,Not classified,-64.623056,18.431389
3408,VG,British Virgin Islands,Gini index,2017,,Latin America & Caribbean ,High income,Not classified,-64.623056,18.431389
3409,VG,British Virgin Islands,Gini index,2016,,Latin America & Caribbean ,High income,Not classified,-64.623056,18.431389
3410,BN,Brunei Darussalam,Gini index,2025,,East Asia & Pacific,High income,Not classified,114.946,4.94199
3411,BN,Brunei Darussalam,Gini index,2024,,East Asia & Pacific,High income,Not classified,114.946,4.94199
3412,BN,Brunei Darussalam,Gini index,2023,,East Asia & Pacific,High income,Not classified,114.946,4.94199
3413,BN,Brunei Darussalam,Gini index,2022,,East Asia & Pacific,High income,Not classified,114.946,4.94199
3414,BN,Brunei Darussalam,Gini index,2021,,East Asia & Pacific,High income,Not classified,114.946,4.94199
3415,BN,Brunei Darussalam,Gini index,2020,,East Asia & Pacific,High income,Not classified,114.946,4.94199
3416,BN,Brunei Darussalam,Gini index,2019,,East Asia & Pacific,High income,Not classified,114.946,4.94199
3417,BN,Brunei Darussalam,Gini index,2018,,East Asia & Pacific,High income,Not classified,114.946,4.94199
3418,BN,Brunei Darussalam,Gini index,2017,,East Asia & Pacific,High income,Not classified,114.946,4.94199
3419,BN,Brunei Darussalam,Gini index,2016,,East Asia & Pacific,High income,Not classified,114.946,4.94199
3420,BG,Bulgaria,Gini index,2025,,Europe & Central Asia,High income,IBRD,23.3238,42.7105
3421,BG,Bulgaria,Gini index,2024,,Europe & Central Asia,High income,IBRD,23.3238,42.7105
3422,BG,Bulgaria,Gini index,2023,39.5,Europe & Central Asia,High income,IBRD,23.3238,42.7105
3423,BG,Bulgaria,Gini index,2022,38.2,Europe & Central Asia,High income,IBRD,23.3238,42.7105
3424,BG,Bulgaria,Gini index,2021,39.0,Europe & Central Asia,High income,IBRD,23.3238,42.7105
3425,BG,Bulgaria,Gini index,2020,40.5,Europe & Central Asia,High income,IBRD,23.3238,42.7105
3426,BG,Bulgaria,Gini index,2019,40.3,Europe & Central Asia,High income,IBRD,23.3238,42.7105
3427,BG,Bulgaria,Gini index,2018,41.3,Europe & Central Asia,High income,IBRD,23.3238,42.7105
3428,BG,Bulgaria,Gini index,2017,40.4,Europe & Central Asia,High income,IBRD,23.3238,42.7105
3429,BG,Bulgaria,Gini index,2016,40.6,Europe & Central Asia,High income,IBRD,23.3238,42.7105
3430,BF,Burkina Faso,Gini index,2025,,Sub-Saharan Africa ,Low income,IDA,-1.53395,12.3605
3431,BF,Burkina Faso,Gini index,2024,,Sub-Saharan Africa ,Low income,IDA,-1.53395,12.3605
3432,BF,Burkina Faso,Gini index,2023,,Sub-Saharan Africa ,Low income,IDA,-1.53395,12.3605
3433,BF,Burkina Faso,Gini index,2022,,Sub-Saharan Africa ,Low income,IDA,-1.53395,12.3605
3434,BF,Burkina Faso,Gini index,2021,37.4,Sub-Saharan Africa ,Low income,IDA,-1.53395,12.3605
3435,BF,Burkina Faso,Gini index,2020,,Sub-Saharan Africa ,Low income,IDA,-1.53395,12.3605
3436,BF,Burkina Faso,Gini index,2019,,Sub-Saharan Africa ,Low income,IDA,-1.53395,12.3605
3437,BF,Burkina Faso,Gini index,2018,43.0,Sub-Saharan Africa ,Low income,IDA,-1.53395,12.3605
3438,BF,Burkina Faso,Gini index,2017,,Sub-Saharan Africa ,Low income,IDA,-1.53395,12.3605
3439,BF,Burkina Faso,Gini index,2016,,Sub-Saharan Africa ,Low income,IDA,-1.53395,12.3605
3440,BI,Burundi,Gini index,2025,,Sub-Saharan Africa ,Low income,IDA,29.3639,-3.3784
3441,BI,Burundi,Gini index,2024,,Sub-Saharan Africa ,Low income,IDA,29.3639,-3.3784
3442,BI,Burundi,Gini index,2023,,Sub-Saharan Africa ,Low income,IDA,29.3639,-3.3784
3443,BI,Burundi,Gini index,2022,,Sub-Saharan Africa ,Low income,IDA,29.3639,-3.3784
3444,BI,Burundi,Gini index,2021,,Sub-Saharan Africa ,Low income,IDA,29.3639,-3.3784
3445,BI,Burundi,Gini index,2020,37.5,Sub-Saharan Africa ,Low income,IDA,29.3639,-3.3784
3446,BI,Burundi,Gini index,2019,,Sub-Saharan Africa ,Low income,IDA,29.3639,-3.3784
3447,BI,Burundi,Gini index,2018,,Sub-Saharan Africa ,Low income,IDA,29.3639,-3.3784
3448,BI,Burundi,Gini index,2017,,Sub-Saharan Africa ,Low income,IDA,29.3639,-3.3784
3449,BI,Burundi,Gini index,2016,,Sub-Saharan Africa ,Low income,IDA,29.3639,-3.3784
3450,CV,Cabo Verde,Gini index,2025,,Sub-Saharan Africa ,Upper middle income,Blend,-23.5087,14.9218
3451,CV,Cabo Verde,Gini index,2024,,Sub-Saharan Africa ,Upper middle income,Blend,-23.5087,14.9218
3452,CV,Cabo Verde,Gini index,2023,,Sub-Saharan Africa ,Upper middle income,Blend,-23.5087,14.9218
3453,CV,Cabo Verde,Gini index,2022,,Sub-Saharan Africa ,Upper middle income,Blend,-23.5087,14.9218
3454,CV,Cabo Verde,Gini index,2021,,Sub-Saharan Africa ,Upper middle income,Blend,-23.5087,14.9218
3455,CV,Cabo Verde,Gini index,2020,,Sub-Saharan Africa ,Upper middle income,Blend,-23.5087,14.9218
3456,CV,Cabo Verde,Gini index,2019,,Sub-Saharan Africa ,Upper middle income,Blend,-23.5087,14.9218
3457,CV,Cabo Verde,Gini index,2018,,Sub-Saharan Africa ,Upper middle income,Blend,-23.5087,14.9218
3458,CV,Cabo Verde,Gini index,2017,,Sub-Saharan Africa ,Upper middle income,Blend,-23.5087,14.9218
3459,CV,Cabo Verde,Gini index,2016,,Sub-Saharan Africa ,Upper middle income,Blend,-23.5087,14.9218
3460,KH,Cambodia,Gini index,2025,,East Asia & Pacific,Lower middle income,IDA,104.874,11.5556
3461,KH,Cambodia,Gini index,2024,,East Asia & Pacific,Lower middle income,IDA,104.874,11.5556
3462,KH,Cambodia,Gini index,2023,,East Asia & Pacific,Lower middle income,IDA,104.874,11.5556
3463,KH,Cambodia,Gini index,2022,,East Asia & Pacific,Lower middle income,IDA,104.874,11.5556
3464,KH,Cambodia,Gini index,2021,,East Asia & Pacific,Lower middle income,IDA,104.874,11.5556
3465,KH,Cambodia,Gini index,2020,,East Asia & Pacific,Lower middle income,IDA,104.874,11.5556
3466,KH,Cambodia,Gini index,2019,,East Asia & Pacific,Lower middle income,IDA,104.874,11.5556
3467,KH,Cambodia,Gini index,2018,,East Asia & Pacific,Lower middle income,IDA,104.874,11.5556
3468,KH,Cambodia,Gini index,2017,,East Asia & Pacific,Lower middle income,IDA,104.874,11.5556
3469,KH,Cambodia,Gini index,2016,,East Asia & Pacific,Lower middle income,IDA,104.874,11.5556
3470,CM,Cameroon,Gini index,2025,,Sub-Saharan Africa ,Lower middle income,Blend,11.5174,3.8721
3471,CM,Cameroon,Gini index,2024,,Sub-Saharan Africa ,Lower middle income,Blend,11.5174,3.8721
3472,CM,Cameroon,Gini index,2023,,Sub-Saharan Africa ,Lower middle income,Blend,11.5174,3.8721
3473,CM,Cameroon,Gini index,2022,,Sub-Saharan Africa ,Lower middle income,Blend,11.5174,3.8721
3474,CM,Cameroon,Gini index,2021,42.2,Sub-Saharan Africa ,Lower middle income,Blend,11.5174,3.8721
3475,CM,Cameroon,Gini index,2020,,Sub-Saharan Africa ,Lower middle income,Blend,11.5174,3.8721
3476,CM,Cameroon,Gini index,2019,,Sub-Saharan Africa ,Lower middle income,Blend,11.5174,3.8721
3477,CM,Cameroon,Gini index,2018,,Sub-Saharan Africa ,Lower middle income,Blend,11.5174,3.8721
3478,CM,Cameroon,Gini index,2017,,Sub-Saharan Africa ,Lower middle income,Blend,11.5174,3.8721
3479,CM,Cameroon,Gini index,2016,,Sub-Saharan Africa ,Lower middle income,Blend,11.5174,3.8721
3480,CA,Canada,Gini index,2025,,North America,High income,Not classified,-75.6919,45.4215
3481,CA,Canada,Gini index,2024,,North America,High income,Not classified,-75.6919,45.4215
3482,CA,Canada,Gini index,2023,,North America,High income,Not classified,-75.6919,45.4215
3483,CA,Canada,Gini index,2022,31.5,North America,High income,Not classified,-75.6919,45.4215
3484,CA,Canada,Gini index,2021,31.1,North America,High income,Not classified,-75.6919,45.4215
3485,CA,Canada,Gini index,2020,29.9,North America,High income,Not classified,-75.6919,45.4215
3486,CA,Canada,Gini index,2019,31.8,North America,High income,Not classified,-75.6919,45.4215
3487,CA,Canada,Gini index,2018,32.5,North America,High income,Not classified,-75.6919,45.4215
3488,CA,Canada,Gini index,2017,33.3,North America,High income,Not classified,-75.6919,45.4215
3489,CA,Canada,Gini index,2016,32.7,North America,High income,Not classified,-75.6919,45.4215
3490,KY,Cayman Islands,Gini index,2025,,Latin America & Caribbean ,High income,Not classified,-81.3857,19.3022
3491,KY,Cayman Islands,Gini index,2024,,Latin America & Caribbean ,High income,Not classified,-81.3857,19.3022
3492,KY,Cayman Islands,Gini index,2023,,Latin America & Caribbean ,High income,Not classified,-81.3857,19.3022
3493,KY,Cayman Islands,Gini index,2022,,Latin America & Caribbean ,High income,Not classified,-81.3857,19.3022
3494,KY,Cayman Islands,Gini index,2021,,Latin America & Caribbean ,High income,Not classified,-81.3857,19.3022
3495,KY,Cayman Islands,Gini index,2020,,Latin America & Caribbean ,High income,Not classified,-81.3857,19.3022
3496,KY,Cayman Islands,Gini index,2019,,Latin America & Caribbean ,High income,Not classified,-81.3857,19.3022
3497,KY,Cayman Islands,Gini index,2018,,Latin America & Caribbean ,High income,Not classified,-81.3857,19.3022
3498,KY,Cayman Islands,Gini index,2017,,Latin America & Caribbean ,High income,Not classified,-81.3857,19.3022
3499,KY,Cayman Islands,Gini index,2016,,Latin America & Caribbean ,High income,Not classified,-81.3857,19.3022
3500,CF,Central African Republic,Gini index,2025,,Sub-Saharan Africa ,Low income,IDA,21.6407,5.63056
3501,CF,Central African Republic,Gini index,2024,,Sub-Saharan Africa ,Low income,IDA,21.6407,5.63056
3502,CF,Central African Republic,Gini index,2023,,Sub-Saharan Africa ,Low income,IDA,21.6407,5.63056
3503,CF,Central African Republic,Gini index,2022,,Sub-Saharan Africa ,Low income,IDA,21.6407,5.63056
3504,CF,Central African Republic,Gini index,2021,43.0,Sub-Saharan Africa ,Low income,IDA,21.6407,5.63056
3505,CF,Central African Republic,Gini index,2020,,Sub-Saharan Africa ,Low income,IDA,21.6407,5.63056
3506,CF,Central African Republic,Gini index,2019,,Sub-Saharan Africa ,Low income,IDA,21.6407,5.63056
3507,CF,Central African Republic,Gini index,2018,,Sub-Saharan Africa ,Low income,IDA,21.6407,5.63056
3508,CF,Central African Republic,Gini index,2017,,Sub-Saharan Africa ,Low income,IDA,21.6407,5.63056
3509,CF,Central African Republic,Gini index,2016,,Sub-Saharan Africa ,Low income,IDA,21.6407,5.63056
3510,TD,Chad,Gini index,2025,,Sub-Saharan Africa ,Low income,IDA,15.0445,12.1048
3511,TD,Chad,Gini index,2024,,Sub-Saharan Africa ,Low income,IDA,15.0445,12.1048
3512,TD,Chad,Gini index,2023,,Sub-Saharan Africa ,Low income,IDA,15.0445,12.1048
3513,TD,Chad,Gini index,2022,37.4,Sub-Saharan Africa ,Low income,IDA,15.0445,12.1048
3514,TD,Chad,Gini index,2021,,Sub-Saharan Africa ,Low income,IDA,15.0445,12.1048
3515,TD,Chad,Gini index,2020,,Sub-Saharan Africa ,Low income,IDA,15.0445,12.1048
3516,TD,Chad,Gini index,2019,,Sub-Saharan Africa ,Low income,IDA,15.0445,12.1048
3517,TD,Chad,Gini index,2018,37.5,Sub-Saharan Africa ,Low income,IDA,15.0445,12.1048
3518,TD,Chad,Gini index,2017,,Sub-Saharan Africa ,Low income,IDA,15.0445,12.1048
3519,TD,Chad,Gini index,2016,,Sub-Saharan Africa ,Low income,IDA,15.0445,12.1048
3520,JG,Channel Islands,Gini index,2025,,Europe & Central Asia,High income,Not classified,,
3521,JG,Channel Islands,Gini index,2024,,Europe & Central Asia,High income,Not classified,,
3522,JG,Channel Islands,Gini index,2023,,Europe & Central Asia,High income,Not classified,,
3523,JG,Channel Islands,Gini index,2022,,Europe & Central Asia,High income,Not classified,,
3524,JG,Channel Islands,Gini index,2021,,Europe & Central Asia,High income,Not classified,,
3525,JG,Channel Islands,Gini index,2020,,Europe & Central Asia,High income,Not classified,,
3526,JG,Channel Islands,Gini index,2019,,Europe & Central Asia,High income,Not classified,,
3527,JG,Channel Islands,Gini index,2018,,Europe & Central Asia,High income,Not classified,,
3528,JG,Channel Islands,Gini index,2017,,Europe & Central Asia,High income,Not classified,,
3529,JG,Channel Islands,Gini index,2016,,Europe & Central Asia,High income,Not classified,,
3530,CL,Chile,Gini index,2025,,Latin America & Caribbean ,High income,IBRD,-70.6475,-33.475
3531,CL,Chile,Gini index,2024,43.0,Latin America & Caribbean ,High income,IBRD,-70.6475,-33.475
3532,CL,Chile,Gini index,2023,,Latin America & Caribbean ,High income,IBRD,-70.6475,-33.475
3533,CL,Chile,Gini index,2022,43.2,Latin America & Caribbean ,High income,IBRD,-70.6475,-33.475
3534,CL,Chile,Gini index,2021,,Latin America & Caribbean ,High income,IBRD,-70.6475,-33.475
3535,CL,Chile,Gini index,2020,47.0,Latin America & Caribbean ,High income,IBRD,-70.6475,-33.475
3536,CL,Chile,Gini index,2019,,Latin America & Caribbean ,High income,IBRD,-70.6475,-33.475
3537,CL,Chile,Gini index,2018,,Latin America & Caribbean ,High income,IBRD,-70.6475,-33.475
3538,CL,Chile,Gini index,2017,45.3,Latin America & Caribbean ,High income,IBRD,-70.6475,-33.475
3539,CL,Chile,Gini index,2016,,Latin America & Caribbean ,High income,IBRD,-70.6475,-33.475
3540,CN,China,Gini index,2025,,East Asia & Pacific,Upper middle income,IBRD,116.286,40.0495
3541,CN,China,Gini index,2024,,East Asia & Pacific,Upper middle income,IBRD,116.286,40.0495
3542,CN,China,Gini index,2023,,East Asia & Pacific,Upper middle income,IBRD,116.286,40.0495
3543,CN,China,Gini index,2022,36.0,East Asia & Pacific,Upper middle income,IBRD,116.286,40.0495
3544,CN,China,Gini index,2021,35.7,East Asia & Pacific,Upper middle income,IBRD,116.286,40.0495
3545,CN,China,Gini index,2020,37.1,East Asia & Pacific,Upper middle income,IBRD,116.286,40.0495
3546,CN,China,Gini index,2019,38.2,East Asia & Pacific,Upper middle income,IBRD,116.286,40.0495
3547,CN,China,Gini index,2018,38.5,East Asia & Pacific,Upper middle income,IBRD,116.286,40.0495
3548,CN,China,Gini index,2017,39.1,East Asia & Pacific,Upper middle income,IBRD,116.286,40.0495
3549,CN,China,Gini index,2016,38.5,East Asia & Pacific,Upper middle income,IBRD,116.286,40.0495
3550,CO,Colombia,Gini index,2025,,Latin America & Caribbean ,Upper middle income,IBRD,-74.082,4.60987
3551,CO,Colombia,Gini index,2024,54.4,Latin America & Caribbean ,Upper middle income,IBRD,-74.082,4.60987
3552,CO,Colombia,Gini index,2023,54.6,Latin America & Caribbean ,Upper middle income,IBRD,-74.082,4.60987
3553,CO,Colombia,Gini index,2022,54.8,Latin America & Caribbean ,Upper middle income,IBRD,-74.082,4.60987
3554,CO,Colombia,Gini index,2021,55.1,Latin America & Caribbean ,Upper middle income,IBRD,-74.082,4.60987
3555,CO,Colombia,Gini index,2020,54.4,Latin America & Caribbean ,Upper middle income,IBRD,-74.082,4.60987
3556,CO,Colombia,Gini index,2019,52.5,Latin America & Caribbean ,Upper middle income,IBRD,-74.082,4.60987
3557,CO,Colombia,Gini index,2018,51.6,Latin America & Caribbean ,Upper middle income,IBRD,-74.082,4.60987
3558,CO,Colombia,Gini index,2017,50.9,Latin America & Caribbean ,Upper middle income,IBRD,-74.082,4.60987
3559,CO,Colombia,Gini index,2016,51.7,Latin America & Caribbean ,Upper middle income,IBRD,-74.082,4.60987
3560,KM,Comoros,Gini index,2025,,Sub-Saharan Africa ,Lower middle income,IDA,43.2418,-11.6986
3561,KM,Comoros,Gini index,2024,30.3,Sub-Saharan Africa ,Lower middle income,IDA,43.2418,-11.6986
3562,KM,Comoros,Gini index,2023,,Sub-Saharan Africa ,Lower middle income,IDA,43.2418,-11.6986
3563,KM,Comoros,Gini index,2022,,Sub-Saharan Africa ,Lower middle income,IDA,43.2418,-11.6986
3564,KM,Comoros,Gini index,2021,,Sub-Saharan Africa ,Lower middle income,IDA,43.2418,-11.6986
3565,KM,Comoros,Gini index,2020,34.2,Sub-Saharan Africa ,Lower middle income,IDA,43.2418,-11.6986
3566,KM,Comoros,Gini index,2019,,Sub-Saharan Africa ,Lower middle income,IDA,43.2418,-11.6986
3567,KM,Comoros,Gini index,2018,,Sub-Saharan Africa ,Lower middle income,IDA,43.2418,-11.6986
3568,KM,Comoros,Gini index,2017,,Sub-Saharan Africa ,Lower middle income,IDA,43.2418,-11.6986
3569,KM,Comoros,Gini index,2016,,Sub-Saharan Africa ,Lower middle income,IDA,43.2418,-11.6986
3570,CD,"Congo, Dem. Rep.",Gini index,2025,,Sub-Saharan Africa ,Low income,IDA,15.3222,-4.325
3571,CD,"Congo, Dem. Rep.",Gini index,2024,,Sub-Saharan Africa ,Low income,IDA,15.3222,-4.325
3572,CD,"Congo, Dem. Rep.",Gini index,2023,,Sub-Saharan Africa ,Low income,IDA,15.3222,-4.325
3573,CD,"Congo, Dem. Rep.",Gini index,2022,,Sub-Saharan Africa ,Low income,IDA,15.3222,-4.325
3574,CD,"Congo, Dem. Rep.",Gini index,2021,,Sub-Saharan Africa ,Low income,IDA,15.3222,-4.325
3575,CD,"Congo, Dem. Rep.",Gini index,2020,44.7,Sub-Saharan Africa ,Low income,IDA,15.3222,-4.325
3576,CD,"Congo, Dem. Rep.",Gini index,2019,,Sub-Saharan Africa ,Low income,IDA,15.3222,-4.325
3577,CD,"Congo, Dem. Rep.",Gini index,2018,,Sub-Saharan Africa ,Low income,IDA,15.3222,-4.325
3578,CD,"Congo, Dem. Rep.",Gini index,2017,,Sub-Saharan Africa ,Low income,IDA,15.3222,-4.325
3579,CD,"Congo, Dem. Rep.",Gini index,2016,,Sub-Saharan Africa ,Low income,IDA,15.3222,-4.325
3580,CG,"Congo, Rep.",Gini index,2025,,Sub-Saharan Africa ,Lower middle income,Blend,15.2662,-4.2767
3581,CG,"Congo, Rep.",Gini index,2024,,Sub-Saharan Africa ,Lower middle income,Blend,15.2662,-4.2767
3582,CG,"Congo, Rep.",Gini index,2023,,Sub-Saharan Africa ,Lower middle income,Blend,15.2662,-4.2767
3583,CG,"Congo, Rep.",Gini index,2022,,Sub-Saharan Africa ,Lower middle income,Blend,15.2662,-4.2767
3584,CG,"Congo, Rep.",Gini index,2021,,Sub-Saharan Africa ,Lower middle income,Blend,15.2662,-4.2767
3585,CG,"Congo, Rep.",Gini index,2020,,Sub-Saharan Africa ,Lower middle income,Blend,15.2662,-4.2767
3586,CG,"Congo, Rep.",Gini index,2019,,Sub-Saharan Africa ,Lower middle income,Blend,15.2662,-4.2767
3587,CG,"Congo, Rep.",Gini index,2018,,Sub-Saharan Africa ,Lower middle income,Blend,15.2662,-4.2767
3588,CG,"Congo, Rep.",Gini index,2017,,Sub-Saharan Africa ,Lower middle income,Blend,15.2662,-4.2767
3589,CG,"Congo, Rep.",Gini index,2016,,Sub-Saharan Africa ,Lower middle income,Blend,15.2662,-4.2767
3590,CR,Costa Rica,Gini index,2025,45.5,Latin America & Caribbean ,High income,IBRD,-84.0089,9.63701
3591,CR,Costa Rica,Gini index,2024,45.8,Latin America & Caribbean ,High income,IBRD,-84.0089,9.63701
3592,CR,Costa Rica,Gini index,2023,46.7,Latin America & Caribbean ,High income,IBRD,-84.0089,9.63701
3593,CR,Costa Rica,Gini index,2022,47.2,Latin America & Caribbean ,High income,IBRD,-84.0089,9.63701
3594,CR,Costa Rica,Gini index,2021,48.7,Latin America & Caribbean ,High income,IBRD,-84.0089,9.63701
3595,CR,Costa Rica,Gini index,2020,49.2,Latin America & Caribbean ,High income,IBRD,-84.0089,9.63701
3596,CR,Costa Rica,Gini index,2019,48.2,Latin America & Caribbean ,High income,IBRD,-84.0089,9.63701
3597,CR,Costa Rica,Gini index,2018,48.0,Latin America & Caribbean ,High income,IBRD,-84.0089,9.63701
3598,CR,Costa Rica,Gini index,2017,48.3,Latin America & Caribbean ,High income,IBRD,-84.0089,9.63701
3599,CR,Costa Rica,Gini index,2016,48.7,Latin America & Caribbean ,High income,IBRD,-84.0089,9.63701
3600,CI,Cote d'Ivoire,Gini index,2025,,Sub-Saharan Africa ,Lower middle income,Blend,-4.0305,5.332
3601,CI,Cote d'Ivoire,Gini index,2024,,Sub-Saharan Africa ,Lower middle income,Blend,-4.0305,5.332
3602,CI,Cote d'Ivoire,Gini index,2023,,Sub-Saharan Africa ,Lower middle income,Blend,-4.0305,5.332
3603,CI,Cote d'Ivoire,Gini index,2022,,Sub-Saharan Africa ,Lower middle income,Blend,-4.0305,5.332
3604,CI,Cote d'Ivoire,Gini index,2021,35.3,Sub-Saharan Africa ,Lower middle income,Blend,-4.0305,5.332
3605,CI,Cote d'Ivoire,Gini index,2020,,Sub-Saharan Africa ,Lower middle income,Blend,-4.0305,5.332
3606,CI,Cote d'Ivoire,Gini index,2019,,Sub-Saharan Africa ,Lower middle income,Blend,-4.0305,5.332
3607,CI,Cote d'Ivoire,Gini index,2018,37.2,Sub-Saharan Africa ,Lower middle income,Blend,-4.0305,5.332
3608,CI,Cote d'Ivoire,Gini index,2017,,Sub-Saharan Africa ,Lower middle income,Blend,-4.0305,5.332
3609,CI,Cote d'Ivoire,Gini index,2016,,Sub-Saharan Africa ,Lower middle income,Blend,-4.0305,5.332
3610,HR,Croatia,Gini index,2025,,Europe & Central Asia,High income,IBRD,15.9614,45.8069
3611,HR,Croatia,Gini index,2024,,Europe & Central Asia,High income,IBRD,15.9614,45.8069
3612,HR,Croatia,Gini index,2023,30.1,Europe & Central Asia,High income,IBRD,15.9614,45.8069
3613,HR,Croatia,Gini index,2022,30.0,Europe & Central Asia,High income,IBRD,15.9614,45.8069
3614,HR,Croatia,Gini index,2021,28.9,Europe & Central Asia,High income,IBRD,15.9614,45.8069
3615,HR,Croatia,Gini index,2020,29.5,Europe & Central Asia,High income,IBRD,15.9614,45.8069
3616,HR,Croatia,Gini index,2019,28.9,Europe & Central Asia,High income,IBRD,15.9614,45.8069
3617,HR,Croatia,Gini index,2018,29.7,Europe & Central Asia,High income,IBRD,15.9614,45.8069
3618,HR,Croatia,Gini index,2017,30.4,Europe & Central Asia,High income,IBRD,15.9614,45.8069
3619,HR,Croatia,Gini index,2016,30.9,Europe & Central Asia,High income,IBRD,15.9614,45.8069
3620,CU,Cuba,Gini index,2025,,Latin America & Caribbean ,Upper middle income,Not classified,-82.3667,23.1333
3621,CU,Cuba,Gini index,2024,,Latin America & Caribbean ,Upper middle income,Not classified,-82.3667,23.1333
3622,CU,Cuba,Gini index,2023,,Latin America & Caribbean ,Upper middle income,Not classified,-82.3667,23.1333
3623,CU,Cuba,Gini index,2022,,Latin America & Caribbean ,Upper middle income,Not classified,-82.3667,23.1333
3624,CU,Cuba,Gini index,2021,,Latin America & Caribbean ,Upper middle income,Not classified,-82.3667,23.1333
3625,CU,Cuba,Gini index,2020,,Latin America & Caribbean ,Upper middle income,Not classified,-82.3667,23.1333
3626,CU,Cuba,Gini index,2019,,Latin America & Caribbean ,Upper middle income,Not classified,-82.3667,23.1333
3627,CU,Cuba,Gini index,2018,,Latin America & Caribbean ,Upper middle income,Not classified,-82.3667,23.1333
3628,CU,Cuba,Gini index,2017,,Latin America & Caribbean ,Upper middle income,Not classified,-82.3667,23.1333
3629,CU,Cuba,Gini index,2016,,Latin America & Caribbean ,Upper middle income,Not classified,-82.3667,23.1333
3630,CW,Curacao,Gini index,2025,,Latin America & Caribbean ,High income,Not classified,,
3631,CW,Curacao,Gini index,2024,,Latin America & Caribbean ,High income,Not classified,,
3632,CW,Curacao,Gini index,2023,,Latin America & Caribbean ,High income,Not classified,,
3633,CW,Curacao,Gini index,2022,,Latin America & Caribbean ,High income,Not classified,,
3634,CW,Curacao,Gini index,2021,,Latin America & Caribbean ,High income,Not classified,,
3635,CW,Curacao,Gini index,2020,,Latin America & Caribbean ,High income,Not classified,,
3636,CW,Curacao,Gini index,2019,,Latin America & Caribbean ,High income,Not classified,,
3637,CW,Curacao,Gini index,2018,,Latin America & Caribbean ,High income,Not classified,,
3638,CW,Curacao,Gini index,2017,,Latin America & Caribbean ,High income,Not classified,,
3639,CW,Curacao,Gini index,2016,,Latin America & Caribbean ,High income,Not classified,,
3640,CY,Cyprus,Gini index,2025,,Europe & Central Asia,High income,Not classified,33.3736,35.1676
3641,CY,Cyprus,Gini index,2024,,Europe & Central Asia,High income,Not classified,33.3736,35.1676
3642,CY,Cyprus,Gini index,2023,31.8,Europe & Central Asia,High income,Not classified,33.3736,35.1676
3643,CY,Cyprus,Gini index,2022,31.5,Europe & Central Asia,High income,Not classified,33.3736,35.1676
3644,CY,Cyprus,Gini index,2021,31.3,Europe & Central Asia,High income,Not classified,33.3736,35.1676
3645,CY,Cyprus,Gini index,2020,31.7,Europe & Central Asia,High income,Not classified,33.3736,35.1676
3646,CY,Cyprus,Gini index,2019,31.2,Europe & Central Asia,High income,Not classified,33.3736,35.1676
3647,CY,Cyprus,Gini index,2018,32.7,Europe & Central Asia,High income,Not classified,33.3736,35.1676
3648,CY,Cyprus,Gini index,2017,31.4,Europe & Central Asia,High income,Not classified,33.3736,35.1676
3649,CY,Cyprus,Gini index,2016,32.9,Europe & Central Asia,High income,Not classified,33.3736,35.1676
3650,CZ,Czechia,Gini index,2025,,Europe & Central Asia,High income,Not classified,14.4205,50.0878
3651,CZ,Czechia,Gini index,2024,,Europe & Central Asia,High income,Not classified,14.4205,50.0878
3652,CZ,Czechia,Gini index,2023,25.7,Europe & Central Asia,High income,Not classified,14.4205,50.0878
3653,CZ,Czechia,Gini index,2022,25.9,Europe & Central Asia,High income,Not classified,14.4205,50.0878
3654,CZ,Czechia,Gini index,2021,26.2,Europe & Central Asia,High income,Not classified,14.4205,50.0878
3655,CZ,Czechia,Gini index,2020,26.2,Europe & Central Asia,High income,Not classified,14.4205,50.0878
3656,CZ,Czechia,Gini index,2019,25.3,Europe & Central Asia,High income,Not classified,14.4205,50.0878
3657,CZ,Czechia,Gini index,2018,25.0,Europe & Central Asia,High income,Not classified,14.4205,50.0878
3658,CZ,Czechia,Gini index,2017,24.9,Europe & Central Asia,High income,Not classified,14.4205,50.0878
3659,CZ,Czechia,Gini index,2016,25.4,Europe & Central Asia,High income,Not classified,14.4205,50.0878
3660,DK,Denmark,Gini index,2025,,Europe & Central Asia,High income,Not classified,12.5681,55.6763
3661,DK,Denmark,Gini index,2024,,Europe & Central Asia,High income,Not classified,12.5681,55.6763
3662,DK,Denmark,Gini index,2023,29.9,Europe & Central Asia,High income,Not classified,12.5681,55.6763
3663,DK,Denmark,Gini index,2022,29.3,Europe & Central Asia,High income,Not classified,12.5681,55.6763
3664,DK,Denmark,Gini index,2021,28.3,Europe & Central Asia,High income,Not classified,12.5681,55.6763
3665,DK,Denmark,Gini index,2020,27.5,Europe & Central Asia,High income,Not classified,12.5681,55.6763
3666,DK,Denmark,Gini index,2019,27.7,Europe & Central Asia,High income,Not classified,12.5681,55.6763
3667,DK,Denmark,Gini index,2018,28.2,Europe & Central Asia,High income,Not classified,12.5681,55.6763
3668,DK,Denmark,Gini index,2017,28.7,Europe & Central Asia,High income,Not classified,12.5681,55.6763
3669,DK,Denmark,Gini index,2016,28.2,Europe & Central Asia,High income,Not classified,12.5681,55.6763
3670,DJ,Djibouti,Gini index,2025,,"Middle East, North Africa, Afghanistan & Pakistan",Lower middle income,IDA,43.1425,11.5806
3671,DJ,Djibouti,Gini index,2024,,"Middle East, North Africa, Afghanistan & Pakistan",Lower middle income,IDA,43.1425,11.5806
3672,DJ,Djibouti,Gini index,2023,,"Middle East, North Africa, Afghanistan & Pakistan",Lower middle income,IDA,43.1425,11.5806
3673,DJ,Djibouti,Gini index,2022,,"Middle East, North Africa, Afghanistan & Pakistan",Lower middle income,IDA,43.1425,11.5806
3674,DJ,Djibouti,Gini index,2021,,"Middle East, North Africa, Afghanistan & Pakistan",Lower middle income,IDA,43.1425,11.5806
3675,DJ,Djibouti,Gini index,2020,,"Middle East, North Africa, Afghanistan & Pakistan",Lower middle income,IDA,43.1425,11.5806
3676,DJ,Djibouti,Gini index,2019,,"Middle East, North Africa, Afghanistan & Pakistan",Lower middle income,IDA,43.1425,11.5806
3677,DJ,Djibouti,Gini index,2018,,"Middle East, North Africa, Afghanistan & Pakistan",Lower middle income,IDA,43.1425,11.5806
3678,DJ,Djibouti,Gini index,2017,41.6,"Middle East, North Africa, Afghanistan & Pakistan",Lower middle income,IDA,43.1425,11.5806
3679,DJ,Djibouti,Gini index,2016,,"Middle East, North Africa, Afghanistan & Pakistan",Lower middle income,IDA,43.1425,11.5806
3680,DM,Dominica,Gini index,2025,,Latin America & Caribbean ,Upper middle income,Blend,-61.39,15.2976
3681,DM,Dominica,Gini index,2024,,Latin America & Caribbean ,Upper middle income,Blend,-61.39,15.2976
3682,DM,Dominica,Gini index,2023,,Latin America & Caribbean ,Upper middle income,Blend,-61.39,15.2976
3683,DM,Dominica,Gini index,2022,,Latin America & Caribbean ,Upper middle income,Blend,-61.39,15.2976
3684,DM,Dominica,Gini index,2021,,Latin America & Caribbean ,Upper middle income,Blend,-61.39,15.2976
3685,DM,Dominica,Gini index,2020,,Latin America & Caribbean ,Upper middle income,Blend,-61.39,15.2976
3686,DM,Dominica,Gini index,2019,,Latin America & Caribbean ,Upper middle income,Blend,-61.39,15.2976
3687,DM,Dominica,Gini index,2018,,Latin America & Caribbean ,Upper middle income,Blend,-61.39,15.2976
3688,DM,Dominica,Gini index,2017,,Latin America & Caribbean ,Upper middle income,Blend,-61.39,15.2976
3689,DM,Dominica,Gini index,2016,,Latin America & Caribbean ,Upper middle income,Blend,-61.39,15.2976
3690,DO,Dominican Republic,Gini index,2025,,Latin America & Caribbean ,Upper middle income,IBRD,-69.8908,18.479
3691,DO,Dominican Republic,Gini index,2024,39.0,Latin America & Caribbean ,Upper middle income,IBRD,-69.8908,18.479
3692,DO,Dominican Republic,Gini index,2023,38.4,Latin America & Caribbean ,Upper middle income,IBRD,-69.8908,18.479
3693,DO,Dominican Republic,Gini index,2022,37.0,Latin America & Caribbean ,Upper middle income,IBRD,-69.8908,18.479
3694,DO,Dominican Republic,Gini index,2021,38.5,Latin America & Caribbean ,Upper middle income,IBRD,-69.8908,18.479
3695,DO,Dominican Republic,Gini index,2020,39.6,Latin America & Caribbean ,Upper middle income,IBRD,-69.8908,18.479
3696,DO,Dominican Republic,Gini index,2019,41.9,Latin America & Caribbean ,Upper middle income,IBRD,-69.8908,18.479
3697,DO,Dominican Republic,Gini index,2018,43.7,Latin America & Caribbean ,Upper middle income,IBRD,-69.8908,18.479
3698,DO,Dominican Republic,Gini index,2017,42.2,Latin America & Caribbean ,Upper middle income,IBRD,-69.8908,18.479
3699,DO,Dominican Republic,Gini index,2016,45.7,Latin America & Caribbean ,Upper middle income,IBRD,-69.8908,18.479
3700,EC,Ecuador,Gini index,2025,45.9,Latin America & Caribbean ,Upper middle income,IBRD,-78.5243,-0.229498
3701,EC,Ecuador,Gini index,2024,45.2,Latin America & Caribbean ,Upper middle income,IBRD,-78.5243,-0.229498
3702,EC,Ecuador,Gini index,2023,44.6,Latin America & Caribbean ,Upper middle income,IBRD,-78.5243,-0.229498
3703,EC,Ecuador,Gini index,2022,45.5,Latin America & Caribbean ,Upper middle income,IBRD,-78.5243,-0.229498
3704,EC,Ecuador,Gini index,2021,45.8,Latin America & Caribbean ,Upper middle income,IBRD,-78.5243,-0.229498
3705,EC,Ecuador,Gini index,2020,47.3,Latin America & Caribbean ,Upper middle income,IBRD,-78.5243,-0.229498
3706,EC,Ecuador,Gini index,2019,45.7,Latin America & Caribbean ,Upper middle income,IBRD,-78.5243,-0.229498
3707,EC,Ecuador,Gini index,2018,45.4,Latin America & Caribbean ,Upper middle income,IBRD,-78.5243,-0.229498
3708,EC,Ecuador,Gini index,2017,44.7,Latin America & Caribbean ,Upper middle income,IBRD,-78.5243,-0.229498
3709,EC,Ecuador,Gini index,2016,45.0,Latin America & Caribbean ,Upper middle income,IBRD,-78.5243,-0.229498
3710,EG,"Egypt, Arab Rep.",Gini index,2025,,"Middle East, North Africa, Afghanistan & Pakistan",Lower middle income,IBRD,31.2461,30.0982
3711,EG,"Egypt, Arab Rep.",Gini index,2024,,"Middle East, North Africa, Afghanistan & Pakistan",Lower middle income,IBRD,31.2461,30.0982
3712,EG,"Egypt, Arab Rep.",Gini index,2023,,"Middle East, North Africa, Afghanistan & Pakistan",Lower middle income,IBRD,31.2461,30.0982
3713,EG,"Egypt, Arab Rep.",Gini index,2022,,"Middle East, North Africa, Afghanistan & Pakistan",Lower middle income,IBRD,31.2461,30.0982
3714,EG,"Egypt, Arab Rep.",Gini index,2021,28.5,"Middle East, North Africa, Afghanistan & Pakistan",Lower middle income,IBRD,31.2461,30.0982
3715,EG,"Egypt, Arab Rep.",Gini index,2020,,"Middle East, North Africa, Afghanistan & Pakistan",Lower middle income,IBRD,31.2461,30.0982
3716,EG,"Egypt, Arab Rep.",Gini index,2019,31.9,"Middle East, North Africa, Afghanistan & Pakistan",Lower middle income,IBRD,31.2461,30.0982
3717,EG,"Egypt, Arab Rep.",Gini index,2018,,"Middle East, North Africa, Afghanistan & Pakistan",Lower middle income,IBRD,31.2461,30.0982
3718,EG,"Egypt, Arab Rep.",Gini index,2017,31.5,"Middle East, North Africa, Afghanistan & Pakistan",Lower middle income,IBRD,31.2461,30.0982
3719,EG,"Egypt, Arab Rep.",Gini index,2016,,"Middle East, North Africa, Afghanistan & Pakistan",Lower middle income,IBRD,31.2461,30.0982
3720,SV,El Salvador,Gini index,2025,,Latin America & Caribbean ,Upper middle income,IBRD,-89.2073,13.7034
3721,SV,El Salvador,Gini index,2024,,Latin America & Caribbean ,Upper middle income,IBRD,-89.2073,13.7034
3722,SV,El Salvador,Gini index,2023,39.8,Latin America & Caribbean ,Upper middle income,IBRD,-89.2073,13.7034
3723,SV,El Salvador,Gini index,2022,38.8,Latin America & Caribbean ,Upper middle income,IBRD,-89.2073,13.7034
3724,SV,El Salvador,Gini index,2021,39.0,Latin America & Caribbean ,Upper middle income,IBRD,-89.2073,13.7034
3725,SV,El Salvador,Gini index,2020,,Latin America & Caribbean ,Upper middle income,IBRD,-89.2073,13.7034
3726,SV,El Salvador,Gini index,2019,38.8,Latin America & Caribbean ,Upper middle income,IBRD,-89.2073,13.7034
3727,SV,El Salvador,Gini index,2018,38.6,Latin America & Caribbean ,Upper middle income,IBRD,-89.2073,13.7034
3728,SV,El Salvador,Gini index,2017,38.0,Latin America & Caribbean ,Upper middle income,IBRD,-89.2073,13.7034
3729,SV,El Salvador,Gini index,2016,40.0,Latin America & Caribbean ,Upper middle income,IBRD,-89.2073,13.7034
3730,GQ,Equatorial Guinea,Gini index,2025,,Sub-Saharan Africa ,Upper middle income,IBRD,8.7741,3.7523
3731,GQ,Equatorial Guinea,Gini index,2024,,Sub-Saharan Africa ,Upper middle income,IBRD,8.7741,3.7523
3732,GQ,Equatorial Guinea,Gini index,2023,,Sub-Saharan Africa ,Upper middle income,IBRD,8.7741,3.7523
3733,GQ,Equatorial Guinea,Gini index,2022,38.5,Sub-Saharan Africa ,Upper middle income,IBRD,8.7741,3.7523
3734,GQ,Equatorial Guinea,Gini index,2021,,Sub-Saharan Africa ,Upper middle income,IBRD,8.7741,3.7523
3735,GQ,Equatorial Guinea,Gini index,2020,,Sub-Saharan Africa ,Upper middle income,IBRD,8.7741,3.7523
3736,GQ,Equatorial Guinea,Gini index,2019,,Sub-Saharan Africa ,Upper middle income,IBRD,8.7741,3.7523
3737,GQ,Equatorial Guinea,Gini index,2018,,Sub-Saharan Africa ,Upper middle income,IBRD,8.7741,3.7523
3738,GQ,Equatorial Guinea,Gini index,2017,,Sub-Saharan Africa ,Upper middle income,IBRD,8.7741,3.7523
3739,GQ,Equatorial Guinea,Gini index,2016,,Sub-Saharan Africa ,Upper middle income,IBRD,8.7741,3.7523
3740,ER,Eritrea,Gini index,2025,,Sub-Saharan Africa ,Low income,IDA,38.9183,15.3315
3741,ER,Eritrea,Gini index,2024,,Sub-Saharan Africa ,Low income,IDA,38.9183,15.3315
3742,ER,Eritrea,Gini index,2023,,Sub-Saharan Africa ,Low income,IDA,38.9183,15.3315
3743,ER,Eritrea,Gini index,2022,,Sub-Saharan Africa ,Low income,IDA,38.9183,15.3315
3744,ER,Eritrea,Gini index,2021,,Sub-Saharan Africa ,Low income,IDA,38.9183,15.3315
3745,ER,Eritrea,Gini index,2020,,Sub-Saharan Africa ,Low income,IDA,38.9183,15.3315
3746,ER,Eritrea,Gini index,2019,,Sub-Saharan Africa ,Low income,IDA,38.9183,15.3315
3747,ER,Eritrea,Gini index,2018,,Sub-Saharan Africa ,Low income,IDA,38.9183,15.3315
3748,ER,Eritrea,Gini index,2017,,Sub-Saharan Africa ,Low income,IDA,38.9183,15.3315
3749,ER,Eritrea,Gini index,2016,,Sub-Saharan Africa ,Low income,IDA,38.9183,15.3315
3750,EE,Estonia,Gini index,2025,,Europe & Central Asia,High income,Not classified,24.7586,59.4392
3751,EE,Estonia,Gini index,2024,,Europe & Central Asia,High income,Not classified,24.7586,59.4392
3752,EE,Estonia,Gini index,2023,30.7,Europe & Central Asia,High income,Not classified,24.7586,59.4392
3753,EE,Estonia,Gini index,2022,32.3,Europe & Central Asia,High income,Not classified,24.7586,59.4392
3754,EE,Estonia,Gini index,2021,31.8,Europe & Central Asia,High income,Not classified,24.7586,59.4392
3755,EE,Estonia,Gini index,2020,30.7,Europe & Central Asia,High income,Not classified,24.7586,59.4392
3756,EE,Estonia,Gini index,2019,30.8,Europe & Central Asia,High income,Not classified,24.7586,59.4392
3757,EE,Estonia,Gini index,2018,30.3,Europe & Central Asia,High income,Not classified,24.7586,59.4392
3758,EE,Estonia,Gini index,2017,30.4,Europe & Central Asia,High income,Not classified,24.7586,59.4392
3759,EE,Estonia,Gini index,2016,31.2,Europe & Central Asia,High income,Not classified,24.7586,59.4392
3760,SZ,Eswatini,Gini index,2025,,Sub-Saharan Africa ,Lower middle income,Blend,31.4659,-26.5225
3761,SZ,Eswatini,Gini index,2024,,Sub-Saharan Africa ,Lower middle income,Blend,31.4659,-26.5225
3762,SZ,Eswatini,Gini index,2023,,Sub-Saharan Africa ,Lower middle income,Blend,31.4659,-26.5225
3763,SZ,Eswatini,Gini index,2022,,Sub-Saharan Africa ,Lower middle income,Blend,31.4659,-26.5225
3764,SZ,Eswatini,Gini index,2021,,Sub-Saharan Africa ,Lower middle income,Blend,31.4659,-26.5225
3765,SZ,Eswatini,Gini index,2020,,Sub-Saharan Africa ,Lower middle income,Blend,31.4659,-26.5225
3766,SZ,Eswatini,Gini index,2019,,Sub-Saharan Africa ,Lower middle income,Blend,31.4659,-26.5225
3767,SZ,Eswatini,Gini index,2018,,Sub-Saharan Africa ,Lower middle income,Blend,31.4659,-26.5225
3768,SZ,Eswatini,Gini index,2017,,Sub-Saharan Africa ,Lower middle income,Blend,31.4659,-26.5225
3769,SZ,Eswatini,Gini index,2016,54.6,Sub-Saharan Africa ,Lower middle income,Blend,31.4659,-26.5225
3770,ET,Ethiopia,Gini index,2025,,Sub-Saharan Africa ,Low income,IDA,38.7468,9.02274
3771,ET,Ethiopia,Gini index,2024,,Sub-Saharan Africa ,Low income,IDA,38.7468,9.02274
3772,ET,Ethiopia,Gini index,2023,,Sub-Saharan Africa ,Low income,IDA,38.7468,9.02274
3773,ET,Ethiopia,Gini index,2022,,Sub-Saharan Africa ,Low income,IDA,38.7468,9.02274
3774,ET,Ethiopia,Gini index,2021,31.1,Sub-Saharan Africa ,Low income,IDA,38.7468,9.02274
3775,ET,Ethiopia,Gini index,2020,,Sub-Saharan Africa ,Low income,IDA,38.7468,9.02274
3776,ET,Ethiopia,Gini index,2019,,Sub-Saharan Africa ,Low income,IDA,38.7468,9.02274
3777,ET,Ethiopia,Gini index,2018,,Sub-Saharan Africa ,Low income,IDA,38.7468,9.02274
3778,ET,Ethiopia,Gini index,2017,,Sub-Saharan Africa ,Low income,IDA,38.7468,9.02274
3779,ET,Ethiopia,Gini index,2016,,Sub-Saharan Africa ,Low income,IDA,38.7468,9.02274
3780,FO,Faroe Islands,Gini index,2025,,Europe & Central Asia,High income,Not classified,-6.91181,61.8926
3781,FO,Faroe Islands,Gini index,2024,,Europe & Central Asia,High income,Not classified,-6.91181,61.8926
3782,FO,Faroe Islands,Gini index,2023,,Europe & Central Asia,High income,Not classified,-6.91181,61.8926
3783,FO,Faroe Islands,Gini index,2022,,Europe & Central Asia,High income,Not classified,-6.91181,61.8926
3784,FO,Faroe Islands,Gini index,2021,,Europe & Central Asia,High income,Not classified,-6.91181,61.8926
3785,FO,Faroe Islands,Gini index,2020,,Europe & Central Asia,High income,Not classified,-6.91181,61.8926
3786,FO,Faroe Islands,Gini index,2019,,Europe & Central Asia,High income,Not classified,-6.91181,61.8926
3787,FO,Faroe Islands,Gini index,2018,,Europe & Central Asia,High income,Not classified,-6.91181,61.8926
3788,FO,Faroe Islands,Gini index,2017,,Europe & Central Asia,High income,Not classified,-6.91181,61.8926
3789,FO,Faroe Islands,Gini index,2016,,Europe & Central Asia,High income,Not classified,-6.91181,61.8926
3790,FJ,Fiji,Gini index,2025,,East Asia & Pacific,Upper middle income,Blend,178.399,-18.1149
3791,FJ,Fiji,Gini index,2024,,East Asia & Pacific,Upper middle income,Blend,178.399,-18.1149
3792,FJ,Fiji,Gini index,2023,,East Asia & Pacific,Upper middle income,Blend,178.399,-18.1149
3793,FJ,Fiji,Gini index,2022,,East Asia & Pacific,Upper middle income,Blend,178.399,-18.1149
3794,FJ,Fiji,Gini index,2021,,East Asia & Pacific,Upper middle income,Blend,178.399,-18.1149
3795,FJ,Fiji,Gini index,2020,,East Asia & Pacific,Upper middle income,Blend,178.399,-18.1149
3796,FJ,Fiji,Gini index,2019,30.7,East Asia & Pacific,Upper middle income,Blend,178.399,-18.1149
3797,FJ,Fiji,Gini index,2018,,East Asia & Pacific,Upper middle income,Blend,178.399,-18.1149
3798,FJ,Fiji,Gini index,2017,,East Asia & Pacific,Upper middle income,Blend,178.399,-18.1149
3799,FJ,Fiji,Gini index,2016,,East Asia & Pacific,Upper middle income,Blend,178.399,-18.1149
3800,FI,Finland,Gini index,2025,,Europe & Central Asia,High income,Not classified,24.9525,60.1608
3801,FI,Finland,Gini index,2024,,Europe & Central Asia,High income,Not classified,24.9525,60.1608
3802,FI,Finland,Gini index,2023,27.4,Europe & Central Asia,High income,Not classified,24.9525,60.1608
3803,FI,Finland,Gini index,2022,27.9,Europe & Central Asia,High income,Not classified,24.9525,60.1608
3804,FI,Finland,Gini index,2021,27.7,Europe & Central Asia,High income,Not classified,24.9525,60.1608
3805,FI,Finland,Gini index,2020,27.1,Europe & Central Asia,High income,Not classified,24.9525,60.1608
3806,FI,Finland,Gini index,2019,27.7,Europe & Central Asia,High income,Not classified,24.9525,60.1608
3807,FI,Finland,Gini index,2018,27.3,Europe & Central Asia,High income,Not classified,24.9525,60.1608
3808,FI,Finland,Gini index,2017,27.4,Europe & Central Asia,High income,Not classified,24.9525,60.1608
3809,FI,Finland,Gini index,2016,27.1,Europe & Central Asia,High income,Not classified,24.9525,60.1608
3810,FR,France,Gini index,2025,,Europe & Central Asia,High income,Not classified,2.35097,48.8566
3811,FR,France,Gini index,2024,,Europe & Central Asia,High income,Not classified,2.35097,48.8566
3812,FR,France,Gini index,2023,31.8,Europe & Central Asia,High income,Not classified,2.35097,48.8566
3813,FR,France,Gini index,2022,31.2,Europe & Central Asia,High income,Not classified,2.35097,48.8566
3814,FR,France,Gini index,2021,31.5,Europe & Central Asia,High income,Not classified,2.35097,48.8566
3815,FR,France,Gini index,2020,30.7,Europe & Central Asia,High income,Not classified,2.35097,48.8566
3816,FR,France,Gini index,2019,31.2,Europe & Central Asia,High income,Not classified,2.35097,48.8566
3817,FR,France,Gini index,2018,32.4,Europe & Central Asia,High income,Not classified,2.35097,48.8566
3818,FR,France,Gini index,2017,31.6,Europe & Central Asia,High income,Not classified,2.35097,48.8566
3819,FR,France,Gini index,2016,31.9,Europe & Central Asia,High income,Not classified,2.35097,48.8566
3820,PF,French Polynesia,Gini index,2025,,East Asia & Pacific,High income,Not classified,-149.57,-17.535
3821,PF,French Polynesia,Gini index,2024,,East Asia & Pacific,High income,Not classified,-149.57,-17.535
3822,PF,French Polynesia,Gini index,2023,,East Asia & Pacific,High income,Not classified,-149.57,-17.535
3823,PF,French Polynesia,Gini index,2022,,East Asia & Pacific,High income,Not classified,-149.57,-17.535
3824,PF,French Polynesia,Gini index,2021,,East Asia & Pacific,High income,Not classified,-149.57,-17.535
3825,PF,French Polynesia,Gini index,2020,,East Asia & Pacific,High income,Not classified,-149.57,-17.535
3826,PF,French Polynesia,Gini index,2019,,East Asia & Pacific,High income,Not classified,-149.57,-17.535
3827,PF,French Polynesia,Gini index,2018,,East Asia & Pacific,High income,Not classified,-149.57,-17.535
3828,PF,French Polynesia,Gini index,2017,,East Asia & Pacific,High income,Not classified,-149.57,-17.535
3829,PF,French Polynesia,Gini index,2016,,East Asia & Pacific,High income,Not classified,-149.57,-17.535
3830,GA,Gabon,Gini index,2025,,Sub-Saharan Africa ,Upper middle income,IBRD,9.45162,0.38832
3831,GA,Gabon,Gini index,2024,,Sub-Saharan Africa ,Upper middle income,IBRD,9.45162,0.38832
3832,GA,Gabon,Gini index,2023,,Sub-Saharan Africa ,Upper middle income,IBRD,9.45162,0.38832
3833,GA,Gabon,Gini index,2022,,Sub-Saharan Africa ,Upper middle income,IBRD,9.45162,0.38832
3834,GA,Gabon,Gini index,2021,,Sub-Saharan Africa ,Upper middle income,IBRD,9.45162,0.38832
3835,GA,Gabon,Gini index,2020,,Sub-Saharan Africa ,Upper middle income,IBRD,9.45162,0.38832
3836,GA,Gabon,Gini index,2019,,Sub-Saharan Africa ,Upper middle income,IBRD,9.45162,0.38832
3837,GA,Gabon,Gini index,2018,,Sub-Saharan Africa ,Upper middle income,IBRD,9.45162,0.38832
3838,GA,Gabon,Gini index,2017,38.0,Sub-Saharan Africa ,Upper middle income,IBRD,9.45162,0.38832
3839,GA,Gabon,Gini index,2016,,Sub-Saharan Africa ,Upper middle income,IBRD,9.45162,0.38832
3840,GM,"Gambia, The",Gini index,2025,,Sub-Saharan Africa ,Low income,IDA,-16.5885,13.4495
3841,GM,"Gambia, The",Gini index,2024,,Sub-Saharan Africa ,Low income,IDA,-16.5885,13.4495
3842,GM,"Gambia, The",Gini index,2023,,Sub-Saharan Africa ,Low income,IDA,-16.5885,13.4495
3843,GM,"Gambia, The",Gini index,2022,,Sub-Saharan Africa ,Low income,IDA,-16.5885,13.4495
3844,GM,"Gambia, The",Gini index,2021,,Sub-Saharan Africa ,Low income,IDA,-16.5885,13.4495
3845,GM,"Gambia, The",Gini index,2020,38.8,Sub-Saharan Africa ,Low income,IDA,-16.5885,13.4495
3846,GM,"Gambia, The",Gini index,2019,,Sub-Saharan Africa ,Low income,IDA,-16.5885,13.4495
3847,GM,"Gambia, The",Gini index,2018,,Sub-Saharan Africa ,Low income,IDA,-16.5885,13.4495
3848,GM,"Gambia, The",Gini index,2017,,Sub-Saharan Africa ,Low income,IDA,-16.5885,13.4495
3849,GM,"Gambia, The",Gini index,2016,,Sub-Saharan Africa ,Low income,IDA,-16.5885,13.4495
3850,GE,Georgia,Gini index,2025,,Europe & Central Asia,Upper middle income,IBRD,44.793,41.71
3851,GE,Georgia,Gini index,2024,33.9,Europe & Central Asia,Upper middle income,IBRD,44.793,41.71
3852,GE,Georgia,Gini index,2023,34.8,Europe & Central Asia,Upper middle income,IBRD,44.793,41.71
3853,GE,Georgia,Gini index,2022,33.5,Europe & Central Asia,Upper middle income,IBRD,44.793,41.71
3854,GE,Georgia,Gini index,2021,34.2,Europe & Central Asia,Upper middle income,IBRD,44.793,41.71
3855,GE,Georgia,Gini index,2020,34.5,Europe & Central Asia,Upper middle income,IBRD,44.793,41.71
3856,GE,Georgia,Gini index,2019,35.9,Europe & Central Asia,Upper middle income,IBRD,44.793,41.71
3857,GE,Georgia,Gini index,2018,36.4,Europe & Central Asia,Upper middle income,IBRD,44.793,41.71
3858,GE,Georgia,Gini index,2017,37.9,Europe & Central Asia,Upper middle income,IBRD,44.793,41.71
3859,GE,Georgia,Gini index,2016,36.6,Europe & Central Asia,Upper middle income,IBRD,44.793,41.71
3860,DE,Germany,Gini index,2025,,Europe & Central Asia,High income,Not classified,13.4115,52.5235
3861,DE,Germany,Gini index,2024,,Europe & Central Asia,High income,Not classified,13.4115,52.5235
3862,DE,Germany,Gini index,2023,,Europe & Central Asia,High income,Not classified,13.4115,52.5235
3863,DE,Germany,Gini index,2022,33.7,Europe & Central Asia,High income,Not classified,13.4115,52.5235
3864,DE,Germany,Gini index,2021,33.6,Europe & Central Asia,High income,Not classified,13.4115,52.5235
3865,DE,Germany,Gini index,2020,32.5,Europe & Central Asia,High income,Not classified,13.4115,52.5235
3866,DE,Germany,Gini index,2019,32.2,Europe & Central Asia,High income,Not classified,13.4115,52.5235
3867,DE,Germany,Gini index,2018,31.9,Europe & Central Asia,High income,Not classified,13.4115,52.5235
3868,DE,Germany,Gini index,2017,31.3,Europe & Central Asia,High income,Not classified,13.4115,52.5235
3869,DE,Germany,Gini index,2016,31.3,Europe & Central Asia,High income,Not classified,13.4115,52.5235
3870,GH,Ghana,Gini index,2025,,Sub-Saharan Africa ,Lower middle income,IDA,-0.20795,5.57045
3871,GH,Ghana,Gini index,2024,,Sub-Saharan Africa ,Lower middle income,IDA,-0.20795,5.57045
3872,GH,Ghana,Gini index,2023,,Sub-Saharan Africa ,Lower middle income,IDA,-0.20795,5.57045
3873,GH,Ghana,Gini index,2022,,Sub-Saharan Africa ,Lower middle income,IDA,-0.20795,5.57045
3874,GH,Ghana,Gini index,2021,,Sub-Saharan Africa ,Lower middle income,IDA,-0.20795,5.57045
3875,GH,Ghana,Gini index,2020,,Sub-Saharan Africa ,Lower middle income,IDA,-0.20795,5.57045
3876,GH,Ghana,Gini index,2019,,Sub-Saharan Africa ,Lower middle income,IDA,-0.20795,5.57045
3877,GH,Ghana,Gini index,2018,,Sub-Saharan Africa ,Lower middle income,IDA,-0.20795,5.57045
3878,GH,Ghana,Gini index,2017,,Sub-Saharan Africa ,Lower middle income,IDA,-0.20795,5.57045
3879,GH,Ghana,Gini index,2016,43.5,Sub-Saharan Africa ,Lower middle income,IDA,-0.20795,5.57045
3880,GI,Gibraltar,Gini index,2025,,Europe & Central Asia,High income,Not classified,,
3881,GI,Gibraltar,Gini index,2024,,Europe & Central Asia,High income,Not classified,,
3882,GI,Gibraltar,Gini index,2023,,Europe & Central Asia,High income,Not classified,,
3883,GI,Gibraltar,Gini index,2022,,Europe & Central Asia,High income,Not classified,,
3884,GI,Gibraltar,Gini index,2021,,Europe & Central Asia,High income,Not classified,,
3885,GI,Gibraltar,Gini index,2020,,Europe & Central Asia,High income,Not classified,,
3886,GI,Gibraltar,Gini index,2019,,Europe & Central Asia,High income,Not classified,,
3887,GI,Gibraltar,Gini index,2018,,Europe & Central Asia,High income,Not classified,,
3888,GI,Gibraltar,Gini index,2017,,Europe & Central Asia,High income,Not classified,,
3889,GI,Gibraltar,Gini index,2016,,Europe & Central Asia,High income,Not classified,,
3890,GR,Greece,Gini index,2025,,Europe & Central Asia,High income,Not classified,23.7166,37.9792
3891,GR,Greece,Gini index,2024,,Europe & Central Asia,High income,Not classified,23.7166,37.9792
3892,GR,Greece,Gini index,2023,33.4,Europe & Central Asia,High income,Not classified,23.7166,37.9792
3893,GR,Greece,Gini index,2022,33.4,Europe & Central Asia,High income,Not classified,23.7166,37.9792
3894,GR,Greece,Gini index,2021,32.9,Europe & Central Asia,High income,Not classified,23.7166,37.9792
3895,GR,Greece,Gini index,2020,33.6,Europe & Central Asia,High income,Not classified,23.7166,37.9792
3896,GR,Greece,Gini index,2019,33.1,Europe & Central Asia,High income,Not classified,23.7166,37.9792
3897,GR,Greece,Gini index,2018,32.9,Europe & Central Asia,High income,Not classified,23.7166,37.9792
3898,GR,Greece,Gini index,2017,34.4,Europe & Central Asia,High income,Not classified,23.7166,37.9792
3899,GR,Greece,Gini index,2016,35.0,Europe & Central Asia,High income,Not classified,23.7166,37.9792
3900,GL,Greenland,Gini index,2025,,Europe & Central Asia,High income,Not classified,-51.7214,64.1836
3901,GL,Greenland,Gini index,2024,,Europe & Central Asia,High income,Not classified,-51.7214,64.1836
3902,GL,Greenland,Gini index,2023,,Europe & Central Asia,High income,Not classified,-51.7214,64.1836
3903,GL,Greenland,Gini index,2022,,Europe & Central Asia,High income,Not classified,-51.7214,64.1836
3904,GL,Greenland,Gini index,2021,,Europe & Central Asia,High income,Not classified,-51.7214,64.1836
3905,GL,Greenland,Gini index,2020,,Europe & Central Asia,High income,Not classified,-51.7214,64.1836
3906,GL,Greenland,Gini index,2019,,Europe & Central Asia,High income,Not classified,-51.7214,64.1836
3907,GL,Greenland,Gini index,2018,,Europe & Central Asia,High income,Not classified,-51.7214,64.1836
3908,GL,Greenland,Gini index,2017,,Europe & Central Asia,High income,Not classified,-51.7214,64.1836
3909,GL,Greenland,Gini index,2016,,Europe & Central Asia,High income,Not classified,-51.7214,64.1836
3910,GD,Grenada,Gini index,2025,,Latin America & Caribbean ,Upper middle income,Blend,-61.7449,12.0653
3911,GD,Grenada,Gini index,2024,,Latin America & Caribbean ,Upper middle income,Blend,-61.7449,12.0653
3912,GD,Grenada,Gini index,2023,,Latin America & Caribbean ,Upper middle income,Blend,-61.7449,12.0653
3913,GD,Grenada,Gini index,2022,,Latin America & Caribbean ,Upper middle income,Blend,-61.7449,12.0653
3914,GD,Grenada,Gini index,2021,,Latin America & Caribbean ,Upper middle income,Blend,-61.7449,12.0653
3915,GD,Grenada,Gini index,2020,,Latin America & Caribbean ,Upper middle income,Blend,-61.7449,12.0653
3916,GD,Grenada,Gini index,2019,,Latin America & Caribbean ,Upper middle income,Blend,-61.7449,12.0653
3917,GD,Grenada,Gini index,2018,43.8,Latin America & Caribbean ,Upper middle income,Blend,-61.7449,12.0653
3918,GD,Grenada,Gini index,2017,,Latin America & Caribbean ,Upper middle income,Blend,-61.7449,12.0653
3919,GD,Grenada,Gini index,2016,,Latin America & Caribbean ,Upper middle income,Blend,-61.7449,12.0653
3920,GU,Guam,Gini index,2025,,East Asia & Pacific,High income,Not classified,144.794,13.4443
3921,GU,Guam,Gini index,2024,,East Asia & Pacific,High income,Not classified,144.794,13.4443
3922,GU,Guam,Gini index,2023,,East Asia & Pacific,High income,Not classified,144.794,13.4443
3923,GU,Guam,Gini index,2022,,East Asia & Pacific,High income,Not classified,144.794,13.4443
3924,GU,Guam,Gini index,2021,,East Asia & Pacific,High income,Not classified,144.794,13.4443
3925,GU,Guam,Gini index,2020,,East Asia & Pacific,High income,Not classified,144.794,13.4443
3926,GU,Guam,Gini index,2019,,East Asia & Pacific,High income,Not classified,144.794,13.4443
3927,GU,Guam,Gini index,2018,,East Asia & Pacific,High income,Not classified,144.794,13.4443
3928,GU,Guam,Gini index,2017,,East Asia & Pacific,High income,Not classified,144.794,13.4443
3929,GU,Guam,Gini index,2016,,East Asia & Pacific,High income,Not classified,144.794,13.4443
3930,GT,Guatemala,Gini index,2025,,Latin America & Caribbean ,Upper middle income,IBRD,-90.5328,14.6248
3931,GT,Guatemala,Gini index,2024,,Latin America & Caribbean ,Upper middle income,IBRD,-90.5328,14.6248
3932,GT,Guatemala,Gini index,2023,45.2,Latin America & Caribbean ,Upper middle income,IBRD,-90.5328,14.6248
3933,GT,Guatemala,Gini index,2022,,Latin America & Caribbean ,Upper middle income,IBRD,-90.5328,14.6248
3934,GT,Guatemala,Gini index,2021,,Latin America & Caribbean ,Upper middle income,IBRD,-90.5328,14.6248
3935,GT,Guatemala,Gini index,2020,,Latin America & Caribbean ,Upper middle income,IBRD,-90.5328,14.6248
3936,GT,Guatemala,Gini index,2019,,Latin America & Caribbean ,Upper middle income,IBRD,-90.5328,14.6248
3937,GT,Guatemala,Gini index,2018,,Latin America & Caribbean ,Upper middle income,IBRD,-90.5328,14.6248
3938,GT,Guatemala,Gini index,2017,,Latin America & Caribbean ,Upper middle income,IBRD,-90.5328,14.6248
3939,GT,Guatemala,Gini index,2016,,Latin America & Caribbean ,Upper middle income,IBRD,-90.5328,14.6248
3940,GN,Guinea,Gini index,2025,,Sub-Saharan Africa ,Lower middle income,IDA,-13.7,9.51667
3941,GN,Guinea,Gini index,2024,,Sub-Saharan Africa ,Lower middle income,IDA,-13.7,9.51667
3942,GN,Guinea,Gini index,2023,,Sub-Saharan Africa ,Lower middle income,IDA,-13.7,9.51667
3943,GN,Guinea,Gini index,2022,,Sub-Saharan Africa ,Lower middle income,IDA,-13.7,9.51667
3944,GN,Guinea,Gini index,2021,,Sub-Saharan Africa ,Lower middle income,IDA,-13.7,9.51667
3945,GN,Guinea,Gini index,2020,,Sub-Saharan Africa ,Lower middle income,IDA,-13.7,9.51667
3946,GN,Guinea,Gini index,2019,,Sub-Saharan Africa ,Lower middle income,IDA,-13.7,9.51667
3947,GN,Guinea,Gini index,2018,29.6,Sub-Saharan Africa ,Lower middle income,IDA,-13.7,9.51667
3948,GN,Guinea,Gini index,2017,,Sub-Saharan Africa ,Lower middle income,IDA,-13.7,9.51667
3949,GN,Guinea,Gini index,2016,,Sub-Saharan Africa ,Lower middle income,IDA,-13.7,9.51667
3950,GW,Guinea-Bissau,Gini index,2025,,Sub-Saharan Africa ,Low income,IDA,-15.1804,11.8037
3951,GW,Guinea-Bissau,Gini index,2024,,Sub-Saharan Africa ,Low income,IDA,-15.1804,11.8037
3952,GW,Guinea-Bissau,Gini index,2023,,Sub-Saharan Africa ,Low income,IDA,-15.1804,11.8037
3953,GW,Guinea-Bissau,Gini index,2022,,Sub-Saharan Africa ,Low income,IDA,-15.1804,11.8037
3954,GW,Guinea-Bissau,Gini index,2021,33.4,Sub-Saharan Africa ,Low income,IDA,-15.1804,11.8037
3955,GW,Guinea-Bissau,Gini index,2020,,Sub-Saharan Africa ,Low income,IDA,-15.1804,11.8037
3956,GW,Guinea-Bissau,Gini index,2019,,Sub-Saharan Africa ,Low income,IDA,-15.1804,11.8037
3957,GW,Guinea-Bissau,Gini index,2018,34.8,Sub-Saharan Africa ,Low income,IDA,-15.1804,11.8037
3958,GW,Guinea-Bissau,Gini index,2017,,Sub-Saharan Africa ,Low income,IDA,-15.1804,11.8037
3959,GW,Guinea-Bissau,Gini index,2016,,Sub-Saharan Africa ,Low income,IDA,-15.1804,11.8037
3960,GY,Guyana,Gini index,2025,,Latin America & Caribbean ,High income,IDA,-58.1548,6.80461
3961,GY,Guyana,Gini index,2024,,Latin America & Caribbean ,High income,IDA,-58.1548,6.80461
3962,GY,Guyana,Gini index,2023,,Latin America & Caribbean ,High income,IDA,-58.1548,6.80461
3963,GY,Guyana,Gini index,2022,,Latin America & Caribbean ,High income,IDA,-58.1548,6.80461
3964,GY,Guyana,Gini index,2021,,Latin America & Caribbean ,High income,IDA,-58.1548,6.80461
3965,GY,Guyana,Gini index,2020,,Latin America & Caribbean ,High income,IDA,-58.1548,6.80461
3966,GY,Guyana,Gini index,2019,,Latin America & Caribbean ,High income,IDA,-58.1548,6.80461
3967,GY,Guyana,Gini index,2018,,Latin America & Caribbean ,High income,IDA,-58.1548,6.80461
3968,GY,Guyana,Gini index,2017,,Latin America & Caribbean ,High income,IDA,-58.1548,6.80461
3969,GY,Guyana,Gini index,2016,,Latin America & Caribbean ,High income,IDA,-58.1548,6.80461
3970,HT,Haiti,Gini index,2025,,Latin America & Caribbean ,Lower middle income,IDA,-72.3288,18.5392
3971,HT,Haiti,Gini index,2024,,Latin America & Caribbean ,Lower middle income,IDA,-72.3288,18.5392
3972,HT,Haiti,Gini index,2023,,Latin America & Caribbean ,Lower middle income,IDA,-72.3288,18.5392
3973,HT,Haiti,Gini index,2022,,Latin America & Caribbean ,Lower middle income,IDA,-72.3288,18.5392
3974,HT,Haiti,Gini index,2021,,Latin America & Caribbean ,Lower middle income,IDA,-72.3288,18.5392
3975,HT,Haiti,Gini index,2020,,Latin America & Caribbean ,Lower middle income,IDA,-72.3288,18.5392
3976,HT,Haiti,Gini index,2019,,Latin America & Caribbean ,Lower middle income,IDA,-72.3288,18.5392
3977,HT,Haiti,Gini index,2018,,Latin America & Caribbean ,Lower middle income,IDA,-72.3288,18.5392
3978,HT,Haiti,Gini index,2017,,Latin America & Caribbean ,Lower middle income,IDA,-72.3288,18.5392
3979,HT,Haiti,Gini index,2016,,Latin America & Caribbean ,Lower middle income,IDA,-72.3288,18.5392
3980,HN,Honduras,Gini index,2025,,Latin America & Caribbean ,Lower middle income,IDA,-87.4667,15.1333
3981,HN,Honduras,Gini index,2024,45.7,Latin America & Caribbean ,Lower middle income,IDA,-87.4667,15.1333
3982,HN,Honduras,Gini index,2023,46.8,Latin America & Caribbean ,Lower middle income,IDA,-87.4667,15.1333
3983,HN,Honduras,Gini index,2022,,Latin America & Caribbean ,Lower middle income,IDA,-87.4667,15.1333
3984,HN,Honduras,Gini index,2021,,Latin America & Caribbean ,Lower middle income,IDA,-87.4667,15.1333
3985,HN,Honduras,Gini index,2020,,Latin America & Caribbean ,Lower middle income,IDA,-87.4667,15.1333
3986,HN,Honduras,Gini index,2019,48.2,Latin America & Caribbean ,Lower middle income,IDA,-87.4667,15.1333
3987,HN,Honduras,Gini index,2018,48.9,Latin America & Caribbean ,Lower middle income,IDA,-87.4667,15.1333
3988,HN,Honduras,Gini index,2017,49.4,Latin America & Caribbean ,Lower middle income,IDA,-87.4667,15.1333
3989,HN,Honduras,Gini index,2016,49.8,Latin America & Caribbean ,Lower middle income,IDA,-87.4667,15.1333
3990,HK,"Hong Kong SAR, China",Gini index,2025,,East Asia & Pacific,High income,Not classified,114.109,22.3964
3991,HK,"Hong Kong SAR, China",Gini index,2024,,East Asia & Pacific,High income,Not classified,114.109,22.3964
3992,HK,"Hong Kong SAR, China",Gini index,2023,,East Asia & Pacific,High income,Not classified,114.109,22.3964
3993,HK,"Hong Kong SAR, China",Gini index,2022,,East Asia & Pacific,High income,Not classified,114.109,22.3964
3994,HK,"Hong Kong SAR, China",Gini index,2021,,East Asia & Pacific,High income,Not classified,114.109,22.3964
3995,HK,"Hong Kong SAR, China",Gini index,2020,,East Asia & Pacific,High income,Not classified,114.109,22.3964
3996,HK,"Hong Kong SAR, China",Gini index,2019,,East Asia & Pacific,High income,Not classified,114.109,22.3964
3997,HK,"Hong Kong SAR, China",Gini index,2018,,East Asia & Pacific,High income,Not classified,114.109,22.3964
3998,HK,"Hong Kong SAR, China",Gini index,2017,,East Asia & Pacific,High income,Not classified,114.109,22.3964
3999,HK,"Hong Kong SAR, China",Gini index,2016,,East Asia & Pacific,High income,Not classified,114.109,22.3964
4000,HU,Hungary,Gini index,2025,,Europe & Central Asia,High income,Not classified,19.0408,47.4984
4001,HU,Hungary,Gini index,2024,,Europe & Central Asia,High income,Not classified,19.0408,47.4984
4002,HU,Hungary,Gini index,2023,,Europe & Central Asia,High income,Not classified,19.0408,47.4984
4003,HU,Hungary,Gini index,2022,,Europe & Central Asia,High income,Not classified,19.0408,47.4984
4004,HU,Hungary,Gini index,2021,,Europe & Central Asia,High income,Not classified,19.0408,47.4984
4005,HU,Hungary,Gini index,2020,,Europe & Central Asia,High income,Not classified,19.0408,47.4984
4006,HU,Hungary,Gini index,2019,,Europe & Central Asia,High income,Not classified,19.0408,47.4984
4007,HU,Hungary,Gini index,2018,,Europe & Central Asia,High income,Not classified,19.0408,47.4984
4008,HU,Hungary,Gini index,2017,30.6,Europe & Central Asia,High income,Not classified,19.0408,47.4984
4009,HU,Hungary,Gini index,2016,30.3,Europe & Central Asia,High income,Not classified,19.0408,47.4984
4010,IS,Iceland,Gini index,2025,,Europe & Central Asia,High income,Not classified,-21.8952,64.1353
4011,IS,Iceland,Gini index,2024,,Europe & Central Asia,High income,Not classified,-21.8952,64.1353
4012,IS,Iceland,Gini index,2023,,Europe & Central Asia,High income,Not classified,-21.8952,64.1353
4013,IS,Iceland,Gini index,2022,,Europe & Central Asia,High income,Not classified,-21.8952,64.1353
4014,IS,Iceland,Gini index,2021,,Europe & Central Asia,High income,Not classified,-21.8952,64.1353
4015,IS,Iceland,Gini index,2020,,Europe & Central Asia,High income,Not classified,-21.8952,64.1353
4016,IS,Iceland,Gini index,2019,26.8,Europe & Central Asia,High income,Not classified,-21.8952,64.1353
4017,IS,Iceland,Gini index,2018,26.6,Europe & Central Asia,High income,Not classified,-21.8952,64.1353
4018,IS,Iceland,Gini index,2017,26.1,Europe & Central Asia,High income,Not classified,-21.8952,64.1353
4019,IS,Iceland,Gini index,2016,27.2,Europe & Central Asia,High income,Not classified,-21.8952,64.1353
4020,IN,India,Gini index,2025,,South Asia,Lower middle income,IBRD,77.225,28.6353
4021,IN,India,Gini index,2024,,South Asia,Lower middle income,IBRD,77.225,28.6353
4022,IN,India,Gini index,2023,,South Asia,Lower middle income,IBRD,77.225,28.6353
4023,IN,India,Gini index,2022,25.5,South Asia,Lower middle income,IBRD,77.225,28.6353
4024,IN,India,Gini index,2021,,South Asia,Lower middle income,IBRD,77.225,28.6353
4025,IN,India,Gini index,2020,,South Asia,Lower middle income,IBRD,77.225,28.6353
4026,IN,India,Gini index,2019,,South Asia,Lower middle income,IBRD,77.225,28.6353
4027,IN,India,Gini index,2018,,South Asia,Lower middle income,IBRD,77.225,28.6353
4028,IN,India,Gini index,2017,,South Asia,Lower middle income,IBRD,77.225,28.6353
4029,IN,India,Gini index,2016,,South Asia,Lower middle income,IBRD,77.225,28.6353
4030,ID,Indonesia,Gini index,2025,34.4,East Asia & Pacific,Upper middle income,IBRD,106.83,-6.19752
4031,ID,Indonesia,Gini index,2024,34.9,East Asia & Pacific,Upper middle income,IBRD,106.83,-6.19752
4032,ID,Indonesia,Gini index,2023,36.1,East Asia & Pacific,Upper middle income,IBRD,106.83,-6.19752
4033,ID,Indonesia,Gini index,2022,35.5,East Asia & Pacific,Upper middle income,IBRD,106.83,-6.19752
4034,ID,Indonesia,Gini index,2021,35.5,East Asia & Pacific,Upper middle income,IBRD,106.83,-6.19752
4035,ID,Indonesia,Gini index,2020,35.3,East Asia & Pacific,Upper middle income,IBRD,106.83,-6.19752
4036,ID,Indonesia,Gini index,2019,35.4,East Asia & Pacific,Upper middle income,IBRD,106.83,-6.19752
4037,ID,Indonesia,Gini index,2018,36.3,East Asia & Pacific,Upper middle income,IBRD,106.83,-6.19752
4038,ID,Indonesia,Gini index,2017,36.4,East Asia & Pacific,Upper middle income,IBRD,106.83,-6.19752
4039,ID,Indonesia,Gini index,2016,36.9,East Asia & Pacific,Upper middle income,IBRD,106.83,-6.19752
4040,IR,"Iran, Islamic Rep.",Gini index,2025,,"Middle East, North Africa, Afghanistan & Pakistan",Upper middle income,IBRD,51.4447,35.6878
4041,IR,"Iran, Islamic Rep.",Gini index,2024,,"Middle East, North Africa, Afghanistan & Pakistan",Upper middle income,IBRD,51.4447,35.6878
4042,IR,"Iran, Islamic Rep.",Gini index,2023,35.9,"Middle East, North Africa, Afghanistan & Pakistan",Upper middle income,IBRD,51.4447,35.6878
4043,IR,"Iran, Islamic Rep.",Gini index,2022,34.8,"Middle East, North Africa, Afghanistan & Pakistan",Upper middle income,IBRD,51.4447,35.6878
4044,IR,"Iran, Islamic Rep.",Gini index,2021,35.5,"Middle East, North Africa, Afghanistan & Pakistan",Upper middle income,IBRD,51.4447,35.6878
4045,IR,"Iran, Islamic Rep.",Gini index,2020,35.8,"Middle East, North Africa, Afghanistan & Pakistan",Upper middle income,IBRD,51.4447,35.6878
4046,IR,"Iran, Islamic Rep.",Gini index,2019,36.5,"Middle East, North Africa, Afghanistan & Pakistan",Upper middle income,IBRD,51.4447,35.6878
4047,IR,"Iran, Islamic Rep.",Gini index,2018,37.4,"Middle East, North Africa, Afghanistan & Pakistan",Upper middle income,IBRD,51.4447,35.6878
4048,IR,"Iran, Islamic Rep.",Gini index,2017,36.7,"Middle East, North Africa, Afghanistan & Pakistan",Upper middle income,IBRD,51.4447,35.6878
4049,IR,"Iran, Islamic Rep.",Gini index,2016,35.9,"Middle East, North Africa, Afghanistan & Pakistan",Upper middle income,IBRD,51.4447,35.6878
4050,IQ,Iraq,Gini index,2025,,"Middle East, North Africa, Afghanistan & Pakistan",Upper middle income,IBRD,44.394,33.3302
4051,IQ,Iraq,Gini index,2024,,"Middle East, North Africa, Afghanistan & Pakistan",Upper middle income,IBRD,44.394,33.3302
4052,IQ,Iraq,Gini index,2023,29.8,"Middle East, North Africa, Afghanistan & Pakistan",Upper middle income,IBRD,44.394,33.3302
4053,IQ,Iraq,Gini index,2022,,"Middle East, North Africa, Afghanistan & Pakistan",Upper middle income,IBRD,44.394,33.3302
4054,IQ,Iraq,Gini index,2021,,"Middle East, North Africa, Afghanistan & Pakistan",Upper middle income,IBRD,44.394,33.3302
4055,IQ,Iraq,Gini index,2020,,"Middle East, North Africa, Afghanistan & Pakistan",Upper middle income,IBRD,44.394,33.3302
4056,IQ,Iraq,Gini index,2019,,"Middle East, North Africa, Afghanistan & Pakistan",Upper middle income,IBRD,44.394,33.3302
4057,IQ,Iraq,Gini index,2018,,"Middle East, North Africa, Afghanistan & Pakistan",Upper middle income,IBRD,44.394,33.3302
4058,IQ,Iraq,Gini index,2017,,"Middle East, North Africa, Afghanistan & Pakistan",Upper middle income,IBRD,44.394,33.3302
4059,IQ,Iraq,Gini index,2016,,"Middle East, North Africa, Afghanistan & Pakistan",Upper middle income,IBRD,44.394,33.3302
4060,IE,Ireland,Gini index,2025,,Europe & Central Asia,High income,Not classified,-6.26749,53.3441
4061,IE,Ireland,Gini index,2024,,Europe & Central Asia,High income,Not classified,-6.26749,53.3441
4062,IE,Ireland,Gini index,2023,29.0,Europe & Central Asia,High income,Not classified,-6.26749,53.3441
4063,IE,Ireland,Gini index,2022,29.9,Europe & Central Asia,High income,Not classified,-6.26749,53.3441
4064,IE,Ireland,Gini index,2021,29.4,Europe & Central Asia,High income,Not classified,-6.26749,53.3441
4065,IE,Ireland,Gini index,2020,29.2,Europe & Central Asia,High income,Not classified,-6.26749,53.3441
4066,IE,Ireland,Gini index,2019,30.3,Europe & Central Asia,High income,Not classified,-6.26749,53.3441
4067,IE,Ireland,Gini index,2018,30.6,Europe & Central Asia,High income,Not classified,-6.26749,53.3441
4068,IE,Ireland,Gini index,2017,31.4,Europe & Central Asia,High income,Not classified,-6.26749,53.3441
4069,IE,Ireland,Gini index,2016,32.8,Europe & Central Asia,High income,Not classified,-6.26749,53.3441
4070,IM,Isle of Man,Gini index,2025,,Europe & Central Asia,High income,Not classified,-4.47928,54.1509
4071,IM,Isle of Man,Gini index,2024,,Europe & Central Asia,High income,Not classified,-4.47928,54.1509
4072,IM,Isle of Man,Gini index,2023,,Europe & Central Asia,High income,Not classified,-4.47928,54.1509
4073,IM,Isle of Man,Gini index,2022,,Europe & Central Asia,High income,Not classified,-4.47928,54.1509
4074,IM,Isle of Man,Gini index,2021,,Europe & Central Asia,High income,Not classified,-4.47928,54.1509
4075,IM,Isle of Man,Gini index,2020,,Europe & Central Asia,High income,Not classified,-4.47928,54.1509
4076,IM,Isle of Man,Gini index,2019,,Europe & Central Asia,High income,Not classified,-4.47928,54.1509
4077,IM,Isle of Man,Gini index,2018,,Europe & Central Asia,High income,Not classified,-4.47928,54.1509
4078,IM,Isle of Man,Gini index,2017,,Europe & Central Asia,High income,Not classified,-4.47928,54.1509
4079,IM,Isle of Man,Gini index,2016,,Europe & Central Asia,High income,Not classified,-4.47928,54.1509
4080,IL,Israel,Gini index,2025,,"Middle East, North Africa, Afghanistan & Pakistan",High income,Not classified,35.2035,31.7717
4081,IL,Israel,Gini index,2024,,"Middle East, North Africa, Afghanistan & Pakistan",High income,Not classified,35.2035,31.7717
4082,IL,Israel,Gini index,2023,,"Middle East, North Africa, Afghanistan & Pakistan",High income,Not classified,35.2035,31.7717
4083,IL,Israel,Gini index,2022,38.3,"Middle East, North Africa, Afghanistan & Pakistan",High income,Not classified,35.2035,31.7717
4084,IL,Israel,Gini index,2021,37.9,"Middle East, North Africa, Afghanistan & Pakistan",High income,Not classified,35.2035,31.7717
4085,IL,Israel,Gini index,2020,37.8,"Middle East, North Africa, Afghanistan & Pakistan",High income,Not classified,35.2035,31.7717
4086,IL,Israel,Gini index,2019,38.3,"Middle East, North Africa, Afghanistan & Pakistan",High income,Not classified,35.2035,31.7717
4087,IL,Israel,Gini index,2018,38.6,"Middle East, North Africa, Afghanistan & Pakistan",High income,Not classified,35.2035,31.7717
4088,IL,Israel,Gini index,2017,38.2,"Middle East, North Africa, Afghanistan & Pakistan",High income,Not classified,35.2035,31.7717
4089,IL,Israel,Gini index,2016,39.0,"Middle East, North Africa, Afghanistan & Pakistan",High income,Not classified,35.2035,31.7717
4090,IT,Italy,Gini index,2025,,Europe & Central Asia,High income,Not classified,12.4823,41.8955
4091,IT,Italy,Gini index,2024,,Europe & Central Asia,High income,Not classified,12.4823,41.8955
4092,IT,Italy,Gini index,2023,34.3,Europe & Central Asia,High income,Not classified,12.4823,41.8955
4093,IT,Italy,Gini index,2022,33.7,Europe & Central Asia,High income,Not classified,12.4823,41.8955
4094,IT,Italy,Gini index,2021,34.8,Europe & Central Asia,High income,Not classified,12.4823,41.8955
4095,IT,Italy,Gini index,2020,35.2,Europe & Central Asia,High income,Not classified,12.4823,41.8955
4096,IT,Italy,Gini index,2019,34.6,Europe & Central Asia,High income,Not classified,12.4823,41.8955
4097,IT,Italy,Gini index,2018,35.2,Europe & Central Asia,High income,Not classified,12.4823,41.8955
4098,IT,Italy,Gini index,2017,35.9,Europe & Central Asia,High income,Not classified,12.4823,41.8955
4099,IT,Italy,Gini index,2016,35.2,Europe & Central Asia,High income,Not classified,12.4823,41.8955
4100,JM,Jamaica,Gini index,2025,,Latin America & Caribbean ,Upper middle income,IBRD,-76.792,17.9927
4101,JM,Jamaica,Gini index,2024,,Latin America & Caribbean ,Upper middle income,IBRD,-76.792,17.9927
4102,JM,Jamaica,Gini index,2023,,Latin America & Caribbean ,Upper middle income,IBRD,-76.792,17.9927
4103,JM,Jamaica,Gini index,2022,,Latin America & Caribbean ,Upper middle income,IBRD,-76.792,17.9927
4104,JM,Jamaica,Gini index,2021,39.9,Latin America & Caribbean ,Upper middle income,IBRD,-76.792,17.9927
4105,JM,Jamaica,Gini index,2020,,Latin America & Caribbean ,Upper middle income,IBRD,-76.792,17.9927
4106,JM,Jamaica,Gini index,2019,,Latin America & Caribbean ,Upper middle income,IBRD,-76.792,17.9927
4107,JM,Jamaica,Gini index,2018,35.3,Latin America & Caribbean ,Upper middle income,IBRD,-76.792,17.9927
4108,JM,Jamaica,Gini index,2017,,Latin America & Caribbean ,Upper middle income,IBRD,-76.792,17.9927
4109,JM,Jamaica,Gini index,2016,,Latin America & Caribbean ,Upper middle income,IBRD,-76.792,17.9927
4110,JP,Japan,Gini index,2025,,East Asia & Pacific,High income,Not classified,139.77,35.67
4111,JP,Japan,Gini index,2024,,East Asia & Pacific,High income,Not classified,139.77,35.67
4112,JP,Japan,Gini index,2023,,East Asia & Pacific,High income,Not classified,139.77,35.67
4113,JP,Japan,Gini index,2022,,East Asia & Pacific,High income,Not classified,139.77,35.67
4114,JP,Japan,Gini index,2021,,East Asia & Pacific,High income,Not classified,139.77,35.67
4115,JP,Japan,Gini index,2020,32.3,East Asia & Pacific,High income,Not classified,139.77,35.67
4116,JP,Japan,Gini index,2019,33.0,East Asia & Pacific,High income,Not classified,139.77,35.67
4117,JP,Japan,Gini index,2018,32.9,East Asia & Pacific,High income,Not classified,139.77,35.67
4118,JP,Japan,Gini index,2017,31.8,East Asia & Pacific,High income,Not classified,139.77,35.67
4119,JP,Japan,Gini index,2016,31.8,East Asia & Pacific,High income,Not classified,139.77,35.67
4120,JO,Jordan,Gini index,2025,,"Middle East, North Africa, Afghanistan & Pakistan",Upper middle income,IBRD,35.9263,31.9497
4121,JO,Jordan,Gini index,2024,,"Middle East, North Africa, Afghanistan & Pakistan",Upper middle income,IBRD,35.9263,31.9497
4122,JO,Jordan,Gini index,2023,,"Middle East, North Africa, Afghanistan & Pakistan",Upper middle income,IBRD,35.9263,31.9497
4123,JO,Jordan,Gini index,2022,,"Middle East, North Africa, Afghanistan & Pakistan",Upper middle income,IBRD,35.9263,31.9497
4124,JO,Jordan,Gini index,2021,,"Middle East, North Africa, Afghanistan & Pakistan",Upper middle income,IBRD,35.9263,31.9497
4125,JO,Jordan,Gini index,2020,,"Middle East, North Africa, Afghanistan & Pakistan",Upper middle income,IBRD,35.9263,31.9497
4126,JO,Jordan,Gini index,2019,,"Middle East, North Africa, Afghanistan & Pakistan",Upper middle income,IBRD,35.9263,31.9497
4127,JO,Jordan,Gini index,2018,,"Middle East, North Africa, Afghanistan & Pakistan",Upper middle income,IBRD,35.9263,31.9497
4128,JO,Jordan,Gini index,2017,,"Middle East, North Africa, Afghanistan & Pakistan",Upper middle income,IBRD,35.9263,31.9497
4129,JO,Jordan,Gini index,2016,,"Middle East, North Africa, Afghanistan & Pakistan",Upper middle income,IBRD,35.9263,31.9497
4130,KZ,Kazakhstan,Gini index,2025,,Europe & Central Asia,Upper middle income,IBRD,71.4382,51.1879
4131,KZ,Kazakhstan,Gini index,2024,,Europe & Central Asia,Upper middle income,IBRD,71.4382,51.1879
4132,KZ,Kazakhstan,Gini index,2023,,Europe & Central Asia,Upper middle income,IBRD,71.4382,51.1879
4133,KZ,Kazakhstan,Gini index,2022,,Europe & Central Asia,Upper middle income,IBRD,71.4382,51.1879
4134,KZ,Kazakhstan,Gini index,2021,29.2,Europe & Central Asia,Upper middle income,IBRD,71.4382,51.1879
4135,KZ,Kazakhstan,Gini index,2020,28.7,Europe & Central Asia,Upper middle income,IBRD,71.4382,51.1879
4136,KZ,Kazakhstan,Gini index,2019,28.0,Europe & Central Asia,Upper middle income,IBRD,71.4382,51.1879
4137,KZ,Kazakhstan,Gini index,2018,27.8,Europe & Central Asia,Upper middle income,IBRD,71.4382,51.1879
4138,KZ,Kazakhstan,Gini index,2017,27.5,Europe & Central Asia,Upper middle income,IBRD,71.4382,51.1879
4139,KZ,Kazakhstan,Gini index,2016,27.2,Europe & Central Asia,Upper middle income,IBRD,71.4382,51.1879
4140,KE,Kenya,Gini index,2025,,Sub-Saharan Africa ,Lower middle income,Blend,36.8126,-1.27975
4141,KE,Kenya,Gini index,2024,,Sub-Saharan Africa ,Lower middle income,Blend,36.8126,-1.27975
4142,KE,Kenya,Gini index,2023,,Sub-Saharan Africa ,Lower middle income,Blend,36.8126,-1.27975
4143,KE,Kenya,Gini index,2022,38.5,Sub-Saharan Africa ,Lower middle income,Blend,36.8126,-1.27975
4144,KE,Kenya,Gini index,2021,38.7,Sub-Saharan Africa ,Lower middle income,Blend,36.8126,-1.27975
4145,KE,Kenya,Gini index,2020,36.2,Sub-Saharan Africa ,Lower middle income,Blend,36.8126,-1.27975
4146,KE,Kenya,Gini index,2019,,Sub-Saharan Africa ,Lower middle income,Blend,36.8126,-1.27975
4147,KE,Kenya,Gini index,2018,,Sub-Saharan Africa ,Lower middle income,Blend,36.8126,-1.27975
4148,KE,Kenya,Gini index,2017,,Sub-Saharan Africa ,Lower middle income,Blend,36.8126,-1.27975
4149,KE,Kenya,Gini index,2016,,Sub-Saharan Africa ,Lower middle income,Blend,36.8126,-1.27975
4150,KI,Kiribati,Gini index,2025,,East Asia & Pacific,Lower middle income,IDA,172.979,1.32905
4151,KI,Kiribati,Gini index,2024,,East Asia & Pacific,Lower middle income,IDA,172.979,1.32905
4152,KI,Kiribati,Gini index,2023,24.7,East Asia & Pacific,Lower middle income,IDA,172.979,1.32905
4153,KI,Kiribati,Gini index,2022,,East Asia & Pacific,Lower middle income,IDA,172.979,1.32905
4154,KI,Kiribati,Gini index,2021,,East Asia & Pacific,Lower middle income,IDA,172.979,1.32905
4155,KI,Kiribati,Gini index,2020,,East Asia & Pacific,Lower middle income,IDA,172.979,1.32905
4156,KI,Kiribati,Gini index,2019,27.8,East Asia & Pacific,Lower middle income,IDA,172.979,1.32905
4157,KI,Kiribati,Gini index,2018,,East Asia & Pacific,Lower middle income,IDA,172.979,1.32905
4158,KI,Kiribati,Gini index,2017,,East Asia & Pacific,Lower middle income,IDA,172.979,1.32905
4159,KI,Kiribati,Gini index,2016,,East Asia & Pacific,Lower middle income,IDA,172.979,1.32905
4160,KP,"Korea, Dem. People's Rep.",Gini index,2025,,East Asia & Pacific,Low income,Not classified,125.754,39.0319
4161,KP,"Korea, Dem. People's Rep.",Gini index,2024,,East Asia & Pacific,Low income,Not classified,125.754,39.0319
4162,KP,"Korea, Dem. People's Rep.",Gini index,2023,,East Asia & Pacific,Low income,Not classified,125.754,39.0319
4163,KP,"Korea, Dem. People's Rep.",Gini index,2022,,East Asia & Pacific,Low income,Not classified,125.754,39.0319
4164,KP,"Korea, Dem. People's Rep.",Gini index,2021,,East Asia & Pacific,Low income,Not classified,125.754,39.0319
4165,KP,"Korea, Dem. People's Rep.",Gini index,2020,,East Asia & Pacific,Low income,Not classified,125.754,39.0319
4166,KP,"Korea, Dem. People's Rep.",Gini index,2019,,East Asia & Pacific,Low income,Not classified,125.754,39.0319
4167,KP,"Korea, Dem. People's Rep.",Gini index,2018,,East Asia & Pacific,Low income,Not classified,125.754,39.0319
4168,KP,"Korea, Dem. People's Rep.",Gini index,2017,,East Asia & Pacific,Low income,Not classified,125.754,39.0319
4169,KP,"Korea, Dem. People's Rep.",Gini index,2016,,East Asia & Pacific,Low income,Not classified,125.754,39.0319
4170,KR,"Korea, Rep.",Gini index,2025,,East Asia & Pacific,High income,Not classified,126.957,37.5323
4171,KR,"Korea, Rep.",Gini index,2024,,East Asia & Pacific,High income,Not classified,126.957,37.5323
4172,KR,"Korea, Rep.",Gini index,2023,,East Asia & Pacific,High income,Not classified,126.957,37.5323
4173,KR,"Korea, Rep.",Gini index,2022,,East Asia & Pacific,High income,Not classified,126.957,37.5323
4174,KR,"Korea, Rep.",Gini index,2021,32.9,East Asia & Pacific,High income,Not classified,126.957,37.5323
4175,KR,"Korea, Rep.",Gini index,2020,32.7,East Asia & Pacific,High income,Not classified,126.957,37.5323
4176,KR,"Korea, Rep.",Gini index,2019,33.2,East Asia & Pacific,High income,Not classified,126.957,37.5323
4177,KR,"Korea, Rep.",Gini index,2018,33.7,East Asia & Pacific,High income,Not classified,126.957,37.5323
4178,KR,"Korea, Rep.",Gini index,2017,34.9,East Asia & Pacific,High income,Not classified,126.957,37.5323
4179,KR,"Korea, Rep.",Gini index,2016,35.2,East Asia & Pacific,High income,Not classified,126.957,37.5323
4180,XK,Kosovo,Gini index,2025,,Europe & Central Asia,Upper middle income,IDA,20.926,42.565
4181,XK,Kosovo,Gini index,2024,,Europe & Central Asia,Upper middle income,IDA,20.926,42.565
4182,XK,Kosovo,Gini index,2023,,Europe & Central Asia,Upper middle income,IDA,20.926,42.565
4183,XK,Kosovo,Gini index,2022,38.3,Europe & Central Asia,Upper middle income,IDA,20.926,42.565
4184,XK,Kosovo,Gini index,2021,49.4,Europe & Central Asia,Upper middle income,IDA,20.926,42.565
4185,XK,Kosovo,Gini index,2020,57.4,Europe & Central Asia,Upper middle income,IDA,20.926,42.565
4186,XK,Kosovo,Gini index,2019,40.2,Europe & Central Asia,Upper middle income,IDA,20.926,42.565
4187,XK,Kosovo,Gini index,2018,44.6,Europe & Central Asia,Upper middle income,IDA,20.926,42.565
4188,XK,Kosovo,Gini index,2017,44.2,Europe & Central Asia,Upper middle income,IDA,20.926,42.565
4189,XK,Kosovo,Gini index,2016,26.7,Europe & Central Asia,Upper middle income,IDA,20.926,42.565
4190,KW,Kuwait,Gini index,2025,,"Middle East, North Africa, Afghanistan & Pakistan",High income,Not classified,47.9824,29.3721
4191,KW,Kuwait,Gini index,2024,,"Middle East, North Africa, Afghanistan & Pakistan",High income,Not classified,47.9824,29.3721
4192,KW,Kuwait,Gini index,2023,,"Middle East, North Africa, Afghanistan & Pakistan",High income,Not classified,47.9824,29.3721
4193,KW,Kuwait,Gini index,2022,,"Middle East, North Africa, Afghanistan & Pakistan",High income,Not classified,47.9824,29.3721
4194,KW,Kuwait,Gini index,2021,,"Middle East, North Africa, Afghanistan & Pakistan",High income,Not classified,47.9824,29.3721
4195,KW,Kuwait,Gini index,2020,,"Middle East, North Africa, Afghanistan & Pakistan",High income,Not classified,47.9824,29.3721
4196,KW,Kuwait,Gini index,2019,,"Middle East, North Africa, Afghanistan & Pakistan",High income,Not classified,47.9824,29.3721
4197,KW,Kuwait,Gini index,2018,,"Middle East, North Africa, Afghanistan & Pakistan",High income,Not classified,47.9824,29.3721
4198,KW,Kuwait,Gini index,2017,,"Middle East, North Africa, Afghanistan & Pakistan",High income,Not classified,47.9824,29.3721
4199,KW,Kuwait,Gini index,2016,,"Middle East, North Africa, Afghanistan & Pakistan",High income,Not classified,47.9824,29.3721
4200,KG,Kyrgyz Republic,Gini index,2025,,Europe & Central Asia,Lower middle income,IDA,74.6057,42.8851
4201,KG,Kyrgyz Republic,Gini index,2024,27.5,Europe & Central Asia,Lower middle income,IDA,74.6057,42.8851
4202,KG,Kyrgyz Republic,Gini index,2023,27.2,Europe & Central Asia,Lower middle income,IDA,74.6057,42.8851
4203,KG,Kyrgyz Republic,Gini index,2022,26.4,Europe & Central Asia,Lower middle income,IDA,74.6057,42.8851
4204,KG,Kyrgyz Republic,Gini index,2021,28.8,Europe & Central Asia,Lower middle income,IDA,74.6057,42.8851
4205,KG,Kyrgyz Republic,Gini index,2020,29.0,Europe & Central Asia,Lower middle income,IDA,74.6057,42.8851
4206,KG,Kyrgyz Republic,Gini index,2019,29.7,Europe & Central Asia,Lower middle income,IDA,74.6057,42.8851
4207,KG,Kyrgyz Republic,Gini index,2018,27.7,Europe & Central Asia,Lower middle income,IDA,74.6057,42.8851
4208,KG,Kyrgyz Republic,Gini index,2017,27.3,Europe & Central Asia,Lower middle income,IDA,74.6057,42.8851
4209,KG,Kyrgyz Republic,Gini index,2016,26.8,Europe & Central Asia,Lower middle income,IDA,74.6057,42.8851
4210,LA,Lao PDR,Gini index,2025,,East Asia & Pacific,Lower middle income,IDA,102.177,18.5826
4211,LA,Lao PDR,Gini index,2024,34.7,East Asia & Pacific,Lower middle income,IDA,102.177,18.5826
4212,LA,Lao PDR,Gini index,2023,,East Asia & Pacific,Lower middle income,IDA,102.177,18.5826
4213,LA,Lao PDR,Gini index,2022,,East Asia & Pacific,Lower middle income,IDA,102.177,18.5826
4214,LA,Lao PDR,Gini index,2021,,East Asia & Pacific,Lower middle income,IDA,102.177,18.5826
4215,LA,Lao PDR,Gini index,2020,,East Asia & Pacific,Lower middle income,IDA,102.177,18.5826
4216,LA,Lao PDR,Gini index,2019,,East Asia & Pacific,Lower middle income,IDA,102.177,18.5826
4217,LA,Lao PDR,Gini index,2018,38.8,East Asia & Pacific,Lower middle income,IDA,102.177,18.5826
4218,LA,Lao PDR,Gini index,2017,,East Asia & Pacific,Lower middle income,IDA,102.177,18.5826
4219,LA,Lao PDR,Gini index,2016,,East Asia & Pacific,Lower middle income,IDA,102.177,18.5826
4220,LV,Latvia,Gini index,2025,,Europe & Central Asia,High income,Not classified,24.1048,56.9465
4221,LV,Latvia,Gini index,2024,,Europe & Central Asia,High income,Not classified,24.1048,56.9465
4222,LV,Latvia,Gini index,2023,34.0,Europe & Central Asia,High income,Not classified,24.1048,56.9465
4223,LV,Latvia,Gini index,2022,33.7,Europe & Central Asia,High income,Not classified,24.1048,56.9465
4224,LV,Latvia,Gini index,2021,34.3,Europe & Central Asia,High income,Not classified,24.1048,56.9465
4225,LV,Latvia,Gini index,2020,35.7,Europe & Central Asia,High income,Not classified,24.1048,56.9465
4226,LV,Latvia,Gini index,2019,34.5,Europe & Central Asia,High income,Not classified,24.1048,56.9465
4227,LV,Latvia,Gini index,2018,35.1,Europe & Central Asia,High income,Not classified,24.1048,56.9465
4228,LV,Latvia,Gini index,2017,35.6,Europe & Central Asia,High income,Not classified,24.1048,56.9465
4229,LV,Latvia,Gini index,2016,34.3,Europe & Central Asia,High income,Not classified,24.1048,56.9465
4230,LB,Lebanon,Gini index,2025,,"Middle East, North Africa, Afghanistan & Pakistan",Lower middle income,IBRD,35.5134,33.8872
4231,LB,Lebanon,Gini index,2024,,"Middle East, North Africa, Afghanistan & Pakistan",Lower middle income,IBRD,35.5134,33.8872
4232,LB,Lebanon,Gini index,2023,,"Middle East, North Africa, Afghanistan & Pakistan",Lower middle income,IBRD,35.5134,33.8872
4233,LB,Lebanon,Gini index,2022,35.5,"Middle East, North Africa, Afghanistan & Pakistan",Lower middle income,IBRD,35.5134,33.8872
4234,LB,Lebanon,Gini index,2021,,"Middle East, North Africa, Afghanistan & Pakistan",Lower middle income,IBRD,35.5134,33.8872
4235,LB,Lebanon,Gini index,2020,,"Middle East, North Africa, Afghanistan & Pakistan",Lower middle income,IBRD,35.5134,33.8872
4236,LB,Lebanon,Gini index,2019,,"Middle East, North Africa, Afghanistan & Pakistan",Lower middle income,IBRD,35.5134,33.8872
4237,LB,Lebanon,Gini index,2018,,"Middle East, North Africa, Afghanistan & Pakistan",Lower middle income,IBRD,35.5134,33.8872
4238,LB,Lebanon,Gini index,2017,,"Middle East, North Africa, Afghanistan & Pakistan",Lower middle income,IBRD,35.5134,33.8872
4239,LB,Lebanon,Gini index,2016,,"Middle East, North Africa, Afghanistan & Pakistan",Lower middle income,IBRD,35.5134,33.8872
4240,LS,Lesotho,Gini index,2025,,Sub-Saharan Africa ,Lower middle income,IDA,27.7167,-29.5208
4241,LS,Lesotho,Gini index,2024,,Sub-Saharan Africa ,Lower middle income,IDA,27.7167,-29.5208
4242,LS,Lesotho,Gini index,2023,,Sub-Saharan Africa ,Lower middle income,IDA,27.7167,-29.5208
4243,LS,Lesotho,Gini index,2022,,Sub-Saharan Africa ,Lower middle income,IDA,27.7167,-29.5208
4244,LS,Lesotho,Gini index,2021,,Sub-Saharan Africa ,Lower middle income,IDA,27.7167,-29.5208
4245,LS,Lesotho,Gini index,2020,,Sub-Saharan Africa ,Lower middle income,IDA,27.7167,-29.5208
4246,LS,Lesotho,Gini index,2019,,Sub-Saharan Africa ,Lower middle income,IDA,27.7167,-29.5208
4247,LS,Lesotho,Gini index,2018,,Sub-Saharan Africa ,Lower middle income,IDA,27.7167,-29.5208
4248,LS,Lesotho,Gini index,2017,44.9,Sub-Saharan Africa ,Lower middle income,IDA,27.7167,-29.5208
4249,LS,Lesotho,Gini index,2016,,Sub-Saharan Africa ,Lower middle income,IDA,27.7167,-29.5208
4250,LR,Liberia,Gini index,2025,,Sub-Saharan Africa ,Low income,IDA,-10.7957,6.30039
4251,LR,Liberia,Gini index,2024,,Sub-Saharan Africa ,Low income,IDA,-10.7957,6.30039
4252,LR,Liberia,Gini index,2023,,Sub-Saharan Africa ,Low income,IDA,-10.7957,6.30039
4253,LR,Liberia,Gini index,2022,,Sub-Saharan Africa ,Low income,IDA,-10.7957,6.30039
4254,LR,Liberia,Gini index,2021,,Sub-Saharan Africa ,Low income,IDA,-10.7957,6.30039
4255,LR,Liberia,Gini index,2020,,Sub-Saharan Africa ,Low income,IDA,-10.7957,6.30039
4256,LR,Liberia,Gini index,2019,,Sub-Saharan Africa ,Low income,IDA,-10.7957,6.30039
4257,LR,Liberia,Gini index,2018,,Sub-Saharan Africa ,Low income,IDA,-10.7957,6.30039
4258,LR,Liberia,Gini index,2017,,Sub-Saharan Africa ,Low income,IDA,-10.7957,6.30039
4259,LR,Liberia,Gini index,2016,35.3,Sub-Saharan Africa ,Low income,IDA,-10.7957,6.30039
4260,LY,Libya,Gini index,2025,,"Middle East, North Africa, Afghanistan & Pakistan",Upper middle income,IBRD,13.1072,32.8578
4261,LY,Libya,Gini index,2024,,"Middle East, North Africa, Afghanistan & Pakistan",Upper middle income,IBRD,13.1072,32.8578
4262,LY,Libya,Gini index,2023,,"Middle East, North Africa, Afghanistan & Pakistan",Upper middle income,IBRD,13.1072,32.8578
4263,LY,Libya,Gini index,2022,,"Middle East, North Africa, Afghanistan & Pakistan",Upper middle income,IBRD,13.1072,32.8578
4264,LY,Libya,Gini index,2021,,"Middle East, North Africa, Afghanistan & Pakistan",Upper middle income,IBRD,13.1072,32.8578
4265,LY,Libya,Gini index,2020,,"Middle East, North Africa, Afghanistan & Pakistan",Upper middle income,IBRD,13.1072,32.8578
4266,LY,Libya,Gini index,2019,,"Middle East, North Africa, Afghanistan & Pakistan",Upper middle income,IBRD,13.1072,32.8578
4267,LY,Libya,Gini index,2018,,"Middle East, North Africa, Afghanistan & Pakistan",Upper middle income,IBRD,13.1072,32.8578
4268,LY,Libya,Gini index,2017,,"Middle East, North Africa, Afghanistan & Pakistan",Upper middle income,IBRD,13.1072,32.8578
4269,LY,Libya,Gini index,2016,,"Middle East, North Africa, Afghanistan & Pakistan",Upper middle income,IBRD,13.1072,32.8578
4270,LI,Liechtenstein,Gini index,2025,,Europe & Central Asia,High income,Not classified,9.52148,47.1411
4271,LI,Liechtenstein,Gini index,2024,,Europe & Central Asia,High income,Not classified,9.52148,47.1411
4272,LI,Liechtenstein,Gini index,2023,,Europe & Central Asia,High income,Not classified,9.52148,47.1411
4273,LI,Liechtenstein,Gini index,2022,,Europe & Central Asia,High income,Not classified,9.52148,47.1411
4274,LI,Liechtenstein,Gini index,2021,,Europe & Central Asia,High income,Not classified,9.52148,47.1411
4275,LI,Liechtenstein,Gini index,2020,,Europe & Central Asia,High income,Not classified,9.52148,47.1411
4276,LI,Liechtenstein,Gini index,2019,,Europe & Central Asia,High income,Not classified,9.52148,47.1411
4277,LI,Liechtenstein,Gini index,2018,,Europe & Central Asia,High income,Not classified,9.52148,47.1411
4278,LI,Liechtenstein,Gini index,2017,,Europe & Central Asia,High income,Not classified,9.52148,47.1411
4279,LI,Liechtenstein,Gini index,2016,,Europe & Central Asia,High income,Not classified,9.52148,47.1411
4280,LT,Lithuania,Gini index,2025,,Europe & Central Asia,High income,Not classified,25.2799,54.6896
4281,LT,Lithuania,Gini index,2024,,Europe & Central Asia,High income,Not classified,25.2799,54.6896
4282,LT,Lithuania,Gini index,2023,36.0,Europe & Central Asia,High income,Not classified,25.2799,54.6896
4283,LT,Lithuania,Gini index,2022,36.6,Europe & Central Asia,High income,Not classified,25.2799,54.6896
4284,LT,Lithuania,Gini index,2021,36.7,Europe & Central Asia,High income,Not classified,25.2799,54.6896
4285,LT,Lithuania,Gini index,2020,36.0,Europe & Central Asia,High income,Not classified,25.2799,54.6896
4286,LT,Lithuania,Gini index,2019,35.3,Europe & Central Asia,High income,Not classified,25.2799,54.6896
4287,LT,Lithuania,Gini index,2018,35.7,Europe & Central Asia,High income,Not classified,25.2799,54.6896
4288,LT,Lithuania,Gini index,2017,37.3,Europe & Central Asia,High income,Not classified,25.2799,54.6896
4289,LT,Lithuania,Gini index,2016,38.4,Europe & Central Asia,High income,Not classified,25.2799,54.6896
4290,LU,Luxembourg,Gini index,2025,,Europe & Central Asia,High income,Not classified,6.1296,49.61
4291,LU,Luxembourg,Gini index,2024,,Europe & Central Asia,High income,Not classified,6.1296,49.61
4292,LU,Luxembourg,Gini index,2023,33.6,Europe & Central Asia,High income,Not classified,6.1296,49.61
4293,LU,Luxembourg,Gini index,2022,34.1,Europe & Central Asia,High income,Not classified,6.1296,49.61
4294,LU,Luxembourg,Gini index,2021,32.7,Europe & Central Asia,High income,Not classified,6.1296,49.61
4295,LU,Luxembourg,Gini index,2020,33.4,Europe & Central Asia,High income,Not classified,6.1296,49.61
4296,LU,Luxembourg,Gini index,2019,34.2,Europe & Central Asia,High income,Not classified,6.1296,49.61
4297,LU,Luxembourg,Gini index,2018,35.4,Europe & Central Asia,High income,Not classified,6.1296,49.61
4298,LU,Luxembourg,Gini index,2017,34.5,Europe & Central Asia,High income,Not classified,6.1296,49.61
4299,LU,Luxembourg,Gini index,2016,31.7,Europe & Central Asia,High income,Not classified,6.1296,49.61
4300,MO,"Macao SAR, China",Gini index,2025,,East Asia & Pacific,High income,Not classified,113.55,22.1667
4301,MO,"Macao SAR, China",Gini index,2024,,East Asia & Pacific,High income,Not classified,113.55,22.1667
4302,MO,"Macao SAR, China",Gini index,2023,,East Asia & Pacific,High income,Not classified,113.55,22.1667
4303,MO,"Macao SAR, China",Gini index,2022,,East Asia & Pacific,High income,Not classified,113.55,22.1667
4304,MO,"Macao SAR, China",Gini index,2021,,East Asia & Pacific,High income,Not classified,113.55,22.1667
4305,MO,"Macao SAR, China",Gini index,2020,,East Asia & Pacific,High income,Not classified,113.55,22.1667
4306,MO,"Macao SAR, China",Gini index,2019,,East Asia & Pacific,High income,Not classified,113.55,22.1667
4307,MO,"Macao SAR, China",Gini index,2018,,East Asia & Pacific,High income,Not classified,113.55,22.1667
4308,MO,"Macao SAR, China",Gini index,2017,,East Asia & Pacific,High income,Not classified,113.55,22.1667
4309,MO,"Macao SAR, China",Gini index,2016,,East Asia & Pacific,High income,Not classified,113.55,22.1667
4310,MG,Madagascar,Gini index,2025,,Sub-Saharan Africa ,Low income,IDA,45.7167,-20.4667
4311,MG,Madagascar,Gini index,2024,,Sub-Saharan Africa ,Low income,IDA,45.7167,-20.4667
4312,MG,Madagascar,Gini index,2023,,Sub-Saharan Africa ,Low income,IDA,45.7167,-20.4667
4313,MG,Madagascar,Gini index,2022,,Sub-Saharan Africa ,Low income,IDA,45.7167,-20.4667
4314,MG,Madagascar,Gini index,2021,36.8,Sub-Saharan Africa ,Low income,IDA,45.7167,-20.4667
4315,MG,Madagascar,Gini index,2020,,Sub-Saharan Africa ,Low income,IDA,45.7167,-20.4667
4316,MG,Madagascar,Gini index,2019,,Sub-Saharan Africa ,Low income,IDA,45.7167,-20.4667
4317,MG,Madagascar,Gini index,2018,,Sub-Saharan Africa ,Low income,IDA,45.7167,-20.4667
4318,MG,Madagascar,Gini index,2017,,Sub-Saharan Africa ,Low income,IDA,45.7167,-20.4667
4319,MG,Madagascar,Gini index,2016,,Sub-Saharan Africa ,Low income,IDA,45.7167,-20.4667
4320,MW,Malawi,Gini index,2025,,Sub-Saharan Africa ,Low income,IDA,33.7703,-13.9899
4321,MW,Malawi,Gini index,2024,,Sub-Saharan Africa ,Low income,IDA,33.7703,-13.9899
4322,MW,Malawi,Gini index,2023,,Sub-Saharan Africa ,Low income,IDA,33.7703,-13.9899
4323,MW,Malawi,Gini index,2022,,Sub-Saharan Africa ,Low income,IDA,33.7703,-13.9899
4324,MW,Malawi,Gini index,2021,,Sub-Saharan Africa ,Low income,IDA,33.7703,-13.9899
4325,MW,Malawi,Gini index,2020,,Sub-Saharan Africa ,Low income,IDA,33.7703,-13.9899
4326,MW,Malawi,Gini index,2019,38.5,Sub-Saharan Africa ,Low income,IDA,33.7703,-13.9899
4327,MW,Malawi,Gini index,2018,,Sub-Saharan Africa ,Low income,IDA,33.7703,-13.9899
4328,MW,Malawi,Gini index,2017,,Sub-Saharan Africa ,Low income,IDA,33.7703,-13.9899
4329,MW,Malawi,Gini index,2016,44.7,Sub-Saharan Africa ,Low income,IDA,33.7703,-13.9899
4330,MY,Malaysia,Gini index,2025,,East Asia & Pacific,Upper middle income,IBRD,101.684,3.12433
4331,MY,Malaysia,Gini index,2024,,East Asia & Pacific,Upper middle income,IBRD,101.684,3.12433
4332,MY,Malaysia,Gini index,2023,,East Asia & Pacific,Upper middle income,IBRD,101.684,3.12433
4333,MY,Malaysia,Gini index,2022,,East Asia & Pacific,Upper middle income,IBRD,101.684,3.12433
4334,MY,Malaysia,Gini index,2021,40.7,East Asia & Pacific,Upper middle income,IBRD,101.684,3.12433
4335,MY,Malaysia,Gini index,2020,,East Asia & Pacific,Upper middle income,IBRD,101.684,3.12433
4336,MY,Malaysia,Gini index,2019,,East Asia & Pacific,Upper middle income,IBRD,101.684,3.12433
4337,MY,Malaysia,Gini index,2018,41.2,East Asia & Pacific,Upper middle income,IBRD,101.684,3.12433
4338,MY,Malaysia,Gini index,2017,,East Asia & Pacific,Upper middle income,IBRD,101.684,3.12433
4339,MY,Malaysia,Gini index,2016,,East Asia & Pacific,Upper middle income,IBRD,101.684,3.12433
4340,MV,Maldives,Gini index,2025,,South Asia,Upper middle income,IDA,73.5109,4.1742
4341,MV,Maldives,Gini index,2024,,South Asia,Upper middle income,IDA,73.5109,4.1742
4342,MV,Maldives,Gini index,2023,,South Asia,Upper middle income,IDA,73.5109,4.1742
4343,MV,Maldives,Gini index,2022,,South Asia,Upper middle income,IDA,73.5109,4.1742
4344,MV,Maldives,Gini index,2021,,South Asia,Upper middle income,IDA,73.5109,4.1742
4345,MV,Maldives,Gini index,2020,,South Asia,Upper middle income,IDA,73.5109,4.1742
4346,MV,Maldives,Gini index,2019,29.3,South Asia,Upper middle income,IDA,73.5109,4.1742
4347,MV,Maldives,Gini index,2018,,South Asia,Upper middle income,IDA,73.5109,4.1742
4348,MV,Maldives,Gini index,2017,,South Asia,Upper middle income,IDA,73.5109,4.1742
4349,MV,Maldives,Gini index,2016,31.3,South Asia,Upper middle income,IDA,73.5109,4.1742
4350,ML,Mali,Gini index,2025,,Sub-Saharan Africa ,Low income,IDA,-7.50034,13.5667
4351,ML,Mali,Gini index,2024,,Sub-Saharan Africa ,Low income,IDA,-7.50034,13.5667
4352,ML,Mali,Gini index,2023,,Sub-Saharan Africa ,Low income,IDA,-7.50034,13.5667
4353,ML,Mali,Gini index,2022,,Sub-Saharan Africa ,Low income,IDA,-7.50034,13.5667
4354,ML,Mali,Gini index,2021,35.7,Sub-Saharan Africa ,Low income,IDA,-7.50034,13.5667
4355,ML,Mali,Gini index,2020,,Sub-Saharan Africa ,Low income,IDA,-7.50034,13.5667
4356,ML,Mali,Gini index,2019,,Sub-Saharan Africa ,Low income,IDA,-7.50034,13.5667
4357,ML,Mali,Gini index,2018,36.0,Sub-Saharan Africa ,Low income,IDA,-7.50034,13.5667
4358,ML,Mali,Gini index,2017,,Sub-Saharan Africa ,Low income,IDA,-7.50034,13.5667
4359,ML,Mali,Gini index,2016,,Sub-Saharan Africa ,Low income,IDA,-7.50034,13.5667
4360,MT,Malta,Gini index,2025,,"Middle East, North Africa, Afghanistan & Pakistan",High income,Not classified,14.5189,35.9042
4361,MT,Malta,Gini index,2024,,"Middle East, North Africa, Afghanistan & Pakistan",High income,Not classified,14.5189,35.9042
4362,MT,Malta,Gini index,2023,31.8,"Middle East, North Africa, Afghanistan & Pakistan",High income,Not classified,14.5189,35.9042
4363,MT,Malta,Gini index,2022,34.6,"Middle East, North Africa, Afghanistan & Pakistan",High income,Not classified,14.5189,35.9042
4364,MT,Malta,Gini index,2021,31.6,"Middle East, North Africa, Afghanistan & Pakistan",High income,Not classified,14.5189,35.9042
4365,MT,Malta,Gini index,2020,31.4,"Middle East, North Africa, Afghanistan & Pakistan",High income,Not classified,14.5189,35.9042
4366,MT,Malta,Gini index,2019,31.0,"Middle East, North Africa, Afghanistan & Pakistan",High income,Not classified,14.5189,35.9042
4367,MT,Malta,Gini index,2018,28.7,"Middle East, North Africa, Afghanistan & Pakistan",High income,Not classified,14.5189,35.9042
4368,MT,Malta,Gini index,2017,29.2,"Middle East, North Africa, Afghanistan & Pakistan",High income,Not classified,14.5189,35.9042
4369,MT,Malta,Gini index,2016,29.1,"Middle East, North Africa, Afghanistan & Pakistan",High income,Not classified,14.5189,35.9042
4370,MH,Marshall Islands,Gini index,2025,,East Asia & Pacific,Upper middle income,IDA,171.135,7.11046
4371,MH,Marshall Islands,Gini index,2024,,East Asia & Pacific,Upper middle income,IDA,171.135,7.11046
4372,MH,Marshall Islands,Gini index,2023,,East Asia & Pacific,Upper middle income,IDA,171.135,7.11046
4373,MH,Marshall Islands,Gini index,2022,,East Asia & Pacific,Upper middle income,IDA,171.135,7.11046
4374,MH,Marshall Islands,Gini index,2021,,East Asia & Pacific,Upper middle income,IDA,171.135,7.11046
4375,MH,Marshall Islands,Gini index,2020,,East Asia & Pacific,Upper middle income,IDA,171.135,7.11046
4376,MH,Marshall Islands,Gini index,2019,35.5,East Asia & Pacific,Upper middle income,IDA,171.135,7.11046
4377,MH,Marshall Islands,Gini index,2018,,East Asia & Pacific,Upper middle income,IDA,171.135,7.11046
4378,MH,Marshall Islands,Gini index,2017,,East Asia & Pacific,Upper middle income,IDA,171.135,7.11046
4379,MH,Marshall Islands,Gini index,2016,,East Asia & Pacific,Upper middle income,IDA,171.135,7.11046
4380,MR,Mauritania,Gini index,2025,,Sub-Saharan Africa ,Lower middle income,IDA,-15.9824,18.2367
4381,MR,Mauritania,Gini index,2024,,Sub-Saharan Africa ,Lower middle income,IDA,-15.9824,18.2367
4382,MR,Mauritania,Gini index,2023,,Sub-Saharan Africa ,Lower middle income,IDA,-15.9824,18.2367
4383,MR,Mauritania,Gini index,2022,,Sub-Saharan Africa ,Lower middle income,IDA,-15.9824,18.2367
4384,MR,Mauritania,Gini index,2021,,Sub-Saharan Africa ,Lower middle income,IDA,-15.9824,18.2367
4385,MR,Mauritania,Gini index,2020,,Sub-Saharan Africa ,Lower middle income,IDA,-15.9824,18.2367
4386,MR,Mauritania,Gini index,2019,32.0,Sub-Saharan Africa ,Lower middle income,IDA,-15.9824,18.2367
4387,MR,Mauritania,Gini index,2018,,Sub-Saharan Africa ,Lower middle income,IDA,-15.9824,18.2367
4388,MR,Mauritania,Gini index,2017,,Sub-Saharan Africa ,Lower middle income,IDA,-15.9824,18.2367
4389,MR,Mauritania,Gini index,2016,,Sub-Saharan Africa ,Lower middle income,IDA,-15.9824,18.2367
4390,MU,Mauritius,Gini index,2025,,Sub-Saharan Africa ,Upper middle income,IBRD,57.4977,-20.1605
4391,MU,Mauritius,Gini index,2024,,Sub-Saharan Africa ,Upper middle income,IBRD,57.4977,-20.1605
4392,MU,Mauritius,Gini index,2023,,Sub-Saharan Africa ,Upper middle income,IBRD,57.4977,-20.1605
4393,MU,Mauritius,Gini index,2022,,Sub-Saharan Africa ,Upper middle income,IBRD,57.4977,-20.1605
4394,MU,Mauritius,Gini index,2021,,Sub-Saharan Africa ,Upper middle income,IBRD,57.4977,-20.1605
4395,MU,Mauritius,Gini index,2020,,Sub-Saharan Africa ,Upper middle income,IBRD,57.4977,-20.1605
4396,MU,Mauritius,Gini index,2019,,Sub-Saharan Africa ,Upper middle income,IBRD,57.4977,-20.1605
4397,MU,Mauritius,Gini index,2018,,Sub-Saharan Africa ,Upper middle income,IBRD,57.4977,-20.1605
4398,MU,Mauritius,Gini index,2017,36.8,Sub-Saharan Africa ,Upper middle income,IBRD,57.4977,-20.1605
4399,MU,Mauritius,Gini index,2016,,Sub-Saharan Africa ,Upper middle income,IBRD,57.4977,-20.1605
4400,MX,Mexico,Gini index,2025,,Latin America & Caribbean ,Upper middle income,IBRD,-99.1276,19.427
4401,MX,Mexico,Gini index,2024,42.6,Latin America & Caribbean ,Upper middle income,IBRD,-99.1276,19.427
4402,MX,Mexico,Gini index,2023,,Latin America & Caribbean ,Upper middle income,IBRD,-99.1276,19.427
4403,MX,Mexico,Gini index,2022,43.5,Latin America & Caribbean ,Upper middle income,IBRD,-99.1276,19.427
4404,MX,Mexico,Gini index,2021,,Latin America & Caribbean ,Upper middle income,IBRD,-99.1276,19.427
4405,MX,Mexico,Gini index,2020,44.6,Latin America & Caribbean ,Upper middle income,IBRD,-99.1276,19.427
4406,MX,Mexico,Gini index,2019,,Latin America & Caribbean ,Upper middle income,IBRD,-99.1276,19.427
4407,MX,Mexico,Gini index,2018,46.0,Latin America & Caribbean ,Upper middle income,IBRD,-99.1276,19.427
4408,MX,Mexico,Gini index,2017,,Latin America & Caribbean ,Upper middle income,IBRD,-99.1276,19.427
4409,MX,Mexico,Gini index,2016,46.9,Latin America & Caribbean ,Upper middle income,IBRD,-99.1276,19.427
4410,FM,"Micronesia, Fed. Sts.",Gini index,2025,,East Asia & Pacific,Upper middle income,IDA,158.185,6.91771
4411,FM,"Micronesia, Fed. Sts.",Gini index,2024,,East Asia & Pacific,Upper middle income,IDA,158.185,6.91771
4412,FM,"Micronesia, Fed. Sts.",Gini index,2023,,East Asia & Pacific,Upper middle income,IDA,158.185,6.91771
4413,FM,"Micronesia, Fed. Sts.",Gini index,2022,,East Asia & Pacific,Upper middle income,IDA,158.185,6.91771
4414,FM,"Micronesia, Fed. Sts.",Gini index,2021,,East Asia & Pacific,Upper middle income,IDA,158.185,6.91771
4415,FM,"Micronesia, Fed. Sts.",Gini index,2020,,East Asia & Pacific,Upper middle income,IDA,158.185,6.91771
4416,FM,"Micronesia, Fed. Sts.",Gini index,2019,,East Asia & Pacific,Upper middle income,IDA,158.185,6.91771
4417,FM,"Micronesia, Fed. Sts.",Gini index,2018,,East Asia & Pacific,Upper middle income,IDA,158.185,6.91771
4418,FM,"Micronesia, Fed. Sts.",Gini index,2017,,East Asia & Pacific,Upper middle income,IDA,158.185,6.91771
4419,FM,"Micronesia, Fed. Sts.",Gini index,2016,,East Asia & Pacific,Upper middle income,IDA,158.185,6.91771
4420,MD,Moldova,Gini index,2025,,Europe & Central Asia,Upper middle income,IBRD,28.8497,47.0167
4421,MD,Moldova,Gini index,2024,,Europe & Central Asia,Upper middle income,IBRD,28.8497,47.0167
4422,MD,Moldova,Gini index,2023,26.8,Europe & Central Asia,Upper middle income,IBRD,28.8497,47.0167
4423,MD,Moldova,Gini index,2022,25.9,Europe & Central Asia,Upper middle income,IBRD,28.8497,47.0167
4424,MD,Moldova,Gini index,2021,25.7,Europe & Central Asia,Upper middle income,IBRD,28.8497,47.0167
4425,MD,Moldova,Gini index,2020,25.0,Europe & Central Asia,Upper middle income,IBRD,28.8497,47.0167
4426,MD,Moldova,Gini index,2019,26.0,Europe & Central Asia,Upper middle income,IBRD,28.8497,47.0167
4427,MD,Moldova,Gini index,2018,25.7,Europe & Central Asia,Upper middle income,IBRD,28.8497,47.0167
4428,MD,Moldova,Gini index,2017,25.9,Europe & Central Asia,Upper middle income,IBRD,28.8497,47.0167
4429,MD,Moldova,Gini index,2016,26.3,Europe & Central Asia,Upper middle income,IBRD,28.8497,47.0167
4430,MC,Monaco,Gini index,2025,,Europe & Central Asia,High income,Not classified,7.41891,43.7325
4431,MC,Monaco,Gini index,2024,,Europe & Central Asia,High income,Not classified,7.41891,43.7325
4432,MC,Monaco,Gini index,2023,,Europe & Central Asia,High income,Not classified,7.41891,43.7325
4433,MC,Monaco,Gini index,2022,,Europe & Central Asia,High income,Not classified,7.41891,43.7325
4434,MC,Monaco,Gini index,2021,,Europe & Central Asia,High income,Not classified,7.41891,43.7325
4435,MC,Monaco,Gini index,2020,,Europe & Central Asia,High income,Not classified,7.41891,43.7325
4436,MC,Monaco,Gini index,2019,,Europe & Central Asia,High income,Not classified,7.41891,43.7325
4437,MC,Monaco,Gini index,2018,,Europe & Central Asia,High income,Not classified,7.41891,43.7325
4438,MC,Monaco,Gini index,2017,,Europe & Central Asia,High income,Not classified,7.41891,43.7325
4439,MC,Monaco,Gini index,2016,,Europe & Central Asia,High income,Not classified,7.41891,43.7325
4440,MN,Mongolia,Gini index,2025,,East Asia & Pacific,Upper middle income,IBRD,106.937,47.9129
4441,MN,Mongolia,Gini index,2024,,East Asia & Pacific,Upper middle income,IBRD,106.937,47.9129
4442,MN,Mongolia,Gini index,2023,,East Asia & Pacific,Upper middle income,IBRD,106.937,47.9129
4443,MN,Mongolia,Gini index,2022,31.4,East Asia & Pacific,Upper middle income,IBRD,106.937,47.9129
4444,MN,Mongolia,Gini index,2021,,East Asia & Pacific,Upper middle income,IBRD,106.937,47.9129
4445,MN,Mongolia,Gini index,2020,,East Asia & Pacific,Upper middle income,IBRD,106.937,47.9129
4446,MN,Mongolia,Gini index,2019,,East Asia & Pacific,Upper middle income,IBRD,106.937,47.9129
4447,MN,Mongolia,Gini index,2018,32.7,East Asia & Pacific,Upper middle income,IBRD,106.937,47.9129
4448,MN,Mongolia,Gini index,2017,,East Asia & Pacific,Upper middle income,IBRD,106.937,47.9129
4449,MN,Mongolia,Gini index,2016,32.3,East Asia & Pacific,Upper middle income,IBRD,106.937,47.9129
4450,ME,Montenegro,Gini index,2025,,Europe & Central Asia,Upper middle income,IBRD,19.2595,42.4602
4451,ME,Montenegro,Gini index,2024,,Europe & Central Asia,Upper middle income,IBRD,19.2595,42.4602
4452,ME,Montenegro,Gini index,2023,,Europe & Central Asia,Upper middle income,IBRD,19.2595,42.4602
4453,ME,Montenegro,Gini index,2022,,Europe & Central Asia,Upper middle income,IBRD,19.2595,42.4602
4454,ME,Montenegro,Gini index,2021,34.3,Europe & Central Asia,Upper middle income,IBRD,19.2595,42.4602
4455,ME,Montenegro,Gini index,2020,35.4,Europe & Central Asia,Upper middle income,IBRD,19.2595,42.4602
4456,ME,Montenegro,Gini index,2019,35.7,Europe & Central Asia,Upper middle income,IBRD,19.2595,42.4602
4457,ME,Montenegro,Gini index,2018,36.8,Europe & Central Asia,Upper middle income,IBRD,19.2595,42.4602
4458,ME,Montenegro,Gini index,2017,36.9,Europe & Central Asia,Upper middle income,IBRD,19.2595,42.4602
4459,ME,Montenegro,Gini index,2016,38.5,Europe & Central Asia,Upper middle income,IBRD,19.2595,42.4602
4460,MA,Morocco,Gini index,2025,,"Middle East, North Africa, Afghanistan & Pakistan",Lower middle income,IBRD,-6.8704,33.9905
4461,MA,Morocco,Gini index,2024,,"Middle East, North Africa, Afghanistan & Pakistan",Lower middle income,IBRD,-6.8704,33.9905
4462,MA,Morocco,Gini index,2023,,"Middle East, North Africa, Afghanistan & Pakistan",Lower middle income,IBRD,-6.8704,33.9905
4463,MA,Morocco,Gini index,2022,,"Middle East, North Africa, Afghanistan & Pakistan",Lower middle income,IBRD,-6.8704,33.9905
4464,MA,Morocco,Gini index,2021,,"Middle East, North Africa, Afghanistan & Pakistan",Lower middle income,IBRD,-6.8704,33.9905
4465,MA,Morocco,Gini index,2020,,"Middle East, North Africa, Afghanistan & Pakistan",Lower middle income,IBRD,-6.8704,33.9905
4466,MA,Morocco,Gini index,2019,,"Middle East, North Africa, Afghanistan & Pakistan",Lower middle income,IBRD,-6.8704,33.9905
4467,MA,Morocco,Gini index,2018,,"Middle East, North Africa, Afghanistan & Pakistan",Lower middle income,IBRD,-6.8704,33.9905
4468,MA,Morocco,Gini index,2017,,"Middle East, North Africa, Afghanistan & Pakistan",Lower middle income,IBRD,-6.8704,33.9905
4469,MA,Morocco,Gini index,2016,,"Middle East, North Africa, Afghanistan & Pakistan",Lower middle income,IBRD,-6.8704,33.9905
4470,MZ,Mozambique,Gini index,2025,,Sub-Saharan Africa ,Low income,IDA,32.5713,-25.9664
4471,MZ,Mozambique,Gini index,2024,,Sub-Saharan Africa ,Low income,IDA,32.5713,-25.9664
4472,MZ,Mozambique,Gini index,2023,,Sub-Saharan Africa ,Low income,IDA,32.5713,-25.9664
4473,MZ,Mozambique,Gini index,2022,49.6,Sub-Saharan Africa ,Low income,IDA,32.5713,-25.9664
4474,MZ,Mozambique,Gini index,2021,,Sub-Saharan Africa ,Low income,IDA,32.5713,-25.9664
4475,MZ,Mozambique,Gini index,2020,,Sub-Saharan Africa ,Low income,IDA,32.5713,-25.9664
4476,MZ,Mozambique,Gini index,2019,50.7,Sub-Saharan Africa ,Low income,IDA,32.5713,-25.9664
4477,MZ,Mozambique,Gini index,2018,,Sub-Saharan Africa ,Low income,IDA,32.5713,-25.9664
4478,MZ,Mozambique,Gini index,2017,,Sub-Saharan Africa ,Low income,IDA,32.5713,-25.9664
4479,MZ,Mozambique,Gini index,2016,,Sub-Saharan Africa ,Low income,IDA,32.5713,-25.9664
4480,MM,Myanmar,Gini index,2025,,East Asia & Pacific,Lower middle income,IDA,95.9562,21.914
4481,MM,Myanmar,Gini index,2024,,East Asia & Pacific,Lower middle income,IDA,95.9562,21.914
4482,MM,Myanmar,Gini index,2023,,East Asia & Pacific,Lower middle income,IDA,95.9562,21.914
4483,MM,Myanmar,Gini index,2022,,East Asia & Pacific,Lower middle income,IDA,95.9562,21.914
4484,MM,Myanmar,Gini index,2021,,East Asia & Pacific,Lower middle income,IDA,95.9562,21.914
4485,MM,Myanmar,Gini index,2020,,East Asia & Pacific,Lower middle income,IDA,95.9562,21.914
4486,MM,Myanmar,Gini index,2019,,East Asia & Pacific,Lower middle income,IDA,95.9562,21.914
4487,MM,Myanmar,Gini index,2018,,East Asia & Pacific,Lower middle income,IDA,95.9562,21.914
4488,MM,Myanmar,Gini index,2017,30.7,East Asia & Pacific,Lower middle income,IDA,95.9562,21.914
4489,MM,Myanmar,Gini index,2016,,East Asia & Pacific,Lower middle income,IDA,95.9562,21.914
4490,NA,Namibia,Gini index,2025,,Sub-Saharan Africa ,Lower middle income,IBRD,17.0931,-22.5648
4491,NA,Namibia,Gini index,2024,,Sub-Saharan Africa ,Lower middle income,IBRD,17.0931,-22.5648
4492,NA,Namibia,Gini index,2023,,Sub-Saharan Africa ,Lower middle income,IBRD,17.0931,-22.5648
4493,NA,Namibia,Gini index,2022,,Sub-Saharan Africa ,Lower middle income,IBRD,17.0931,-22.5648
4494,NA,Namibia,Gini index,2021,,Sub-Saharan Africa ,Lower middle income,IBRD,17.0931,-22.5648
4495,NA,Namibia,Gini index,2020,,Sub-Saharan Africa ,Lower middle income,IBRD,17.0931,-22.5648
4496,NA,Namibia,Gini index,2019,,Sub-Saharan Africa ,Lower middle income,IBRD,17.0931,-22.5648
4497,NA,Namibia,Gini index,2018,,Sub-Saharan Africa ,Lower middle income,IBRD,17.0931,-22.5648
4498,NA,Namibia,Gini index,2017,,Sub-Saharan Africa ,Lower middle income,IBRD,17.0931,-22.5648
4499,NA,Namibia,Gini index,2016,,Sub-Saharan Africa ,Lower middle income,IBRD,17.0931,-22.5648
4500,NR,Naoero,Gini index,2025,,East Asia & Pacific,High income,IBRD,166.920867,-0.5477
4501,NR,Naoero,Gini index,2024,,East Asia & Pacific,High income,IBRD,166.920867,-0.5477
4502,NR,Naoero,Gini index,2023,,East Asia & Pacific,High income,IBRD,166.920867,-0.5477
4503,NR,Naoero,Gini index,2022,,East Asia & Pacific,High income,IBRD,166.920867,-0.5477
4504,NR,Naoero,Gini index,2021,,East Asia & Pacific,High income,IBRD,166.920867,-0.5477
4505,NR,Naoero,Gini index,2020,,East Asia & Pacific,High income,IBRD,166.920867,-0.5477
4506,NR,Naoero,Gini index,2019,,East Asia & Pacific,High income,IBRD,166.920867,-0.5477
4507,NR,Naoero,Gini index,2018,,East Asia & Pacific,High income,IBRD,166.920867,-0.5477
4508,NR,Naoero,Gini index,2017,,East Asia & Pacific,High income,IBRD,166.920867,-0.5477
4509,NR,Naoero,Gini index,2016,,East Asia & Pacific,High income,IBRD,166.920867,-0.5477
4510,NP,Nepal,Gini index,2025,,South Asia,Lower middle income,IDA,85.3157,27.6939
4511,NP,Nepal,Gini index,2024,,South Asia,Lower middle income,IDA,85.3157,27.6939
4512,NP,Nepal,Gini index,2023,,South Asia,Lower middle income,IDA,85.3157,27.6939
4513,NP,Nepal,Gini index,2022,30.0,South Asia,Lower middle income,IDA,85.3157,27.6939
4514,NP,Nepal,Gini index,2021,,South Asia,Lower middle income,IDA,85.3157,27.6939
4515,NP,Nepal,Gini index,2020,,South Asia,Lower middle income,IDA,85.3157,27.6939
4516,NP,Nepal,Gini index,2019,,South Asia,Lower middle income,IDA,85.3157,27.6939
4517,NP,Nepal,Gini index,2018,,South Asia,Lower middle income,IDA,85.3157,27.6939
4518,NP,Nepal,Gini index,2017,,South Asia,Lower middle income,IDA,85.3157,27.6939
4519,NP,Nepal,Gini index,2016,,South Asia,Lower middle income,IDA,85.3157,27.6939
4520,NL,Netherlands,Gini index,2025,,Europe & Central Asia,High income,Not classified,4.89095,52.3738
4521,NL,Netherlands,Gini index,2024,,Europe & Central Asia,High income,Not classified,4.89095,52.3738
4522,NL,Netherlands,Gini index,2023,,Europe & Central Asia,High income,Not classified,4.89095,52.3738
4523,NL,Netherlands,Gini index,2022,,Europe & Central Asia,High income,Not classified,4.89095,52.3738
4524,NL,Netherlands,Gini index,2021,25.7,Europe & Central Asia,High income,Not classified,4.89095,52.3738
4525,NL,Netherlands,Gini index,2020,26.0,Europe & Central Asia,High income,Not classified,4.89095,52.3738
4526,NL,Netherlands,Gini index,2019,29.2,Europe & Central Asia,High income,Not classified,4.89095,52.3738
4527,NL,Netherlands,Gini index,2018,28.1,Europe & Central Asia,High income,Not classified,4.89095,52.3738
4528,NL,Netherlands,Gini index,2017,28.5,Europe & Central Asia,High income,Not classified,4.89095,52.3738
4529,NL,Netherlands,Gini index,2016,28.2,Europe & Central Asia,High income,Not classified,4.89095,52.3738
4530,NC,New Caledonia,Gini index,2025,,East Asia & Pacific,High income,Not classified,166.464,-22.2677
4531,NC,New Caledonia,Gini index,2024,,East Asia & Pacific,High income,Not classified,166.464,-22.2677
4532,NC,New Caledonia,Gini index,2023,,East Asia & Pacific,High income,Not classified,166.464,-22.2677
4533,NC,New Caledonia,Gini index,2022,,East Asia & Pacific,High income,Not classified,166.464,-22.2677
4534,NC,New Caledonia,Gini index,2021,,East Asia & Pacific,High income,Not classified,166.464,-22.2677
4535,NC,New Caledonia,Gini index,2020,,East Asia & Pacific,High income,Not classified,166.464,-22.2677
4536,NC,New Caledonia,Gini index,2019,,East Asia & Pacific,High income,Not classified,166.464,-22.2677
4537,NC,New Caledonia,Gini index,2018,,East Asia & Pacific,High income,Not classified,166.464,-22.2677
4538,NC,New Caledonia,Gini index,2017,,East Asia & Pacific,High income,Not classified,166.464,-22.2677
4539,NC,New Caledonia,Gini index,2016,,East Asia & Pacific,High income,Not classified,166.464,-22.2677
4540,NZ,New Zealand,Gini index,2025,,East Asia & Pacific,High income,Not classified,174.776,-41.2865
4541,NZ,New Zealand,Gini index,2024,,East Asia & Pacific,High income,Not classified,174.776,-41.2865
4542,NZ,New Zealand,Gini index,2023,,East Asia & Pacific,High income,Not classified,174.776,-41.2865
4543,NZ,New Zealand,Gini index,2022,,East Asia & Pacific,High income,Not classified,174.776,-41.2865
4544,NZ,New Zealand,Gini index,2021,,East Asia & Pacific,High income,Not classified,174.776,-41.2865
4545,NZ,New Zealand,Gini index,2020,,East Asia & Pacific,High income,Not classified,174.776,-41.2865
4546,NZ,New Zealand,Gini index,2019,,East Asia & Pacific,High income,Not classified,174.776,-41.2865
4547,NZ,New Zealand,Gini index,2018,,East Asia & Pacific,High income,Not classified,174.776,-41.2865
4548,NZ,New Zealand,Gini index,2017,,East Asia & Pacific,High income,Not classified,174.776,-41.2865
4549,NZ,New Zealand,Gini index,2016,,East Asia & Pacific,High income,Not classified,174.776,-41.2865
4550,NI,Nicaragua,Gini index,2025,,Latin America & Caribbean ,Lower middle income,IDA,-86.2734,12.1475
4551,NI,Nicaragua,Gini index,2024,,Latin America & Caribbean ,Lower middle income,IDA,-86.2734,12.1475
4552,NI,Nicaragua,Gini index,2023,,Latin America & Caribbean ,Lower middle income,IDA,-86.2734,12.1475
4553,NI,Nicaragua,Gini index,2022,,Latin America & Caribbean ,Lower middle income,IDA,-86.2734,12.1475
4554,NI,Nicaragua,Gini index,2021,,Latin America & Caribbean ,Lower middle income,IDA,-86.2734,12.1475
4555,NI,Nicaragua,Gini index,2020,,Latin America & Caribbean ,Lower middle income,IDA,-86.2734,12.1475
4556,NI,Nicaragua,Gini index,2019,,Latin America & Caribbean ,Lower middle income,IDA,-86.2734,12.1475
4557,NI,Nicaragua,Gini index,2018,,Latin America & Caribbean ,Lower middle income,IDA,-86.2734,12.1475
4558,NI,Nicaragua,Gini index,2017,,Latin America & Caribbean ,Lower middle income,IDA,-86.2734,12.1475
4559,NI,Nicaragua,Gini index,2016,,Latin America & Caribbean ,Lower middle income,IDA,-86.2734,12.1475
4560,NE,Niger,Gini index,2025,,Sub-Saharan Africa ,Low income,IDA,2.1073,13.514
4561,NE,Niger,Gini index,2024,,Sub-Saharan Africa ,Low income,IDA,2.1073,13.514
4562,NE,Niger,Gini index,2023,,Sub-Saharan Africa ,Low income,IDA,2.1073,13.514
4563,NE,Niger,Gini index,2022,,Sub-Saharan Africa ,Low income,IDA,2.1073,13.514
4564,NE,Niger,Gini index,2021,32.9,Sub-Saharan Africa ,Low income,IDA,2.1073,13.514
4565,NE,Niger,Gini index,2020,,Sub-Saharan Africa ,Low income,IDA,2.1073,13.514
4566,NE,Niger,Gini index,2019,,Sub-Saharan Africa ,Low income,IDA,2.1073,13.514
4567,NE,Niger,Gini index,2018,37.3,Sub-Saharan Africa ,Low income,IDA,2.1073,13.514
4568,NE,Niger,Gini index,2017,,Sub-Saharan Africa ,Low income,IDA,2.1073,13.514
4569,NE,Niger,Gini index,2016,,Sub-Saharan Africa ,Low income,IDA,2.1073,13.514
4570,NG,Nigeria,Gini index,2025,,Sub-Saharan Africa ,Lower middle income,Blend,7.48906,9.05804
4571,NG,Nigeria,Gini index,2024,,Sub-Saharan Africa ,Lower middle income,Blend,7.48906,9.05804
4572,NG,Nigeria,Gini index,2023,,Sub-Saharan Africa ,Lower middle income,Blend,7.48906,9.05804
4573,NG,Nigeria,Gini index,2022,33.9,Sub-Saharan Africa ,Lower middle income,Blend,7.48906,9.05804
4574,NG,Nigeria,Gini index,2021,,Sub-Saharan Africa ,Lower middle income,Blend,7.48906,9.05804
4575,NG,Nigeria,Gini index,2020,,Sub-Saharan Africa ,Lower middle income,Blend,7.48906,9.05804
4576,NG,Nigeria,Gini index,2019,,Sub-Saharan Africa ,Lower middle income,Blend,7.48906,9.05804
4577,NG,Nigeria,Gini index,2018,35.1,Sub-Saharan Africa ,Lower middle income,Blend,7.48906,9.05804
4578,NG,Nigeria,Gini index,2017,,Sub-Saharan Africa ,Lower middle income,Blend,7.48906,9.05804
4579,NG,Nigeria,Gini index,2016,,Sub-Saharan Africa ,Lower middle income,Blend,7.48906,9.05804
4580,MK,North Macedonia,Gini index,2025,,Europe & Central Asia,Upper middle income,IBRD,21.4361,42.0024
4581,MK,North Macedonia,Gini index,2024,,Europe & Central Asia,Upper middle income,IBRD,21.4361,42.0024
4582,MK,North Macedonia,Gini index,2023,,Europe & Central Asia,Upper middle income,IBRD,21.4361,42.0024
4583,MK,North Macedonia,Gini index,2022,,Europe & Central Asia,Upper middle income,IBRD,21.4361,42.0024
4584,MK,North Macedonia,Gini index,2021,,Europe & Central Asia,Upper middle income,IBRD,21.4361,42.0024
4585,MK,North Macedonia,Gini index,2020,,Europe & Central Asia,Upper middle income,IBRD,21.4361,42.0024
4586,MK,North Macedonia,Gini index,2019,33.5,Europe & Central Asia,Upper middle income,IBRD,21.4361,42.0024
4587,MK,North Macedonia,Gini index,2018,33.0,Europe & Central Asia,Upper middle income,IBRD,21.4361,42.0024
4588,MK,North Macedonia,Gini index,2017,34.2,Europe & Central Asia,Upper middle income,IBRD,21.4361,42.0024
4589,MK,North Macedonia,Gini index,2016,34.5,Europe & Central Asia,Upper middle income,IBRD,21.4361,42.0024
4590,MP,Northern Mariana Islands,Gini index,2025,,East Asia & Pacific,High income,Not classified,145.765,15.1935
4591,MP,Northern Mariana Islands,Gini index,2024,,East Asia & Pacific,High income,Not classified,145.765,15.1935
4592,MP,Northern Mariana Islands,Gini index,2023,,East Asia & Pacific,High income,Not classified,145.765,15.1935
4593,MP,Northern Mariana Islands,Gini index,2022,,East Asia & Pacific,High income,Not classified,145.765,15.1935
4594,MP,Northern Mariana Islands,Gini index,2021,,East Asia & Pacific,High income,Not classified,145.765,15.1935
4595,MP,Northern Mariana Islands,Gini index,2020,,East Asia & Pacific,High income,Not classified,145.765,15.1935
4596,MP,Northern Mariana Islands,Gini index,2019,,East Asia & Pacific,High income,Not classified,145.765,15.1935
4597,MP,Northern Mariana Islands,Gini index,2018,,East Asia & Pacific,High income,Not classified,145.765,15.1935
4598,MP,Northern Mariana Islands,Gini index,2017,,East Asia & Pacific,High income,Not classified,145.765,15.1935
4599,MP,Northern Mariana Islands,Gini index,2016,,East Asia & Pacific,High income,Not classified,145.765,15.1935
4600,NO,Norway,Gini index,2025,,Europe & Central Asia,High income,Not classified,10.7387,59.9138
4601,NO,Norway,Gini index,2024,,Europe & Central Asia,High income,Not classified,10.7387,59.9138
4602,NO,Norway,Gini index,2023,26.5,Europe & Central Asia,High income,Not classified,10.7387,59.9138
4603,NO,Norway,Gini index,2022,26.9,Europe & Central Asia,High income,Not classified,10.7387,59.9138
4604,NO,Norway,Gini index,2021,29.1,Europe & Central Asia,High income,Not classified,10.7387,59.9138
4605,NO,Norway,Gini index,2020,28.4,Europe & Central Asia,High income,Not classified,10.7387,59.9138
4606,NO,Norway,Gini index,2019,27.7,Europe & Central Asia,High income,Not classified,10.7387,59.9138
4607,NO,Norway,Gini index,2018,27.6,Europe & Central Asia,High income,Not classified,10.7387,59.9138
4608,NO,Norway,Gini index,2017,27.0,Europe & Central Asia,High income,Not classified,10.7387,59.9138
4609,NO,Norway,Gini index,2016,28.5,Europe & Central Asia,High income,Not classified,10.7387,59.9138
4610,OM,Oman,Gini index,2025,,"Middle East, North Africa, Afghanistan & Pakistan",High income,Not classified,58.5874,23.6105
4611,OM,Oman,Gini index,2024,,"Middle East, North Africa, Afghanistan & Pakistan",High income,Not classified,58.5874,23.6105
4612,OM,Oman,Gini index,2023,,"Middle East, North Africa, Afghanistan & Pakistan",High income,Not classified,58.5874,23.6105
4613,OM,Oman,Gini index,2022,,"Middle East, North Africa, Afghanistan & Pakistan",High income,Not classified,58.5874,23.6105
4614,OM,Oman,Gini index,2021,,"Middle East, North Africa, Afghanistan & Pakistan",High income,Not classified,58.5874,23.6105
4615,OM,Oman,Gini index,2020,,"Middle East, North Africa, Afghanistan & Pakistan",High income,Not classified,58.5874,23.6105
4616,OM,Oman,Gini index,2019,,"Middle East, North Africa, Afghanistan & Pakistan",High income,Not classified,58.5874,23.6105
4617,OM,Oman,Gini index,2018,,"Middle East, North Africa, Afghanistan & Pakistan",High income,Not classified,58.5874,23.6105
4618,OM,Oman,Gini index,2017,,"Middle East, North Africa, Afghanistan & Pakistan",High income,Not classified,58.5874,23.6105
4619,OM,Oman,Gini index,2016,,"Middle East, North Africa, Afghanistan & Pakistan",High income,Not classified,58.5874,23.6105
4620,PK,Pakistan,Gini index,2025,,"Middle East, North Africa, Afghanistan & Pakistan",Lower middle income,Blend,72.8,30.5167
4621,PK,Pakistan,Gini index,2024,33.5,"Middle East, North Africa, Afghanistan & Pakistan",Lower middle income,Blend,72.8,30.5167
4622,PK,Pakistan,Gini index,2023,,"Middle East, North Africa, Afghanistan & Pakistan",Lower middle income,Blend,72.8,30.5167
4623,PK,Pakistan,Gini index,2022,,"Middle East, North Africa, Afghanistan & Pakistan",Lower middle income,Blend,72.8,30.5167
4624,PK,Pakistan,Gini index,2021,,"Middle East, North Africa, Afghanistan & Pakistan",Lower middle income,Blend,72.8,30.5167
4625,PK,Pakistan,Gini index,2020,,"Middle East, North Africa, Afghanistan & Pakistan",Lower middle income,Blend,72.8,30.5167
4626,PK,Pakistan,Gini index,2019,,"Middle East, North Africa, Afghanistan & Pakistan",Lower middle income,Blend,72.8,30.5167
4627,PK,Pakistan,Gini index,2018,29.6,"Middle East, North Africa, Afghanistan & Pakistan",Lower middle income,Blend,72.8,30.5167
4628,PK,Pakistan,Gini index,2017,,"Middle East, North Africa, Afghanistan & Pakistan",Lower middle income,Blend,72.8,30.5167
4629,PK,Pakistan,Gini index,2016,,"Middle East, North Africa, Afghanistan & Pakistan",Lower middle income,Blend,72.8,30.5167
4630,PW,Palau,Gini index,2025,,East Asia & Pacific,High income,IBRD,134.479,7.34194
4631,PW,Palau,Gini index,2024,,East Asia & Pacific,High income,IBRD,134.479,7.34194
4632,PW,Palau,Gini index,2023,,East Asia & Pacific,High income,IBRD,134.479,7.34194
4633,PW,Palau,Gini index,2022,,East Asia & Pacific,High income,IBRD,134.479,7.34194
4634,PW,Palau,Gini index,2021,,East Asia & Pacific,High income,IBRD,134.479,7.34194
4635,PW,Palau,Gini index,2020,,East Asia & Pacific,High income,IBRD,134.479,7.34194
4636,PW,Palau,Gini index,2019,,East Asia & Pacific,High income,IBRD,134.479,7.34194
4637,PW,Palau,Gini index,2018,,East Asia & Pacific,High income,IBRD,134.479,7.34194
4638,PW,Palau,Gini index,2017,,East Asia & Pacific,High income,IBRD,134.479,7.34194
4639,PW,Palau,Gini index,2016,,East Asia & Pacific,High income,IBRD,134.479,7.34194
4640,PA,Panama,Gini index,2025,,Latin America & Caribbean ,High income,IBRD,-79.5188,8.99427
4641,PA,Panama,Gini index,2024,49.7,Latin America & Caribbean ,High income,IBRD,-79.5188,8.99427
4642,PA,Panama,Gini index,2023,48.9,Latin America & Caribbean ,High income,IBRD,-79.5188,8.99427
4643,PA,Panama,Gini index,2022,,Latin America & Caribbean ,High income,IBRD,-79.5188,8.99427
4644,PA,Panama,Gini index,2021,50.9,Latin America & Caribbean ,High income,IBRD,-79.5188,8.99427
4645,PA,Panama,Gini index,2020,,Latin America & Caribbean ,High income,IBRD,-79.5188,8.99427
4646,PA,Panama,Gini index,2019,49.8,Latin America & Caribbean ,High income,IBRD,-79.5188,8.99427
4647,PA,Panama,Gini index,2018,49.2,Latin America & Caribbean ,High income,IBRD,-79.5188,8.99427
4648,PA,Panama,Gini index,2017,49.9,Latin America & Caribbean ,High income,IBRD,-79.5188,8.99427
4649,PA,Panama,Gini index,2016,50.4,Latin America & Caribbean ,High income,IBRD,-79.5188,8.99427
4650,PG,Papua New Guinea,Gini index,2025,,East Asia & Pacific,Lower middle income,Blend,147.194,-9.47357
4651,PG,Papua New Guinea,Gini index,2024,,East Asia & Pacific,Lower middle income,Blend,147.194,-9.47357
4652,PG,Papua New Guinea,Gini index,2023,,East Asia & Pacific,Lower middle income,Blend,147.194,-9.47357
4653,PG,Papua New Guinea,Gini index,2022,,East Asia & Pacific,Lower middle income,Blend,147.194,-9.47357
4654,PG,Papua New Guinea,Gini index,2021,,East Asia & Pacific,Lower middle income,Blend,147.194,-9.47357
4655,PG,Papua New Guinea,Gini index,2020,,East Asia & Pacific,Lower middle income,Blend,147.194,-9.47357
4656,PG,Papua New Guinea,Gini index,2019,,East Asia & Pacific,Lower middle income,Blend,147.194,-9.47357
4657,PG,Papua New Guinea,Gini index,2018,,East Asia & Pacific,Lower middle income,Blend,147.194,-9.47357
4658,PG,Papua New Guinea,Gini index,2017,,East Asia & Pacific,Lower middle income,Blend,147.194,-9.47357
4659,PG,Papua New Guinea,Gini index,2016,,East Asia & Pacific,Lower middle income,Blend,147.194,-9.47357
4660,PY,Paraguay,Gini index,2025,,Latin America & Caribbean ,Upper middle income,IBRD,-57.6362,-25.3005
4661,PY,Paraguay,Gini index,2024,44.2,Latin America & Caribbean ,Upper middle income,IBRD,-57.6362,-25.3005
4662,PY,Paraguay,Gini index,2023,44.2,Latin America & Caribbean ,Upper middle income,IBRD,-57.6362,-25.3005
4663,PY,Paraguay,Gini index,2022,44.6,Latin America & Caribbean ,Upper middle income,IBRD,-57.6362,-25.3005
4664,PY,Paraguay,Gini index,2021,42.9,Latin America & Caribbean ,Upper middle income,IBRD,-57.6362,-25.3005
4665,PY,Paraguay,Gini index,2020,43.5,Latin America & Caribbean ,Upper middle income,IBRD,-57.6362,-25.3005
4666,PY,Paraguay,Gini index,2019,45.7,Latin America & Caribbean ,Upper middle income,IBRD,-57.6362,-25.3005
4667,PY,Paraguay,Gini index,2018,46.0,Latin America & Caribbean ,Upper middle income,IBRD,-57.6362,-25.3005
4668,PY,Paraguay,Gini index,2017,48.5,Latin America & Caribbean ,Upper middle income,IBRD,-57.6362,-25.3005
4669,PY,Paraguay,Gini index,2016,47.9,Latin America & Caribbean ,Upper middle income,IBRD,-57.6362,-25.3005
4670,PE,Peru,Gini index,2025,,Latin America & Caribbean ,Upper middle income,IBRD,-77.0465,-12.0931
4671,PE,Peru,Gini index,2024,40.1,Latin America & Caribbean ,Upper middle income,IBRD,-77.0465,-12.0931
4672,PE,Peru,Gini index,2023,40.7,Latin America & Caribbean ,Upper middle income,IBRD,-77.0465,-12.0931
4673,PE,Peru,Gini index,2022,40.3,Latin America & Caribbean ,Upper middle income,IBRD,-77.0465,-12.0931
4674,PE,Peru,Gini index,2021,40.1,Latin America & Caribbean ,Upper middle income,IBRD,-77.0465,-12.0931
4675,PE,Peru,Gini index,2020,43.7,Latin America & Caribbean ,Upper middle income,IBRD,-77.0465,-12.0931
4676,PE,Peru,Gini index,2019,41.5,Latin America & Caribbean ,Upper middle income,IBRD,-77.0465,-12.0931
4677,PE,Peru,Gini index,2018,42.4,Latin America & Caribbean ,Upper middle income,IBRD,-77.0465,-12.0931
4678,PE,Peru,Gini index,2017,43.3,Latin America & Caribbean ,Upper middle income,IBRD,-77.0465,-12.0931
4679,PE,Peru,Gini index,2016,43.6,Latin America & Caribbean ,Upper middle income,IBRD,-77.0465,-12.0931
4680,PH,Philippines,Gini index,2025,,East Asia & Pacific,Upper middle income,IBRD,121.035,14.5515
4681,PH,Philippines,Gini index,2024,,East Asia & Pacific,Upper middle income,IBRD,121.035,14.5515
4682,PH,Philippines,Gini index,2023,39.3,East Asia & Pacific,Upper middle income,IBRD,121.035,14.5515
4683,PH,Philippines,Gini index,2022,,East Asia & Pacific,Upper middle income,IBRD,121.035,14.5515
4684,PH,Philippines,Gini index,2021,40.7,East Asia & Pacific,Upper middle income,IBRD,121.035,14.5515
4685,PH,Philippines,Gini index,2020,,East Asia & Pacific,Upper middle income,IBRD,121.035,14.5515
4686,PH,Philippines,Gini index,2019,,East Asia & Pacific,Upper middle income,IBRD,121.035,14.5515
4687,PH,Philippines,Gini index,2018,42.3,East Asia & Pacific,Upper middle income,IBRD,121.035,14.5515
4688,PH,Philippines,Gini index,2017,,East Asia & Pacific,Upper middle income,IBRD,121.035,14.5515
4689,PH,Philippines,Gini index,2016,,East Asia & Pacific,Upper middle income,IBRD,121.035,14.5515
4690,PL,Poland,Gini index,2025,,Europe & Central Asia,High income,IBRD,21.02,52.26
4691,PL,Poland,Gini index,2024,,Europe & Central Asia,High income,IBRD,21.02,52.26
4692,PL,Poland,Gini index,2023,28.5,Europe & Central Asia,High income,IBRD,21.02,52.26
4693,PL,Poland,Gini index,2022,28.9,Europe & Central Asia,High income,IBRD,21.02,52.26
4694,PL,Poland,Gini index,2021,28.5,Europe & Central Asia,High income,IBRD,21.02,52.26
4695,PL,Poland,Gini index,2020,28.5,Europe & Central Asia,High income,IBRD,21.02,52.26
4696,PL,Poland,Gini index,2019,28.8,Europe & Central Asia,High income,IBRD,21.02,52.26
4697,PL,Poland,Gini index,2018,30.2,Europe & Central Asia,High income,IBRD,21.02,52.26
4698,PL,Poland,Gini index,2017,29.7,Europe & Central Asia,High income,IBRD,21.02,52.26
4699,PL,Poland,Gini index,2016,31.2,Europe & Central Asia,High income,IBRD,21.02,52.26
4700,PT,Portugal,Gini index,2025,,Europe & Central Asia,High income,Not classified,-9.13552,38.7072
4701,PT,Portugal,Gini index,2024,,Europe & Central Asia,High income,Not classified,-9.13552,38.7072
4702,PT,Portugal,Gini index,2023,33.9,Europe & Central Asia,High income,Not classified,-9.13552,38.7072
4703,PT,Portugal,Gini index,2022,36.3,Europe & Central Asia,High income,Not classified,-9.13552,38.7072
4704,PT,Portugal,Gini index,2021,34.6,Europe & Central Asia,High income,Not classified,-9.13552,38.7072
4705,PT,Portugal,Gini index,2020,34.7,Europe & Central Asia,High income,Not classified,-9.13552,38.7072
4706,PT,Portugal,Gini index,2019,32.8,Europe & Central Asia,High income,Not classified,-9.13552,38.7072
4707,PT,Portugal,Gini index,2018,33.5,Europe & Central Asia,High income,Not classified,-9.13552,38.7072
4708,PT,Portugal,Gini index,2017,33.8,Europe & Central Asia,High income,Not classified,-9.13552,38.7072
4709,PT,Portugal,Gini index,2016,35.2,Europe & Central Asia,High income,Not classified,-9.13552,38.7072
4710,PR,Puerto Rico (US),Gini index,2025,,Latin America & Caribbean ,High income,Not classified,-66,18.23
4711,PR,Puerto Rico (US),Gini index,2024,,Latin America & Caribbean ,High income,Not classified,-66,18.23
4712,PR,Puerto Rico (US),Gini index,2023,,Latin America & Caribbean ,High income,Not classified,-66,18.23
4713,PR,Puerto Rico (US),Gini index,2022,,Latin America & Caribbean ,High income,Not classified,-66,18.23
4714,PR,Puerto Rico (US),Gini index,2021,,Latin America & Caribbean ,High income,Not classified,-66,18.23
4715,PR,Puerto Rico (US),Gini index,2020,,Latin America & Caribbean ,High income,Not classified,-66,18.23
4716,PR,Puerto Rico (US),Gini index,2019,,Latin America & Caribbean ,High income,Not classified,-66,18.23
4717,PR,Puerto Rico (US),Gini index,2018,,Latin America & Caribbean ,High income,Not classified,-66,18.23
4718,PR,Puerto Rico (US),Gini index,2017,,Latin America & Caribbean ,High income,Not classified,-66,18.23
4719,PR,Puerto Rico (US),Gini index,2016,,Latin America & Caribbean ,High income,Not classified,-66,18.23
4720,QA,Qatar,Gini index,2025,,"Middle East, North Africa, Afghanistan & Pakistan",High income,Not classified,51.5082,25.2948
4721,QA,Qatar,Gini index,2024,,"Middle East, North Africa, Afghanistan & Pakistan",High income,Not classified,51.5082,25.2948
4722,QA,Qatar,Gini index,2023,,"Middle East, North Africa, Afghanistan & Pakistan",High income,Not classified,51.5082,25.2948
4723,QA,Qatar,Gini index,2022,,"Middle East, North Africa, Afghanistan & Pakistan",High income,Not classified,51.5082,25.2948
4724,QA,Qatar,Gini index,2021,,"Middle East, North Africa, Afghanistan & Pakistan",High income,Not classified,51.5082,25.2948
4725,QA,Qatar,Gini index,2020,,"Middle East, North Africa, Afghanistan & Pakistan",High income,Not classified,51.5082,25.2948
4726,QA,Qatar,Gini index,2019,,"Middle East, North Africa, Afghanistan & Pakistan",High income,Not classified,51.5082,25.2948
4727,QA,Qatar,Gini index,2018,,"Middle East, North Africa, Afghanistan & Pakistan",High income,Not classified,51.5082,25.2948
4728,QA,Qatar,Gini index,2017,35.1,"Middle East, North Africa, Afghanistan & Pakistan",High income,Not classified,51.5082,25.2948
4729,QA,Qatar,Gini index,2016,,"Middle East, North Africa, Afghanistan & Pakistan",High income,Not classified,51.5082,25.2948
4730,RO,Romania,Gini index,2025,,Europe & Central Asia,High income,IBRD,26.0979,44.4479
4731,RO,Romania,Gini index,2024,,Europe & Central Asia,High income,IBRD,26.0979,44.4479
4732,RO,Romania,Gini index,2023,29.8,Europe & Central Asia,High income,IBRD,26.0979,44.4479
4733,RO,Romania,Gini index,2022,32.3,Europe & Central Asia,High income,IBRD,26.0979,44.4479
4734,RO,Romania,Gini index,2021,33.9,Europe & Central Asia,High income,IBRD,26.0979,44.4479
4735,RO,Romania,Gini index,2020,34.6,Europe & Central Asia,High income,IBRD,26.0979,44.4479
4736,RO,Romania,Gini index,2019,34.8,Europe & Central Asia,High income,IBRD,26.0979,44.4479
4737,RO,Romania,Gini index,2018,35.8,Europe & Central Asia,High income,IBRD,26.0979,44.4479
4738,RO,Romania,Gini index,2017,36.0,Europe & Central Asia,High income,IBRD,26.0979,44.4479
4739,RO,Romania,Gini index,2016,34.4,Europe & Central Asia,High income,IBRD,26.0979,44.4479
4740,RU,Russian Federation,Gini index,2025,,Europe & Central Asia,High income,IBRD,37.6176,55.7558
4741,RU,Russian Federation,Gini index,2024,,Europe & Central Asia,High income,IBRD,37.6176,55.7558
4742,RU,Russian Federation,Gini index,2023,33.0,Europe & Central Asia,High income,IBRD,37.6176,55.7558
4743,RU,Russian Federation,Gini index,2022,33.9,Europe & Central Asia,High income,IBRD,37.6176,55.7558
4744,RU,Russian Federation,Gini index,2021,35.1,Europe & Central Asia,High income,IBRD,37.6176,55.7558
4745,RU,Russian Federation,Gini index,2020,33.7,Europe & Central Asia,High income,IBRD,37.6176,55.7558
4746,RU,Russian Federation,Gini index,2019,35.7,Europe & Central Asia,High income,IBRD,37.6176,55.7558
4747,RU,Russian Federation,Gini index,2018,35.3,Europe & Central Asia,High income,IBRD,37.6176,55.7558
4748,RU,Russian Federation,Gini index,2017,35.5,Europe & Central Asia,High income,IBRD,37.6176,55.7558
4749,RU,Russian Federation,Gini index,2016,36.7,Europe & Central Asia,High income,IBRD,37.6176,55.7558
4750,RW,Rwanda,Gini index,2025,,Sub-Saharan Africa ,Low income,IDA,30.0587,-1.95325
4751,RW,Rwanda,Gini index,2024,,Sub-Saharan Africa ,Low income,IDA,30.0587,-1.95325
4752,RW,Rwanda,Gini index,2023,39.4,Sub-Saharan Africa ,Low income,IDA,30.0587,-1.95325
4753,RW,Rwanda,Gini index,2022,,Sub-Saharan Africa ,Low income,IDA,30.0587,-1.95325
4754,RW,Rwanda,Gini index,2021,,Sub-Saharan Africa ,Low income,IDA,30.0587,-1.95325
4755,RW,Rwanda,Gini index,2020,,Sub-Saharan Africa ,Low income,IDA,30.0587,-1.95325
4756,RW,Rwanda,Gini index,2019,,Sub-Saharan Africa ,Low income,IDA,30.0587,-1.95325
4757,RW,Rwanda,Gini index,2018,,Sub-Saharan Africa ,Low income,IDA,30.0587,-1.95325
4758,RW,Rwanda,Gini index,2017,,Sub-Saharan Africa ,Low income,IDA,30.0587,-1.95325
4759,RW,Rwanda,Gini index,2016,43.7,Sub-Saharan Africa ,Low income,IDA,30.0587,-1.95325
4760,WS,Samoa,Gini index,2025,,East Asia & Pacific,Upper middle income,IDA,-171.752,-13.8314
4761,WS,Samoa,Gini index,2024,,East Asia & Pacific,Upper middle income,IDA,-171.752,-13.8314
4762,WS,Samoa,Gini index,2023,,East Asia & Pacific,Upper middle income,IDA,-171.752,-13.8314
4763,WS,Samoa,Gini index,2022,,East Asia & Pacific,Upper middle income,IDA,-171.752,-13.8314
4764,WS,Samoa,Gini index,2021,,East Asia & Pacific,Upper middle income,IDA,-171.752,-13.8314
4765,WS,Samoa,Gini index,2020,,East Asia & Pacific,Upper middle income,IDA,-171.752,-13.8314
4766,WS,Samoa,Gini index,2019,,East Asia & Pacific,Upper middle income,IDA,-171.752,-13.8314
4767,WS,Samoa,Gini index,2018,,East Asia & Pacific,Upper middle income,IDA,-171.752,-13.8314
4768,WS,Samoa,Gini index,2017,,East Asia & Pacific,Upper middle income,IDA,-171.752,-13.8314
4769,WS,Samoa,Gini index,2016,,East Asia & Pacific,Upper middle income,IDA,-171.752,-13.8314
4770,SM,San Marino,Gini index,2025,,Europe & Central Asia,High income,Not classified,12.4486,43.9322
4771,SM,San Marino,Gini index,2024,,Europe & Central Asia,High income,Not classified,12.4486,43.9322
4772,SM,San Marino,Gini index,2023,,Europe & Central Asia,High income,Not classified,12.4486,43.9322
4773,SM,San Marino,Gini index,2022,,Europe & Central Asia,High income,Not classified,12.4486,43.9322
4774,SM,San Marino,Gini index,2021,,Europe & Central Asia,High income,Not classified,12.4486,43.9322
4775,SM,San Marino,Gini index,2020,,Europe & Central Asia,High income,Not classified,12.4486,43.9322
4776,SM,San Marino,Gini index,2019,,Europe & Central Asia,High income,Not classified,12.4486,43.9322
4777,SM,San Marino,Gini index,2018,,Europe & Central Asia,High income,Not classified,12.4486,43.9322
4778,SM,San Marino,Gini index,2017,,Europe & Central Asia,High income,Not classified,12.4486,43.9322
4779,SM,San Marino,Gini index,2016,,Europe & Central Asia,High income,Not classified,12.4486,43.9322
4780,ST,Sao Tome and Principe,Gini index,2025,,Sub-Saharan Africa ,Lower middle income,IDA,6.6071,0.20618
4781,ST,Sao Tome and Principe,Gini index,2024,,Sub-Saharan Africa ,Lower middle income,IDA,6.6071,0.20618
4782,ST,Sao Tome and Principe,Gini index,2023,,Sub-Saharan Africa ,Lower middle income,IDA,6.6071,0.20618
4783,ST,Sao Tome and Principe,Gini index,2022,,Sub-Saharan Africa ,Lower middle income,IDA,6.6071,0.20618
4784,ST,Sao Tome and Principe,Gini index,2021,,Sub-Saharan Africa ,Lower middle income,IDA,6.6071,0.20618
4785,ST,Sao Tome and Principe,Gini index,2020,,Sub-Saharan Africa ,Lower middle income,IDA,6.6071,0.20618
4786,ST,Sao Tome and Principe,Gini index,2019,,Sub-Saharan Africa ,Lower middle income,IDA,6.6071,0.20618
4787,ST,Sao Tome and Principe,Gini index,2018,,Sub-Saharan Africa ,Lower middle income,IDA,6.6071,0.20618
4788,ST,Sao Tome and Principe,Gini index,2017,40.7,Sub-Saharan Africa ,Lower middle income,IDA,6.6071,0.20618
4789,ST,Sao Tome and Principe,Gini index,2016,,Sub-Saharan Africa ,Lower middle income,IDA,6.6071,0.20618
4790,SA,Saudi Arabia,Gini index,2025,,"Middle East, North Africa, Afghanistan & Pakistan",High income,Not classified,46.6977,24.6748
4791,SA,Saudi Arabia,Gini index,2024,,"Middle East, North Africa, Afghanistan & Pakistan",High income,Not classified,46.6977,24.6748
4792,SA,Saudi Arabia,Gini index,2023,,"Middle East, North Africa, Afghanistan & Pakistan",High income,Not classified,46.6977,24.6748
4793,SA,Saudi Arabia,Gini index,2022,,"Middle East, North Africa, Afghanistan & Pakistan",High income,Not classified,46.6977,24.6748
4794,SA,Saudi Arabia,Gini index,2021,,"Middle East, North Africa, Afghanistan & Pakistan",High income,Not classified,46.6977,24.6748
4795,SA,Saudi Arabia,Gini index,2020,,"Middle East, North Africa, Afghanistan & Pakistan",High income,Not classified,46.6977,24.6748
4796,SA,Saudi Arabia,Gini index,2019,,"Middle East, North Africa, Afghanistan & Pakistan",High income,Not classified,46.6977,24.6748
4797,SA,Saudi Arabia,Gini index,2018,,"Middle East, North Africa, Afghanistan & Pakistan",High income,Not classified,46.6977,24.6748
4798,SA,Saudi Arabia,Gini index,2017,,"Middle East, North Africa, Afghanistan & Pakistan",High income,Not classified,46.6977,24.6748
4799,SA,Saudi Arabia,Gini index,2016,,"Middle East, North Africa, Afghanistan & Pakistan",High income,Not classified,46.6977,24.6748
4800,SN,Senegal,Gini index,2025,,Sub-Saharan Africa ,Lower middle income,IDA,-17.4734,14.7247
4801,SN,Senegal,Gini index,2024,,Sub-Saharan Africa ,Lower middle income,IDA,-17.4734,14.7247
4802,SN,Senegal,Gini index,2023,,Sub-Saharan Africa ,Lower middle income,IDA,-17.4734,14.7247
4803,SN,Senegal,Gini index,2022,,Sub-Saharan Africa ,Lower middle income,IDA,-17.4734,14.7247
4804,SN,Senegal,Gini index,2021,36.2,Sub-Saharan Africa ,Lower middle income,IDA,-17.4734,14.7247
4805,SN,Senegal,Gini index,2020,,Sub-Saharan Africa ,Lower middle income,IDA,-17.4734,14.7247
4806,SN,Senegal,Gini index,2019,,Sub-Saharan Africa ,Lower middle income,IDA,-17.4734,14.7247
4807,SN,Senegal,Gini index,2018,38.3,Sub-Saharan Africa ,Lower middle income,IDA,-17.4734,14.7247
4808,SN,Senegal,Gini index,2017,,Sub-Saharan Africa ,Lower middle income,IDA,-17.4734,14.7247
4809,SN,Senegal,Gini index,2016,,Sub-Saharan Africa ,Lower middle income,IDA,-17.4734,14.7247
4810,RS,Serbia,Gini index,2025,,Europe & Central Asia,Upper middle income,IBRD,20.4656,44.8024
4811,RS,Serbia,Gini index,2024,,Europe & Central Asia,Upper middle income,IBRD,20.4656,44.8024
4812,RS,Serbia,Gini index,2023,32.8,Europe & Central Asia,Upper middle income,IBRD,20.4656,44.8024
4813,RS,Serbia,Gini index,2022,32.8,Europe & Central Asia,Upper middle income,IBRD,20.4656,44.8024
4814,RS,Serbia,Gini index,2021,33.1,Europe & Central Asia,Upper middle income,IBRD,20.4656,44.8024
4815,RS,Serbia,Gini index,2020,35.0,Europe & Central Asia,Upper middle income,IBRD,20.4656,44.8024
4816,RS,Serbia,Gini index,2019,34.5,Europe & Central Asia,Upper middle income,IBRD,20.4656,44.8024
4817,RS,Serbia,Gini index,2018,35.0,Europe & Central Asia,Upper middle income,IBRD,20.4656,44.8024
4818,RS,Serbia,Gini index,2017,36.1,Europe & Central Asia,Upper middle income,IBRD,20.4656,44.8024
4819,RS,Serbia,Gini index,2016,38.8,Europe & Central Asia,Upper middle income,IBRD,20.4656,44.8024
4820,SC,Seychelles,Gini index,2025,,Sub-Saharan Africa ,High income,IBRD,55.4466,-4.6309
4821,SC,Seychelles,Gini index,2024,,Sub-Saharan Africa ,High income,IBRD,55.4466,-4.6309
4822,SC,Seychelles,Gini index,2023,,Sub-Saharan Africa ,High income,IBRD,55.4466,-4.6309
4823,SC,Seychelles,Gini index,2022,,Sub-Saharan Africa ,High income,IBRD,55.4466,-4.6309
4824,SC,Seychelles,Gini index,2021,,Sub-Saharan Africa ,High income,IBRD,55.4466,-4.6309
4825,SC,Seychelles,Gini index,2020,,Sub-Saharan Africa ,High income,IBRD,55.4466,-4.6309
4826,SC,Seychelles,Gini index,2019,,Sub-Saharan Africa ,High income,IBRD,55.4466,-4.6309
4827,SC,Seychelles,Gini index,2018,32.1,Sub-Saharan Africa ,High income,IBRD,55.4466,-4.6309
4828,SC,Seychelles,Gini index,2017,,Sub-Saharan Africa ,High income,IBRD,55.4466,-4.6309
4829,SC,Seychelles,Gini index,2016,,Sub-Saharan Africa ,High income,IBRD,55.4466,-4.6309
4830,SL,Sierra Leone,Gini index,2025,,Sub-Saharan Africa ,Low income,IDA,-13.2134,8.4821
4831,SL,Sierra Leone,Gini index,2024,,Sub-Saharan Africa ,Low income,IDA,-13.2134,8.4821
4832,SL,Sierra Leone,Gini index,2023,,Sub-Saharan Africa ,Low income,IDA,-13.2134,8.4821
4833,SL,Sierra Leone,Gini index,2022,,Sub-Saharan Africa ,Low income,IDA,-13.2134,8.4821
4834,SL,Sierra Leone,Gini index,2021,,Sub-Saharan Africa ,Low income,IDA,-13.2134,8.4821
4835,SL,Sierra Leone,Gini index,2020,,Sub-Saharan Africa ,Low income,IDA,-13.2134,8.4821
4836,SL,Sierra Leone,Gini index,2019,,Sub-Saharan Africa ,Low income,IDA,-13.2134,8.4821
4837,SL,Sierra Leone,Gini index,2018,35.7,Sub-Saharan Africa ,Low income,IDA,-13.2134,8.4821
4838,SL,Sierra Leone,Gini index,2017,,Sub-Saharan Africa ,Low income,IDA,-13.2134,8.4821
4839,SL,Sierra Leone,Gini index,2016,,Sub-Saharan Africa ,Low income,IDA,-13.2134,8.4821
4840,SG,Singapore,Gini index,2025,,East Asia & Pacific,High income,Not classified,103.85,1.28941
4841,SG,Singapore,Gini index,2024,,East Asia & Pacific,High income,Not classified,103.85,1.28941
4842,SG,Singapore,Gini index,2023,,East Asia & Pacific,High income,Not classified,103.85,1.28941
4843,SG,Singapore,Gini index,2022,,East Asia & Pacific,High income,Not classified,103.85,1.28941
4844,SG,Singapore,Gini index,2021,,East Asia & Pacific,High income,Not classified,103.85,1.28941
4845,SG,Singapore,Gini index,2020,,East Asia & Pacific,High income,Not classified,103.85,1.28941
4846,SG,Singapore,Gini index,2019,,East Asia & Pacific,High income,Not classified,103.85,1.28941
4847,SG,Singapore,Gini index,2018,,East Asia & Pacific,High income,Not classified,103.85,1.28941
4848,SG,Singapore,Gini index,2017,,East Asia & Pacific,High income,Not classified,103.85,1.28941
4849,SG,Singapore,Gini index,2016,,East Asia & Pacific,High income,Not classified,103.85,1.28941
4850,SX,Sint Maarten (Dutch part),Gini index,2025,,Latin America & Caribbean ,High income,Not classified,,
4851,SX,Sint Maarten (Dutch part),Gini index,2024,,Latin America & Caribbean ,High income,Not classified,,
4852,SX,Sint Maarten (Dutch part),Gini index,2023,,Latin America & Caribbean ,High income,Not classified,,
4853,SX,Sint Maarten (Dutch part),Gini index,2022,,Latin America & Caribbean ,High income,Not classified,,
4854,SX,Sint Maarten (Dutch part),Gini index,2021,,Latin America & Caribbean ,High income,Not classified,,
4855,SX,Sint Maarten (Dutch part),Gini index,2020,,Latin America & Caribbean ,High income,Not classified,,
4856,SX,Sint Maarten (Dutch part),Gini index,2019,,Latin America & Caribbean ,High income,Not classified,,
4857,SX,Sint Maarten (Dutch part),Gini index,2018,,Latin America & Caribbean ,High income,Not classified,,
4858,SX,Sint Maarten (Dutch part),Gini index,2017,,Latin America & Caribbean ,High income,Not classified,,
4859,SX,Sint Maarten (Dutch part),Gini index,2016,,Latin America & Caribbean ,High income,Not classified,,
4860,SK,Slovak Republic,Gini index,2025,,Europe & Central Asia,High income,Not classified,17.1073,48.1484
4861,SK,Slovak Republic,Gini index,2024,,Europe & Central Asia,High income,Not classified,17.1073,48.1484
4862,SK,Slovak Republic,Gini index,2023,23.8,Europe & Central Asia,High income,Not classified,17.1073,48.1484
4863,SK,Slovak Republic,Gini index,2022,24.1,Europe & Central Asia,High income,Not classified,17.1073,48.1484
4864,SK,Slovak Republic,Gini index,2021,24.1,Europe & Central Asia,High income,Not classified,17.1073,48.1484
4865,SK,Slovak Republic,Gini index,2020,24.2,Europe & Central Asia,High income,Not classified,17.1073,48.1484
4866,SK,Slovak Republic,Gini index,2019,23.2,Europe & Central Asia,High income,Not classified,17.1073,48.1484
4867,SK,Slovak Republic,Gini index,2018,25.0,Europe & Central Asia,High income,Not classified,17.1073,48.1484
4868,SK,Slovak Republic,Gini index,2017,23.2,Europe & Central Asia,High income,Not classified,17.1073,48.1484
4869,SK,Slovak Republic,Gini index,2016,25.2,Europe & Central Asia,High income,Not classified,17.1073,48.1484
4870,SI,Slovenia,Gini index,2025,,Europe & Central Asia,High income,Not classified,14.5044,46.0546
4871,SI,Slovenia,Gini index,2024,,Europe & Central Asia,High income,Not classified,14.5044,46.0546
4872,SI,Slovenia,Gini index,2023,24.7,Europe & Central Asia,High income,Not classified,14.5044,46.0546
4873,SI,Slovenia,Gini index,2022,24.3,Europe & Central Asia,High income,Not classified,14.5044,46.0546
4874,SI,Slovenia,Gini index,2021,24.3,Europe & Central Asia,High income,Not classified,14.5044,46.0546
4875,SI,Slovenia,Gini index,2020,24.0,Europe & Central Asia,High income,Not classified,14.5044,46.0546
4876,SI,Slovenia,Gini index,2019,24.4,Europe & Central Asia,High income,Not classified,14.5044,46.0546
4877,SI,Slovenia,Gini index,2018,24.6,Europe & Central Asia,High income,Not classified,14.5044,46.0546
4878,SI,Slovenia,Gini index,2017,24.2,Europe & Central Asia,High income,Not classified,14.5044,46.0546
4879,SI,Slovenia,Gini index,2016,24.8,Europe & Central Asia,High income,Not classified,14.5044,46.0546
4880,SB,Solomon Islands,Gini index,2025,,East Asia & Pacific,Lower middle income,IDA,159.949,-9.42676
4881,SB,Solomon Islands,Gini index,2024,,East Asia & Pacific,Lower middle income,IDA,159.949,-9.42676
4882,SB,Solomon Islands,Gini index,2023,,East Asia & Pacific,Lower middle income,IDA,159.949,-9.42676
4883,SB,Solomon Islands,Gini index,2022,,East Asia & Pacific,Lower middle income,IDA,159.949,-9.42676
4884,SB,Solomon Islands,Gini index,2021,,East Asia & Pacific,Lower middle income,IDA,159.949,-9.42676
4885,SB,Solomon Islands,Gini index,2020,,East Asia & Pacific,Lower middle income,IDA,159.949,-9.42676
4886,SB,Solomon Islands,Gini index,2019,,East Asia & Pacific,Lower middle income,IDA,159.949,-9.42676
4887,SB,Solomon Islands,Gini index,2018,,East Asia & Pacific,Lower middle income,IDA,159.949,-9.42676
4888,SB,Solomon Islands,Gini index,2017,,East Asia & Pacific,Lower middle income,IDA,159.949,-9.42676
4889,SB,Solomon Islands,Gini index,2016,,East Asia & Pacific,Lower middle income,IDA,159.949,-9.42676
4890,SO,"Somalia, Fed. Rep.",Gini index,2025,,Sub-Saharan Africa ,Low income,IDA,45.3254,2.07515
4891,SO,"Somalia, Fed. Rep.",Gini index,2024,,Sub-Saharan Africa ,Low income,IDA,45.3254,2.07515
4892,SO,"Somalia, Fed. Rep.",Gini index,2023,,Sub-Saharan Africa ,Low income,IDA,45.3254,2.07515
4893,SO,"Somalia, Fed. Rep.",Gini index,2022,,Sub-Saharan Africa ,Low income,IDA,45.3254,2.07515
4894,SO,"Somalia, Fed. Rep.",Gini index,2021,,Sub-Saharan Africa ,Low income,IDA,45.3254,2.07515
4895,SO,"Somalia, Fed. Rep.",Gini index,2020,,Sub-Saharan Africa ,Low income,IDA,45.3254,2.07515
4896,SO,"Somalia, Fed. Rep.",Gini index,2019,,Sub-Saharan Africa ,Low income,IDA,45.3254,2.07515
4897,SO,"Somalia, Fed. Rep.",Gini index,2018,,Sub-Saharan Africa ,Low income,IDA,45.3254,2.07515
4898,SO,"Somalia, Fed. Rep.",Gini index,2017,,Sub-Saharan Africa ,Low income,IDA,45.3254,2.07515
4899,SO,"Somalia, Fed. Rep.",Gini index,2016,,Sub-Saharan Africa ,Low income,IDA,45.3254,2.07515
4900,ZA,South Africa,Gini index,2025,,Sub-Saharan Africa ,Upper middle income,IBRD,28.1871,-25.746
4901,ZA,South Africa,Gini index,2024,,Sub-Saharan Africa ,Upper middle income,IBRD,28.1871,-25.746
4902,ZA,South Africa,Gini index,2023,,Sub-Saharan Africa ,Upper middle income,IBRD,28.1871,-25.746
4903,ZA,South Africa,Gini index,2022,54.1,Sub-Saharan Africa ,Upper middle income,IBRD,28.1871,-25.746
4904,ZA,South Africa,Gini index,2021,,Sub-Saharan Africa ,Upper middle income,IBRD,28.1871,-25.746
4905,ZA,South Africa,Gini index,2020,,Sub-Saharan Africa ,Upper middle income,IBRD,28.1871,-25.746
4906,ZA,South Africa,Gini index,2019,,Sub-Saharan Africa ,Upper middle income,IBRD,28.1871,-25.746
4907,ZA,South Africa,Gini index,2018,,Sub-Saharan Africa ,Upper middle income,IBRD,28.1871,-25.746
4908,ZA,South Africa,Gini index,2017,,Sub-Saharan Africa ,Upper middle income,IBRD,28.1871,-25.746
4909,ZA,South Africa,Gini index,2016,,Sub-Saharan Africa ,Upper middle income,IBRD,28.1871,-25.746
4910,SS,South Sudan,Gini index,2025,,Sub-Saharan Africa ,Low income,IDA,31.6,4.85
4911,SS,South Sudan,Gini index,2024,,Sub-Saharan Africa ,Low income,IDA,31.6,4.85
4912,SS,South Sudan,Gini index,2023,,Sub-Saharan Africa ,Low income,IDA,31.6,4.85
4913,SS,South Sudan,Gini index,2022,,Sub-Saharan Africa ,Low income,IDA,31.6,4.85
4914,SS,South Sudan,Gini index,2021,,Sub-Saharan Africa ,Low income,IDA,31.6,4.85
4915,SS,South Sudan,Gini index,2020,,Sub-Saharan Africa ,Low income,IDA,31.6,4.85
4916,SS,South Sudan,Gini index,2019,,Sub-Saharan Africa ,Low income,IDA,31.6,4.85
4917,SS,South Sudan,Gini index,2018,,Sub-Saharan Africa ,Low income,IDA,31.6,4.85
4918,SS,South Sudan,Gini index,2017,,Sub-Saharan Africa ,Low income,IDA,31.6,4.85
4919,SS,South Sudan,Gini index,2016,44.0,Sub-Saharan Africa ,Low income,IDA,31.6,4.85
4920,ES,Spain,Gini index,2025,,Europe & Central Asia,High income,Not classified,-3.70327,40.4167
4921,ES,Spain,Gini index,2024,,Europe & Central Asia,High income,Not classified,-3.70327,40.4167
4922,ES,Spain,Gini index,2023,33.4,Europe & Central Asia,High income,Not classified,-3.70327,40.4167
4923,ES,Spain,Gini index,2022,33.6,Europe & Central Asia,High income,Not classified,-3.70327,40.4167
4924,ES,Spain,Gini index,2021,33.9,Europe & Central Asia,High income,Not classified,-3.70327,40.4167
4925,ES,Spain,Gini index,2020,34.9,Europe & Central Asia,High income,Not classified,-3.70327,40.4167
4926,ES,Spain,Gini index,2019,34.3,Europe & Central Asia,High income,Not classified,-3.70327,40.4167
4927,ES,Spain,Gini index,2018,34.7,Europe & Central Asia,High income,Not classified,-3.70327,40.4167
4928,ES,Spain,Gini index,2017,34.7,Europe & Central Asia,High income,Not classified,-3.70327,40.4167
4929,ES,Spain,Gini index,2016,35.8,Europe & Central Asia,High income,Not classified,-3.70327,40.4167
4930,LK,Sri Lanka,Gini index,2025,,South Asia,Upper middle income,IDA,79.8528,6.92148
4931,LK,Sri Lanka,Gini index,2024,,South Asia,Upper middle income,IDA,79.8528,6.92148
4932,LK,Sri Lanka,Gini index,2023,,South Asia,Upper middle income,IDA,79.8528,6.92148
4933,LK,Sri Lanka,Gini index,2022,,South Asia,Upper middle income,IDA,79.8528,6.92148
4934,LK,Sri Lanka,Gini index,2021,,South Asia,Upper middle income,IDA,79.8528,6.92148
4935,LK,Sri Lanka,Gini index,2020,,South Asia,Upper middle income,IDA,79.8528,6.92148
4936,LK,Sri Lanka,Gini index,2019,37.7,South Asia,Upper middle income,IDA,79.8528,6.92148
4937,LK,Sri Lanka,Gini index,2018,,South Asia,Upper middle income,IDA,79.8528,6.92148
4938,LK,Sri Lanka,Gini index,2017,,South Asia,Upper middle income,IDA,79.8528,6.92148
4939,LK,Sri Lanka,Gini index,2016,39.3,South Asia,Upper middle income,IDA,79.8528,6.92148
4940,KN,St. Kitts and Nevis,Gini index,2025,,Latin America & Caribbean ,High income,IBRD,-62.7309,17.3
4941,KN,St. Kitts and Nevis,Gini index,2024,,Latin America & Caribbean ,High income,IBRD,-62.7309,17.3
4942,KN,St. Kitts and Nevis,Gini index,2023,,Latin America & Caribbean ,High income,IBRD,-62.7309,17.3
4943,KN,St. Kitts and Nevis,Gini index,2022,,Latin America & Caribbean ,High income,IBRD,-62.7309,17.3
4944,KN,St. Kitts and Nevis,Gini index,2021,,Latin America & Caribbean ,High income,IBRD,-62.7309,17.3
4945,KN,St. Kitts and Nevis,Gini index,2020,,Latin America & Caribbean ,High income,IBRD,-62.7309,17.3
4946,KN,St. Kitts and Nevis,Gini index,2019,,Latin America & Caribbean ,High income,IBRD,-62.7309,17.3
4947,KN,St. Kitts and Nevis,Gini index,2018,,Latin America & Caribbean ,High income,IBRD,-62.7309,17.3
4948,KN,St. Kitts and Nevis,Gini index,2017,,Latin America & Caribbean ,High income,IBRD,-62.7309,17.3
4949,KN,St. Kitts and Nevis,Gini index,2016,,Latin America & Caribbean ,High income,IBRD,-62.7309,17.3
4950,LC,St. Lucia,Gini index,2025,,Latin America & Caribbean ,Upper middle income,Blend,-60.9832,14
4951,LC,St. Lucia,Gini index,2024,,Latin America & Caribbean ,Upper middle income,Blend,-60.9832,14
4952,LC,St. Lucia,Gini index,2023,,Latin America & Caribbean ,Upper middle income,Blend,-60.9832,14
4953,LC,St. Lucia,Gini index,2022,,Latin America & Caribbean ,Upper middle income,Blend,-60.9832,14
4954,LC,St. Lucia,Gini index,2021,,Latin America & Caribbean ,Upper middle income,Blend,-60.9832,14
4955,LC,St. Lucia,Gini index,2020,,Latin America & Caribbean ,Upper middle income,Blend,-60.9832,14
4956,LC,St. Lucia,Gini index,2019,,Latin America & Caribbean ,Upper middle income,Blend,-60.9832,14
4957,LC,St. Lucia,Gini index,2018,,Latin America & Caribbean ,Upper middle income,Blend,-60.9832,14
4958,LC,St. Lucia,Gini index,2017,,Latin America & Caribbean ,Upper middle income,Blend,-60.9832,14
4959,LC,St. Lucia,Gini index,2016,,Latin America & Caribbean ,Upper middle income,Blend,-60.9832,14
4960,MF,St. Martin (French part),Gini index,2025,,Latin America & Caribbean ,High income,Not classified,,
4961,MF,St. Martin (French part),Gini index,2024,,Latin America & Caribbean ,High income,Not classified,,
4962,MF,St. Martin (French part),Gini index,2023,,Latin America & Caribbean ,High income,Not classified,,
4963,MF,St. Martin (French part),Gini index,2022,,Latin America & Caribbean ,High income,Not classified,,
4964,MF,St. Martin (French part),Gini index,2021,,Latin America & Caribbean ,High income,Not classified,,
4965,MF,St. Martin (French part),Gini index,2020,,Latin America & Caribbean ,High income,Not classified,,
4966,MF,St. Martin (French part),Gini index,2019,,Latin America & Caribbean ,High income,Not classified,,
4967,MF,St. Martin (French part),Gini index,2018,,Latin America & Caribbean ,High income,Not classified,,
4968,MF,St. Martin (French part),Gini index,2017,,Latin America & Caribbean ,High income,Not classified,,
4969,MF,St. Martin (French part),Gini index,2016,,Latin America & Caribbean ,High income,Not classified,,
4970,VC,St. Vincent and the Grenadines,Gini index,2025,,Latin America & Caribbean ,Upper middle income,Blend,-61.2653,13.2035
4971,VC,St. Vincent and the Grenadines,Gini index,2024,,Latin America & Caribbean ,Upper middle income,Blend,-61.2653,13.2035
4972,VC,St. Vincent and the Grenadines,Gini index,2023,,Latin America & Caribbean ,Upper middle income,Blend,-61.2653,13.2035
4973,VC,St. Vincent and the Grenadines,Gini index,2022,,Latin America & Caribbean ,Upper middle income,Blend,-61.2653,13.2035
4974,VC,St. Vincent and the Grenadines,Gini index,2021,,Latin America & Caribbean ,Upper middle income,Blend,-61.2653,13.2035
4975,VC,St. Vincent and the Grenadines,Gini index,2020,,Latin America & Caribbean ,Upper middle income,Blend,-61.2653,13.2035
4976,VC,St. Vincent and the Grenadines,Gini index,2019,,Latin America & Caribbean ,Upper middle income,Blend,-61.2653,13.2035
4977,VC,St. Vincent and the Grenadines,Gini index,2018,,Latin America & Caribbean ,Upper middle income,Blend,-61.2653,13.2035
4978,VC,St. Vincent and the Grenadines,Gini index,2017,,Latin America & Caribbean ,Upper middle income,Blend,-61.2653,13.2035
4979,VC,St. Vincent and the Grenadines,Gini index,2016,,Latin America & Caribbean ,Upper middle income,Blend,-61.2653,13.2035
4980,SD,Sudan,Gini index,2025,,Sub-Saharan Africa ,Low income,IDA,32.5363,15.5932
4981,SD,Sudan,Gini index,2024,,Sub-Saharan Africa ,Low income,IDA,32.5363,15.5932
4982,SD,Sudan,Gini index,2023,,Sub-Saharan Africa ,Low income,IDA,32.5363,15.5932
4983,SD,Sudan,Gini index,2022,,Sub-Saharan Africa ,Low income,IDA,32.5363,15.5932
4984,SD,Sudan,Gini index,2021,,Sub-Saharan Africa ,Low income,IDA,32.5363,15.5932
4985,SD,Sudan,Gini index,2020,,Sub-Saharan Africa ,Low income,IDA,32.5363,15.5932
4986,SD,Sudan,Gini index,2019,,Sub-Saharan Africa ,Low income,IDA,32.5363,15.5932
4987,SD,Sudan,Gini index,2018,,Sub-Saharan Africa ,Low income,IDA,32.5363,15.5932
4988,SD,Sudan,Gini index,2017,,Sub-Saharan Africa ,Low income,IDA,32.5363,15.5932
4989,SD,Sudan,Gini index,2016,,Sub-Saharan Africa ,Low income,IDA,32.5363,15.5932
4990,SR,Suriname,Gini index,2025,,Latin America & Caribbean ,Upper middle income,Blend,-55.1679,5.8232
4991,SR,Suriname,Gini index,2024,,Latin America & Caribbean ,Upper middle income,Blend,-55.1679,5.8232
4992,SR,Suriname,Gini index,2023,,Latin America & Caribbean ,Upper middle income,Blend,-55.1679,5.8232
4993,SR,Suriname,Gini index,2022,39.2,Latin America & Caribbean ,Upper middle income,Blend,-55.1679,5.8232
4994,SR,Suriname,Gini index,2021,,Latin America & Caribbean ,Upper middle income,Blend,-55.1679,5.8232
4995,SR,Suriname,Gini index,2020,,Latin America & Caribbean ,Upper middle income,Blend,-55.1679,5.8232
4996,SR,Suriname,Gini index,2019,,Latin America & Caribbean ,Upper middle income,Blend,-55.1679,5.8232
4997,SR,Suriname,Gini index,2018,,Latin America & Caribbean ,Upper middle income,Blend,-55.1679,5.8232
4998,SR,Suriname,Gini index,2017,,Latin America & Caribbean ,Upper middle income,Blend,-55.1679,5.8232
4999,SR,Suriname,Gini index,2016,,Latin America & Caribbean ,Upper middle income,Blend,-55.1679,5.8232
5000,SE,Sweden,Gini index,2025,,Europe & Central Asia,High income,Not classified,18.0645,59.3327
5001,SE,Sweden,Gini index,2024,,Europe & Central Asia,High income,Not classified,18.0645,59.3327
5002,SE,Sweden,Gini index,2023,29.3,Europe & Central Asia,High income,Not classified,18.0645,59.3327
5003,SE,Sweden,Gini index,2022,31.6,Europe & Central Asia,High income,Not classified,18.0645,59.3327
5004,SE,Sweden,Gini index,2021,29.8,Europe & Central Asia,High income,Not classified,18.0645,59.3327
5005,SE,Sweden,Gini index,2020,28.9,Europe & Central Asia,High income,Not classified,18.0645,59.3327
5006,SE,Sweden,Gini index,2019,29.3,Europe & Central Asia,High income,Not classified,18.0645,59.3327
5007,SE,Sweden,Gini index,2018,30.0,Europe & Central Asia,High income,Not classified,18.0645,59.3327
5008,SE,Sweden,Gini index,2017,28.8,Europe & Central Asia,High income,Not classified,18.0645,59.3327
5009,SE,Sweden,Gini index,2016,29.6,Europe & Central Asia,High income,Not classified,18.0645,59.3327
5010,CH,Switzerland,Gini index,2025,,Europe & Central Asia,High income,Not classified,7.44821,46.948
5011,CH,Switzerland,Gini index,2024,,Europe & Central Asia,High income,Not classified,7.44821,46.948
5012,CH,Switzerland,Gini index,2023,,Europe & Central Asia,High income,Not classified,7.44821,46.948
5013,CH,Switzerland,Gini index,2022,33.8,Europe & Central Asia,High income,Not classified,7.44821,46.948
5014,CH,Switzerland,Gini index,2021,33.8,Europe & Central Asia,High income,Not classified,7.44821,46.948
5015,CH,Switzerland,Gini index,2020,33.7,Europe & Central Asia,High income,Not classified,7.44821,46.948
5016,CH,Switzerland,Gini index,2019,34.0,Europe & Central Asia,High income,Not classified,7.44821,46.948
5017,CH,Switzerland,Gini index,2018,33.1,Europe & Central Asia,High income,Not classified,7.44821,46.948
5018,CH,Switzerland,Gini index,2017,32.7,Europe & Central Asia,High income,Not classified,7.44821,46.948
5019,CH,Switzerland,Gini index,2016,33.0,Europe & Central Asia,High income,Not classified,7.44821,46.948
5020,SY,Syrian Arab Republic,Gini index,2025,,"Middle East, North Africa, Afghanistan & Pakistan",Low income,IDA,36.3119,33.5146
5021,SY,Syrian Arab Republic,Gini index,2024,,"Middle East, North Africa, Afghanistan & Pakistan",Low income,IDA,36.3119,33.5146
5022,SY,Syrian Arab Republic,Gini index,2023,,"Middle East, North Africa, Afghanistan & Pakistan",Low income,IDA,36.3119,33.5146
5023,SY,Syrian Arab Republic,Gini index,2022,26.4,"Middle East, North Africa, Afghanistan & Pakistan",Low income,IDA,36.3119,33.5146
5024,SY,Syrian Arab Republic,Gini index,2021,,"Middle East, North Africa, Afghanistan & Pakistan",Low income,IDA,36.3119,33.5146
5025,SY,Syrian Arab Republic,Gini index,2020,,"Middle East, North Africa, Afghanistan & Pakistan",Low income,IDA,36.3119,33.5146
5026,SY,Syrian Arab Republic,Gini index,2019,,"Middle East, North Africa, Afghanistan & Pakistan",Low income,IDA,36.3119,33.5146
5027,SY,Syrian Arab Republic,Gini index,2018,,"Middle East, North Africa, Afghanistan & Pakistan",Low income,IDA,36.3119,33.5146
5028,SY,Syrian Arab Republic,Gini index,2017,,"Middle East, North Africa, Afghanistan & Pakistan",Low income,IDA,36.3119,33.5146
5029,SY,Syrian Arab Republic,Gini index,2016,,"Middle East, North Africa, Afghanistan & Pakistan",Low income,IDA,36.3119,33.5146
5030,TJ,Tajikistan,Gini index,2025,,Europe & Central Asia,Lower middle income,IDA,68.7864,38.5878
5031,TJ,Tajikistan,Gini index,2024,36.1,Europe & Central Asia,Lower middle income,IDA,68.7864,38.5878
5032,TJ,Tajikistan,Gini index,2023,38.0,Europe & Central Asia,Lower middle income,IDA,68.7864,38.5878
5033,TJ,Tajikistan,Gini index,2022,39.5,Europe & Central Asia,Lower middle income,IDA,68.7864,38.5878
5034,TJ,Tajikistan,Gini index,2021,32.4,Europe & Central Asia,Lower middle income,IDA,68.7864,38.5878
5035,TJ,Tajikistan,Gini index,2020,,Europe & Central Asia,Lower middle income,IDA,68.7864,38.5878
5036,TJ,Tajikistan,Gini index,2019,,Europe & Central Asia,Lower middle income,IDA,68.7864,38.5878
5037,TJ,Tajikistan,Gini index,2018,,Europe & Central Asia,Lower middle income,IDA,68.7864,38.5878
5038,TJ,Tajikistan,Gini index,2017,,Europe & Central Asia,Lower middle income,IDA,68.7864,38.5878
5039,TJ,Tajikistan,Gini index,2016,,Europe & Central Asia,Lower middle income,IDA,68.7864,38.5878
5040,TZ,Tanzania,Gini index,2025,,Sub-Saharan Africa ,Lower middle income,IDA,35.7382,-6.17486
5041,TZ,Tanzania,Gini index,2024,,Sub-Saharan Africa ,Lower middle income,IDA,35.7382,-6.17486
5042,TZ,Tanzania,Gini index,2023,,Sub-Saharan Africa ,Lower middle income,IDA,35.7382,-6.17486
5043,TZ,Tanzania,Gini index,2022,,Sub-Saharan Africa ,Lower middle income,IDA,35.7382,-6.17486
5044,TZ,Tanzania,Gini index,2021,,Sub-Saharan Africa ,Lower middle income,IDA,35.7382,-6.17486
5045,TZ,Tanzania,Gini index,2020,,Sub-Saharan Africa ,Lower middle income,IDA,35.7382,-6.17486
5046,TZ,Tanzania,Gini index,2019,,Sub-Saharan Africa ,Lower middle income,IDA,35.7382,-6.17486
5047,TZ,Tanzania,Gini index,2018,40.5,Sub-Saharan Africa ,Lower middle income,IDA,35.7382,-6.17486
5048,TZ,Tanzania,Gini index,2017,,Sub-Saharan Africa ,Lower middle income,IDA,35.7382,-6.17486
5049,TZ,Tanzania,Gini index,2016,,Sub-Saharan Africa ,Lower middle income,IDA,35.7382,-6.17486
5050,TH,Thailand,Gini index,2025,,East Asia & Pacific,Upper middle income,IBRD,100.521,13.7308
5051,TH,Thailand,Gini index,2024,33.3,East Asia & Pacific,Upper middle income,IBRD,100.521,13.7308
5052,TH,Thailand,Gini index,2023,33.5,East Asia & Pacific,Upper middle income,IBRD,100.521,13.7308
5053,TH,Thailand,Gini index,2022,34.3,East Asia & Pacific,Upper middle income,IBRD,100.521,13.7308
5054,TH,Thailand,Gini index,2021,34.9,East Asia & Pacific,Upper middle income,IBRD,100.521,13.7308
5055,TH,Thailand,Gini index,2020,35.0,East Asia & Pacific,Upper middle income,IBRD,100.521,13.7308
5056,TH,Thailand,Gini index,2019,34.9,East Asia & Pacific,Upper middle income,IBRD,100.521,13.7308
5057,TH,Thailand,Gini index,2018,36.4,East Asia & Pacific,Upper middle income,IBRD,100.521,13.7308
5058,TH,Thailand,Gini index,2017,36.4,East Asia & Pacific,Upper middle income,IBRD,100.521,13.7308
5059,TH,Thailand,Gini index,2016,36.7,East Asia & Pacific,Upper middle income,IBRD,100.521,13.7308
5060,TL,Timor-Leste,Gini index,2025,,East Asia & Pacific,Lower middle income,Blend,125.567,-8.56667
5061,TL,Timor-Leste,Gini index,2024,,East Asia & Pacific,Lower middle income,Blend,125.567,-8.56667
5062,TL,Timor-Leste,Gini index,2023,,East Asia & Pacific,Lower middle income,Blend,125.567,-8.56667
5063,TL,Timor-Leste,Gini index,2022,,East Asia & Pacific,Lower middle income,Blend,125.567,-8.56667
5064,TL,Timor-Leste,Gini index,2021,,East Asia & Pacific,Lower middle income,Blend,125.567,-8.56667
5065,TL,Timor-Leste,Gini index,2020,,East Asia & Pacific,Lower middle income,Blend,125.567,-8.56667
5066,TL,Timor-Leste,Gini index,2019,,East Asia & Pacific,Lower middle income,Blend,125.567,-8.56667
5067,TL,Timor-Leste,Gini index,2018,,East Asia & Pacific,Lower middle income,Blend,125.567,-8.56667
5068,TL,Timor-Leste,Gini index,2017,,East Asia & Pacific,Lower middle income,Blend,125.567,-8.56667
5069,TL,Timor-Leste,Gini index,2016,,East Asia & Pacific,Lower middle income,Blend,125.567,-8.56667
5070,TG,Togo,Gini index,2025,,Sub-Saharan Africa ,Lower middle income,IDA,1.2255,6.1228
5071,TG,Togo,Gini index,2024,,Sub-Saharan Africa ,Lower middle income,IDA,1.2255,6.1228
5072,TG,Togo,Gini index,2023,,Sub-Saharan Africa ,Lower middle income,IDA,1.2255,6.1228
5073,TG,Togo,Gini index,2022,,Sub-Saharan Africa ,Lower middle income,IDA,1.2255,6.1228
5074,TG,Togo,Gini index,2021,37.9,Sub-Saharan Africa ,Lower middle income,IDA,1.2255,6.1228
5075,TG,Togo,Gini index,2020,,Sub-Saharan Africa ,Lower middle income,IDA,1.2255,6.1228
5076,TG,Togo,Gini index,2019,,Sub-Saharan Africa ,Lower middle income,IDA,1.2255,6.1228
5077,TG,Togo,Gini index,2018,42.5,Sub-Saharan Africa ,Lower middle income,IDA,1.2255,6.1228
5078,TG,Togo,Gini index,2017,,Sub-Saharan Africa ,Lower middle income,IDA,1.2255,6.1228
5079,TG,Togo,Gini index,2016,,Sub-Saharan Africa ,Lower middle income,IDA,1.2255,6.1228
5080,TO,Tonga,Gini index,2025,,East Asia & Pacific,Upper middle income,IDA,-175.216,-21.136
5081,TO,Tonga,Gini index,2024,,East Asia & Pacific,Upper middle income,IDA,-175.216,-21.136
5082,TO,Tonga,Gini index,2023,,East Asia & Pacific,Upper middle income,IDA,-175.216,-21.136
5083,TO,Tonga,Gini index,2022,,East Asia & Pacific,Upper middle income,IDA,-175.216,-21.136
5084,TO,Tonga,Gini index,2021,27.1,East Asia & Pacific,Upper middle income,IDA,-175.216,-21.136
5085,TO,Tonga,Gini index,2020,,East Asia & Pacific,Upper middle income,IDA,-175.216,-21.136
5086,TO,Tonga,Gini index,2019,,East Asia & Pacific,Upper middle income,IDA,-175.216,-21.136
5087,TO,Tonga,Gini index,2018,,East Asia & Pacific,Upper middle income,IDA,-175.216,-21.136
5088,TO,Tonga,Gini index,2017,,East Asia & Pacific,Upper middle income,IDA,-175.216,-21.136
5089,TO,Tonga,Gini index,2016,,East Asia & Pacific,Upper middle income,IDA,-175.216,-21.136
5090,TT,Trinidad and Tobago,Gini index,2025,,Latin America & Caribbean ,High income,IBRD,-61.4789,10.6596
5091,TT,Trinidad and Tobago,Gini index,2024,,Latin America & Caribbean ,High income,IBRD,-61.4789,10.6596
5092,TT,Trinidad and Tobago,Gini index,2023,,Latin America & Caribbean ,High income,IBRD,-61.4789,10.6596
5093,TT,Trinidad and Tobago,Gini index,2022,,Latin America & Caribbean ,High income,IBRD,-61.4789,10.6596
5094,TT,Trinidad and Tobago,Gini index,2021,,Latin America & Caribbean ,High income,IBRD,-61.4789,10.6596
5095,TT,Trinidad and Tobago,Gini index,2020,,Latin America & Caribbean ,High income,IBRD,-61.4789,10.6596
5096,TT,Trinidad and Tobago,Gini index,2019,,Latin America & Caribbean ,High income,IBRD,-61.4789,10.6596
5097,TT,Trinidad and Tobago,Gini index,2018,,Latin America & Caribbean ,High income,IBRD,-61.4789,10.6596
5098,TT,Trinidad and Tobago,Gini index,2017,,Latin America & Caribbean ,High income,IBRD,-61.4789,10.6596
5099,TT,Trinidad and Tobago,Gini index,2016,,Latin America & Caribbean ,High income,IBRD,-61.4789,10.6596
5100,TN,Tunisia,Gini index,2025,,"Middle East, North Africa, Afghanistan & Pakistan",Lower middle income,IBRD,10.21,36.7899
5101,TN,Tunisia,Gini index,2024,,"Middle East, North Africa, Afghanistan & Pakistan",Lower middle income,IBRD,10.21,36.7899
5102,TN,Tunisia,Gini index,2023,,"Middle East, North Africa, Afghanistan & Pakistan",Lower middle income,IBRD,10.21,36.7899
5103,TN,Tunisia,Gini index,2022,,"Middle East, North Africa, Afghanistan & Pakistan",Lower middle income,IBRD,10.21,36.7899
5104,TN,Tunisia,Gini index,2021,33.7,"Middle East, North Africa, Afghanistan & Pakistan",Lower middle income,IBRD,10.21,36.7899
5105,TN,Tunisia,Gini index,2020,,"Middle East, North Africa, Afghanistan & Pakistan",Lower middle income,IBRD,10.21,36.7899
5106,TN,Tunisia,Gini index,2019,,"Middle East, North Africa, Afghanistan & Pakistan",Lower middle income,IBRD,10.21,36.7899
5107,TN,Tunisia,Gini index,2018,,"Middle East, North Africa, Afghanistan & Pakistan",Lower middle income,IBRD,10.21,36.7899
5108,TN,Tunisia,Gini index,2017,,"Middle East, North Africa, Afghanistan & Pakistan",Lower middle income,IBRD,10.21,36.7899
5109,TN,Tunisia,Gini index,2016,,"Middle East, North Africa, Afghanistan & Pakistan",Lower middle income,IBRD,10.21,36.7899
5110,TR,Turkiye,Gini index,2025,,Europe & Central Asia,Upper middle income,IBRD,32.3606,39.7153
5111,TR,Turkiye,Gini index,2024,,Europe & Central Asia,Upper middle income,IBRD,32.3606,39.7153
5112,TR,Turkiye,Gini index,2023,43.7,Europe & Central Asia,Upper middle income,IBRD,32.3606,39.7153
5113,TR,Turkiye,Gini index,2022,44.5,Europe & Central Asia,Upper middle income,IBRD,32.3606,39.7153
5114,TR,Turkiye,Gini index,2021,44.4,Europe & Central Asia,Upper middle income,IBRD,32.3606,39.7153
5115,TR,Turkiye,Gini index,2020,43.0,Europe & Central Asia,Upper middle income,IBRD,32.3606,39.7153
5116,TR,Turkiye,Gini index,2019,43.8,Europe & Central Asia,Upper middle income,IBRD,32.3606,39.7153
5117,TR,Turkiye,Gini index,2018,42.4,Europe & Central Asia,Upper middle income,IBRD,32.3606,39.7153
5118,TR,Turkiye,Gini index,2017,43.5,Europe & Central Asia,Upper middle income,IBRD,32.3606,39.7153
5119,TR,Turkiye,Gini index,2016,41.9,Europe & Central Asia,Upper middle income,IBRD,32.3606,39.7153
5120,TM,Turkmenistan,Gini index,2025,,Europe & Central Asia,Upper middle income,IBRD,58.3794,37.9509
5121,TM,Turkmenistan,Gini index,2024,,Europe & Central Asia,Upper middle income,IBRD,58.3794,37.9509
5122,TM,Turkmenistan,Gini index,2023,,Europe & Central Asia,Upper middle income,IBRD,58.3794,37.9509
5123,TM,Turkmenistan,Gini index,2022,,Europe & Central Asia,Upper middle income,IBRD,58.3794,37.9509
5124,TM,Turkmenistan,Gini index,2021,,Europe & Central Asia,Upper middle income,IBRD,58.3794,37.9509
5125,TM,Turkmenistan,Gini index,2020,,Europe & Central Asia,Upper middle income,IBRD,58.3794,37.9509
5126,TM,Turkmenistan,Gini index,2019,,Europe & Central Asia,Upper middle income,IBRD,58.3794,37.9509
5127,TM,Turkmenistan,Gini index,2018,,Europe & Central Asia,Upper middle income,IBRD,58.3794,37.9509
5128,TM,Turkmenistan,Gini index,2017,,Europe & Central Asia,Upper middle income,IBRD,58.3794,37.9509
5129,TM,Turkmenistan,Gini index,2016,,Europe & Central Asia,Upper middle income,IBRD,58.3794,37.9509
5130,TC,Turks and Caicos Islands,Gini index,2025,,Latin America & Caribbean ,High income,Not classified,-71.141389,21.4602778
5131,TC,Turks and Caicos Islands,Gini index,2024,,Latin America & Caribbean ,High income,Not classified,-71.141389,21.4602778
5132,TC,Turks and Caicos Islands,Gini index,2023,,Latin America & Caribbean ,High income,Not classified,-71.141389,21.4602778
5133,TC,Turks and Caicos Islands,Gini index,2022,,Latin America & Caribbean ,High income,Not classified,-71.141389,21.4602778
5134,TC,Turks and Caicos Islands,Gini index,2021,,Latin America & Caribbean ,High income,Not classified,-71.141389,21.4602778
5135,TC,Turks and Caicos Islands,Gini index,2020,,Latin America & Caribbean ,High income,Not classified,-71.141389,21.4602778
5136,TC,Turks and Caicos Islands,Gini index,2019,,Latin America & Caribbean ,High income,Not classified,-71.141389,21.4602778
5137,TC,Turks and Caicos Islands,Gini index,2018,,Latin America & Caribbean ,High income,Not classified,-71.141389,21.4602778
5138,TC,Turks and Caicos Islands,Gini index,2017,,Latin America & Caribbean ,High income,Not classified,-71.141389,21.4602778
5139,TC,Turks and Caicos Islands,Gini index,2016,,Latin America & Caribbean ,High income,Not classified,-71.141389,21.4602778
5140,TV,Tuvalu,Gini index,2025,,East Asia & Pacific,Upper middle income,IDA,179.089567,-8.6314877
5141,TV,Tuvalu,Gini index,2024,,East Asia & Pacific,Upper middle income,IDA,179.089567,-8.6314877
5142,TV,Tuvalu,Gini index,2023,,East Asia & Pacific,Upper middle income,IDA,179.089567,-8.6314877
5143,TV,Tuvalu,Gini index,2022,,East Asia & Pacific,Upper middle income,IDA,179.089567,-8.6314877
5144,TV,Tuvalu,Gini index,2021,,East Asia & Pacific,Upper middle income,IDA,179.089567,-8.6314877
5145,TV,Tuvalu,Gini index,2020,,East Asia & Pacific,Upper middle income,IDA,179.089567,-8.6314877
5146,TV,Tuvalu,Gini index,2019,,East Asia & Pacific,Upper middle income,IDA,179.089567,-8.6314877
5147,TV,Tuvalu,Gini index,2018,,East Asia & Pacific,Upper middle income,IDA,179.089567,-8.6314877
5148,TV,Tuvalu,Gini index,2017,,East Asia & Pacific,Upper middle income,IDA,179.089567,-8.6314877
5149,TV,Tuvalu,Gini index,2016,,East Asia & Pacific,Upper middle income,IDA,179.089567,-8.6314877
5150,UG,Uganda,Gini index,2025,,Sub-Saharan Africa ,Low income,IDA,32.5729,0.314269
5151,UG,Uganda,Gini index,2024,,Sub-Saharan Africa ,Low income,IDA,32.5729,0.314269
5152,UG,Uganda,Gini index,2023,,Sub-Saharan Africa ,Low income,IDA,32.5729,0.314269
5153,UG,Uganda,Gini index,2022,,Sub-Saharan Africa ,Low income,IDA,32.5729,0.314269
5154,UG,Uganda,Gini index,2021,,Sub-Saharan Africa ,Low income,IDA,32.5729,0.314269
5155,UG,Uganda,Gini index,2020,,Sub-Saharan Africa ,Low income,IDA,32.5729,0.314269
5156,UG,Uganda,Gini index,2019,42.7,Sub-Saharan Africa ,Low income,IDA,32.5729,0.314269
5157,UG,Uganda,Gini index,2018,,Sub-Saharan Africa ,Low income,IDA,32.5729,0.314269
5158,UG,Uganda,Gini index,2017,,Sub-Saharan Africa ,Low income,IDA,32.5729,0.314269
5159,UG,Uganda,Gini index,2016,42.8,Sub-Saharan Africa ,Low income,IDA,32.5729,0.314269
5160,UA,Ukraine,Gini index,2025,,Europe & Central Asia,Upper middle income,IBRD,30.5038,50.4536
5161,UA,Ukraine,Gini index,2024,,Europe & Central Asia,Upper middle income,IBRD,30.5038,50.4536
5162,UA,Ukraine,Gini index,2023,,Europe & Central Asia,Upper middle income,IBRD,30.5038,50.4536
5163,UA,Ukraine,Gini index,2022,,Europe & Central Asia,Upper middle income,IBRD,30.5038,50.4536
5164,UA,Ukraine,Gini index,2021,,Europe & Central Asia,Upper middle income,IBRD,30.5038,50.4536
5165,UA,Ukraine,Gini index,2020,25.6,Europe & Central Asia,Upper middle income,IBRD,30.5038,50.4536
5166,UA,Ukraine,Gini index,2019,26.6,Europe & Central Asia,Upper middle income,IBRD,30.5038,50.4536
5167,UA,Ukraine,Gini index,2018,26.1,Europe & Central Asia,Upper middle income,IBRD,30.5038,50.4536
5168,UA,Ukraine,Gini index,2017,26.0,Europe & Central Asia,Upper middle income,IBRD,30.5038,50.4536
5169,UA,Ukraine,Gini index,2016,25.0,Europe & Central Asia,Upper middle income,IBRD,30.5038,50.4536
5170,AE,United Arab Emirates,Gini index,2025,,"Middle East, North Africa, Afghanistan & Pakistan",High income,Not classified,54.3705,24.4764
5171,AE,United Arab Emirates,Gini index,2024,,"Middle East, North Africa, Afghanistan & Pakistan",High income,Not classified,54.3705,24.4764
5172,AE,United Arab Emirates,Gini index,2023,,"Middle East, North Africa, Afghanistan & Pakistan",High income,Not classified,54.3705,24.4764
5173,AE,United Arab Emirates,Gini index,2022,,"Middle East, North Africa, Afghanistan & Pakistan",High income,Not classified,54.3705,24.4764
5174,AE,United Arab Emirates,Gini index,2021,,"Middle East, North Africa, Afghanistan & Pakistan",High income,Not classified,54.3705,24.4764
5175,AE,United Arab Emirates,Gini index,2020,,"Middle East, North Africa, Afghanistan & Pakistan",High income,Not classified,54.3705,24.4764
5176,AE,United Arab Emirates,Gini index,2019,,"Middle East, North Africa, Afghanistan & Pakistan",High income,Not classified,54.3705,24.4764
5177,AE,United Arab Emirates,Gini index,2018,26.4,"Middle East, North Africa, Afghanistan & Pakistan",High income,Not classified,54.3705,24.4764
5178,AE,United Arab Emirates,Gini index,2017,,"Middle East, North Africa, Afghanistan & Pakistan",High income,Not classified,54.3705,24.4764
5179,AE,United Arab Emirates,Gini index,2016,,"Middle East, North Africa, Afghanistan & Pakistan",High income,Not classified,54.3705,24.4764
5180,GB,United Kingdom,Gini index,2025,,Europe & Central Asia,High income,Not classified,-0.126236,51.5002
5181,GB,United Kingdom,Gini index,2024,,Europe & Central Asia,High income,Not classified,-0.126236,51.5002
5182,GB,United Kingdom,Gini index,2023,,Europe & Central Asia,High income,Not classified,-0.126236,51.5002
5183,GB,United Kingdom,Gini index,2022,,Europe & Central Asia,High income,Not classified,-0.126236,51.5002
5184,GB,United Kingdom,Gini index,2021,32.4,Europe & Central Asia,High income,Not classified,-0.126236,51.5002
5185,GB,United Kingdom,Gini index,2020,32.7,Europe & Central Asia,High income,Not classified,-0.126236,51.5002
5186,GB,United Kingdom,Gini index,2019,32.8,Europe & Central Asia,High income,Not classified,-0.126236,51.5002
5187,GB,United Kingdom,Gini index,2018,33.7,Europe & Central Asia,High income,Not classified,-0.126236,51.5002
5188,GB,United Kingdom,Gini index,2017,32.6,Europe & Central Asia,High income,Not classified,-0.126236,51.5002
5189,GB,United Kingdom,Gini index,2016,33.1,Europe & Central Asia,High income,Not classified,-0.126236,51.5002
5190,US,United States,Gini index,2025,,North America,High income,Not classified,-77.032,38.8895
5191,US,United States,Gini index,2024,41.8,North America,High income,Not classified,-77.032,38.8895
5192,US,United States,Gini index,2023,41.8,North America,High income,Not classified,-77.032,38.8895
5193,US,United States,Gini index,2022,41.7,North America,High income,Not classified,-77.032,38.8895
5194,US,United States,Gini index,2021,39.7,North America,High income,Not classified,-77.032,38.8895
5195,US,United States,Gini index,2020,40.0,North America,High income,Not classified,-77.032,38.8895
5196,US,United States,Gini index,2019,41.9,North America,High income,Not classified,-77.032,38.8895
5197,US,United States,Gini index,2018,41.8,North America,High income,Not classified,-77.032,38.8895
5198,US,United States,Gini index,2017,41.4,North America,High income,Not classified,-77.032,38.8895
5199,US,United States,Gini index,2016,41.3,North America,High income,Not classified,-77.032,38.8895
5200,UY,Uruguay,Gini index,2025,,Latin America & Caribbean ,High income,IBRD,-56.0675,-34.8941
5201,UY,Uruguay,Gini index,2024,40.0,Latin America & Caribbean ,High income,IBRD,-56.0675,-34.8941
5202,UY,Uruguay,Gini index,2023,40.9,Latin America & Caribbean ,High income,IBRD,-56.0675,-34.8941
5203,UY,Uruguay,Gini index,2022,40.6,Latin America & Caribbean ,High income,IBRD,-56.0675,-34.8941
5204,UY,Uruguay,Gini index,2021,40.8,Latin America & Caribbean ,High income,IBRD,-56.0675,-34.8941
5205,UY,Uruguay,Gini index,2020,40.2,Latin America & Caribbean ,High income,IBRD,-56.0675,-34.8941
5206,UY,Uruguay,Gini index,2019,39.7,Latin America & Caribbean ,High income,IBRD,-56.0675,-34.8941
5207,UY,Uruguay,Gini index,2018,39.7,Latin America & Caribbean ,High income,IBRD,-56.0675,-34.8941
5208,UY,Uruguay,Gini index,2017,39.5,Latin America & Caribbean ,High income,IBRD,-56.0675,-34.8941
5209,UY,Uruguay,Gini index,2016,39.7,Latin America & Caribbean ,High income,IBRD,-56.0675,-34.8941
5210,UZ,Uzbekistan,Gini index,2025,32.7,Europe & Central Asia,Lower middle income,Blend,69.269,41.3052
5211,UZ,Uzbekistan,Gini index,2024,34.6,Europe & Central Asia,Lower middle income,Blend,69.269,41.3052
5212,UZ,Uzbekistan,Gini index,2023,34.5,Europe & Central Asia,Lower middle income,Blend,69.269,41.3052
5213,UZ,Uzbekistan,Gini index,2022,31.2,Europe & Central Asia,Lower middle income,Blend,69.269,41.3052
5214,UZ,Uzbekistan,Gini index,2021,32.9,Europe & Central Asia,Lower middle income,Blend,69.269,41.3052
5215,UZ,Uzbekistan,Gini index,2020,,Europe & Central Asia,Lower middle income,Blend,69.269,41.3052
5216,UZ,Uzbekistan,Gini index,2019,,Europe & Central Asia,Lower middle income,Blend,69.269,41.3052
5217,UZ,Uzbekistan,Gini index,2018,,Europe & Central Asia,Lower middle income,Blend,69.269,41.3052
5218,UZ,Uzbekistan,Gini index,2017,,Europe & Central Asia,Lower middle income,Blend,69.269,41.3052
5219,UZ,Uzbekistan,Gini index,2016,,Europe & Central Asia,Lower middle income,Blend,69.269,41.3052
5220,VU,Vanuatu,Gini index,2025,,East Asia & Pacific,Lower middle income,IDA,168.321,-17.7404
5221,VU,Vanuatu,Gini index,2024,,East Asia & Pacific,Lower middle income,IDA,168.321,-17.7404
5222,VU,Vanuatu,Gini index,2023,,East Asia & Pacific,Lower middle income,IDA,168.321,-17.7404
5223,VU,Vanuatu,Gini index,2022,,East Asia & Pacific,Lower middle income,IDA,168.321,-17.7404
5224,VU,Vanuatu,Gini index,2021,,East Asia & Pacific,Lower middle income,IDA,168.321,-17.7404
5225,VU,Vanuatu,Gini index,2020,,East Asia & Pacific,Lower middle income,IDA,168.321,-17.7404
5226,VU,Vanuatu,Gini index,2019,32.3,East Asia & Pacific,Lower middle income,IDA,168.321,-17.7404
5227,VU,Vanuatu,Gini index,2018,,East Asia & Pacific,Lower middle income,IDA,168.321,-17.7404
5228,VU,Vanuatu,Gini index,2017,,East Asia & Pacific,Lower middle income,IDA,168.321,-17.7404
5229,VU,Vanuatu,Gini index,2016,,East Asia & Pacific,Lower middle income,IDA,168.321,-17.7404
5230,VE,"Venezuela, RB",Gini index,2025,,Latin America & Caribbean ,Lower middle income,IBRD,-69.8371,9.08165
5231,VE,"Venezuela, RB",Gini index,2024,,Latin America & Caribbean ,Lower middle income,IBRD,-69.8371,9.08165
5232,VE,"Venezuela, RB",Gini index,2023,,Latin America & Caribbean ,Lower middle income,IBRD,-69.8371,9.08165
5233,VE,"Venezuela, RB",Gini index,2022,,Latin America & Caribbean ,Lower middle income,IBRD,-69.8371,9.08165
5234,VE,"Venezuela, RB",Gini index,2021,,Latin America & Caribbean ,Lower middle income,IBRD,-69.8371,9.08165
5235,VE,"Venezuela, RB",Gini index,2020,,Latin America & Caribbean ,Lower middle income,IBRD,-69.8371,9.08165
5236,VE,"Venezuela, RB",Gini index,2019,,Latin America & Caribbean ,Lower middle income,IBRD,-69.8371,9.08165
5237,VE,"Venezuela, RB",Gini index,2018,,Latin America & Caribbean ,Lower middle income,IBRD,-69.8371,9.08165
5238,VE,"Venezuela, RB",Gini index,2017,,Latin America & Caribbean ,Lower middle income,IBRD,-69.8371,9.08165
5239,VE,"Venezuela, RB",Gini index,2016,,Latin America & Caribbean ,Lower middle income,IBRD,-69.8371,9.08165
5240,VN,Viet Nam,Gini index,2025,,East Asia & Pacific,Upper middle income,IBRD,105.825,21.0069
5241,VN,Viet Nam,Gini index,2024,,East Asia & Pacific,Upper middle income,IBRD,105.825,21.0069
5242,VN,Viet Nam,Gini index,2023,,East Asia & Pacific,Upper middle income,IBRD,105.825,21.0069
5243,VN,Viet Nam,Gini index,2022,36.1,East Asia & Pacific,Upper middle income,IBRD,105.825,21.0069
5244,VN,Viet Nam,Gini index,2021,,East Asia & Pacific,Upper middle income,IBRD,105.825,21.0069
5245,VN,Viet Nam,Gini index,2020,36.8,East Asia & Pacific,Upper middle income,IBRD,105.825,21.0069
5246,VN,Viet Nam,Gini index,2019,,East Asia & Pacific,Upper middle income,IBRD,105.825,21.0069
5247,VN,Viet Nam,Gini index,2018,35.7,East Asia & Pacific,Upper middle income,IBRD,105.825,21.0069
5248,VN,Viet Nam,Gini index,2017,,East Asia & Pacific,Upper middle income,IBRD,105.825,21.0069
5249,VN,Viet Nam,Gini index,2016,35.3,East Asia & Pacific,Upper middle income,IBRD,105.825,21.0069
5250,VI,Virgin Islands (U.S.),Gini index,2025,,Latin America & Caribbean ,High income,Not classified,-64.8963,18.3358
5251,VI,Virgin Islands (U.S.),Gini index,2024,,Latin America & Caribbean ,High income,Not classified,-64.8963,18.3358
5252,VI,Virgin Islands (U.S.),Gini index,2023,,Latin America & Caribbean ,High income,Not classified,-64.8963,18.3358
5253,VI,Virgin Islands (U.S.),Gini index,2022,,Latin America & Caribbean ,High income,Not classified,-64.8963,18.3358
5254,VI,Virgin Islands (U.S.),Gini index,2021,,Latin America & Caribbean ,High income,Not classified,-64.8963,18.3358
5255,VI,Virgin Islands (U.S.),Gini index,2020,,Latin America & Caribbean ,High income,Not classified,-64.8963,18.3358
5256,VI,Virgin Islands (U.S.),Gini index,2019,,Latin America & Caribbean ,High income,Not classified,-64.8963,18.3358
5257,VI,Virgin Islands (U.S.),Gini index,2018,,Latin America & Caribbean ,High income,Not classified,-64.8963,18.3358
5258,VI,Virgin Islands (U.S.),Gini index,2017,,Latin America & Caribbean ,High income,Not classified,-64.8963,18.3358
5259,VI,Virgin Islands (U.S.),Gini index,2016,,Latin America & Caribbean ,High income,Not classified,-64.8963,18.3358
5260,PS,West Bank and Gaza,Gini index,2025,,"Middle East, North Africa, Afghanistan & Pakistan",Lower middle income,Not classified,,
5261,PS,West Bank and Gaza,Gini index,2024,,"Middle East, North Africa, Afghanistan & Pakistan",Lower middle income,Not classified,,
5262,PS,West Bank and Gaza,Gini index,2023,36.4,"Middle East, North Africa, Afghanistan & Pakistan",Lower middle income,Not classified,,
5263,PS,West Bank and Gaza,Gini index,2022,,"Middle East, North Africa, Afghanistan & Pakistan",Lower middle income,Not classified,,
5264,PS,West Bank and Gaza,Gini index,2021,,"Middle East, North Africa, Afghanistan & Pakistan",Lower middle income,Not classified,,
5265,PS,West Bank and Gaza,Gini index,2020,,"Middle East, North Africa, Afghanistan & Pakistan",Lower middle income,Not classified,,
5266,PS,West Bank and Gaza,Gini index,2019,,"Middle East, North Africa, Afghanistan & Pakistan",Lower middle income,Not classified,,
5267,PS,West Bank and Gaza,Gini index,2018,,"Middle East, North Africa, Afghanistan & Pakistan",Lower middle income,Not classified,,
5268,PS,West Bank and Gaza,Gini index,2017,,"Middle East, North Africa, Afghanistan & Pakistan",Lower middle income,Not classified,,
5269,PS,West Bank and Gaza,Gini index,2016,33.7,"Middle East, North Africa, Afghanistan & Pakistan",Lower middle income,Not classified,,
5270,YE,"Yemen, Rep.",Gini index,2025,,"Middle East, North Africa, Afghanistan & Pakistan",Low income,IDA,44.2075,15.352
5271,YE,"Yemen, Rep.",Gini index,2024,,"Middle East, North Africa, Afghanistan & Pakistan",Low income,IDA,44.2075,15.352
5272,YE,"Yemen, Rep.",Gini index,2023,,"Middle East, North Africa, Afghanistan & Pakistan",Low income,IDA,44.2075,15.352
5273,YE,"Yemen, Rep.",Gini index,2022,,"Middle East, North Africa, Afghanistan & Pakistan",Low income,IDA,44.2075,15.352
5274,YE,"Yemen, Rep.",Gini index,2021,,"Middle East, North Africa, Afghanistan & Pakistan",Low income,IDA,44.2075,15.352
5275,YE,"Yemen, Rep.",Gini index,2020,,"Middle East, North Africa, Afghanistan & Pakistan",Low income,IDA,44.2075,15.352
5276,YE,"Yemen, Rep.",Gini index,2019,,"Middle East, North Africa, Afghanistan & Pakistan",Low income,IDA,44.2075,15.352
5277,YE,"Yemen, Rep.",Gini index,2018,,"Middle East, North Africa, Afghanistan & Pakistan",Low income,IDA,44.2075,15.352
5278,YE,"Yemen, Rep.",Gini index,2017,,"Middle East, North Africa, Afghanistan & Pakistan",Low income,IDA,44.2075,15.352
5279,YE,"Yemen, Rep.",Gini index,2016,,"Middle East, North Africa, Afghanistan & Pakistan",Low income,IDA,44.2075,15.352
5280,ZM,Zambia,Gini index,2025,,Sub-Saharan Africa ,Lower middle income,IDA,28.2937,-15.3982
5281,ZM,Zambia,Gini index,2024,,Sub-Saharan Africa ,Lower middle income,IDA,28.2937,-15.3982
5282,ZM,Zambia,Gini index,2023,,Sub-Saharan Africa ,Lower middle income,IDA,28.2937,-15.3982
5283,ZM,Zambia,Gini index,2022,51.5,Sub-Saharan Africa ,Lower middle income,IDA,28.2937,-15.3982
5284,ZM,Zambia,Gini index,2021,,Sub-Saharan Africa ,Lower middle income,IDA,28.2937,-15.3982
5285,ZM,Zambia,Gini index,2020,,Sub-Saharan Africa ,Lower middle income,IDA,28.2937,-15.3982
5286,ZM,Zambia,Gini index,2019,,Sub-Saharan Africa ,Lower middle income,IDA,28.2937,-15.3982
5287,ZM,Zambia,Gini index,2018,,Sub-Saharan Africa ,Lower middle income,IDA,28.2937,-15.3982
5288,ZM,Zambia,Gini index,2017,,Sub-Saharan Africa ,Lower middle income,IDA,28.2937,-15.3982
5289,ZM,Zambia,Gini index,2016,,Sub-Saharan Africa ,Lower middle income,IDA,28.2937,-15.3982
5290,ZW,Zimbabwe,Gini index,2025,,Sub-Saharan Africa ,Lower middle income,Blend,31.0672,-17.8312
5291,ZW,Zimbabwe,Gini index,2024,,Sub-Saharan Africa ,Lower middle income,Blend,31.0672,-17.8312
5292,ZW,Zimbabwe,Gini index,2023,,Sub-Saharan Africa ,Lower middle income,Blend,31.0672,-17.8312
5293,ZW,Zimbabwe,Gini index,2022,,Sub-Saharan Africa ,Lower middle income,Blend,31.0672,-17.8312
5294,ZW,Zimbabwe,Gini index,2021,,Sub-Saharan Africa ,Lower middle income,Blend,31.0672,-17.8312
5295,ZW,Zimbabwe,Gini index,2020,,Sub-Saharan Africa ,Lower middle income,Blend,31.0672,-17.8312
5296,ZW,Zimbabwe,Gini index,2019,50.3,Sub-Saharan Africa ,Lower middle income,Blend,31.0672,-17.8312
5297,ZW,Zimbabwe,Gini index,2018,,Sub-Saharan Africa ,Lower middle income,Blend,31.0672,-17.8312
5298,ZW,Zimbabwe,Gini index,2017,44.3,Sub-Saharan Africa ,Lower middle income,Blend,31.0672,-17.8312
5299,ZW,Zimbabwe,Gini index,2016,,Sub-Saharan Africa ,Lower middle income,Blend,31.0672,-17.8312
